,ds,yhat
0,2023-01-01 23:00:00,-364.9249621375974
1,2023-01-02 00:00:00,227.23515306319825
2,2023-01-02 01:00:00,86.4015022756962
3,2023-01-02 02:00:00,-50.35978994484151
4,2023-01-02 04:00:00,-111.025305074308
5,2023-01-02 05:00:00,-4.006645201888205
6,2023-01-02 06:00:00,128.6942490831333
7,2023-01-02 07:00:00,238.6373305581085
8,2023-01-02 08:00:00,336.61927974974026
9,2023-01-02 09:00:00,472.12687115144877
10,2023-01-02 10:00:00,664.2883777287626
11,2023-01-02 11:00:00,857.8151875402048
12,2023-01-02 12:00:00,957.6940697713744
13,2023-01-02 13:00:00,917.7312176879192
14,2023-01-02 14:00:00,798.2987070171063
15,2023-01-02 15:00:00,730.3547212824408
16,2023-01-02 16:00:00,809.2525059054357
17,2023-01-02 17:00:00,1010.8848881395868
18,2023-01-02 18:00:00,1206.402102451137
19,2023-01-02 19:00:00,1263.5292221197205
20,2023-01-02 20:00:00,1145.255240976055
21,2023-01-02 21:00:00,922.7176899116319
22,2023-01-02 22:00:00,700.6596903750802
23,2023-01-02 23:00:00,531.6810932060362
24,2023-01-03 00:00:00,396.8903268307507
25,2023-01-03 01:00:00,259.09141205264024
26,2023-01-03 03:00:00,43.55766205845828
27,2023-01-03 04:00:00,62.400047360411236
28,2023-01-03 05:00:00,167.0538319291162
29,2023-01-03 06:00:00,296.2057915723456
30,2023-01-03 07:00:00,401.50488058008256
31,2023-01-03 08:00:00,493.84600262947686
32,2023-01-03 09:00:00,622.8220121600774
33,2023-01-03 10:00:00,807.6736805674227
34,2023-01-03 11:00:00,993.229819830068
35,2023-01-03 12:00:00,1084.5980196733396
36,2023-01-03 13:00:00,1035.7071453079911
37,2023-01-03 14:00:00,907.052253772159
38,2023-01-03 15:00:00,829.7132994428569
39,2023-01-03 16:00:00,899.162609659485
40,2023-01-03 17:00:00,1091.4079853906692
41,2023-01-03 18:00:00,1277.7091841042256
42,2023-01-03 19:00:00,1325.8941017167162
43,2023-01-03 20:00:00,1199.0467122684875
44,2023-01-03 21:00:00,968.3906637222607
45,2023-01-03 22:00:00,738.7454434025934
46,2023-01-03 23:00:00,562.776771861666
47,2023-01-04 00:00:00,421.6478568908069
48,2023-01-04 01:00:00,278.2059711298386
49,2023-01-04 02:00:00,138.13898565999517
50,2023-01-04 03:00:00,53.58568752021688
51,2023-01-04 04:00:00,69.0117047619243
52,2023-01-04 05:00:00,170.99894687267368
53,2023-01-04 06:00:00,298.2189022452263
54,2023-01-04 07:00:00,402.2944598380408
55,2023-01-04 08:00:00,494.08433600104365
56,2023-01-04 09:00:00,623.1358625762675
57,2023-01-04 10:00:00,808.6358589782784
58,2023-01-04 11:00:00,995.3517674534778
59,2023-01-04 12:00:00,1088.3234930252818
60,2023-01-04 13:00:00,1041.4070793472386
61,2023-01-04 14:00:00,915.0208618448195
62,2023-01-04 15:00:00,840.1654513520593
63,2023-01-04 16:00:00,912.2325111926648
64,2023-01-04 17:00:00,1107.1491646933482
65,2023-01-04 18:00:00,1296.0957721721875
66,2023-01-04 19:00:00,1346.8233762118557
67,2023-01-04 20:00:00,1222.3428568361035
68,2023-01-04 21:00:00,993.8096779440566
69,2023-01-04 22:00:00,765.9811230764634
70,2023-01-04 23:00:00,591.4676642809079
71,2023-01-05 00:00:00,451.38508278026916
72,2023-01-05 01:00:00,308.54179293484617
73,2023-01-05 02:00:00,168.59599164266433
74,2023-01-05 04:00:00,98.2087826495299
75,2023-01-05 05:00:00,198.80504364628644
76,2023-01-05 06:00:00,324.1370781530452
77,2023-01-05 07:00:00,425.8482067628713
78,2023-01-05 08:00:00,514.8273786396587
79,2023-01-05 09:00:00,640.6615355573124
80,2023-01-05 10:00:00,822.585917580526
81,2023-01-05 11:00:00,1005.42449721878
82,2023-01-05 12:00:00,1094.280992751922
83,2023-01-05 13:00:00,1043.0816034526376
84,2023-01-05 14:00:00,912.3201203640633
85,2023-01-05 15:00:00,833.0767801122215
86,2023-01-05 16:00:00,900.8258399889473
87,2023-01-05 17:00:00,1091.5787275742155
88,2023-01-05 18:00:00,1276.6005211245606
89,2023-01-05 19:00:00,1323.7260771390352
90,2023-01-05 20:00:00,1196.0478649968816
91,2023-01-05 21:00:00,964.7994079836376
92,2023-01-05 22:00:00,734.811247050323
93,2023-01-05 23:00:00,558.7610886862824
94,2023-01-06 00:00:00,417.8247727932128
95,2023-01-06 01:00:00,274.8625283825003
96,2023-01-06 02:00:00,135.5751544772305
97,2023-01-06 03:00:00,52.11395978295275
98,2023-01-06 04:00:00,68.9562911000661
99,2023-01-06 05:00:00,172.6945644283432
100,2023-01-06 06:00:00,302.0091474102197
101,2023-01-06 07:00:00,408.52976725671624
102,2023-01-06 08:00:00,503.11953200353145
103,2023-01-06 09:00:00,635.3273284976789
104,2023-01-06 10:00:00,824.3383265964301
105,2023-01-06 11:00:00,1014.9147756495954
106,2023-01-06 12:00:00,1112.0875411882344
107,2023-01-06 13:00:00,1069.6995191207188
108,2023-01-06 14:00:00,948.1515744427527
109,2023-01-06 15:00:00,878.4223626805456
110,2023-01-06 16:00:00,955.8770013081651
111,2023-01-06 17:00:00,1156.4114320487754
112,2023-01-06 18:00:00,1351.1702157097975
113,2023-01-06 19:00:00,1407.8640607130733
114,2023-01-06 20:00:00,1289.4591280479387
115,2023-01-06 21:00:00,1067.0619943107104
116,2023-01-06 22:00:00,845.3771704874885
117,2023-01-06 23:00:00,676.9588185703428
118,2023-01-07 00:00:00,222.54527109706578
119,2023-01-07 01:00:00,85.51887096474456
120,2023-01-07 02:00:00,-48.84442403376249
121,2023-01-07 04:00:00,-109.03385093240911
122,2023-01-07 05:00:00,-3.9560429831867623
123,2023-01-07 06:00:00,125.35704363969137
124,2023-01-07 07:00:00,230.48325235605802
125,2023-01-07 08:00:00,322.2479029734002
126,2023-01-07 09:00:00,450.1768907435312
127,2023-01-07 10:00:00,633.4477255177381
128,2023-01-07 11:00:00,816.8306891995537
129,2023-01-07 12:00:00,905.3805532958406
130,2023-01-07 13:00:00,852.9799903684851
131,2023-01-07 14:00:00,720.0853246486168
132,2023-01-07 15:00:00,637.7459808131499
133,2023-01-07 16:00:00,701.4126012495565
134,2023-01-07 17:00:00,887.0806776397516
135,2023-01-07 18:00:00,1066.007446149386
136,2023-01-07 19:00:00,1106.0283565064553
137,2023-01-07 20:00:00,970.2451693707316
138,2023-01-07 21:00:00,729.9095766964158
139,2023-01-07 22:00:00,489.87925778979604
140,2023-01-07 23:00:00,302.8680295263147
141,2023-01-08 00:00:00,150.09672507303293
142,2023-01-08 01:00:00,-5.520732038481469
143,2023-01-08 02:00:00,-158.2214206146291
144,2023-01-08 03:00:00,-255.78384638262594
145,2023-01-08 05:00:00,-165.15119451269197
146,2023-01-08 06:00:00,-51.50713825190758
147,2023-01-08 07:00:00,39.006117821906855
148,2023-01-08 08:00:00,117.35377115461495
149,2023-01-08 09:00:00,233.1909762463318
150,2023-01-08 10:00:00,405.81247218345476
151,2023-01-08 11:00:00,580.0924572654221
152,2023-01-08 12:00:00,661.1751678953865
153,2023-01-08 13:00:00,603.0173086771426
154,2023-01-08 14:00:00,466.1329906227014
155,2023-01-08 15:00:00,381.6125459398576
156,2023-01-08 16:00:00,444.930197272837
157,2023-01-08 17:00:00,632.0874322909846
158,2023-01-08 18:00:00,814.3298360268017
159,2023-01-08 19:00:00,859.4636918980912
160,2023-01-08 20:00:00,730.5444041529424
161,2023-01-08 21:00:00,498.76063259110026
162,2023-01-08 22:00:00,268.8910460598678
163,2023-01-08 23:00:00,93.55534503682009
164,2023-01-09 00:00:00,274.18418868151053
165,2023-01-09 01:00:00,132.934411513393
166,2023-01-09 02:00:00,-4.245672574462333
167,2023-01-09 04:00:00,-65.75657387637727
168,2023-01-09 05:00:00,40.835589223993
169,2023-01-09 06:00:00,173.10751630480678
170,2023-01-09 07:00:00,282.61920940722126
171,2023-01-09 08:00:00,380.16739850350007
172,2023-01-09 09:00:00,515.2389077454657
173,2023-01-09 10:00:00,706.962059888606
174,2023-01-09 11:00:00,900.0482930059673
175,2023-01-09 12:00:00,999.484426425942
176,2023-01-09 13:00:00,959.0767037480082
177,2023-01-09 14:00:00,839.1972511787203
178,2023-01-09 15:00:00,770.8043028787074
179,2023-01-09 16:00:00,849.251155052372
180,2023-01-09 17:00:00,1050.4306858707523
181,2023-01-09 18:00:00,1245.4931808804777
182,2023-01-09 19:00:00,1302.1637645372675
183,2023-01-09 20:00:00,1183.4314820060501
184,2023-01-09 21:00:00,960.4339156165228
185,2023-01-09 22:00:00,737.9142383785428
186,2023-01-09 23:00:00,568.4723528010868
187,2023-01-10 00:00:00,433.2167390817814
188,2023-01-10 01:00:00,294.95146990602194
189,2023-01-10 02:00:00,159.33302019616536
190,2023-01-10 04:00:00,96.85251979189934
191,2023-01-10 05:00:00,201.03444228777414
192,2023-01-10 06:00:00,329.7132934720201
193,2023-01-10 07:00:00,434.53808001503626
194,2023-01-10 08:00:00,526.4037580046447
195,2023-01-10 09:00:00,654.9032343659904
196,2023-01-10 10:00:00,839.2773330228539
197,2023-01-10 11:00:00,1024.3549185300212
198,2023-01-10 12:00:00,1115.2436332347072
199,2023-01-10 13:00:00,1065.872394991793
200,2023-01-10 14:00:00,936.7363135322596
201,2023-01-10 15:00:00,858.9153959349317
202,2023-01-10 16:00:00,927.882022264619
203,2023-01-10 17:00:00,1119.6440462088535
204,2023-01-10 18:00:00,1305.4612780378084
205,2023-01-10 19:00:00,1353.161666359883
206,2023-01-10 20:00:00,1225.8292379866202
207,2023-01-10 21:00:00,994.6876936153562
208,2023-01-10 22:00:00,764.556573297874
209,2023-01-10 23:00:00,588.1016502917239
210,2023-01-11 00:00:00,446.48618507401386
211,2023-01-11 01:00:00,302.55750292257227
212,2023-01-11 02:00:00,162.00352754861143
213,2023-01-11 03:00:00,76.9630985634119
214,2023-01-11 04:00:00,91.90189654662663
215,2023-01-11 05:00:00,193.40188348044188
216,2023-01-11 06:00:00,320.13460015574736
217,2023-01-11 07:00:00,423.72298791379365
218,2023-01-11 08:00:00,515.0258153885256
219,2023-01-11 09:00:00,643.5904666481049
220,2023-01-11 10:00:00,828.6038132493634
221,2023-01-11 11:00:00,1014.83334950053
222,2023-01-11 12:00:00,1107.3190324003413
223,2023-01-11 13:00:00,1059.91695747724
224,2023-01-11 14:00:00,933.0455119453017
225,2023-01-11 15:00:00,857.7053583137174
226,2023-01-11 16:00:00,929.2882114737814
227,2023-01-11 17:00:00,1123.7212461992672
228,2023-01-11 18:00:00,1312.1848741598346
229,2023-01-11 19:00:00,1362.4301891286887
230,2023-01-11 20:00:00,1237.4681222229917
231,2023-01-11 21:00:00,1008.4541882819757
232,2023-01-11 22:00:00,780.1457216541733
233,2023-01-11 23:00:00,605.1532450470014
234,2023-01-12 00:00:00,464.5925901906696
235,2023-01-12 01:00:00,321.27222180826993
236,2023-01-12 02:00:00,180.85038698422164
237,2023-01-12 04:00:00,109.51444589972812
238,2023-01-12 05:00:00,209.63810787672043
239,2023-01-12 06:00:00,334.49878746182554
240,2023-01-12 07:00:00,435.7398545532611
241,2023-01-12 08:00:00,524.2503074443594
242,2023-01-12 09:00:00,649.6171368383382
243,2023-01-12 10:00:00,831.0756315631552
244,2023-01-12 11:00:00,1013.4498126291969
245,2023-01-12 12:00:00,1101.8434466480444
246,2023-01-12 13:00:00,1050.1827810091768
247,2023-01-12 14:00:00,918.9616546284458
248,2023-01-12 15:00:00,839.2603518041876
249,2023-01-12 16:00:00,906.5531772714417
250,2023-01-12 17:00:00,1096.8516058159207
251,2023-01-12 18:00:00,1281.4207626544176
252,2023-01-12 19:00:00,1328.095551014358
253,2023-01-12 20:00:00,1199.9684867553378
254,2023-01-12 21:00:00,968.2731393981671
255,2023-01-12 22:00:00,737.840095849538
256,2023-01-12 23:00:00,561.3471083290107
257,2023-01-13 00:00:00,419.9700621801194
258,2023-01-13 01:00:00,276.56923159336776
259,2023-01-13 02:00:00,136.84546049344783
260,2023-01-13 03:00:00,52.95010222936105
261,2023-01-13 04:00:00,69.36054793706705
262,2023-01-13 05:00:00,172.66925767373561
263,2023-01-13 06:00:00,301.5566428620372
264,2023-01-13 07:00:00,407.65247418597414
265,2023-01-13 08:00:00,501.81990285859297
266,2023-01-13 09:00:00,633.6078585941175
267,2023-01-13 10:00:00,822.201553833846
268,2023-01-13 11:00:00,1012.3632801669089
269,2023-01-13 12:00:00,1109.1239450717217
270,2023-01-13 13:00:00,1066.3264860798886
271,2023-01-13 14:00:00,944.3718094997259
272,2023-01-13 15:00:00,874.2386117920523
273,2023-01-13 16:00:00,951.2920511061412
274,2023-01-13 17:00:00,1151.4281094672322
275,2023-01-13 18:00:00,1345.7913876332304
276,2023-01-13 19:00:00,1402.0926336825942
277,2023-01-13 20:00:00,1283.2980478581303
278,2023-01-13 21:00:00,1060.5142457027107
279,2023-01-13 22:00:00,838.4457767645347
280,2023-01-13 23:00:00,669.6468412723858
281,2023-01-14 00:00:00,214.85580961784717
282,2023-01-14 01:00:00,77.45506220102664
283,2023-01-14 02:00:00,-57.2794060811882
284,2023-01-14 03:00:00,-137.2945701977519
285,2023-01-14 04:00:00,-118.20151079632558
286,2023-01-14 05:00:00,-13.485135009928854
287,2023-01-14 06:00:00,115.46983824936433
288,2023-01-14 07:00:00,220.24128764136458
289,2023-01-14 08:00:00,311.6545678282384
290,2023-01-14 09:00:00,439.2356085203122
291,2023-01-14 10:00:00,622.1619536565555
292,2023-01-14 11:00:00,805.2039187975971
293,2023-01-14 12:00:00,893.4163087315076
294,2023-01-14 13:00:00,840.6818288936238
295,2023-01-14 14:00:00,707.4568359885349
296,2023-01-14 15:00:00,624.7907867350939
297,2023-01-14 16:00:00,688.1343551808159
298,2023-01-14 17:00:00,873.4830642417509
299,2023-01-14 18:00:00,1052.0941808928064
300,2023-01-14 19:00:00,1091.8031852611225
301,2023-01-14 20:00:00,955.7118679827189
302,2023-01-14 21:00:00,715.0719505683173
303,2023-01-14 22:00:00,474.7411414301794
304,2023-01-14 23:00:00,287.43328615409837
305,2023-01-15 00:00:00,134.36924616123372
306,2023-01-15 01:00:00,-21.537027191052744
307,2023-01-15 02:00:00,-174.52258531942005
308,2023-01-15 03:00:00,-272.36590700378247
309,2023-01-15 04:00:00,-270.5118226395874
310,2023-01-15 05:00:00,-182.28302046042324
311,2023-01-15 06:00:00,-68.90778193218773
312,2023-01-15 07:00:00,21.340733419526828
313,2023-01-15 08:00:00,99.42774774586633
314,2023-01-15 09:00:00,215.00843981931325
315,2023-01-15 10:00:00,387.37757252745126
316,2023-01-15 11:00:00,561.4093675625707
317,2023-01-15 12:00:00,642.2480841962384
318,2023-01-15 13:00:00,583.850449487491
319,2023-01-15 14:00:00,446.73059641209557
320,2023-01-15 15:00:00,361.9788787110031
321,2023-01-15 16:00:00,425.06954007305285
322,2023-01-15 17:00:00,612.004088751008
323,2023-01-15 18:00:00,794.0281298882481
324,2023-01-15 19:00:00,838.9479665658253
325,2023-01-15 20:00:00,709.8190221935592
326,2023-01-15 21:00:00,477.8299752813797
327,2023-01-15 22:00:00,247.75951290746866
328,2023-01-15 23:00:00,72.22735330649903
329,2023-01-16 00:00:00,252.66417291153522
330,2023-01-16 01:00:00,111.22682304263617
331,2023-01-16 02:00:00,-26.136366067825975
332,2023-01-16 03:00:00,-107.34660675809812
333,2023-01-16 04:00:00,-88.00001152925154
334,2023-01-16 05:00:00,18.422542686273005
335,2023-01-16 06:00:00,150.52938904444704
336,2023-01-16 07:00:00,259.88054348828297
337,2023-01-16 08:00:00,357.2835224531207
338,2023-01-16 09:00:00,492.2143912640015
339,2023-01-16 10:00:00,683.8014851379003
340,2023-01-16 11:00:00,876.7562541114485
341,2023-01-16 12:00:00,976.0655290374171
342,2023-01-16 13:00:00,935.5355644877043
343,2023-01-16 14:00:00,815.5384971790133
344,2023-01-16 15:00:00,747.0325713138442
345,2023-01-16 16:00:00,825.3710926243841
346,2023-01-16 17:00:00,1026.4469483301668
347,2023-01-16 18:00:00,1221.410432529458
348,2023-01-16 19:00:00,1277.9866777663706
349,2023-01-16 20:00:00,1159.1647367582668
350,2023-01-16 21:00:00,936.0821989412703
351,2023-01-16 22:00:00,713.4822439210219
352,2023-01-16 23:00:00,543.9647803170043
353,2023-01-17 00:00:00,408.6382939398345
354,2023-01-17 01:00:00,270.30686260395834
355,2023-01-17 02:00:00,134.62696588557867
356,2023-01-17 03:00:00,53.717915867188026
357,2023-01-17 04:00:00,72.0377329888089
358,2023-01-17 05:00:00,176.1723768401901
359,2023-01-17 06:00:00,304.8086781947689
360,2023-01-17 07:00:00,409.5956459021663
361,2023-01-17 08:00:00,501.42823777384444
362,2023-01-17 09:00:00,629.8993619500209
363,2023-01-17 10:00:00,814.2498430876194
364,2023-01-17 11:00:00,999.308545988194
365,2023-01-17 12:00:00,1090.1831127655498
366,2023-01-17 13:00:00,1040.8024605556886
367,2023-01-17 14:00:00,911.661697867999
368,2023-01-17 15:00:00,833.8408301110114
369,2023-01-17 16:00:00,902.812235171451
370,2023-01-17 17:00:00,1094.5837640835189
371,2023-01-17 18:00:00,1280.4152239792727
372,2023-01-17 19:00:00,1328.1345598707583
373,2023-01-17 20:00:00,1200.8257944772995
374,2023-01-17 21:00:00,969.7126239004697
375,2023-01-17 22:00:00,739.6145831846146
376,2023-01-17 23:00:00,563.197440058162
377,2023-01-18 00:00:00,421.6244490065029
378,2023-01-18 01:00:00,277.74292883893304
379,2023-01-18 02:00:00,137.24079634980114
380,2023-01-18 03:00:00,52.256883729421475
381,2023-01-18 04:00:00,67.25686369875916
382,2023-01-18 05:00:00,168.82268989839798
383,2023-01-18 06:00:00,295.62589432019445
384,2023-01-18 07:00:00,399.2894090368913
385,2023-01-18 08:00:00,490.6719929672248
386,2023-01-18 09:00:00,619.3210199889296
387,2023-01-18 10:00:00,804.4233510052081
388,2023-01-18 11:00:00,990.7464692445467
389,2023-01-18 12:00:00,1083.3303201363271
390,2023-01-18 13:00:00,1036.0309872099251
391,2023-01-18 14:00:00,909.2668452239162
392,2023-01-18 15:00:00,834.0385437852581
393,2023-01-18 16:00:00,905.7377844292982
394,2023-01-18 17:00:00,1100.2917281383297
395,2023-01-18 18:00:00,1288.8807723423386
396,2023-01-18 19:00:00,1339.2559961383179
397,2023-01-18 20:00:00,1214.4283155322614
398,2023-01-18 21:00:00,985.5532298073306
399,2023-01-18 22:00:00,757.3880573414838
400,2023-01-18 23:00:00,582.5433044108494
401,2023-01-19 00:00:00,442.1347859177313
402,2023-01-19 01:00:00,298.9709493116724
403,2023-01-19 02:00:00,158.7100239855285
404,2023-01-19 03:00:00,73.47081552533245
405,2023-01-19 04:00:00,87.7089621952714
406,2023-01-19 05:00:00,188.00655649254514
407,2023-01-19 06:00:00,313.04547117281373
408,2023-01-19 07:00:00,414.4690563646112
409,2023-01-19 08:00:00,503.1662901812777
410,2023-01-19 09:00:00,628.7241427514581
411,2023-01-19 10:00:00,810.3778819054403
412,2023-01-19 11:00:00,992.9515072881029
413,2023-01-19 12:00:00,1081.5487637172084
414,2023-01-19 13:00:00,1030.0958764161937
415,2023-01-19 14:00:00,899.0866617382285
416,2023-01-19 15:00:00,819.6013810337483
417,2023-01-19 16:00:00,887.1143156902262
418,2023-01-19 17:00:00,1077.6369168014967
419,2023-01-19 18:00:00,1262.4342854693698
420,2023-01-19 19:00:00,1309.3413004593276
421,2023-01-19 20:00:00,1181.4504527951494
422,2023-01-19 21:00:00,949.9952867804964
423,2023-01-19 22:00:00,719.8063637635292
424,2023-01-19 23:00:00,543.5614100083983
425,2023-01-20 00:00:00,402.43628458061863
426,2023-01-20 01:00:00,259.29123501537214
427,2023-01-20 02:00:00,119.82707823560236
428,2023-01-20 03:00:00,36.1951402412534
429,2023-01-20 04:00:00,52.87278447868505
430,2023-01-20 05:00:00,156.4524429660433
431,2023-01-20 06:00:00,285.61449875420914
432,2023-01-20 07:00:00,391.9886938205526
433,2023-01-20 08:00:00,486.43815033756727
434,2023-01-20 09:00:00,618.5117686622174
435,2023-01-20 10:00:00,807.3947315340561
436,2023-01-20 11:00:00,997.8493005530165
437,2023-01-20 12:00:00,1094.9063528590832
438,2023-01-20 13:00:00,1052.4087953546564
439,2023-01-20 14:00:00,930.7575034054366
440,2023-01-20 15:00:00,860.9311422251933
441,2023-01-20 16:00:00,938.2948384094507
442,2023-01-20 17:00:00,1138.7445421272116
443,2023-01-20 18:00:00,1333.4248220367267
444,2023-01-20 19:00:00,1390.046393748271
445,2023-01-20 20:00:00,1271.5754248065698
446,2023-01-20 21:00:00,1049.118497776592
447,2023-01-20 22:00:00,827.380128896765
448,2023-01-20 23:00:00,658.9144848813013
449,2023-01-21 00:00:00,43.32851950458985
450,2023-01-21 01:00:00,-93.73265530667516
451,2023-01-21 02:00:00,-228.12446180403265
452,2023-01-21 03:00:00,-307.79390954878204
453,2023-01-21 04:00:00,-288.35211403657433
454,2023-01-21 05:00:00,-183.28401749131933
455,2023-01-21 06:00:00,-53.974374181629855
456,2023-01-21 07:00:00,51.15465898859031
457,2023-01-21 08:00:00,142.92840085443515
458,2023-01-21 09:00:00,270.8727450809239
459,2023-01-21 10:00:00,454.16519932884796
460,2023-01-21 11:00:00,637.5760426594406
461,2023-01-21 12:00:00,726.1600431448311
462,2023-01-21 13:00:00,673.7998692809205
463,2023-01-21 14:00:00,540.9518406371341
464,2023-01-21 15:00:00,458.6653765814767
465,2023-01-21 16:00:00,522.3911136092571
466,2023-01-21 17:00:00,708.1245368818206
467,2023-01-21 18:00:00,887.1228754489578
468,2023-01-21 19:00:00,927.2215712905019
469,2023-01-21 20:00:00,791.5223767399743
470,2023-01-21 21:00:00,551.2769748114881
471,2023-01-21 22:00:00,311.3430352507053
472,2023-01-21 23:00:00,124.43436480384139
473,2023-01-22 00:00:00,109.09082101340721
474,2023-01-22 01:00:00,-46.41175418382272
475,2023-01-22 02:00:00,-198.99141640110633
476,2023-01-22 03:00:00,-296.42668391093173
477,2023-01-22 04:00:00,-294.16242671693317
478,2023-01-22 05:00:00,-205.52137282205786
479,2023-01-22 06:00:00,-91.73184361963536
480,2023-01-22 07:00:00,-1.0670386592975092
481,2023-01-22 08:00:00,77.43822402296189
482,2023-01-22 09:00:00,193.43908290458018
483,2023-01-22 10:00:00,366.2302604493181
484,2023-01-22 11:00:00,540.6859378082488
485,2023-01-22 12:00:00,621.9503336082713
486,2023-01-22 13:00:00,563.980134143238
487,2023-01-22 14:00:00,427.2894315298729
488,2023-01-22 15:00:00,342.9685385533546
489,2023-01-22 16:00:00,406.49165784497575
490,2023-01-22 17:00:00,593.8602565070629
491,2023-01-22 18:00:00,776.3198984707564
492,2023-01-22 19:00:00,821.6768454898282
493,2023-01-22 20:00:00,692.9864796018958
494,2023-01-22 21:00:00,461.43743785607074
495,2023-01-22 22:00:00,231.8083658105956
496,2023-01-22 23:00:00,56.718940115155874
497,2023-01-23 00:00:00,97.34704972786892
498,2023-01-23 01:00:00,-43.645004058156246
499,2023-01-23 02:00:00,-180.56167859259767
500,2023-01-23 03:00:00,-261.324227998031
501,2023-01-23 04:00:00,-241.52880660128062
502,2023-01-23 05:00:00,-134.65633319025733
503,2023-01-23 06:00:00,-2.0985165155558434
504,2023-01-23 07:00:00,107.7046174661906
505,2023-01-23 08:00:00,205.54977022625593
506,2023-01-23 09:00:00,340.9237369066587
507,2023-01-23 10:00:00,532.9548107554822
508,2023-01-23 11:00:00,726.3543998345335
509,2023-01-23 12:00:00,826.1092930226173
510,2023-01-23 13:00:00,786.0257029092251
511,2023-01-23 14:00:00,666.4757242537258
512,2023-01-23 15:00:00,598.4175592818793
513,2023-01-23 16:00:00,677.2044717948355
514,2023-01-23 17:00:00,878.7293070805772
515,2023-01-23 18:00:00,1074.1423173250191
516,2023-01-23 19:00:00,1131.1685932248627
517,2023-01-23 20:00:00,1012.7971456364044
518,2023-01-23 21:00:00,790.1655222000493
519,2023-01-23 22:00:00,568.0168607568971
520,2023-01-23 23:00:00,398.9510281895341
521,2023-01-24 00:00:00,-57.200028828309655
522,2023-01-24 01:00:00,-195.0792791074366
523,2023-01-24 02:00:00,-330.3067821304654
524,2023-01-24 03:00:00,-410.76326729011373
525,2023-01-24 04:00:00,-391.9907555815257
526,2023-01-24 05:00:00,-287.4033287700146
527,2023-01-24 06:00:00,-158.31419734727513
528,2023-01-24 07:00:00,-53.074393662216494
529,2023-01-24 08:00:00,39.21099898584839
530,2023-01-24 09:00:00,168.13484770872418
531,2023-01-24 10:00:00,352.9379362497926
532,2023-01-24 11:00:00,538.4490885623405
533,2023-01-24 12:00:00,629.7759060354005
534,2023-01-24 13:00:00,580.8472651803424
535,2023-01-24 14:00:00,452.1582339972643
536,2023-01-24 15:00:00,374.7887774750109
537,2023-01-24 16:00:00,444.2112332298688
538,2023-01-24 17:00:00,636.4334121327865
539,2023-01-24 18:00:00,822.715081270969
540,2023-01-24 19:00:00,870.8841457514538
541,2023-01-24 20:00:00,744.0245885206414
542,2023-01-24 21:00:00,513.3600660507495
543,2023-01-24 22:00:00,283.7100738746718
544,2023-01-24 23:00:00,107.7403403973533
545,2023-01-25 00:00:00,451.9556718718851
546,2023-01-25 01:00:00,308.52016608696937
547,2023-01-25 02:00:00,168.4632919333415
548,2023-01-25 03:00:00,83.92384289248673
549,2023-01-25 04:00:00,99.36745309820469
550,2023-01-25 05:00:00,201.37603780421694
551,2023-01-25 06:00:00,328.6210907840447
552,2023-01-25 07:00:00,432.72550606044103
553,2023-01-25 08:00:00,524.5480046845605
554,2023-01-25 09:00:00,653.6359228428047
555,2023-01-25 10:00:00,839.1760839577321
556,2023-01-25 11:00:00,1025.935933932291
557,2023-01-25 12:00:00,1118.9553810889315
558,2023-01-25 13:00:00,1072.090472041842
559,2023-01-25 14:00:00,945.7595448406486
560,2023-01-25 15:00:00,870.9632125656686
561,2023-01-25 16:00:00,943.093140460405
562,2023-01-25 17:00:00,1138.076453418131
563,2023-01-25 18:00:00,1327.0935129823401
564,2023-01-25 19:00:00,1377.8953625935449
565,2023-01-25 20:00:00,1253.4928828198922
566,2023-01-25 21:00:00,1025.0415377376219
567,2023-01-25 22:00:00,797.298610722633
568,2023-01-25 23:00:00,622.8745733110158
569,2023-01-26 00:00:00,482.88520587776657
570,2023-01-26 01:00:00,340.1389215876396
571,2023-01-26 02:00:00,200.2939157836235
572,2023-01-26 03:00:00,115.46896026750449
573,2023-01-26 04:00:00,130.11965973534757
574,2023-01-26 05:00:00,230.82807337741485
575,2023-01-26 06:00:00,356.2760409042916
576,2023-01-26 07:00:00,458.10687964427393
577,2023-01-26 08:00:00,547.2095351641713
578,2023-01-26 09:00:00,673.1709453261275
579,2023-01-26 10:00:00,855.2263459422331
580,2023-01-26 11:00:00,1038.1997048961891
581,2023-01-26 12:00:00,1127.1947355363761
582,2023-01-26 13:00:00,1076.137631874446
583,2023-01-26 14:00:00,945.5221793323136
584,2023-01-26 15:00:00,866.4286086036408
585,2023-01-26 16:00:00,934.3311706955111
586,2023-01-26 17:00:00,1125.2412866131203
587,2023-01-26 18:00:00,1310.424027634931
588,2023-01-26 19:00:00,1357.7142430227236
589,2023-01-26 20:00:00,1230.2043945464225
590,2023-01-26 21:00:00,999.1279975802729
591,2023-01-26 22:00:00,769.3155848226661
592,2023-01-26 23:00:00,593.4448541878395
593,2023-01-27 00:00:00,452.6916366826629
594,2023-01-27 01:00:00,309.9161520904189
595,2023-01-27 02:00:00,170.81918990001714
596,2023-01-27 03:00:00,87.55204895059376
597,2023-01-27 04:00:00,104.5920658589514
598,2023-01-27 05:00:00,208.5316461166073
599,2023-01-27 06:00:00,338.0511465647092
600,2023-01-27 07:00:00,444.78028326247363
601,2023-01-27 08:00:00,539.5821528108813
602,2023-01-27 09:00:00,672.0056302910647
603,2023-01-27 10:00:00,861.2358734905401
604,2023-01-27 11:00:00,1052.0351193765885
605,2023-01-27 12:00:00,1149.4342207870818
606,2023-01-27 13:00:00,1107.276060641149
607,2023-01-27 14:00:00,985.9614906323221
608,2023-01-27 15:00:00,916.4691526597089
609,2023-01-27 16:00:00,994.164150310296
610,2023-01-27 17:00:00,1194.942411079873
611,2023-01-27 18:00:00,1389.948481281136
612,2023-01-27 19:00:00,1446.8930545342191
613,2023-01-27 20:00:00,1328.7422767074422
614,2023-01-27 21:00:00,1106.602709003143
615,2023-01-27 22:00:00,885.1788466952153
616,2023-01-27 23:00:00,717.024835827785
617,2023-01-28 00:00:00,262.87899265991894
618,2023-01-28 01:00:00,126.12364350744929
619,2023-01-28 02:00:00,-7.965270672583529
620,2023-01-28 03:00:00,-87.33477876284473
621,2023-01-28 04:00:00,-67.59601520534125
622,2023-01-28 05:00:00,37.76605918162204
623,2023-01-28 06:00:00,167.36667186661356
624,2023-01-28 07:00:00,272.7836480231306
625,2023-01-28 08:00:00,364.84228893726464
626,2023-01-28 09:00:00,493.0684710539373
627,2023-01-28 10:00:00,676.6396851678523
628,2023-01-28 11:00:00,860.3261938225728
629,2023-01-28 12:00:00,949.1827489331242
630,2023-01-28 13:00:00,897.0920031828045
631,2023-01-28 14:00:00,764.510260666492
632,2023-01-28 15:00:00,682.4869256606386
633,2023-01-28 16:00:00,746.472619898942
634,2023-01-28 17:00:00,932.4628141399442
635,2023-01-28 18:00:00,1111.7147233800088
636,2023-01-28 19:00:00,1152.0637759210285
637,2023-01-28 20:00:00,1016.6117107432368
638,2023-01-28 21:00:00,776.6101978827797
639,2023-01-28 22:00:00,536.9168944566576
640,2023-01-28 23:00:00,350.2455949391315
641,2023-01-29 00:00:00,197.8171098171589
642,2023-01-29 01:00:00,42.54533972474235
643,2023-01-29 02:00:00,-109.80681727509489
644,2023-01-29 03:00:00,-207.01789032268846
645,2023-01-29 04:00:00,-204.53275991262421
646,2023-01-29 05:00:00,-115.6741641935946
647,2023-01-29 06:00:00,-1.670434324140615
648,2023-01-29 07:00:00,89.20522068320861
649,2023-01-29 08:00:00,167.91797373436475
650,2023-01-29 09:00:00,284.1229545785914
651,2023-01-29 10:00:00,457.11487733089837
652,2023-01-29 11:00:00,631.7679151032472
653,2023-01-29 12:00:00,713.2262788718464
654,2023-01-29 13:00:00,655.446647630121
655,2023-01-29 14:00:00,518.9431065232304
656,2023-01-29 15:00:00,434.80596175270125
657,2023-01-29 16:00:00,498.5094096861844
658,2023-01-29 17:00:00,686.0549115301541
659,2023-01-29 18:00:00,868.6880256615807
660,2023-01-29 19:00:00,914.215008633739
661,2023-01-29 20:00:00,785.6912376348606
662,2023-01-29 21:00:00,554.3053452030151
663,2023-01-29 22:00:00,324.83597275163936
664,2023-01-29 23:00:00,149.9027931005901
665,2023-01-30 00:00:00,330.9364375859592
666,2023-01-30 01:00:00,190.09371271317275
667,2023-01-30 02:00:00,53.32290418325931
668,2023-01-30 03:00:00,-27.29724456522979
669,2023-01-30 04:00:00,-7.362889947309554
670,2023-01-30 05:00:00,99.64504748645538
671,2023-01-30 06:00:00,232.33485757203027
672,2023-01-30 07:00:00,342.26651327342205
673,2023-01-30 08:00:00,440.23671531576406
674,2023-01-30 09:00:00,575.7323184484023
675,2023-01-30 10:00:00,767.8815558312265
676,2023-01-30 11:00:00,961.3958358041707
677,2023-01-30 12:00:00,1061.261947818756
678,2023-01-30 13:00:00,1021.2861053901686
679,2023-01-30 14:00:00,901.8404045281206
680,2023-01-30 15:00:00,833.8830490249999
681,2023-01-30 16:00:00,912.7673045837369
682,2023-01-30 17:00:00,1114.3860187149237
683,2023-01-30 18:00:00,1309.8894461445152
684,2023-01-30 19:00:00,1367.0026804338436
685,2023-01-30 20:00:00,1248.714735624188
686,2023-01-30 21:00:00,1026.1631628564257
687,2023-01-30 22:00:00,804.0911037715573
688,2023-01-30 23:00:00,635.0984293861723
689,2023-01-31 00:00:00,500.29358831711755
690,2023-01-31 01:00:00,362.48062150040755
691,2023-01-31 02:00:00,227.31597198729202
692,2023-01-31 04:00:00,165.74743749158654
693,2023-01-31 05:00:00,270.38746136835107
694,2023-01-31 06:00:00,399.52578316452497
695,2023-01-31 07:00:00,504.81137709138227
696,2023-01-31 08:00:00,597.1391667018054
697,2023-01-31 09:00:00,726.1020262608982
698,2023-01-31 10:00:00,910.9407469370057
699,2023-01-31 11:00:00,1096.4841604266637
700,2023-01-31 12:00:00,1187.8398761165183
701,2023-01-31 13:00:00,1138.9367788197499
702,2023-01-31 14:00:00,1010.2699451140311
703,2023-01-31 15:00:00,932.9193488472863
704,2023-01-31 16:00:00,1002.3573367604995
705,2023-01-31 17:00:00,1194.5917291373003
706,2023-01-31 18:00:00,1380.8823027406456
707,2023-01-31 19:00:00,1429.0569726256176
708,2023-01-31 20:00:00,1302.1997319570853
709,2023-01-31 21:00:00,1071.5342476783599
710,2023-01-31 22:00:00,841.8800260768328
711,2023-01-31 23:00:00,665.9028065377269
712,2023-02-02 10:00:00,925.8365146799943
713,2023-02-02 11:00:00,1108.694428041066
714,2023-02-02 12:00:00,1197.5713194058067
715,2023-02-02 13:00:00,1146.3934014268852
716,2023-02-02 14:00:00,1015.6544783528539
717,2023-02-02 15:00:00,936.4347998218315
718,2023-02-02 16:00:00,1004.2086359157855
719,2023-02-02 17:00:00,1194.9874268452159
720,2023-02-02 18:00:00,1380.0362632373485
721,2023-02-02 19:00:00,1427.1900137939513
722,2023-02-02 20:00:00,1299.541159870942
723,2023-02-02 21:00:00,1068.323236531689
724,2023-02-02 22:00:00,838.3667962932884
725,2023-02-02 23:00:00,662.3495569438029
726,2023-02-03 00:00:00,521.4473695430415
727,2023-02-03 01:00:00,378.52047398840335
728,2023-02-03 02:00:00,239.26967997902432
729,2023-02-03 03:00:00,155.84630667031036
730,2023-02-03 04:00:00,172.7277110832576
731,2023-02-03 05:00:00,276.50631920799475
732,2023-02-03 06:00:00,405.8625084450917
733,2023-02-03 07:00:00,512.4260155303217
734,2023-02-03 08:00:00,607.0599577879366
735,2023-02-03 09:00:00,739.3132311123727
736,2023-02-03 10:00:00,928.371014167642
737,2023-02-03 11:00:00,1118.995564866375
738,2023-02-03 12:00:00,1216.2177570584863
739,2023-02-03 13:00:00,1173.8804947252102
740,2023-02-03 14:00:00,1052.3846506936459
741,2023-02-03 15:00:00,982.70888803819
742,2023-02-03 16:00:00,1060.2183315720586
743,2023-02-03 17:00:00,1260.8089300566976
744,2023-02-03 18:00:00,1455.6252511371233
745,2023-02-03 19:00:00,1512.3780097676754
746,2023-02-03 20:00:00,1394.0333732191534
747,2023-02-03 21:00:00,1171.6979241087367
748,2023-02-03 22:00:00,950.0761791622365
749,2023-02-03 23:00:00,781.7223058972598
750,2023-02-04 00:00:00,327.3746420638593
751,2023-02-04 01:00:00,190.41553550018773
752,2023-02-04 02:00:00,56.12094867516805
753,2023-02-04 03:00:00,-23.456125734310717
754,2023-02-04 04:00:00,-3.926800645236085
755,2023-02-04 05:00:00,101.2239846839608
756,2023-02-04 06:00:00,230.61147927069942
757,2023-02-04 07:00:00,335.81352983105205
758,2023-02-04 08:00:00,427.65545920603813
759,2023-02-04 09:00:00,555.6631653509684
760,2023-02-04 10:00:00,739.0141605999116
761,2023-02-04 11:00:00,922.4787289804825
762,2023-02-04 12:00:00,1011.1116438952923
763,2023-02-04 13:00:00,958.7955794870093
764,2023-02-04 14:00:00,825.98686128801
765,2023-02-04 15:00:00,743.7349149606231
766,2023-02-04 16:00:00,807.4903836190634
767,2023-02-04 17:00:00,993.248759354767
768,2023-02-04 18:00:00,1172.2672784470572
769,2023-02-04 19:00:00,1212.3813904489634
770,2023-02-04 20:00:00,1076.6928555433685
771,2023-02-04 21:00:00,836.4533649250669
772,2023-02-04 22:00:00,596.5205967926338
773,2023-02-04 23:00:00,409.60836667975457
774,2023-02-05 00:00:00,256.9375060501254
775,2023-02-05 01:00:00,101.42193645716839
776,2023-02-05 02:00:00,-51.1754231862692
777,2023-02-05 03:00:00,-148.63308122203557
778,2023-02-05 04:00:00,-146.39589744250736
779,2023-02-05 05:00:00,-57.7865893629654
780,2023-02-05 06:00:00,55.96653242718628
781,2023-02-05 07:00:00,146.59027938948668
782,2023-02-05 08:00:00,225.04984481944547
783,2023-02-05 09:00:00,341.00037877378037
784,2023-02-05 10:00:00,513.7366155886212
785,2023-02-05 11:00:00,688.1327484828541
786,2023-02-05 12:00:00,769.3330084626863
787,2023-02-05 13:00:00,711.2940944449676
788,2023-02-05 14:00:00,574.5301114044358
789,2023-02-05 15:00:00,490.13138524033366
790,2023-02-05 16:00:00,553.5721319316874
791,2023-02-05 17:00:00,740.8538322079307
792,2023-02-05 18:00:00,923.2220637933808
793,2023-02-05 19:00:00,968.4831025167593
794,2023-02-05 20:00:00,839.692344711517
795,2023-02-05 21:00:00,608.0384419437864
796,2023-02-05 22:00:00,378.30005450712235
797,2023-02-05 23:00:00,203.0968740053575
798,2023-02-06 00:00:00,383.8595504054752
799,2023-02-06 01:00:00,242.74490871566007
800,2023-02-06 02:00:00,105.70125299854806
801,2023-02-06 03:00:00,24.80734493783791
802,2023-02-06 04:00:00,44.46704619073694
803,2023-02-06 05:00:00,151.19945414946255
804,2023-02-06 06:00:00,283.6128764526036
805,2023-02-06 07:00:00,393.26730370934257
806,2023-02-06 08:00:00,490.9594541399723
807,2023-02-06 09:00:00,626.1761398219832
808,2023-02-06 10:00:00,818.0456711162451
809,2023-02-06 11:00:00,1011.2794733699095
810,2023-02-06 12:00:00,1110.8643529068695
811,2023-02-06 13:00:00,1070.6065399437618
812,2023-02-06 14:00:00,950.878147031706
813,2023-02-06 15:00:00,882.6373943142813
814,2023-02-06 16:00:00,961.2375637023176
815,2023-02-06 17:00:00,1162.571518718861
816,2023-02-06 18:00:00,1357.7895299717397
817,2023-02-06 19:00:00,1414.6167066547882
818,2023-02-06 20:00:00,1296.0420783173395
819,2023-02-06 21:00:00,1073.203211418202
820,2023-02-06 22:00:00,850.8432627104505
821,2023-02-06 23:00:00,681.5621181710802
822,2023-02-07 00:00:00,546.4682411621105
823,2023-02-07 01:00:00,408.36568719101285
824,2023-02-07 02:00:00,272.91091368099075
825,2023-02-07 03:00:00,192.22321079959
826,2023-02-07 04:00:00,210.76057719715777
827,2023-02-07 05:00:00,315.10895086702226
828,2023-02-07 06:00:00,443.9551411703766
829,2023-02-07 07:00:00,548.9481356967808
830,2023-02-07 08:00:00,640.9828712047798
831,2023-02-07 09:00:00,769.6522349401032
832,2023-02-07 10:00:00,954.1970308511902
833,2023-02-07 11:00:00,1139.4461032068589
834,2023-02-07 12:00:00,1230.5070737642377
835,2023-02-07 13:00:00,1181.3088394946235
836,2023-02-07 14:00:00,1052.346488904395
837,2023-02-07 15:00:00,974.7000075903738
838,2023-02-07 16:00:00,1043.8417538036085
839,2023-02-07 17:00:00,1235.7795591280458
840,2023-02-07 18:00:00,1421.773211404317
841,2023-02-07 19:00:00,1469.6506365686923
842,2023-02-07 20:00:00,1342.495838417904
843,2023-02-07 21:00:00,1111.5324943266053
844,2023-02-07 22:00:00,881.5801207853542
845,2023-02-07 23:00:00,705.3044671606849
846,2023-02-08 00:00:00,563.8687697254628
847,2023-02-08 01:00:00,420.12032930139816
848,2023-02-08 02:00:00,279.74704486299487
849,2023-02-08 03:00:00,194.8877309414791
850,2023-02-08 04:00:00,210.00804280088465
851,2023-02-08 05:00:00,311.68991680523027
852,2023-02-08 06:00:00,438.6048678388309
853,2023-02-08 07:00:00,542.3758110732192
854,2023-02-08 08:00:00,633.8614886856941
855,2023-02-08 09:00:00,762.6092579836637
856,2023-02-08 10:00:00,947.8059635344212
857,2023-02-08 11:00:00,1134.219072364318
858,2023-02-08 12:00:00,1226.8885138848004
859,2023-02-08 13:00:00,1179.6703558151557
860,2023-02-08 14:00:00,1052.9829572510898
861,2023-02-08 15:00:00,977.8269523580386
862,2023-02-08 16:00:00,1049.5940273888614
863,2023-02-08 17:00:00,1244.2113282226055
864,2023-02-08 18:00:00,1432.8592373747083
865,2023-02-08 19:00:00,1483.2888192074581
866,2023-02-08 20:00:00,1358.5109751712653
867,2023-02-08 21:00:00,1129.6811901840679
868,2023-02-08 22:00:00,901.5567684192366
869,2023-02-08 23:00:00,726.7482021578636
870,2023-02-09 00:00:00,586.3712924572135
871,2023-02-09 01:00:00,443.2344731222188
872,2023-02-09 02:00:00,302.9959600765999
873,2023-02-09 03:00:00,217.77454561862078
874,2023-02-09 04:00:00,232.0258548949401
875,2023-02-09 05:00:00,332.33196747683394
876,2023-02-09 06:00:00,457.3747433648954
877,2023-02-09 07:00:00,558.7975201160169
878,2023-02-09 08:00:00,647.4892634470142
879,2023-02-09 09:00:00,773.0369312825135
880,2023-02-09 10:00:00,954.6757794094808
881,2023-02-09 11:00:00,1137.229795592119
882,2023-02-09 12:00:00,1225.8027130068645
883,2023-02-09 13:00:00,1174.3207453415653
884,2023-02-09 14:00:00,1043.277697634187
885,2023-02-09 15:00:00,963.7538200742038
886,2023-02-09 16:00:00,1031.223383085108
887,2023-02-09 17:00:00,1221.6978269549477
888,2023-02-09 18:00:00,1406.4422421543923
889,2023-02-09 19:00:00,1453.2914970284214
890,2023-02-09 20:00:00,1325.3380722954212
891,2023-02-09 21:00:00,1093.8155021697994
892,2023-02-09 22:00:00,863.5543380964357
893,2023-02-09 23:00:00,687.2322965467594
894,2023-02-10 00:00:00,546.0252270356956
895,2023-02-10 01:00:00,402.79336768596033
896,2023-02-10 02:00:00,263.2375261933731
897,2023-02-10 03:00:00,179.50901948079866
898,2023-02-10 04:00:00,196.08520211518533
899,2023-02-10 05:00:00,299.5584973985867
900,2023-02-10 06:00:00,428.6092798231552
901,2023-02-10 07:00:00,534.8672829912017
902,2023-02-10 08:00:00,629.1956208675075
903,2023-02-10 09:00:00,761.1431857753662
904,2023-02-10 10:00:00,949.8951525661563
905,2023-02-10 11:00:00,1140.2137751524488
906,2023-02-10 12:00:00,1237.1299231328185
907,2023-02-10 13:00:00,1194.4864960417917
908,2023-02-10 14:00:00,1072.6843620388481
909,2023-02-10 15:00:00,1002.7021793186959
910,2023-02-10 16:00:00,1079.9050675938465
911,2023-02-10 17:00:00,1280.1889703240165
912,2023-02-10 18:00:00,1474.6984496363484
913,2023-02-10 19:00:00,1531.144214762578
914,2023-02-10 20:00:00,1412.4924270472761
915,2023-02-10 21:00:00,1189.8496629670071
916,2023-02-10 22:00:00,967.9204329226161
917,2023-02-10 23:00:00,799.2588978836726
918,2023-02-11 00:00:00,344.6033888507926
919,2023-02-11 01:00:00,207.33624674432122
920,2023-02-11 02:00:00,72.73342689218464
921,2023-02-11 03:00:00,-7.152085357823125
922,2023-02-11 04:00:00,12.068589564097124
923,2023-02-11 05:00:00,116.91050468349249
924,2023-02-11 06:00:00,245.9889011212128
925,2023-02-11 07:00:00,350.8816175077457
926,2023-02-11 08:00:00,442.413968410462
927,2023-02-11 09:00:00,570.1118433400106
928,2023-02-11 10:00:00,753.1527459694569
929,2023-02-11 11:00:00,936.306951570522
930,2023-02-11 12:00:00,1024.6292245041864
931,2023-02-11 13:00:00,972.0022297692617
932,2023-02-11 14:00:00,838.8822835641297
933,2023-02-11 15:00:00,756.318802048457
934,2023-02-11 16:00:00,819.7624186579196
935,2023-02-11 17:00:00,1005.2086156510861
936,2023-02-11 18:00:00,1183.9146193044212
937,2023-02-11 19:00:00,1223.715869010422
938,2023-02-11 20:00:00,1087.714114636764
939,2023-02-11 21:00:00,847.1610368955799
940,2023-02-11 22:00:00,606.9143033718626
941,2023-02-11 23:00:00,419.6877188015387
942,2023-02-12 00:00:00,266.70210373454125
943,2023-02-12 01:00:00,110.87136864593015
944,2023-02-12 02:00:00,-42.0415787690024
945,2023-02-12 03:00:00,-139.8152582093752
946,2023-02-12 04:00:00,-137.89454095890585
947,2023-02-12 05:00:00,-49.602156168130136
948,2023-02-12 06:00:00,63.83357381220378
949,2023-02-12 07:00:00,154.13944854952183
950,2023-02-12 08:00:00,232.28064931553695
951,2023-02-12 09:00:00,347.9123140274799
952,2023-02-12 10:00:00,520.3291647407964
953,2023-02-12 11:00:00,694.4053823052548
954,2023-02-12 12:00:00,775.285185207334
955,2023-02-12 13:00:00,716.925259755242
956,2023-02-12 14:00:00,579.8396981965931
957,2023-02-12 15:00:00,495.1188135965955
958,2023-02-12 16:00:00,558.2368089903447
959,2023-02-12 17:00:00,745.195152062385
960,2023-02-12 18:00:00,927.2394074113138
961,2023-02-12 19:00:00,972.1758376148634
962,2023-02-12 20:00:00,843.0598256780502
963,2023-02-12 21:00:00,611.0800097540639
964,2023-02-12 22:00:00,381.0150366288447
965,2023-02-12 23:00:00,205.48458431589307
966,2023-02-13 00:00:00,385.9192891078275
967,2023-02-13 01:00:00,244.47596227252404
968,2023-02-13 02:00:00,107.1028940408994
969,2023-02-13 03:00:00,25.878832205221897
970,2023-02-13 04:00:00,45.20762446070137
971,2023-02-13 05:00:00,151.6083541773586
972,2023-02-13 06:00:00,283.6893148893486
973,2023-02-13 07:00:00,393.0104830749474
974,2023-02-13 08:00:00,490.3685627407239
975,2023-02-13 09:00:00,625.2503517125434
976,2023-02-13 10:00:00,816.7841460442219
977,2023-02-13 11:00:00,1009.6813567330303
978,2023-02-13 12:00:00,1108.9287757116526
979,2023-02-13 13:00:00,1068.3326187591686
980,2023-02-13 14:00:00,948.2649839671844
981,2023-02-13 15:00:00,879.6840769764951
982,2023-02-13 16:00:00,957.9431651679379
983,2023-02-13 17:00:00,1158.9350975022821
984,2023-02-13 18:00:00,1353.8101300269288
985,2023-02-13 19:00:00,1410.293357319597
986,2023-02-13 20:00:00,1291.3737943409892
987,2023-02-13 21:00:00,1068.1889928877945
988,2023-02-13 22:00:00,845.48209511455
989,2023-02-13 23:00:00,675.8529723481005
990,2023-02-14 00:00:00,540.410073313238
991,2023-02-14 01:00:00,401.95743886367796
992,2023-02-14 02:00:00,266.15151180096166
993,2023-02-14 03:00:00,185.11156766194455
994,2023-02-14 04:00:00,203.2955904823413
995,2023-02-14 05:00:00,307.2895036620572
996,2023-02-14 06:00:00,435.780101963931
997,2023-02-14 07:00:00,540.4163584382813
998,2023-02-14 08:00:00,632.0931952979699
999,2023-02-14 09:00:00,760.4034852898394
1000,2023-02-14 10:00:00,944.5880178877227
1001,2023-02-14 11:00:00,1129.4756229248244
1002,2023-02-14 12:00:00,1220.173907764749
1003,2023-02-14 13:00:00,1170.6117550176637
1004,2023-02-14 14:00:00,1041.2842388931692
1005,2023-02-14 15:00:00,963.2713307281253
1006,2023-02-14 16:00:00,1032.0453745694376
1007,2023-02-14 17:00:00,1223.6141878476528
1008,2023-02-14 18:00:00,1409.237544333987
1009,2023-02-14 19:00:00,1456.7433559250348
1010,2023-02-14 20:00:00,1329.130311677947
1011,2023-02-14 21:00:00,1097.7073739056718
1012,2023-02-14 22:00:00,867.2940452919362
1013,2023-02-14 23:00:00,690.5560614719132
1014,2023-02-15 00:00:00,548.6566450651495
1015,2023-02-15 01:00:00,404.4430833360706
1016,2023-02-15 02:00:00,263.60326177491197
1017,2023-02-15 03:00:00,178.27598153119186
1018,2023-02-15 04:00:00,192.9268845802789
1019,2023-02-15 05:00:00,294.1378940910785
1020,2023-02-15 06:00:00,420.5805118769757
1021,2023-02-15 07:00:00,523.8776401122418
1022,2023-02-15 08:00:00,614.8880081024336
1023,2023-02-15 09:00:00,743.1589603984182
1024,2023-02-15 10:00:00,927.8773289213445
1025,2023-02-15 11:00:00,1113.8105681728393
1026,2023-02-15 12:00:00,1205.9985951632127
1027,2023-02-15 13:00:00,1158.2974653377012
1028,2023-02-15 14:00:00,1031.1255256518596
1029,2023-02-15 15:00:00,955.4833982450779
1030,2023-02-15 16:00:00,1026.762757498289
1031,2023-02-15 17:00:00,1220.890737576061
1032,2023-02-15 18:00:00,1409.047709373819
1033,2023-02-15 19:00:00,1458.9847258168816
1034,2023-02-15 20:00:00,1333.7126770606865
1035,2023-02-15 21:00:00,1104.3870368865807
1036,2023-02-15 22:00:00,875.7650984661349
1037,2023-02-15 23:00:00,700.4573432700586
1038,2023-02-16 00:00:00,559.5795616857648
1039,2023-02-16 01:00:00,415.9401770211245
1040,2023-02-16 02:00:00,275.19739486748125
1041,2023-02-16 03:00:00,189.46999738439797
1042,2023-02-16 04:00:00,203.21359972771813
1043,2023-02-16 05:00:00,303.01027166747957
1044,2023-02-16 06:00:00,427.54186359664305
1045,2023-02-16 07:00:00,528.4517036385896
1046,2023-02-16 08:00:00,616.6287482681074
1047,2023-02-16 09:00:00,741.6599463535384
1048,2023-02-16 10:00:00,922.7805448428699
1049,2023-02-16 11:00:00,1104.8145228266012
1050,2023-02-16 12:00:00,1192.86560503185
1051,2023-02-16 13:00:00,1140.8599968960946
1052,2023-02-16 14:00:00,1009.2914954194378
1053,2023-02-16 15:00:00,929.2403429411139
1054,2023-02-16 16:00:00,996.1808022773494
1055,2023-02-16 17:00:00,1186.12430631253
1056,2023-02-16 18:00:00,1370.3359383243305
1057,2023-02-16 19:00:00,1416.650559697302
1058,2023-02-16 20:00:00,1288.1606444131887
1059,2023-02-16 21:00:00,1056.0997201977893
1060,2023-02-16 22:00:00,825.2983321533794
1061,2023-02-16 23:00:00,648.4341907689511
1062,2023-02-17 00:00:00,506.68313972778657
1063,2023-02-17 01:00:00,362.90541158821515
1064,2023-02-17 02:00:00,222.801808692296
1065,2023-02-17 04:00:00,154.54826396403973
1066,2023-02-17 05:00:00,257.4680905552143
1067,2023-02-17 06:00:00,385.96349285422434
1068,2023-02-17 07:00:00,491.66420038115723
1069,2023-02-17 08:00:00,585.4333232790362
1070,2023-02-17 09:00:00,716.8197503036866
1071,2023-02-17 10:00:00,905.0086530239797
1072,2023-02-17 11:00:00,1094.7622823020968
1073,2023-02-17 12:00:00,1191.1115049782006
1074,2023-02-17 13:00:00,1147.8992180922605
1075,2023-02-17 14:00:00,1025.5262875874287
1076,2023-02-17 15:00:00,954.9713696945664
1077,2023-02-17 16:00:00,1031.5995824679662
1078,2023-02-17 17:00:00,1231.3068679792664
1079,2023-02-17 18:00:00,1425.2377872369434
1080,2023-02-17 19:00:00,1481.1030486512645
1081,2023-02-17 20:00:00,1361.8688130295754
1082,2023-02-17 21:00:00,1138.6416566045427
1083,2023-02-17 22:00:00,916.1260898022283
1084,2023-02-17 23:00:00,746.8762739413855
1085,2023-02-18 00:00:00,291.630540644663
1086,2023-02-18 01:00:00,153.77123175709346
1087,2023-02-18 02:00:00,18.574303835304477
1088,2023-02-18 03:00:00,-61.907256263145655
1089,2023-02-18 04:00:00,-43.28456712263585
1090,2023-02-18 05:00:00,60.95742640240019
1091,2023-02-18 06:00:00,189.433967873617
1092,2023-02-18 07:00:00,293.7228986827578
1093,2023-02-18 08:00:00,384.6495364376916
1094,2023-02-18 09:00:00,511.7397740224893
1095,2023-02-18 10:00:00,694.1711187926408
1096,2023-02-18 11:00:00,876.7138500145933
1097,2023-02-18 12:00:00,964.4227363709768
1098,2023-02-18 13:00:00,911.1804474943647
1099,2023-02-18 14:00:00,777.443304522277
1100,2023-02-18 15:00:00,694.2607289056282
1101,2023-02-18 16:00:00,757.0833596713593
1102,2023-02-18 17:00:00,941.9066849991791
1103,2023-02-18 18:00:00,1119.9879374074208
1104,2023-02-18 19:00:00,1159.162562879219
1105,2023-02-18 20:00:00,1022.5323181724905
1106,2023-02-18 21:00:00,781.3488912372693
1107,2023-02-18 22:00:00,540.4699572240961
1108,2023-02-18 23:00:00,352.60932876634115
1109,2023-02-19 00:00:00,198.98783463893903
1110,2023-02-19 01:00:00,42.51939388084247
1111,2023-02-19 02:00:00,-111.03307689892699
1112,2023-02-19 03:00:00,-209.44808817866408
1113,2023-02-19 04:00:00,-208.1705016622633
1114,2023-02-19 05:00:00,-120.5230365870782
1115,2023-02-19 06:00:00,-7.734005045633921
1116,2023-02-19 07:00:00,81.92340310449265
1117,2023-02-19 08:00:00,159.4143800859881
1118,2023-02-19 09:00:00,274.3940750842
1119,2023-02-19 10:00:00,446.1572217720317
1120,2023-02-19 11:00:00,619.5780129500537
1121,2023-02-19 12:00:00,699.8006794407474
1122,2023-02-19 13:00:00,640.7819201778836
1123,2023-02-19 14:00:00,503.0358403971951
1124,2023-02-19 15:00:00,417.6527665215414
1125,2023-02-19 16:00:00,480.1069152652083
1126,2023-02-19 17:00:00,666.399768344068
1127,2023-02-19 18:00:00,847.7769047300477
1128,2023-02-19 19:00:00,892.0446017435036
1129,2023-02-19 20:00:00,762.2582574473354
1130,2023-02-19 21:00:00,529.6065254233696
1131,2023-02-19 22:00:00,298.8680682395278
1132,2023-02-19 23:00:00,122.66257998949902
1133,2023-02-20 00:00:00,302.4207134637708
1134,2023-02-20 01:00:00,160.29929672940568
1135,2023-02-20 02:00:00,22.246637194360005
1136,2023-02-20 03:00:00,-59.65849985674663
1137,2023-02-20 04:00:00,-41.012248865032234
1138,2023-02-20 05:00:00,64.7044917458287
1139,2023-02-20 06:00:00,196.10003406786944
1140,2023-02-20 07:00:00,304.73437346567147
1141,2023-02-20 08:00:00,401.4042332085886
1142,2023-02-20 09:00:00,535.5964307111941
1143,2023-02-20 10:00:00,726.4392819683969
1144,2023-02-20 12:00:00,1017.1980521664241
1145,2023-02-20 13:00:00,975.9070204378605
1146,2023-02-20 14:00:00,855.1432424782408
1147,2023-02-20 15:00:00,785.8649456115919
1148,2023-02-20 16:00:00,863.4254192231184
1149,2023-02-20 17:00:00,1063.7175346260283
1150,2023-02-20 18:00:00,1257.8915705563873
1151,2023-02-20 19:00:00,1313.6726446453986
1152,2023-02-20 20:00:00,1194.0497952154012
1153,2023-02-20 21:00:00,970.1605977856931
1154,2023-02-20 22:00:00,746.7482185665481
1155,2023-02-20 23:00:00,576.4125532859722
1156,2023-02-21 00:00:00,440.2620753706913
1157,2023-02-21 01:00:00,301.1008507601672
1158,2023-02-21 02:00:00,164.58534766255423
1159,2023-02-21 03:00:00,82.83486733278062
1160,2023-02-21 04:00:00,100.30741987241811
1161,2023-02-21 05:00:00,203.58895508347024
1162,2023-02-21 06:00:00,331.3662944513046
1163,2023-02-21 07:00:00,435.2884380758659
1164,2023-02-21 08:00:00,526.2503355623587
1165,2023-02-21 09:00:00,653.8448873556525
1166,2023-02-21 10:00:00,837.3129109517016
1167,2023-02-21 11:00:00,1021.4832645527581
1168,2023-02-21 12:00:00,1111.4635841821018
1169,2023-02-21 13:00:00,1061.1827814482563
1170,2023-02-21 14:00:00,931.1359598715601
1171,2023-02-21 15:00:00,852.4031204178848
1172,2023-02-21 16:00:00,920.4566370671203
1173,2023-02-21 17:00:00,1111.304357508399
1174,2023-02-21 18:00:00,1296.2060860722404
1175,2023-02-21 19:00:00,1342.9897655281934
1176,2023-02-21 20:00:00,1214.739416912466
1177,2023-02-21 21:00:00,982.6787351878054
1178,2023-02-21 22:00:00,751.6272548389853
1179,2023-02-21 23:00:00,574.25074356904
1180,2023-02-22 00:00:00,431.7124563988332
1181,2023-02-22 01:00:00,286.85971326919923
1182,2023-02-22 02:00:00,145.38043264669955
1183,2023-02-22 03:00:00,59.41344894771987
1184,2023-02-22 04:00:00,73.42443771182673
1185,2023-02-22 05:00:00,173.99535594886277
1186,2023-02-22 06:00:00,299.7977396051319
1187,2023-02-22 07:00:00,402.45452526857855
1188,2023-02-22 08:00:00,492.8244769288409
1189,2023-02-22 09:00:00,620.4549741359513
1190,2023-02-22 10:00:00,804.5328840234821
1191,2023-02-22 11:00:00,989.8256966378941
1192,2023-02-22 13:00:00,1033.0319799072388
1193,2023-02-22 14:00:00,905.2199253479197
1194,2023-02-22 15:00:00,828.9378598089276
1195,2023-02-22 16:00:00,899.5774945092912
1196,2023-02-22 17:00:00,1093.066000714481
1197,2023-02-22 18:00:00,1280.583786669949
1198,2023-02-22 19:00:00,1329.8819429040586
1199,2023-02-22 20:00:00,1203.9713974256838
1200,2023-02-22 21:00:00,974.0076621044516
1201,2023-02-22 22:00:00,744.74806846099
1202,2023-02-22 23:00:00,568.8031365231498
1203,2023-02-23 00:00:00,427.2886955027172
1204,2023-02-23 01:00:00,283.01320774451915
1205,2023-02-23 02:00:00,141.63491811118035
1206,2023-02-23 03:00:00,55.27264825851023
1207,2023-02-23 04:00:00,68.38205306812267
1208,2023-02-23 05:00:00,167.54524224469617
1209,2023-02-23 06:00:00,291.44410633855483
1210,2023-02-23 07:00:00,391.7220138417464
1211,2023-02-23 08:00:00,479.267961803617
1212,2023-02-23 09:00:00,603.6689398830044
1213,2023-02-23 10:00:00,784.1602360001526
1214,2023-02-23 11:00:00,965.5658704477972
1215,2023-02-23 12:00:00,1052.9896093183204
1216,2023-02-23 13:00:00,1000.3576996269281
1217,2023-02-23 14:00:00,868.1639801348724
1218,2023-02-23 15:00:00,787.4887351272823
1219,2023-02-23 16:00:00,853.8062695388027
1220,2023-02-23 17:00:00,1043.1280585484046
1221,2023-02-23 18:00:00,1226.71922794586
1222,2023-02-23 19:00:00,1272.4146817224673
1223,2023-02-23 20:00:00,1143.3069366849188
1224,2023-02-23 22:00:00,679.2131505084843
1225,2023-02-23 23:00:00,501.73545136745565
1226,2023-02-24 00:00:00,359.3723532519303
1227,2023-02-24 01:00:00,214.9841322761037
1228,2023-02-24 02:00:00,74.27163452744344
1229,2023-02-24 03:00:00,-10.613784264315314
1230,2023-02-24 04:00:00,4.8052696083411774
1231,2023-02-24 05:00:00,107.12125899962462
1232,2023-02-24 06:00:00,235.01459830422527
1233,2023-02-24 07:00:00,340.1150614410061
1234,2023-02-24 08:00:00,433.28580303466407
1235,2023-02-24 09:00:00,564.0757564545825
1236,2023-02-24 10:00:00,751.67013798396
1237,2023-02-24 11:00:00,940.8312433077211
1238,2023-02-24 12:00:00,1036.5899841916053
1239,2023-02-24 13:00:00,992.7893026894171
1240,2023-02-24 14:00:00,869.8301098659306
1241,2023-02-24 15:00:00,798.6911071501733
1242,2023-02-24 16:00:00,874.7374578803089
1243,2023-02-24 17:00:00,1073.865149484858
1244,2023-02-24 18:00:00,1267.2187884288269
1245,2023-02-24 19:00:00,1322.509128612151
1246,2023-02-24 20:00:00,1202.7023764316646
1247,2023-02-24 21:00:00,978.9051537522039
1248,2023-02-24 23:00:00,586.0071723326089
1249,2023-02-25 00:00:00,130.19899807321804
1250,2023-02-25 01:00:00,-8.220118388012907
1251,2023-02-25 02:00:00,-143.9741746245793
1252,2023-02-25 03:00:00,-225.0101378633459
1253,2023-02-25 04:00:00,-206.93908074469914
1254,2023-02-25 05:00:00,-103.24590215439116
1255,2023-02-25 06:00:00,24.684687460012924
1256,2023-02-25 07:00:00,128.43057549617652
1257,2023-02-25 08:00:00,218.817125574077
1258,2023-02-25 09:00:00,345.3702765958336
1259,2023-02-25 10:00:00,527.2675819707354
1260,2023-02-25 12:00:00,796.4604462692618
1261,2023-02-25 13:00:00,742.6935355364454
1262,2023-02-25 15:00:00,524.7343127391376
1263,2023-02-25 16:00:00,587.0421530586578
1264,2023-02-25 17:00:00,771.3540569266349
1265,2023-02-25 18:00:00,948.9273027486597
1266,2023-02-25 19:00:00,987.5973823227216
1267,2023-02-25 21:00:00,608.7851840758199
1268,2023-02-25 22:00:00,367.41236077196754
1269,2023-02-25 23:00:00,179.06148654725263
1270,2023-02-26 00:00:00,24.953435729707508
1271,2023-02-26 01:00:00,-131.9978271474389
1272,2023-02-26 02:00:00,-286.02934006935266
1273,2023-02-26 03:00:00,-384.9195681780619
1274,2023-02-26 04:00:00,-384.1133279271785
1275,2023-02-26 05:00:00,-296.93329338658805
1276,2023-02-26 06:00:00,-184.6077315995576
1277,2023-02-26 07:00:00,-95.40978743396192
1278,2023-02-26 08:00:00,-18.374223815656364
1279,2023-02-26 09:00:00,96.15415320408579
1280,2023-02-26 10:00:00,267.47012193880647
1281,2023-02-26 11:00:00,440.4479197144112
1282,2023-02-26 12:00:00,520.2318217594606
1283,2023-02-26 13:00:00,460.77857127475824
1284,2023-02-26 14:00:00,322.60231765714076
1285,2023-02-26 15:00:00,236.7934313041253
1286,2023-02-26 17:00:00,484.7020676185119
1287,2023-02-26 18:00:00,665.6667382334808
1288,2023-02-26 19:00:00,709.5265054116742
1289,2023-02-26 20:00:00,579.336810441427
1290,2023-02-26 22:00:00,115.15382952104494
1291,2023-02-26 23:00:00,-61.44101413035014
1292,2023-02-27 00:00:00,117.93251436980108
1293,2023-02-27 01:00:00,-24.568714542979592
1294,2023-02-27 02:00:00,-162.99635131485695
1295,2023-02-27 03:00:00,-245.27158864905687
1296,2023-02-27 04:00:00,-226.99051923122659
1297,2023-02-27 05:00:00,-121.63399991650635
1298,2023-02-27 06:00:00,9.406322755485462
1299,2023-02-27 07:00:00,117.69048529226666
1300,2023-02-27 08:00:00,214.01525188893817
1301,2023-02-27 09:00:00,347.8674806551979
1302,2023-02-27 10:00:00,538.375528075695
1303,2023-02-27 11:00:00,730.2508656541063
1304,2023-02-27 12:00:00,828.4803459698576
1305,2023-02-27 13:00:00,786.8702455391259
1306,2023-02-27 14:00:00,665.7927232789186
1307,2023-02-27 15:00:00,596.2060457553315
1308,2023-02-27 16:00:00,673.4635413648795
1309,2023-02-27 17:00:00,873.4581201615281
1310,2023-02-27 18:00:00,1067.3400993437624
1311,2023-02-27 19:00:00,1122.834634746901
1312,2023-02-27 20:00:00,1002.9308026193376
1313,2023-02-27 21:00:00,778.7662161322795
1314,2023-02-27 22:00:00,555.0840788397613
1315,2023-02-27 23:00:00,384.4843235569571
1316,2023-02-28 00:00:00,248.0754604829076
1317,2023-02-28 01:00:00,108.66159203505515
1318,2023-02-28 02:00:00,-28.100777406428392
1319,2023-02-28 03:00:00,-110.09231070354951
1320,2023-02-28 04:00:00,-92.85496220775201
1321,2023-02-28 05:00:00,10.197253121201584
1322,2023-02-28 06:00:00,137.751191693882
1323,2023-02-28 07:00:00,241.45588822063183
1324,2023-02-28 08:00:00,332.20632655743685
1325,2023-02-28 09:00:00,459.5954410830735
1326,2023-02-28 10:00:00,642.8640828976614
1327,2023-02-28 11:00:00,826.8411434648895
1328,2023-02-28 12:00:00,916.6342916997686
1329,2023-02-28 13:00:00,866.1724717774597
1330,2023-02-28 14:00:00,735.950819428735
1331,2023-02-28 15:00:00,657.0493674468981
1332,2023-02-28 16:00:00,724.9405213078254
1333,2023-02-28 17:00:00,915.6321598160296
1334,2023-02-28 18:00:00,1100.3841180388695
1335,2023-02-28 21:00:00,786.4456275002482
1336,2023-03-02 14:00:00,672.3946031493874
1337,2023-03-02 15:00:00,591.8786848075597
1338,2023-03-02 16:00:00,658.362807388966
1339,2023-03-02 17:00:00,847.8584554268522
1340,2023-03-02 18:00:00,1031.6307635380672
1341,2023-03-02 19:00:00,1077.5146440351516
1342,2023-03-02 20:00:00,948.6026215024146
1343,2023-03-02 21:00:00,716.128273859255
1344,2023-03-02 22:00:00,484.92219609918766
1345,2023-03-02 23:00:00,307.662148154376
1346,2023-03-03 00:00:00,165.49915979684556
1347,2023-03-03 01:00:00,21.31837807618342
1348,2023-03-03 02:00:00,-119.17934633420202
1349,2023-03-03 03:00:00,-203.84265368862668
1350,2023-03-03 04:00:00,-188.19414678486146
1351,2023-03-03 05:00:00,-85.64135982312825
1352,2023-03-03 06:00:00,42.49612399753994
1353,2023-03-03 07:00:00,147.84808042585507
1354,2023-03-03 08:00:00,241.27766542589757
1355,2023-03-03 09:00:00,372.3338130954751
1356,2023-03-03 10:00:00,560.2017399268027
1357,2023-03-03 11:00:00,749.6437412531129
1358,2023-03-03 12:00:00,845.6907279427394
1359,2023-03-03 13:00:00,802.1856405921963
1360,2023-03-03 14:00:00,679.5293882376659
1361,2023-03-03 17:00:00,884.5172987364596
1362,2023-03-03 18:00:00,1078.2032321516738
1363,2023-03-03 19:00:00,1133.833194692431
1364,2023-03-03 20:00:00,1014.3733873669853
1365,2023-03-03 21:00:00,790.9304261119495
1366,2023-03-03 22:00:00,568.2088605527488
1367,2023-03-03 23:00:00,398.76289069424206
1368,2023-03-04 00:00:00,-56.669113680714304
1369,2023-03-04 01:00:00,-194.70477307312092
1370,2023-03-04 02:00:00,-330.06809379839046
1371,2023-03-04 03:00:00,-410.7060524234754
1372,2023-03-04 04:00:00,-392.2297314728961
1373,2023-03-04 05:00:00,-288.1240402887212
1374,2023-03-04 06:00:00,-159.77370033639
1375,2023-03-04 07:00:00,-55.600835823914736
1376,2023-03-04 08:00:00,35.21990472248444
1377,2023-03-04 09:00:00,162.21444748266902
1378,2023-03-04 10:00:00,344.56033256359507
1379,2023-03-04 11:00:00,527.027871366879
1380,2023-03-04 12:00:00,614.671864177193
1381,2023-03-04 13:00:00,561.3750116383176
1382,2023-03-04 14:00:00,427.5936652993579
1383,2023-03-04 15:00:00,344.37727647022905
1384,2023-03-04 16:00:00,407.17651339881826
1385,2023-03-04 17:00:00,591.9868929358996
1386,2023-03-04 18:00:00,770.0656756325145
1387,2023-03-04 19:00:00,809.2483349029675
1388,2023-03-04 20:00:00,672.636654349121
1389,2023-03-04 21:00:00,431.482348126253
1390,2023-03-04 22:00:00,190.64311699769144
1391,2023-03-04 23:00:00,2.8327985510550207
1392,2023-03-05 00:00:00,-150.72775407847018
1393,2023-03-05 01:00:00,-307.1245981345297
1394,2023-03-05 02:00:00,-460.5947939334442
1395,2023-03-05 03:00:00,-558.9168295086523
1396,2023-03-05 04:00:00,-557.5355447578598
1397,2023-03-05 05:00:00,-469.7736377611353
1398,2023-03-05 06:00:00,-356.85940012224864
1399,2023-03-05 07:00:00,-267.06600182662885
1400,2023-03-05 08:00:00,-189.42823147412912
1401,2023-03-05 09:00:00,-74.2909213342923
1402,2023-03-05 10:00:00,97.64068011821018
1403,2023-03-05 11:00:00,271.2407829013419
1404,2023-03-05 12:00:00,351.65363435373973
1405,2023-03-05 13:00:00,292.8359492615382
1406,2023-03-05 14:00:00,155.3018480545859
1407,2023-03-05 15:00:00,70.14167162327885
1408,2023-03-05 16:00:00,132.8296505089794
1409,2023-03-05 17:00:00,319.36727953037666
1410,2023-03-05 18:00:00,501.00015011778135
1411,2023-03-05 19:00:00,545.534551312422
1412,2023-03-05 20:00:00,416.02589221437296
1413,2023-03-05 21:00:00,183.66283675722934
1414,2023-03-06 00:00:00,-42.59090455418175
1415,2023-03-06 01:00:00,-184.37958999066416
1416,2023-03-06 02:00:00,-322.0884857876124
1417,2023-03-06 03:00:00,-403.63882054367923
1418,2023-03-06 04:00:00,-384.62672334996967
1419,2023-03-06 05:00:00,-278.5330879945759
1420,2023-03-06 06:00:00,-146.74959845612375
1421,2023-03-06 07:00:00,-37.71625617863708
1422,2023-03-06 08:00:00,59.36366456934036
1423,2023-03-06 09:00:00,193.97698293996535
1424,2023-03-06 10:00:00,385.25201593326443
1425,2023-03-06 11:00:00,577.9001951023696
1426,2023-03-06 12:00:00,676.9083325431099
1427,2023-03-06 13:00:00,636.0826638155751
1428,2023-03-06 14:00:00,515.795306382392
1429,2023-03-06 15:00:00,447.0044848678397
1430,2023-03-06 16:00:00,525.063485232082
1431,2023-03-06 17:00:00,725.8651746187304
1432,2023-03-06 18:00:00,920.5598268301347
1433,2023-03-06 19:00:00,976.8725538302784
1434,2023-03-06 21:00:00,634.4568962638393
1435,2023-03-06 22:00:00,411.60923832925556
1436,2023-03-06 23:00:00,241.8493007700082
1437,2023-03-07 00:00:00,106.28554758960456
1438,2023-03-07 01:00:00,-32.27796546695288
1439,2023-03-07 02:00:00,-168.1847811359214
1440,2023-03-07 03:00:00,-249.31560986811212
1441,2023-03-07 04:00:00,-231.21245401394629
1442,2023-03-07 05:00:00,-127.28937699969549
1443,2023-03-07 06:00:00,1.1404286665288055
1444,2023-03-07 07:00:00,105.72594837361237
1445,2023-03-07 08:00:00,197.3621161987225
1446,2023-03-07 09:00:00,325.6418163204648
1447,2023-03-07 10:00:00,509.80584920730774
1448,2023-03-07 11:00:00,694.6830552890285
1449,2023-03-07 12:00:00,785.3810520063054
1450,2023-03-07 13:00:00,735.8287316606417
1451,2023-03-07 14:00:00,606.5211776822953
1452,2023-03-07 15:00:00,528.538370192427
1453,2023-03-07 16:00:00,597.352661564401
1454,2023-03-07 17:00:00,788.9718771054055
1455,2023-03-07 18:00:00,974.6557980135335
1456,2023-03-07 19:00:00,1022.2323431407851
1457,2023-03-07 20:00:00,894.7855088670508
1458,2023-03-07 22:00:00,433.31221899957427
1459,2023-03-08 00:00:00,115.07857235866061
1460,2023-03-08 01:00:00,-28.917809792642515
1461,2023-03-08 02:00:00,-169.530244795645
1462,2023-03-08 03:00:00,-254.6199282154672
1463,2023-03-08 04:00:00,-239.72121528413538
1464,2023-03-08 05:00:00,-138.25218050580895
1465,2023-03-08 06:00:00,-11.541320217186126
1466,2023-03-08 07:00:00,92.03426915411364
1467,2023-03-08 08:00:00,183.33331780011747
1468,2023-03-08 09:00:00,311.9031707282388
1469,2023-03-08 10:00:00,496.9306597929011
1470,2023-03-08 11:00:00,683.1832389684622
1471,2023-03-08 12:00:00,775.7008242797651
1472,2023-03-08 13:00:00,728.3394696605495
1473,2023-03-08 14:00:00,601.5175201133637
1474,2023-03-08 15:00:00,526.2355953248494
1475,2023-03-08 16:00:00,597.8853667256049
1476,2023-03-10 09:00:00,311.81653871390654
1477,2023-03-10 10:00:00,500.7954588573632
1478,2023-03-10 11:00:00,691.3487196503363
1479,2023-03-10 12:00:00,788.5071630755998
1480,2023-03-10 13:00:00,746.1136607963901
1481,2023-03-10 14:00:00,624.5690528845445
1482,2023-03-10 15:00:00,554.8519691984764
1483,2023-03-10 17:00:00,832.8915627656461
1484,2023-03-10 18:00:00,1027.6886878601113
1485,2023-03-14 14:00:00,648.3710302506677
1486,2023-03-14 18:00:00,1019.6970402096327
1487,2023-03-14 19:00:00,1068.0563557675803
1488,2023-03-14 20:00:00,941.3861739245797
1489,2023-03-14 21:00:00,710.9101214895279
1490,2023-03-14 22:00:00,481.44766450807913
1491,2023-03-14 23:00:00,305.664502020311
1492,2023-03-15 00:00:00,164.72382009725493
1493,2023-03-15 01:00:00,21.47286950249577
1494,2023-03-15 02:00:00,-118.4005007246974
1495,2023-03-15 04:00:00,-187.1326002023152
1496,2023-03-15 05:00:00,-84.94383695240072
1497,2023-03-15 06:00:00,42.48022948996106
1498,2023-03-15 07:00:00,146.7624651193364
1499,2023-03-15 08:00:00,238.76156311447357
1500,2023-03-15 09:00:00,368.0248319858353
1501,2023-03-15 10:00:00,553.7390676363428
1502,2023-03-15 11:00:00,740.6716886300245
1503,2023-03-15 12:00:00,833.8625761363044
1504,2023-03-15 13:00:00,787.1677497750959
1505,2023-03-15 14:00:00,661.0055207815461
1506,2023-03-15 16:00:00,658.6722531002797
1507,2023-03-15 18:00:00,1042.9999073227527
1508,2023-03-15 20:00:00,969.7204960143822
1509,2023-03-15 21:00:00,741.4274226443696
1510,2023-03-15 23:00:00,339.57219962499283
1511,2023-03-16 00:00:00,199.73625179807783
1512,2023-03-16 01:00:00,57.14171999644134
1513,2023-03-16 02:00:00,-82.55322500415184
1514,2023-03-16 03:00:00,-167.22983575541923
1515,2023-03-16 04:00:00,-152.43253171829951
1516,2023-03-16 05:00:00,-51.57927766629632
1517,2023-03-16 06:00:00,74.0117423369727
1518,2023-03-16 07:00:00,175.9838220584378
1519,2023-03-16 08:00:00,265.22588370291714
1520,2023-03-16 09:00:00,391.32484197683
1521,2023-03-16 10:00:00,573.515909715922
1522,2023-03-16 11:00:00,756.6230320563986
1523,2023-03-16 12:00:00,845.7498998134646
1524,2023-03-16 13:00:00,794.8226846358625
1525,2023-03-16 14:00:00,664.3351498221922
1526,2023-03-16 15:00:00,585.3675041317861
1527,2023-03-16 16:00:00,653.3939768594122
1528,2023-03-16 17:00:00,844.4259674792268
1529,2023-03-16 19:00:00,1077.1364806109186
1530,2023-03-16 20:00:00,949.7422721842509
1531,2023-03-16 22:00:00,489.07836261968913
1532,2023-03-16 23:00:00,313.31685142533263
1533,2023-03-17 00:00:00,172.67067285501565
1534,2023-03-17 01:00:00,30.000026897803878
1535,2023-03-17 02:00:00,-108.99431654403725
1536,2023-03-17 04:00:00,-175.0229399499001
1537,2023-03-17 05:00:00,-70.98751584545244
1538,2023-03-17 06:00:00,58.62553243873697
1539,2023-03-17 07:00:00,165.44590252074806
1540,2023-03-17 08:00:00,260.33667273304883
1541,2023-03-17 09:00:00,392.84670012530626
1542,2023-03-17 10:00:00,582.1611246698271
1543,2023-03-17 11:00:00,773.0421657914546
1544,2023-03-17 12:00:00,870.520658927513
1545,2023-03-17 13:00:00,828.4394698820122
1546,2023-03-20 19:00:00,1085.69102619975
1547,2023-03-20 20:00:00,967.2545619752295
1548,2023-03-20 21:00:00,744.5514384307796
1549,2023-03-20 22:00:00,522.3247990991862
1550,2023-03-20 23:00:00,353.17451711036745
1551,2023-03-21 00:00:00,218.20904337286362
1552,2023-03-21 01:00:00,80.23242138683463
1553,2023-03-21 04:00:00,-117.00983418230396
1554,2023-03-21 05:00:00,-12.545525427191137
1555,2023-03-21 06:00:00,116.41407487884476
1556,2023-03-21 07:00:00,221.517944844486
1557,2023-03-21 08:00:00,313.66101214126707
1558,2023-03-21 09:00:00,442.4361553722791
1559,2023-03-21 10:00:00,627.0841702632799
1560,2023-03-21 11:00:00,812.433893298435
1561,2023-03-21 12:00:00,903.5929388437723
1562,2023-03-21 13:00:00,854.4901969461691
1563,2023-03-21 14:00:00,725.6207495953624
1564,2023-03-21 15:00:00,648.0645763102617
1565,2023-03-21 16:00:00,717.2940296887786
1566,2023-03-21 17:00:00,909.3169361067205
1567,2023-03-22 13:00:00,854.3582760500889
1568,2023-03-22 14:00:00,727.700812993811
1569,2023-03-22 15:00:00,652.5721324442206
1570,2023-03-22 16:00:00,724.3639254377675
1571,2023-03-22 17:00:00,919.0033430556507
1572,2023-03-22 18:00:00,1107.6707734316076
1573,2023-03-22 19:00:00,1158.1172869855893
1574,2023-03-22 20:00:00,1033.3537916423713
1575,2023-03-22 21:00:00,804.5357792659113
1576,2023-03-23 10:00:00,629.4529097248717
1577,2023-03-23 11:00:00,811.9835975552551
1578,2023-03-23 12:00:00,900.5307651318934
1579,2023-03-23 13:00:00,849.0206397990646
1580,2023-03-23 14:00:00,717.9470406615324
1581,2023-03-23 15:00:00,638.390232360419
1582,2023-03-23 16:00:00,705.8245001966693
1583,2023-03-23 17:00:00,896.2612997263594
1584,2023-03-23 18:00:00,1080.9657371283388
1585,2023-03-23 19:00:00,1127.772696793808
1586,2023-03-23 20:00:00,999.7746759512079
1587,2023-03-24 10:00:00,623.4759783274736
1588,2023-03-24 11:00:00,813.7177344581037
1589,2023-03-24 12:00:00,910.5550314365152
1590,2023-03-24 13:00:00,867.8307917665542
1591,2023-03-24 14:00:00,745.945906908576
1592,2023-03-24 15:00:00,675.8790587293604
1593,2023-03-24 16:00:00,752.9953909656404
1594,2023-03-24 17:00:00,953.1908714486141
1595,2023-03-24 18:00:00,1147.6100870099826
1596,2023-03-24 19:00:00,1203.9637719681527
1597,2023-03-24 20:00:00,1085.2181130635668
1598,2023-03-24 21:00:00,862.4797125358464
1599,2023-03-24 22:00:00,640.4531068555925
1600,2023-03-24 23:00:00,471.69248342726945
1601,2023-03-25 00:00:00,16.936199989728152
1602,2023-03-25 01:00:00,-120.43337546121006
1603,2023-03-25 02:00:00,-255.1402601729743
1604,2023-03-25 04:00:00,-316.0180106247085
1605,2023-03-25 05:00:00,-211.28488736326506
1606,2023-03-25 06:00:00,-82.31680150676982
1607,2023-03-25 07:00:00,22.46411453638848
1608,2023-03-25 08:00:00,113.88320461554702
1609,2023-03-25 09:00:00,241.46638783534223
1610,2023-03-25 10:00:00,424.39119776287737
1611,2023-03-25 11:00:00,607.4279398123343
1612,2023-03-25 12:00:00,695.6314088599873
1613,2023-03-25 13:00:00,642.8843006492312
1614,2023-03-25 14:00:00,509.64296240538823
1615,2023-03-25 15:00:00,426.9568416286197
1616,2023-03-25 16:00:00,490.27660335504584
1617,2023-03-25 17:00:00,675.5977617311146
1618,2023-03-25 18:00:00,854.1775751555315
1619,2023-03-25 19:00:00,893.851515469709
1620,2023-03-25 20:00:00,757.7213651798227
1621,2023-03-25 21:00:00,517.038837958296
1622,2023-03-25 22:00:00,276.6616345927057
1623,2023-03-25 23:00:00,89.30359321989795
1624,2023-03-26 00:00:00,-63.81443188768924
1625,2023-03-26 01:00:00,-219.77849632845164
1626,2023-03-26 02:00:00,-372.8256582249344
1627,2023-03-26 03:00:00,-470.73440288133384
1628,2023-03-26 04:00:00,-468.94956693314987
1629,2023-03-26 05:00:00,-380.79384465528415
1630,2023-03-26 06:00:00,-267.49552331669383
1631,2023-03-26 07:00:00,-177.32776803207355
1632,2023-03-26 08:00:00,-99.32536199553886
1633,2023-03-26 09:00:00,16.166868450880997
1634,2023-03-26 10:00:00,188.44368130693016
1635,2023-03-26 11:00:00,362.3792935629709
1636,2023-03-26 12:00:00,443.11796009141904
1637,2023-03-26 13:00:00,384.61640371663395
1638,2023-03-26 14:00:00,247.38875343672333
1639,2023-03-26 15:00:00,162.52535923050198
1640,2023-03-26 16:00:00,225.5004612555092
1641,2023-03-26 17:00:00,412.31556445431636
1642,2023-03-26 18:00:00,594.2162709070489
1643,2023-03-26 19:00:00,639.0088808199414
1644,2023-03-26 20:00:00,509.7488149821154
1645,2023-03-26 21:00:00,277.6247494914751
1646,2023-03-26 22:00:00,47.41536924729894
1647,2023-03-26 23:00:00,-128.25960947213946
1648,2023-03-27 00:00:00,52.03048802942851
1649,2023-03-27 01:00:00,-89.5574884313462
1650,2023-03-27 02:00:00,-227.0752099265825
1651,2023-03-27 03:00:00,-308.4438898432959
1652,2023-03-27 04:00:00,-289.25964154270434
1653,2023-03-27 05:00:00,-183.0033425635786
1654,2023-03-27 06:00:00,-51.066660181237125
1655,2023-03-27 07:00:00,58.11042137959498
1656,2023-03-27 08:00:00,155.32464557740923
1657,2023-03-27 09:00:00,290.0628497555191
1658,2023-03-27 10:00:00,481.4533695806504
1659,2023-03-27 11:00:00,674.2076558176448
1660,2023-03-27 12:00:00,773.312540189864
1661,2023-03-27 13:00:00,732.5742784015594
1662,2023-03-27 14:00:00,612.3650085265588
1663,2023-03-27 15:00:00,543.6429762953444
1664,2023-03-27 16:00:00,621.7614892213049
1665,2023-03-27 17:00:00,822.6134364804324
1666,2023-03-27 18:00:00,1017.3491143896424
1667,2023-03-27 19:00:00,1073.693657883564
1668,2023-03-27 20:00:00,954.6361223067654
1669,2023-03-27 21:00:00,731.3140999008737
1670,2023-03-27 22:00:00,508.4707733236031
1671,2023-03-27 23:00:00,338.70605442104295
1672,2023-03-28 00:00:00,203.12843247126887
1673,2023-03-28 01:00:00,64.54198894057436
1674,2023-03-28 02:00:00,-71.39679273170952
1675,2023-03-28 03:00:00,-152.56859639553534
1676,2023-03-28 04:00:00,-134.51539733088657
1677,2023-03-28 05:00:00,-30.651231473556663
1678,2023-03-28 06:00:00,97.71073663225354
1679,2023-03-28 07:00:00,202.2195207168454
1680,2023-03-28 08:00:00,293.7700836695082
1681,2023-03-28 09:00:00,421.9553389193943
1682,2023-03-28 10:00:00,606.0190894915423
1683,2023-03-28 11:00:00,790.7872325688279
1684,2023-03-28 12:00:00,881.3674160987176
1685,2023-03-28 13:00:00,831.6885633183435
1686,2023-03-28 14:00:00,702.245788989548
1687,2023-03-28 16:00:00,692.7808958422667
1688,2023-03-28 17:00:00,884.2390194497448
1689,2023-03-28 18:00:00,1069.7532899440832
1690,2023-03-28 20:00:00,989.5181584678724
1691,2023-03-28 21:00:00,758.0764903364663
1692,2023-03-28 23:00:00,350.8930571627702
1693,2023-03-29 00:00:00,208.9803304392691
1694,2023-03-29 01:00:00,64.75534499470848
1695,2023-03-29 02:00:00,-76.09397386835678
1696,2023-03-29 04:00:00,-146.7834075942693
1697,2023-03-29 05:00:00,-45.57587818126353
1698,2023-03-29 06:00:00,80.86534421426836
1699,2023-03-29 07:00:00,184.163201066454
1700,2023-03-29 08:00:00,275.1764608561314
1701,2023-03-29 09:00:00,403.4525072174917
1702,2023-03-29 10:00:00,588.178210988924
1703,2023-03-29 11:00:00,774.1210654735366
1704,2023-03-29 12:00:00,866.3210263670619
1705,2023-03-29 13:00:00,818.6341876251703
1706,2023-03-29 14:00:00,691.4789346036993
1707,2023-03-29 15:00:00,615.8559276521148
1708,2023-03-29 16:00:00,687.1568792403224
1709,2023-03-29 17:00:00,881.3089614402348
1710,2023-03-29 18:00:00,1069.4925829186413
1711,2023-03-29 19:00:00,1119.458834178365
1712,2023-03-29 20:00:00,994.2186427857971
1713,2023-03-29 21:00:00,764.9275197472028
1714,2023-03-29 22:00:00,536.3427952994975
1715,2023-03-29 23:00:00,361.07498775486664
1716,2023-03-30 00:00:00,220.23992421778428
1717,2023-03-30 01:00:00,76.64606444158801
1718,2023-03-30 02:00:00,-64.04834970343131
1719,2023-03-30 04:00:00,-135.92673534533003
1720,2023-03-30 05:00:00,-36.07295039646078
1721,2023-03-30 06:00:00,88.51874067824781
1722,2023-03-30 07:00:00,189.49170123574692
1723,2023-03-30 08:00:00,277.7349227220648
1724,2023-03-30 09:00:00,402.83538877120964
1725,2023-03-30 10:00:00,584.0283808326523
1726,2023-03-30 11:00:00,766.1379122921098
1727,2023-03-30 12:00:00,854.2677419007183
1728,2023-03-30 13:00:00,802.344108882952
1729,2023-03-30 14:00:00,670.8608437860261
1730,2023-03-30 15:00:00,590.8982222275654
1731,2023-03-30 16:00:00,657.9305400329281
1732,2023-03-30 17:00:00,847.9692628238448
1733,2023-03-30 18:00:00,1032.2795064137651
1734,2023-03-30 19:00:00,1078.6961643442837
1735,2023-03-30 21:00:00,718.3598004370518
1736,2023-03-30 22:00:00,487.6709144581796
1737,2023-03-30 23:00:00,310.92282618323554
1738,2023-03-31 00:00:00,169.29141007482804
1739,2023-03-31 01:00:00,25.63692918997208
1740,2023-03-31 02:00:00,-114.33978392829613
1741,2023-03-31 03:00:00,-198.487387537293
1742,2023-03-31 04:00:00,-182.32850233786849
1743,2023-03-31 05:00:00,-79.2706803441555
1744,2023-03-31 06:00:00,49.366477545958446
1745,2023-03-31 07:00:00,155.21272950165888
1746,2023-03-31 08:00:00,249.13121396690377
1747,2023-03-31 09:00:00,380.67084766383033
1748,2023-03-31 10:00:00,569.0168298324277
1749,2023-03-31 11:00:00,758.9314386557257
1750,2023-03-31 12:00:00,855.445567933869
1751,2023-03-31 13:00:00,812.4021413554951
1752,2023-03-31 14:00:00,690.2020511498075
1753,2023-03-31 15:00:00,619.8239795133112
1754,2023-03-31 16:00:00,696.6330700755195
1755,2023-03-31 18:00:00,1090.6452256548607
1756,2023-03-31 19:00:00,1146.703609483216
1757,2023-03-31 20:00:00,1027.666626612319
1758,2023-03-31 21:00:00,804.6408770654701
1759,2023-03-31 22:00:00,582.3308946880785
1760,2023-03-31 23:00:00,413.2908638411386
1761,2023-04-01 00:00:00,-41.740861196891956
1762,2023-04-01 01:00:00,-179.38191628957372
1763,2023-04-01 02:00:00,-314.3563229708259
1764,2023-04-01 04:00:00,-375.7572634776967
1765,2023-04-01 05:00:00,-271.2798188778554
1766,2023-04-01 06:00:00,-142.56347517606355
1767,2023-04-01 07:00:00,-38.03037105459839
1768,2023-04-01 08:00:00,53.14483063815396
1769,2023-04-01 09:00:00,180.48804192973404
1770,2023-04-01 10:00:00,363.1767889124789
1771,2023-04-01 11:00:00,545.9813691396483
1772,2023-04-01 12:00:00,633.9565692418466
1773,2023-04-01 13:00:00,580.9850763241916
1774,2023-04-01 14:00:00,447.5232286073323
1775,2023-04-01 15:00:00,364.62046419770826
1776,2023-04-01 17:00:00,612.8396551044015
1777,2023-04-01 18:00:00,791.214362310142
1778,2023-04-01 19:00:00,830.6870209387929
1779,2023-04-01 20:00:00,694.3594022564796
1780,2023-04-01 22:00:00,212.9161279613046
1781,2023-04-01 23:00:00,25.371986982465046
1782,2023-04-02 00:00:00,-127.92837302156454
1783,2023-04-02 01:00:00,-284.0710206714849
1784,2023-04-02 02:00:00,-437.2930274951415
1785,2023-04-02 03:00:00,-535.3728924808266
1786,2023-04-02 04:00:00,-533.7554663480811
1787,2023-04-02 05:00:00,-445.7634577788227
1788,2023-04-02 06:00:00,-332.62516877167127
1789,2023-04-02 07:00:00,-242.6137795157847
1790,2023-04-02 08:00:00,-164.76408860667118
1791,2023-04-02 09:00:00,-49.420938119263155
1792,2023-04-02 10:00:00,122.71041391059816
1793,2023-04-02 11:00:00,296.5041680881061
1794,2023-04-02 12:00:00,377.10456260445943
1795,2023-04-02 13:00:00,318.46830328590596
1796,2023-04-02 14:00:00,181.10950182764668
1797,2023-04-02 15:00:00,96.1184905768771
1798,2023-04-02 16:00:00,158.96949178526302
1799,2023-04-02 17:00:00,345.6639921789063
1800,2023-04-02 18:00:00,527.4475753153714
1801,2023-04-02 19:00:00,572.1265225971864
1802,2023-04-02 20:00:00,442.75623571920096
1803,2023-04-02 21:00:00,210.5253714037836
1804,2023-04-02 22:00:00,-19.78740512842046
1805,2023-04-02 23:00:00,-195.5623975249415
1806,2023-04-03 00:00:00,-15.368951310912166
1807,2023-04-03 01:00:00,-157.05023715803998
1808,2023-04-03 02:00:00,-294.65794689348513
1809,2023-04-03 03:00:00,-376.1133149221123
1810,2023-04-03 04:00:00,-357.01247588138415
1811,2023-04-03 05:00:00,-250.8363288515069
1812,2023-04-03 06:00:00,-118.97656289337135
1813,2023-04-03 07:00:00,-9.87318425281353
1814,2023-04-03 08:00:00,87.27052822915937
1815,2023-04-03 09:00:00,221.94138937326636
1816,2023-04-03 10:00:00,413.26771210357583
1817,2023-04-03 11:00:00,605.9609241729893
1818,2023-04-03 13:00:00,664.214674106459
1819,2023-04-03 14:00:00,543.9535586355064
1820,2023-04-03 15:00:00,475.18270950297216
1821,2023-04-03 16:00:00,553.2554101303326
1822,2023-04-03 17:00:00,754.0645253832306
1823,2023-04-03 19:00:00,1005.0679253478902
1824,2023-04-03 20:00:00,885.9763507023875
1825,2023-04-03 22:00:00,439.7515413230001
1826,2023-04-03 23:00:00,269.96135029951176
1827,2023-04-04 00:00:00,134.36106077751919
1828,2023-04-04 01:00:00,-4.24527162697359
1829,2023-04-04 02:00:00,-140.20118950401138
1830,2023-04-04 03:00:00,-221.38740288196163
1831,2023-04-04 04:00:00,-203.34591341220369
1832,2023-04-04 05:00:00,-99.49078355552695
1833,2023-04-04 06:00:00,28.864795474945026
1834,2023-04-04 07:00:00,133.3698105738315
1835,2023-04-04 08:00:00,224.91919764911302
1836,2023-04-04 09:00:00,353.10584299579335
1837,2023-04-04 10:00:00,537.1705494872322
1838,2023-04-04 11:00:00,721.9421602007089
1839,2023-04-04 12:00:00,812.5282955784883
1840,2023-04-04 13:00:00,762.8578511655995
1841,2023-04-04 14:00:00,633.4259139423408
1842,2023-04-04 15:00:00,555.3124678741493
1843,2023-04-04 16:00:00,623.9898694552203
1844,2023-04-04 17:00:00,815.465948452604
1845,2023-04-04 18:00:00,1001.000490739012
1846,2023-04-04 19:00:00,1048.4214202281937
1847,2023-04-04 20:00:00,920.8127385874675
1848,2023-04-04 22:00:00,458.9970816151867
1849,2023-04-04 23:00:00,282.2753674222756
1850,2023-04-05 00:00:00,140.39621224790568
1851,2023-04-05 01:00:00,-3.793085642848723
1852,2023-04-05 02:00:00,-144.60462989285668
1853,2023-04-05 04:00:00,-215.2123694458901
1854,2023-04-05 05:00:00,-113.96097872173175
1855,2023-04-05 06:00:00,12.526075538009195
1856,2023-04-05 07:00:00,115.87170552248597
1857,2023-04-05 08:00:00,206.93465040813533
1858,2023-04-05 09:00:00,335.2622644587732
1859,2023-04-05 10:00:00,520.0413891062184
1860,2023-04-05 11:00:00,706.0394882082051
1861,2023-04-05 12:00:00,798.296487991691
1862,2023-04-05 13:00:00,750.6684529076033
1863,2023-04-05 14:00:00,623.5737387697226
1864,2023-04-05 15:00:00,548.0129763928057
1865,2023-04-05 16:00:00,619.3778486744702
1866,2023-04-05 17:00:00,813.595498106642
1867,2023-04-05 18:00:00,1001.8463037627314
1868,2023-04-05 19:00:00,1051.8813265710276
1869,2023-04-05 20:00:00,926.7114644905253
1870,2023-04-05 21:00:00,697.4921989463556
1871,2023-04-05 22:00:00,468.9808305957416
1872,2023-04-05 23:00:00,293.78784819284334
1873,2023-04-06 00:00:00,153.0290492586381
1874,2023-04-06 01:00:00,9.512864038456996
1875,2023-04-06 02:00:00,-131.1024950982254
1876,2023-04-06 03:00:00,-216.69823940182198
1877,2023-04-06 04:00:00,-202.81874730353843
1878,2023-04-06 05:00:00,-102.88194278081096
1879,2023-04-06 06:00:00,21.794030599716848
1880,2023-04-06 07:00:00,122.85250684354116
1881,2023-04-06 08:00:00,211.18244814899015
1882,2023-04-06 09:00:00,336.37080889470366
1883,2023-04-06 10:00:00,517.6528413603115
1884,2023-04-06 11:00:00,699.8525298133395
1885,2023-04-06 12:00:00,788.0736039567571
1886,2023-04-06 13:00:00,736.2422740302768
1887,2023-04-06 14:00:00,604.8523416496328
1888,2023-04-06 15:00:00,524.9840536081098
1889,2023-04-06 16:00:00,592.111676960109
1890,2023-04-06 17:00:00,782.2466486442098
1891,2023-04-06 18:00:00,966.6540558707222
1892,2023-04-06 19:00:00,1013.168763688632
1893,2023-04-06 21:00:00,653.0310447090203
1894,2023-04-06 22:00:00,422.44269723929256
1895,2023-04-06 23:00:00,245.79592065012122
1896,2023-04-07 00:00:00,104.26656139068405
1897,2023-04-07 01:00:00,-39.285145379595974
1898,2023-04-07 02:00:00,-179.15839488650943
1899,2023-04-07 03:00:00,-263.20187306933553
1900,2023-04-07 04:00:00,-246.9382281669059
1901,2023-04-07 05:00:00,-143.77503961200398
1902,2023-04-07 06:00:00,-15.031935588643705
1903,2023-04-07 07:00:00,90.92081489677128
1904,2023-04-07 08:00:00,184.94632327235456
1905,2023-04-07 09:00:00,316.5934793874208
1906,2023-04-07 10:00:00,505.04745571581043
1907,2023-04-07 11:00:00,695.0705038460267
1908,2023-04-07 12:00:00,791.6934911264698
1909,2023-04-07 13:00:00,748.7593149526297
1910,2023-04-07 14:00:00,626.6688413886726
1911,2023-04-07 15:00:00,556.4007266607059
1912,2023-04-07 16:00:00,633.3200885586319
1913,2023-04-07 17:00:00,833.3228687500762
1914,2023-04-07 18:00:00,1027.5536276081225
1915,2023-04-07 19:00:00,1083.723072743408
1916,2023-04-07 20:00:00,964.7973639665039
1917,2023-04-07 21:00:00,741.8830763166357
1918,2023-04-07 23:00:00,350.7564512950735
1919,2023-04-08 00:00:00,-104.16339649110569
1920,2023-04-08 01:00:00,-241.69248462249834
1921,2023-04-08 02:00:00,-376.55485868842186
1922,2023-04-08 03:00:00,-456.6975341947518
1923,2023-04-08 04:00:00,-437.7316322533246
1924,2023-04-08 05:00:00,-333.14210045900586
1925,2023-04-08 06:00:00,-204.31369816865208
1926,2023-04-08 07:00:00,-99.66858712600117
1927,2023-04-08 08:00:00,-8.381453037413962
1928,2023-04-08 09:00:00,119.07359348626301
1929,2023-04-08 10:00:00,301.874056088807
1930,2023-04-08 11:00:00,484.7902101218426
1931,2023-04-08 12:00:00,572.8768201983501
1932,2023-04-08 15:00:00,303.8737453999296
1933,2023-04-08 16:00:00,367.0912586257126
1934,2023-04-08 17:00:00,552.3137439121849
1935,2023-04-08 18:00:00,730.7984285281061
1936,2023-04-08 19:00:00,770.3807529759217
1937,2023-04-08 20:00:00,634.1624683548426
1938,2023-04-08 21:00:00,393.3952567845359
1939,2023-04-08 22:00:00,152.93678734814694
1940,2023-04-08 23:00:00,-34.499133580044486
1941,2023-04-09 00:00:00,-187.69168362344305
1942,2023-04-09 01:00:00,-343.72695040723
1943,2023-04-09 02:00:00,-496.84202416610253
1944,2023-04-09 03:00:00,-594.8154223772033
1945,2023-04-09 05:00:00,-504.99452564504736
1946,2023-04-09 06:00:00,-391.751277079759
1947,2023-04-09 07:00:00,-301.63546593996045
1948,2023-04-09 08:00:00,-223.68190802891286
1949,2023-04-09 09:00:00,-108.23546236032189
1950,2023-04-09 10:00:00,63.998596334422814
1951,2023-04-09 11:00:00,237.89445225626616
1952,2023-04-09 12:00:00,318.596327427557
1953,2023-04-09 13:00:00,260.06091179096893
1954,2023-04-09 14:00:00,122.80230142113197
1955,2023-04-09 15:00:00,37.91081331500823
1956,2023-04-09 16:00:00,100.8606546361192
1957,2023-04-09 17:00:00,287.65329730575894
1958,2023-04-09 18:00:00,469.53431034132984
1959,2023-04-09 19:00:00,514.3099608840913
1960,2023-04-09 20:00:00,385.0356366455811
1961,2023-04-09 22:00:00,-77.31835535366781
1962,2023-04-09 23:00:00,-252.99968813072246
1963,2023-04-10 00:00:00,-72.71337608238957
1964,2023-04-10 01:00:00,-214.30260247739682
1965,2023-04-10 02:00:00,-351.8190714524194
1966,2023-04-10 03:00:00,-433.18402944095897
1967,2023-04-10 04:00:00,-413.99362281649906
1968,2023-04-10 05:00:00,-307.72876212900417
1969,2023-04-10 06:00:00,-175.7811475917423
1970,2023-04-10 07:00:00,-66.59079635455203
1971,2023-04-10 08:00:00,30.63900214737464
1972,2023-04-10 09:00:00,165.395052412314
1973,2023-04-10 10:00:00,356.8056573657203
1974,2023-04-10 11:00:00,549.5822350102727
1975,2023-04-10 12:00:00,648.7115844041414
1976,2023-04-10 13:00:00,607.999928654058
1977,2023-04-10 14:00:00,487.8193732899784
1978,2023-04-10 15:00:00,419.12813158261724
1979,2023-04-10 16:00:00,497.2794786615558
1980,2023-04-10 17:00:00,698.1662713927778
1981,2023-04-10 18:00:00,892.9387738802028
1982,2023-04-10 19:00:00,949.3220889120339
1983,2023-04-10 21:00:00,607.025786876584
1984,2023-04-10 22:00:00,384.2268809208457
1985,2023-04-10 23:00:00,214.50840207358823
1986,2023-04-11 00:00:00,78.97880798290157
1987,2023-04-11 01:00:00,-59.557851384187416
1988,2023-04-11 02:00:00,-195.44512399020357
1989,2023-04-11 03:00:00,-276.56372493116
1990,2023-04-11 04:00:00,-258.4556606386201
1991,2023-04-11 05:00:00,-154.53499805466788
1992,2023-04-11 06:00:00,-26.114932606958973
1993,2023-04-11 07:00:00,78.45351871424373
1994,2023-04-11 08:00:00,170.0652881902111
1995,2023-04-11 09:00:00,298.3132587980197
1996,2023-04-11 10:00:00,482.4382303747886
1997,2023-04-11 12:00:00,757.9133154270464
1998,2023-04-11 13:00:00,708.2999402644133
1999,2023-04-11 14:00:00,578.9240028882432
2000,2023-04-11 15:00:00,500.8654856453768
2001,2023-04-11 16:00:00,569.5967437508993
2002,2023-04-11 17:00:00,761.1256059404485
2003,2023-04-11 18:00:00,946.7118573670256
2004,2023-04-11 19:00:00,994.1834214910283
2005,2023-04-11 20:00:00,866.6242998171083
2006,2023-04-11 22:00:00,404.90453953973685
2007,2023-04-11 23:00:00,228.22916316230607
2008,2023-04-12 00:00:00,86.39527330356896
2009,2023-04-12 01:00:00,-57.74983052097923
2010,2023-04-12 02:00:00,-198.51825044111047
2011,2023-04-12 03:00:00,-283.77117281506037
2012,2023-04-12 04:00:00,-269.04294306569113
2013,2023-04-12 05:00:00,-167.7516253135202
2014,2023-04-12 06:00:00,-41.2257049250228
2015,2023-04-12 07:00:00,62.15773320202925
2016,2023-04-12 08:00:00,153.25743139940352
2017,2023-04-12 09:00:00,281.6207473708672
2018,2023-04-12 10:00:00,466.4345262499722
2019,2023-04-12 11:00:00,652.4872945221795
2020,2023-04-12 12:00:00,744.7979216520159
2021,2023-04-12 13:00:00,697.2224765853947
2022,2023-04-12 14:00:00,570.1793199070195
2023,2023-04-12 15:00:00,494.6690874542628
2024,2023-04-12 16:00:00,566.0834674073889
2025,2023-04-12 18:00:00,948.647893497958
2026,2023-04-12 19:00:00,998.7293914848244
2027,2023-04-12 21:00:00,644.4302251091001
2028,2023-04-12 22:00:00,415.96235618703315
2029,2023-04-12 23:00:00,240.81189507025795
2030,2023-04-13 00:00:00,100.09464657343347
2031,2023-04-13 01:00:00,-43.38095150749291
2032,2023-04-13 02:00:00,-183.9566790346163
2033,2023-04-13 03:00:00,-269.51373921611525
2034,2023-04-13 04:00:00,-255.59650223801964
2035,2023-04-13 05:00:00,-155.6228835755826
2036,2023-04-13 06:00:00,-30.911018070146724
2037,2023-04-13 07:00:00,70.18243726313915
2038,2023-04-13 08:00:00,158.54645379220295
2039,2023-04-13 09:00:00,283.7679953189368
2040,2023-04-13 10:00:00,465.08232376798827
2041,2023-04-13 11:00:00,647.3134332934413
2042,2023-04-13 12:00:00,735.5650636547161
2043,2023-04-13 14:00:00,552.4023607034572
2044,2023-04-13 15:00:00,472.56209704661
2045,2023-04-13 16:00:00,539.7169224540585
2046,2023-04-13 17:00:00,729.8782850201881
2047,2023-04-13 18:00:00,914.3112833103942
2048,2023-04-13 19:00:00,960.8507939423448
2049,2023-04-13 20:00:00,832.5893062111289
2050,2023-04-13 21:00:00,600.7603631226738
2051,2023-04-13 23:00:00,193.5695180129179
2052,2023-04-14 00:00:00,52.06120079330185
2053,2023-04-14 01:00:00,-91.47017864151496
2054,2023-04-14 02:00:00,-231.32380259789136
2055,2023-04-14 03:00:00,-315.3483438919094
2056,2023-04-14 04:00:00,-299.0664374847971
2057,2023-04-14 05:00:00,-195.88564934562976
2058,2023-04-14 06:00:00,-67.12559400599912
2059,2023-04-14 07:00:00,38.84347334040149
2060,2023-04-14 08:00:00,132.88467810693686
2061,2023-04-14 09:00:00,264.546924289668
2062,2023-04-14 10:00:00,453.01539869565704
2063,2023-04-14 11:00:00,643.0523673664321
2064,2023-04-14 12:00:00,739.6887123207985
2065,2023-04-14 13:00:00,696.767345721595
2066,2023-04-14 14:00:00,574.6891485941231
2067,2023-04-14 15:00:00,504.4327922449214
2068,2023-04-14 16:00:00,581.363409720824
2069,2023-04-14 17:00:00,781.376958077206
2070,2023-04-14 19:00:00,1031.797298392156
2071,2023-04-14 20:00:00,912.8809892423155
2072,2023-04-14 21:00:00,689.975676740022
2073,2023-04-14 23:00:00,298.8657929211041
2074,2023-04-15 00:00:00,-156.04625630003432
2075,2023-04-15 01:00:00,-293.56790535727384
2076,2023-04-15 02:00:00,-428.4231832970951
2077,2023-04-15 03:00:00,-508.55908894641834
2078,2023-04-15 04:00:00,-489.58672665822814
2079,2023-04-15 05:00:00,-384.99102714887727
2080,2023-04-15 06:00:00,-256.1567327829947
2081,2023-04-15 07:00:00,-151.50598822169786
2082,2023-04-15 08:00:00,-60.213461988897734
2083,2023-04-15 09:00:00,67.246752576316
2084,2023-04-15 10:00:00,250.0521765031275
2085,2023-04-15 11:00:00,432.9731025830309
2086,2023-04-15 12:00:00,521.0643129772053
2087,2023-04-15 13:00:00,468.2084906379997
2088,2023-04-15 14:00:00,334.86196993297614
2089,2023-04-15 15:00:00,252.07418539428926
2090,2023-04-15 16:00:00,315.29578903224245
2091,2023-04-15 17:00:00,500.5222818786589
2092,2023-04-15 18:00:00,679.0109091773189
2093,2023-04-15 19:00:00,718.597129479362
2094,2023-04-15 20:00:00,582.3827120015269
2095,2023-04-15 21:00:00,341.61935699449873
2096,2023-04-15 23:00:00,-86.26727902287928
2097,2023-04-16 00:00:00,-239.45589471981032
2098,2023-04-16 01:00:00,-395.48716458935064
2099,2023-04-16 02:00:00,-548.5981604809357
2100,2023-04-16 03:00:00,-646.5673814474338
2101,2023-04-16 04:00:00,-644.8396779776298
2102,2023-04-16 05:00:00,-556.7377582418408
2103,2023-04-16 06:00:00,-443.48992344655187
2104,2023-04-16 07:00:00,-353.3693527299613
2105,2023-04-16 08:00:00,-275.4108433172612
2106,2023-04-16 09:00:00,-159.95923567173634
2107,2023-04-16 10:00:00,12.28021405723257
2108,2023-04-16 11:00:00,186.18170865738574
2109,2023-04-16 12:00:00,266.88948874908095
2110,2023-04-16 13:00:00,208.36026287353678
2111,2023-04-16 14:00:00,71.1081456856922
2112,2023-04-16 16:00:00,49.180469923725695
2113,2023-04-16 17:00:00,235.98062758077486
2114,2023-04-16 18:00:00,417.86953333002714
2115,2023-04-16 19:00:00,462.653472867307
2116,2023-04-16 20:00:00,333.3878524078062
2117,2023-04-16 21:00:00,101.26133345828123
2118,2023-04-16 22:00:00,-128.94741371284067
2119,2023-04-16 23:00:00,-304.6186874873091
2120,2023-04-17 00:00:00,-124.32182785255645
2121,2023-04-17 01:00:00,-265.8999997160703
2122,2023-04-17 02:00:00,-403.4048888755427
2123,2023-04-17 03:00:00,-484.75772350323814
2124,2023-04-17 04:00:00,-465.55463173498435
2125,2023-04-17 05:00:00,-359.2765059395673
2126,2023-04-17 06:00:00,-227.31502819793343
2127,2023-04-17 07:00:00,-118.11019760460908
2128,2023-04-17 08:00:00,-20.865285570178003
2129,2023-04-17 09:00:00,113.90653034367517
2130,2023-04-17 10:00:00,305.33357094166297
2131,2023-04-17 11:00:00,498.1272720339531
2132,2023-04-17 12:00:00,597.2744504186392
2133,2023-04-17 13:00:00,556.5813468733761
2134,2023-04-17 15:00:00,367.7488940466426
2135,2023-04-17 16:00:00,445.9210680803007
2136,2023-04-17 17:00:00,646.8294808059744
2137,2023-04-17 18:00:00,841.624413525589
2138,2023-04-17 19:00:00,898.0309861909205
2139,2023-04-17 20:00:00,779.0382391478666
2140,2023-04-17 21:00:00,555.7837496461734
2141,2023-04-17 23:00:00,163.31894305412646
2142,2023-04-18 00:00:00,27.816997085155094
2143,2023-04-18 01:00:00,-110.69108610799015
2144,2023-04-18 02:00:00,-246.54883808366105
2145,2023-04-18 03:00:00,-327.63695768535445
2146,2023-04-18 04:00:00,-309.4974351898494
2147,2023-04-18 05:00:00,-205.5443215148008
2148,2023-04-18 06:00:00,-77.09079618644967
2149,2023-04-18 07:00:00,27.512139554475084
2150,2023-04-18 08:00:00,119.15943363786522
2151,2023-04-18 10:00:00,431.6066074274756
2152,2023-04-18 11:00:00,616.4761578750315
2153,2023-04-18 12:00:00,707.1602689412407
2154,2023-04-18 13:00:00,657.5878489238982
2155,2023-04-18 14:00:00,528.2539977027776
2156,2023-04-18 15:00:00,450.2387122653141
2157,2023-04-18 16:00:00,519.0143622861161
2158,2023-04-18 17:00:00,710.5887907952202
2159,2023-04-18 18:00:00,896.2217971277007
2160,2023-04-18 19:00:00,943.7413187050784
2161,2023-04-18 20:00:00,816.2313708539066
2162,2023-04-18 21:00:00,584.9156425247768
2163,2023-04-18 22:00:00,354.6136617654281
2164,2023-04-18 23:00:00,177.99118954914724
2165,2023-04-19 00:00:00,36.21147379545391
2166,2023-04-19 01:00:00,-107.878173019418
2167,2023-04-19 02:00:00,-248.58984027226393
2168,2023-04-19 03:00:00,-333.78470171135905
2169,2023-04-19 04:00:00,-318.9970903547529
2170,2023-04-19 05:00:00,-217.6450581092505
2171,2023-04-19 06:00:00,-91.05707831072345
2172,2023-04-19 07:00:00,12.389775980061472
2173,2023-04-19 08:00:00,103.55425873459399
2174,2023-04-19 09:00:00,231.98373911029927
2175,2023-04-19 10:00:00,416.8650734737939
2176,2023-04-19 11:00:00,602.9657407194227
2177,2023-04-19 12:00:00,695.3256821419072
2178,2023-04-19 13:00:00,647.8009773320189
2179,2023-04-19 14:00:00,520.8099973074394
2180,2023-04-19 15:00:00,445.35338813008866
2181,2023-04-19 16:00:00,516.8228479870821
2182,2023-04-19 17:00:00,711.1455347071876
2183,2023-04-19 18:00:00,899.5018427610519
2184,2023-04-19 19:00:00,949.6428484774108
2185,2023-04-19 20:00:00,824.5794652859051
2186,2023-04-19 22:00:00,367.06333905818275
2187,2023-04-19 23:00:00,191.97841647757622
2188,2023-04-20 00:00:00,51.32823542904521
2189,2023-04-20 01:00:00,-92.07875826707834
2190,2023-04-20 02:00:00,-232.5843366617289
2191,2023-04-20 03:00:00,-318.0696954261998
2192,2023-04-20 04:00:00,-304.0791973704513
2193,2023-04-20 05:00:00,-204.03075088094795
2194,2023-04-20 06:00:00,-79.24248392755237
2195,2023-04-20 07:00:00,21.928953107300913
2196,2023-04-20 08:00:00,110.37253798330585
2197,2023-04-20 09:00:00,235.6752406647638
2198,2023-04-20 10:00:00,417.07232897713305
2199,2023-04-20 11:00:00,599.3878027640457
2200,2023-04-20 12:00:00,687.7254071990208
2201,2023-04-20 13:00:00,636.0113680378633
2202,2023-04-20 14:00:00,504.7395023404906
2203,2023-04-20 16:00:00,492.23736046257994
2204,2023-04-20 17:00:00,682.4928190173765
2205,2023-04-20 18:00:00,867.0215505042871
2206,2023-04-20 19:00:00,913.6584352329755
2207,2023-04-20 20:00:00,785.4959659418672
2208,2023-04-20 22:00:00,323.30416723807133
2209,2023-04-20 23:00:00,146.783129681883
2210,2023-04-21 00:00:00,5.380437572533879
2211,2023-04-21 01:00:00,-138.04365903501548
2212,2023-04-21 02:00:00,-277.7883405413701
2213,2023-04-21 03:00:00,-361.7022781162541
2214,2023-04-21 04:00:00,-345.3081053269825
2215,2023-04-21 05:00:00,-242.0133870175746
2216,2023-04-21 06:00:00,-113.1377368485372
2217,2023-04-21 07:00:00,-7.051409405078971
2218,2023-04-21 08:00:00,87.10872107063585
2219,2023-04-21 09:00:00,218.8915586673604
2220,2023-04-21 10:00:00,407.4822900018514
2221,2023-04-21 11:00:00,597.6431806945583
2222,2023-04-21 12:00:00,694.405112047233
2223,2023-04-21 13:00:00,651.6109952637428
2224,2023-04-21 14:00:00,529.6617101415396
2225,2023-04-21 15:00:00,459.5359264959462
2226,2023-04-21 16:00:00,536.598775612747
2227,2023-04-21 17:00:00,736.746212524698
2228,2023-04-21 19:00:00,987.4392913191323
2229,2023-04-21 20:00:00,868.6618267213693
2230,2023-04-21 21:00:00,645.8970049675327
2231,2023-04-21 23:00:00,255.07302760508549
2232,2023-04-22 00:00:00,-199.69361338723274
2233,2023-04-22 01:00:00,-337.06822296483347
2234,2023-04-22 02:00:00,-471.77483458059817
2235,2023-04-22 03:00:00,-551.7604517187964
2236,2023-04-22 04:00:00,-532.636183655622
2237,2023-04-22 05:00:00,-427.88696628784646
2238,2023-04-22 06:00:00,-298.8975474448756
2239,2023-04-22 07:00:00,-194.0900774805648
2240,2023-04-22 08:00:00,-102.6392309012856
2241,2023-04-22 09:00:00,24.98089272475147
2242,2023-04-22 10:00:00,207.94780793092355
2243,2023-04-22 11:00:00,391.0318007549215
2244,2023-04-22 12:00:00,479.28764634834783
2245,2023-04-22 13:00:00,426.598020385187
2246,2023-04-22 14:00:00,293.4192497124414
2247,2023-04-22 15:00:00,210.8007610731408
2248,2023-04-22 16:00:00,274.19319843375786
2249,2023-04-22 17:00:00,459.59205452097075
2250,2023-04-22 18:00:00,638.2545660411403
2251,2023-04-22 19:00:00,678.0161827206647
2252,2023-04-22 20:00:00,541.978664727086
2253,2023-04-22 23:00:00,-126.13170358272032
2254,2023-04-23 00:00:00,-279.1375030091815
2255,2023-04-23 01:00:00,-434.9845025503978
2256,2023-04-23 02:00:00,-587.9097846263437
2257,2023-04-23 03:00:00,-685.6918590833226
2258,2023-04-23 04:00:00,-683.7755874642245
2259,2023-04-23 05:00:00,-595.4836892115078
2260,2023-04-23 06:00:00,-482.04447708049304
2261,2023-04-23 07:00:00,-391.73114195810683
2262,2023-04-23 08:00:00,-313.5784930891067
2263,2023-04-23 09:00:00,-197.93138317540763
2264,2023-04-23 10:00:00,-25.495080849105875
2265,2023-04-23 11:00:00,148.60460396348515
2266,2023-04-23 12:00:00,229.51189893884936
2267,2023-04-23 13:00:00,171.18349943318424
2268,2023-04-23 14:00:00,34.13350670336331
2269,2023-04-23 15:00:00,-50.54775728335994
2270,2023-04-23 16:00:00,12.613919350962647
2271,2023-04-23 17:00:00,199.62001300592385
2272,2023-04-23 18:00:00,381.71609695993493
2273,2023-04-23 19:00:00,426.7084423627342
2274,2023-04-23 20:00:00,297.65244069473357
2275,2023-04-23 21:00:00,65.7367384944846
2276,2023-04-23 22:00:00,-164.26000914587405
2277,2023-04-23 23:00:00,-339.7181159999145
2278,2023-04-24 00:00:00,-159.20693766186594
2279,2023-04-24 01:00:00,-300.5696548419728
2280,2023-04-24 02:00:00,-437.8579693660812
2281,2023-04-24 04:00:00,-499.57126818506663
2282,2023-04-24 05:00:00,-393.0733060313926
2283,2023-04-24 06:00:00,-260.89093808701705
2284,2023-04-24 07:00:00,-151.46418045017128
2285,2023-04-24 08:00:00,-53.996321763578294
2286,2023-04-24 09:00:00,80.99944302904464
2287,2023-04-24 10:00:00,272.65141711430624
2288,2023-04-24 11:00:00,465.67101852626286
2289,2023-04-24 12:00:00,565.0450460982337
2290,2023-04-24 13:00:00,524.5797224526128
2291,2023-04-24 14:00:00,404.64715236227454
2292,2023-04-24 15:00:00,336.2055480917193
2293,2023-04-24 16:00:00,414.6081835020233
2294,2023-04-24 17:00:00,615.7479139522729
2295,2023-04-24 18:00:00,810.7750017217542
2296,2023-04-24 19:00:00,867.4145475749331
2297,2023-04-24 20:00:00,748.6555725009689
2298,2023-04-24 21:00:00,525.6356342464737
2299,2023-04-24 22:00:00,303.0978807617982
2300,2023-04-24 23:00:00,133.64218909451233
2301,2023-04-25 00:00:00,-1.6229864851133016
2302,2023-04-25 01:00:00,-139.89359964007747
2303,2023-04-25 02:00:00,-275.51320221579476
2304,2023-04-25 03:00:00,-356.36251346710924
2305,2023-04-25 04:00:00,-337.9835442513605
2306,2023-04-25 05:00:00,-233.79036619805754
2307,2023-04-25 06:00:00,-105.09617966815665
2308,2023-04-25 07:00:00,-0.2520068833695177
2309,2023-04-25 08:00:00,91.63707897767028
2310,2023-04-25 09:00:00,220.16395514050214
2311,2023-04-25 10:00:00,404.56941545388406
2312,2023-04-25 11:00:00,589.6822939675474
2313,2023-04-25 12:00:00,680.6102021549071
2314,2023-04-25 13:00:00,631.2820265994748
2315,2023-04-25 17:00:00,685.2639815621111
2316,2023-04-25 18:00:00,871.1431395116635
2317,2023-04-25 19:00:00,918.9091275072374
2318,2023-04-25 20:00:00,791.6459384420114
2319,2023-04-25 21:00:00,560.5772387490919
2320,2023-04-25 22:00:00,330.5225338485449
2321,2023-04-25 23:00:00,154.1475620363006
2322,2023-04-26 00:00:00,12.615548458453077
2323,2023-04-26 01:00:00,-131.2262172815034
2324,2023-04-26 02:00:00,-271.6898474687807
2325,2023-04-26 03:00:00,-356.636538837085
2326,2023-04-26 04:00:00,-341.6006474809535
2327,2023-04-26 05:00:00,-240.00024842451853
2328,2023-04-26 06:00:00,-113.16383818818633
2329,2023-04-26 07:00:00,-9.468513072530868
2330,2023-04-26 08:00:00,81.94445760014139
2331,2023-04-26 09:00:00,210.62241963878932
2332,2023-04-26 10:00:00,395.7522060377895
2333,2023-04-26 11:00:00,582.1012722428966
2334,2023-04-26 12:00:00,674.7095360843131
2335,2023-04-26 13:00:00,627.4330536482742
2336,2023-04-26 14:00:00,500.69017242026126
2337,2023-04-26 15:00:00,425.48151488122346
2338,2023-04-26 16:00:00,497.19875563785683
2339,2023-04-26 17:00:00,691.7690289092504
2340,2023-04-26 18:00:00,880.3727055257796
2341,2023-04-26 19:00:00,930.7608381747827
2342,2023-04-26 21:00:00,577.0786141375464
2343,2023-04-26 22:00:00,348.9210231961507
2344,2023-04-26 23:00:00,174.08202442839183
2345,2023-04-27 00:00:00,33.677407252286685
2346,2023-04-27 01:00:00,-109.48440616726043
2347,2023-04-27 02:00:00,-249.74521152982356
2348,2023-04-27 04:00:00,-320.7518423721373
2349,2023-04-27 05:00:00,-220.45998626814173
2350,2023-04-27 06:00:00,-95.42881131635454
2351,2023-04-27 07:00:00,5.9850085478608435
2352,2023-04-27 08:00:00,94.67042758836612
2353,2023-04-27 09:00:00,220.21439229462106
2354,2023-04-27 10:00:00,401.8521470971879
2355,2023-04-27 11:00:00,584.4093403031186
2356,2023-04-27 12:00:00,672.9880217589149
2357,2023-04-27 13:00:00,621.5143939354567
2358,2023-04-27 14:00:00,490.4822506685117
2359,2023-04-27 15:00:00,410.971831018347
2360,2023-04-27 16:00:00,478.45739432105756
2361,2023-04-27 17:00:00,668.9503698287689
2362,2023-04-27 18:00:00,853.715837071757
2363,2023-04-27 19:00:00,900.5886534779313
2364,2023-04-27 21:00:00,541.1672669451748
2365,2023-04-27 23:00:00,134.6485785934849
2366,2023-04-28 00:00:00,-6.522542903835074
2367,2023-04-28 01:00:00,-149.71600862382274
2368,2023-04-28 04:00:00,-356.2944228548488
2369,2023-04-28 05:00:00,-252.7730543028539
2370,2023-04-28 06:00:00,-123.67180394834566
2371,2023-04-28 07:00:00,-17.36094812407407
2372,2023-04-28 08:00:00,77.02261733249884
2373,2023-04-28 09:00:00,209.02777501763586
2374,2023-04-28 10:00:00,397.83969018848336
2375,2023-04-28 12:00:00,685.2013863750278
2376,2023-04-28 13:00:00,642.6249178575493
2377,2023-04-28 14:00:00,520.8920606629144
2378,2023-04-28 15:00:00,450.9814639330053
2379,2023-04-28 16:00:00,528.2582384537693
2380,2023-04-28 17:00:00,728.6183188847567
2381,2023-04-28 18:00:00,923.2062586252827
2382,2023-04-28 19:00:00,979.732758387876
2383,2023-04-28 20:00:00,861.163971046982
2384,2023-04-28 21:00:00,638.6064648057767
2385,2023-04-28 22:00:00,416.76474189103874
2386,2023-04-28 23:00:00,248.1929552160201
2387,2023-04-29 00:00:00,-206.37057209412194
2388,2023-04-29 01:00:00,-343.5435068741783
2389,2023-04-29 02:00:00,-478.04990141510496
2390,2023-04-29 03:00:00,-557.836777846957
2391,2023-04-29 04:00:00,-538.5152639035989
2392,2023-04-29 05:00:00,-433.57031374546204
2393,2023-04-29 06:00:00,-304.386693262775
2394,2023-04-29 07:00:00,-199.38657069117062
2395,2023-04-29 08:00:00,-107.74463818541699
2396,2023-04-29 09:00:00,20.064987224272613
2397,2023-04-29 10:00:00,203.21980282424454
2398,2023-04-29 11:00:00,386.4900776168406
2399,2023-04-29 12:00:00,474.93056994291805
2400,2023-04-29 13:00:00,422.42393888002164
2401,2023-04-29 14:00:00,289.42649488633054
2402,2023-04-29 15:00:00,206.98764857269413
2403,2023-04-29 16:00:00,270.55802797908467
2404,2023-04-29 17:00:00,456.1331101428292
2405,2023-04-29 18:00:00,634.9701163113798
2406,2023-04-29 19:00:00,674.904481011175
2407,2023-04-29 20:00:00,539.0379494223149
2408,2023-04-29 21:00:00,298.622197754306
2409,2023-04-29 22:00:00,58.51488927768162
2410,2023-04-29 23:00:00,-128.57017540254094
2411,2023-04-30 00:00:00,-281.4121796892118
2412,2023-04-30 01:00:00,-437.09721685919385
2413,2023-04-30 02:00:00,-589.8623827793168
2414,2023-04-30 04:00:00,-685.4135445921135
2415,2023-04-30 05:00:00,-596.9671470674286
2416,2023-04-30 06:00:00,-483.37533312807886
2417,2023-04-30 07:00:00,-392.9113057817042
2418,2023-04-30 08:00:00,-314.6098861462126
2419,2023-04-30 09:00:00,-198.81593849543503
2420,2023-04-30 10:00:00,-26.234742781936802
2421,2023-04-30 11:00:00,148.00788008768836
2422,2023-04-30 12:00:00,229.0561470214953
2423,2023-04-30 13:00:00,170.8667429425687
2424,2023-04-30 14:00:00,33.95375895304471
2425,2023-04-30 15:00:00,-50.592492840991895
2426,2023-04-30 16:00:00,12.702189863886701
2427,2023-04-30 17:00:00,199.83927420092164
2428,2023-04-30 18:00:00,382.06432447506364
2429,2023-04-30 19:00:00,427.1836031672016
2430,2023-04-30 21:00:00,66.459633636224
2431,2023-04-30 22:00:00,-163.4163287576588
2432,2023-04-30 23:00:00,-338.75571501568777
2433,2023-05-01 00:00:00,-158.12788784335612
2434,2023-05-01 01:00:00,-299.3760347672237
2435,2023-05-01 02:00:00,-436.5518641071118
2436,2023-05-01 03:00:00,-517.5766264311508
2437,2023-05-01 04:00:00,-498.0464721479775
2438,2023-05-01 05:00:00,-391.44231578326594
2439,2023-05-01 06:00:00,-259.15586146118085
2440,2023-05-01 07:00:00,-149.62713015808288
2441,2023-05-01 08:00:00,-52.05941506906686
2442,2023-05-01 09:00:00,83.0340846505361
2443,2023-05-01 10:00:00,274.78166828560325
2444,2023-05-01 11:00:00,467.89475032721907
2445,2023-05-01 12:00:00,567.3601264040881
2446,2023-05-01 13:00:00,526.9840162362793
2447,2023-05-01 14:00:00,407.1385220659579
2448,2023-05-01 15:00:00,338.7818539586004
2449,2023-05-01 16:00:00,417.26728391050074
2450,2023-05-01 17:00:00,618.4876657684324
2451,2023-05-01 18:00:00,813.5932606401958
2452,2023-05-01 21:00:00,528.6765421349257
2453,2023-05-01 22:00:00,306.20871377651855
2454,2023-05-01 23:00:00,136.82080228686596
2455,2023-05-02 00:00:00,1.6212628772967719
2456,2023-05-02 01:00:00,-136.58585684163802
2457,2023-05-02 02:00:00,-272.1441070813437
2458,2023-05-02 03:00:00,-352.9342051079898
2459,2023-05-02 04:00:00,-334.4981594272448
2460,2023-05-02 05:00:00,-230.25003896830708
2461,2023-05-02 06:00:00,-101.50304102717473
2462,2023-05-02 07:00:00,3.3918155973183275
2463,2023-05-02 08:00:00,95.32946150699536
2464,2023-05-02 09:00:00,223.90277807752136
2465,2023-05-02 10:00:00,408.35256365124417
2466,2023-05-02 11:00:00,593.5076571631137
2467,2023-05-02 12:00:00,684.4756753041507
2468,2023-05-02 13:00:00,635.1855102591795
2469,2023-05-02 14:00:00,506.13224604698866
2470,2023-05-02 15:00:00,428.39586402952136
2471,2023-05-02 16:00:00,497.44871853466844
2472,2023-05-02 17:00:00,689.2986375085796
2473,2023-05-02 18:00:00,875.2054054526805
2474,2023-05-02 19:00:00,922.9969452384257
2475,2023-05-02 20:00:00,795.7572579267948
2476,2023-05-02 21:00:00,564.7100184385132
2477,2023-05-02 22:00:00,334.6747411234569
2478,2023-05-02 23:00:00,158.31717350588764
2479,2023-05-03 00:00:00,16.800550370876522
2480,2023-05-03 01:00:00,-127.02782869283851
2481,2023-05-03 02:00:00,-267.4800656122353
2482,2023-05-03 03:00:00,-352.41734639343247
2483,2023-05-03 04:00:00,-337.3740160424495
2484,2023-05-03 05:00:00,-235.76813811227305
2485,2023-05-03 06:00:00,-108.92819731402255
2486,2023-05-03 07:00:00,-5.231277742567272
2487,2023-05-03 08:00:00,86.18136384839852
2488,2023-05-03 09:00:00,214.85708617936046
2489,2023-05-03 10:00:00,399.9827355406077
2490,2023-05-03 11:00:00,586.3257810350472
2491,2023-05-03 12:00:00,678.9261545174735
2492,2023-05-03 13:00:00,631.6399264551088
2493,2023-05-03 14:00:00,504.88545909011833
2494,2023-05-03 15:00:00,429.6633900151914
2495,2023-05-03 16:00:00,501.3654093112449
2496,2023-05-03 17:00:00,695.9186670274063
2497,2023-05-03 19:00:00,934.8711280827881
2498,2023-05-03 20:00:00,810.0323073537184
2499,2023-05-03 21:00:00,581.1425785346072
2500,2023-05-03 22:00:00,352.9592517636587
2501,2023-05-03 23:00:00,178.09282565187544
2502,2023-05-04 00:00:00,37.6591079579955
2503,2023-05-04 01:00:00,-105.53346044524642
2504,2023-05-04 02:00:00,-245.82665621446495
2505,2023-05-04 03:00:00,-331.1016792264753
2506,2023-05-04 04:00:00,-316.9028961594155
2507,2023-05-04 05:00:00,-216.64821888597908
2508,2023-05-04 06:00:00,-91.65577847795782
2509,2023-05-04 07:00:00,9.717771947066808
2510,2023-05-04 08:00:00,98.36140778008826
2511,2023-05-04 09:00:00,223.86209702197323
2512,2023-05-04 10:00:00,405.4551059131559
2513,2023-05-04 11:00:00,587.9644330625126
2514,2023-05-04 12:00:00,676.4938228398357
2515,2023-05-04 13:00:00,624.9695005568447
2516,2023-05-04 14:00:00,493.8852832416442
2517,2023-05-04 15:00:00,414.3214334694502
2518,2023-05-04 16:00:00,481.7522344168316
2519,2023-05-04 17:00:00,672.189139535482
2520,2023-05-04 18:00:00,856.89725285318
2521,2023-05-04 21:00:00,544.169169684627
2522,2023-05-04 22:00:00,313.87679444100945
2523,2023-05-04 23:00:00,137.52485221766727
2524,2023-05-05 00:00:00,-166.3213525058784
2525,2023-05-05 01:00:00,-309.5804434964847
2526,2023-05-05 02:00:00,-449.1621572664966
2527,2023-05-05 03:00:00,-532.9151598048892
2528,2023-05-05 04:00:00,-516.3620790658892
2529,2023-05-05 05:00:00,-412.91047386518676
2530,2023-05-05 06:00:00,-283.8799514371906
2531,2023-05-05 07:00:00,-177.6407595094571
2532,2023-05-05 08:00:00,-83.32976504855094
2533,2023-05-05 09:00:00,48.601943725513934
2534,2023-05-05 10:00:00,237.33956153678292
2535,2023-05-05 11:00:00,427.645362535372
2536,2023-05-05 12:00:00,524.5502369858723
2537,2023-05-05 13:00:00,481.89710546246494
2538,2023-05-05 14:00:00,360.0868575653857
2539,2023-05-05 15:00:00,290.0981733234099
2540,2023-05-05 16:00:00,367.29619468717544
2541,2023-05-05 17:00:00,567.5768877393391
2542,2023-05-05 18:00:00,762.0848376283626
2543,2023-05-05 19:00:00,818.530776997814
2544,2023-05-05 20:00:00,699.8808909813047
2545,2023-05-05 21:00:00,477.2417802913029
2546,2023-05-05 22:00:00,255.31797986965574
2547,2023-05-05 23:00:00,86.66367568390933
2548,2023-05-06 00:00:00,-205.37221499289922
2549,2023-05-06 01:00:00,-342.6284472856297
2550,2023-05-06 02:00:00,-477.2184788355994
2551,2023-05-06 04:00:00,-537.851997574071
2552,2023-05-06 05:00:00,-432.9914979550573
2553,2023-05-06 06:00:00,-303.89253010067705
2554,2023-05-06 07:00:00,-198.97722731347108
2555,2023-05-06 08:00:00,-107.42024659426954
2556,2023-05-06 09:00:00,20.304330395209377
2557,2023-05-06 10:00:00,203.37403655058927
2558,2023-05-06 11:00:00,386.55917666296216
2559,2023-05-06 12:00:00,474.9145450962196
2560,2023-05-06 13:00:00,422.3228371520865
2561,2023-05-06 14:00:00,289.240399720901
2562,2023-05-06 15:00:00,206.71668002326072
2563,2023-05-06 16:00:00,270.2023429320072
2564,2023-05-06 17:00:00,455.69290249897796
2565,2023-05-06 18:00:00,634.4456171620807
2566,2023-05-06 19:00:00,674.2959588354107
2567,2023-05-06 20:00:00,538.3457102632944
2568,2023-05-06 21:00:00,297.8465854040649
2569,2023-05-06 22:00:00,57.65628542295099
2570,2023-05-06 23:00:00,-129.51135097719396
2571,2023-05-07 00:00:00,-282.43546896083024
2572,2023-05-07 01:00:00,-438.2021234002252
2573,2023-05-07 02:00:00,-591.0483716057868
2574,2023-05-07 03:00:00,-688.7526979383136
2575,2023-05-07 04:00:00,-686.7599380054418
2576,2023-05-07 05:00:00,-598.3927849303583
2577,2023-05-07 07:00:00,-394.49332112152956
2578,2023-05-07 08:00:00,-316.268955824782
2579,2023-05-07 09:00:00,-200.5512535884228
2580,2023-05-07 10:00:00,-28.045454659808115
2581,2023-05-07 11:00:00,146.12265978609383
2582,2023-05-07 12:00:00,227.09734656553303
2583,2023-05-07 13:00:00,168.83533061127338
2584,2023-05-07 14:00:00,31.850743115282285
2585,2023-05-07 15:00:00,-52.76606360270466
2586,2023-05-07 16:00:00,10.459153069154809
2587,2023-05-07 17:00:00,197.52790066035385
2588,2023-05-07 18:00:00,379.6857839495824
2589,2023-05-07 19:00:00,424.73910598561685
2590,2023-05-07 20:00:00,295.74329053168196
2591,2023-05-07 21:00:00,63.88701678478833
2592,2023-05-07 22:00:00,-166.051027129619
2593,2023-05-07 23:00:00,-341.4511215752798
2594,2023-05-08 00:00:00,-160.8825883534471
2595,2023-05-08 01:00:00,-302.1885740255774
2596,2023-05-08 02:00:00,-439.4207459005813
2597,2023-05-08 03:00:00,-520.5003134684755
2598,2023-05-08 04:00:00,-501.02338604750616
2599,2023-05-08 05:00:00,-394.47083702461714
2600,2023-05-08 06:00:00,-262.2343293444467
2601,2023-05-08 07:00:00,-152.75384278649165
2602,2023-05-08 08:00:00,-55.232629324920026
2603,2023-05-08 09:00:00,79.81615311815835
2604,2023-05-08 10:00:00,271.52084509638655
2605,2023-05-08 11:00:00,464.5929023429829
2606,2023-05-08 12:00:00,564.0191617562314
2607,2023-05-08 13:00:00,523.6058843191902
2608,2023-05-08 14:00:00,403.7252135375708
2609,2023-05-08 15:00:00,335.33540069860004
2610,2023-05-08 16:00:00,413.7897590450118
2611,2023-05-08 17:00:00,614.9811836314345
2612,2023-05-08 18:00:00,810.059976728127
2613,2023-05-08 19:00:00,866.7512794558473
2614,2023-05-08 20:00:00,748.0441534187487
2615,2023-05-08 23:00:00,133.18728112617964
2616,2023-05-09 00:00:00,-2.0252642439755846
2617,2023-05-09 01:00:00,-140.2429472820006
2618,2023-05-09 02:00:00,-275.80927738647745
2619,2023-05-09 03:00:00,-356.6049311113461
2620,2023-05-09 04:00:00,-338.17187630293074
2621,2023-05-09 05:00:00,-233.9241413162489
2622,2023-05-09 06:00:00,-105.1748829527138
2623,2023-05-09 07:00:00,-0.2750796283571617
2624,2023-05-09 08:00:00,91.67023957874062
2625,2023-05-09 09:00:00,220.2539962434542
2626,2023-05-09 10:00:00,404.7170288070763
2627,2023-05-09 11:00:00,589.8882161927803
2628,2023-05-09 12:00:00,680.875214973342
2629,2023-05-09 13:00:00,631.6069570918165
2630,2023-05-09 14:00:00,502.57856618414485
2631,2023-05-09 15:00:00,424.8700631309588
2632,2023-05-09 16:00:00,493.95384162219506
2633,2023-05-09 17:00:00,685.8377688315461
2634,2023-05-09 18:00:00,871.7816683391403
2635,2023-05-09 19:00:00,919.6135019670919
2636,2023-05-09 20:00:00,792.417309543099
2637,2023-05-09 23:00:00,155.12730150248495
2638,2023-05-10 00:00:00,13.667362006714484
2639,2023-05-10 01:00:00,-130.10094094134195
2640,2023-05-10 02:00:00,-270.48967150970554
2641,2023-05-10 03:00:00,-355.35997815675455
2642,2023-05-10 04:00:00,-340.2461685115419
2643,2023-05-10 05:00:00,-238.5662689540203
2644,2023-05-10 06:00:00,-111.64872721998586
2645,2023-05-10 07:00:00,-7.870590657852858
2646,2023-05-10 08:00:00,83.62692054246463
2647,2023-05-10 09:00:00,212.39120142700284
2648,2023-05-10 10:00:00,397.60913438190727
2649,2023-05-10 11:00:00,584.0482244263827
2650,2023-05-10 12:00:00,676.7484390346334
2651,2023-05-10 13:00:00,629.565884098212
2652,2023-05-10 14:00:00,502.91895701872005
2653,2023-05-10 15:00:00,427.8083303286304
2654,2023-05-10 16:00:00,499.6257287769012
2655,2023-05-10 17:00:00,694.2983368296706
2656,2023-05-10 18:00:00,883.0065756841162
2657,2023-05-10 19:00:00,933.5015484754708
2658,2023-05-10 20:00:00,808.7941955168703
2659,2023-05-10 21:00:00,580.0400406756959
2660,2023-05-10 23:00:00,177.27388636759645
2661,2023-05-11 00:00:00,36.98825855008988
2662,2023-05-11 01:00:00,-106.0519832169233
2663,2023-05-11 02:00:00,-246.18858366673783
2664,2023-05-11 03:00:00,-331.30271108773
2665,2023-05-11 04:00:00,-316.93870085228923
2666,2023-05-11 05:00:00,-216.51443384389643
2667,2023-05-11 06:00:00,-91.34801045514916
2668,2023-05-11 07:00:00,10.203946534696797
2669,2023-05-11 08:00:00,99.03044256203583
2670,2023-05-11 09:00:00,224.71847532335676
2671,2023-05-11 10:00:00,406.503340427449
2672,2023-05-11 11:00:00,589.2090655145937
2673,2023-05-11 12:00:00,677.939423645352
2674,2023-05-11 14:00:00,495.74664503437816
2675,2023-05-11 15:00:00,416.3976435339634
2676,2023-05-11 16:00:00,484.0479744303459
2677,2023-05-11 17:00:00,674.7091180980898
2678,2023-05-11 18:00:00,859.6462051171587
2679,2023-05-11 19:00:00,906.6941439275834
2680,2023-05-11 20:00:00,778.9454554110955
2681,2023-05-11 21:00:00,547.6337139239096
2682,2023-05-11 22:00:00,317.5895110655513
2683,2023-05-11 23:00:00,141.4906034992477
2684,2023-05-12 00:00:00,0.5128808900473132
2685,2023-05-12 01:00:00,-142.4833784596933
2686,2023-05-12 02:00:00,-281.7973266854776
2687,2023-05-12 03:00:00,-365.2776067035494
2688,2023-05-12 04:00:00,-348.4468237939867
2689,2023-05-12 05:00:00,-244.7125145185305
2690,2023-05-12 06:00:00,-115.39426426304988
2691,2023-05-12 07:00:00,-8.841539646812066
2692,2023-05-12 08:00:00,85.78805268116412
2693,2023-05-12 09:00:00,218.04344509054192
2694,2023-05-12 10:00:00,407.10985244674043
2695,2023-05-12 11:00:00,597.7495686415874
2696,2023-05-12 12:00:00,694.9935032128554
2697,2023-05-12 13:00:00,652.6845955909444
2698,2023-05-12 14:00:00,531.223753784647
2699,2023-05-12 15:00:00,461.5896757867895
2700,2023-05-12 16:00:00,539.1475210570038
2701,2023-05-12 17:00:00,739.7932727425017
2702,2023-05-12 18:00:00,934.671532596911
2703,2023-05-12 19:00:00,991.4930494119483
2704,2023-05-12 20:00:00,873.2240240225069
2705,2023-05-12 21:00:00,650.9710723227807
2706,2023-05-12 22:00:00,429.43874405463123
2707,2023-05-12 23:00:00,261.1812394402206
2708,2023-05-13 00:00:00,-193.0630713183416
2709,2023-05-13 01:00:00,-329.9118082391286
2710,2023-05-13 02:00:00,-464.0889769913398
2711,2023-05-13 03:00:00,-543.5415533302272
2712,2023-05-13 04:00:00,-523.8806188832992
2713,2023-05-13 05:00:00,-418.5910819352133
2714,2023-05-13 06:00:00,-289.05766277741395
2715,2023-05-13 07:00:00,-183.70248430141737
2716,2023-05-13 08:00:00,-91.70019359715513
2717,2023-05-13 09:00:00,36.475137097817196
2718,2023-05-13 10:00:00,220.00104957795764
2719,2023-05-13 11:00:00,403.6478570629831
2720,2023-05-13 12:00:00,492.47036180467364
2721,2023-05-13 13:00:00,440.35126650533323
2722,2023-05-13 14:00:00,307.746924939836
2723,2023-05-13 15:00:00,225.70679069914297
2724,2023-05-13 16:00:00,289.68153450386234
2725,2023-05-13 17:00:00,475.6666757450965
2726,2023-05-13 18:00:00,654.9194776748277
2727,2023-05-13 19:00:00,695.2754164997249
2728,2023-05-13 21:00:00,319.85378157809583
2729,2023-05-13 22:00:00,80.18562891749116
2730,2023-05-13 23:00:00,-106.45433837853261
2731,2023-05-14 00:00:00,-258.84526380733064
2732,2023-05-14 01:00:00,-414.0732011301884
2733,2023-05-14 02:00:00,-566.3752070765272
2734,2023-05-14 03:00:00,-663.5297659633302
2735,2023-05-14 04:00:00,-660.9817138897209
2736,2023-05-14 05:00:00,-572.0537450230273
2737,2023-05-14 07:00:00,-367.01608549709783
2738,2023-05-14 08:00:00,-288.2143450740574
2739,2023-05-14 09:00:00,-171.91375363391592
2740,2023-05-14 10:00:00,1.1804448089045536
2741,2023-05-14 11:00:00,175.94246478408076
2742,2023-05-14 12:00:00,257.51655823567745
2743,2023-05-14 13:00:00,199.85944468184738
2744,2023-05-14 14:00:00,63.48524935757814
2745,2023-05-14 15:00:00,-20.515681936839997
2746,2023-05-14 16:00:00,43.33088632728777
2747,2023-05-14 17:00:00,231.02645406881675
2748,2023-05-14 19:00:00,459.50767203382327
2749,2023-05-14 20:00:00,331.1550310276139
2750,2023-05-14 23:00:00,-304.0773052191454
2751,2023-05-15 00:00:00,-122.84393247232003
2752,2023-05-15 01:00:00,-263.4796911951755
2753,2023-05-15 02:00:00,-400.0362613690211
2754,2023-05-15 03:00:00,-480.43486570472726
2755,2023-05-15 04:00:00,-460.2716273081004
2756,2023-05-15 05:00:00,-353.02743391032084
2757,2023-05-15 06:00:00,-220.09396338389854
2758,2023-05-15 07:00:00,-109.91121096687255
2759,2023-05-15 08:00:00,-11.68244468163607
2760,2023-05-15 09:00:00,124.07916095095095
2761,2023-05-15 10:00:00,316.5019293179125
2762,2023-05-15 11:00:00,510.2972984241146
2763,2023-05-15 13:00:00,570.7725368093397
2764,2023-05-15 14:00:00,451.6307723094312
2765,2023-05-15 15:00:00,383.9850246873957
2766,2023-05-15 16:00:00,463.18858664518075
2767,2023-05-15 17:00:00,665.1343321293319
2768,2023-05-15 18:00:00,860.9725417650606
2769,2023-05-15 19:00:00,918.428334431732
2770,2023-05-15 20:00:00,800.4907489638151
2771,2023-05-15 21:00:00,578.2973607263873
2772,2023-05-15 22:00:00,356.59133500684953
2773,2023-05-15 23:00:00,187.97256593719726
2774,2023-05-16 00:00:00,53.54952465111637
2775,2023-05-16 01:00:00,-83.87372594051476
2776,2023-05-16 02:00:00,-218.64072140407507
2777,2023-05-16 03:00:00,-298.63216493385266
2778,2023-05-16 04:00:00,-279.3900516186924
2779,2023-05-16 05:00:00,-174.32843759067396
2780,2023-05-16 06:00:00,-44.76050800159567
2781,2023-05-16 07:00:00,60.96272986915733
2782,2023-05-16 08:00:00,153.73621750016196
2783,2023-05-16 09:00:00,283.15284649483266
2784,2023-05-16 10:00:00,468.4534247686536
2785,2023-05-16 11:00:00,654.4668001784472
2786,2023-05-16 13:00:00,697.8837170913101
2787,2023-05-16 15:00:00,492.8631820803474
2788,2023-05-16 16:00:00,562.8118752483769
2789,2023-05-16 17:00:00,755.565161712728
2790,2023-05-16 18:00:00,942.3828302419441
2791,2023-05-16 19:00:00,991.0928072830931
2792,2023-05-16 20:00:00,864.7790967895428
2793,2023-05-16 21:00:00,634.66537589553
2794,2023-05-16 22:00:00,405.5711604755646
2795,2023-05-16 23:00:00,230.16219889597295
2796,2023-05-17 00:00:00,89.60172604424565
2797,2023-05-17 01:00:00,-53.26295901483388
2798,2023-05-17 02:00:00,-192.74395946129107
2799,2023-05-17 03:00:00,-276.70246328841563
2800,2023-05-17 04:00:00,-260.67281814030696
2801,2023-05-17 05:00:00,-158.07309094139578
2802,2023-05-17 06:00:00,-30.231770477239706
2803,2023-05-17 07:00:00,74.4740543742771
2804,2023-05-17 08:00:00,166.903121354593
2805,2023-05-17 09:00:00,296.6027829693938
2806,2023-05-17 10:00:00,482.7598785808792
2807,2023-05-17 11:00:00,670.1418696599263
2808,2023-05-17 12:00:00,763.7886796675716
2809,2023-05-17 13:00:00,717.5563699907927
2810,2023-05-17 14:00:00,591.8632930481662
2811,2023-05-17 15:00:00,517.710075889934
2812,2023-05-17 16:00:00,590.4883973301764
2813,2023-05-17 17:00:00,786.1253954193129
2814,2023-05-17 18:00:00,975.8014444546217
2815,2023-05-17 19:00:00,1027.2676002179858
2816,2023-05-17 20:00:00,903.534755202247
2817,2023-05-17 23:00:00,274.95743461273935
2818,2023-05-18 00:00:00,135.65912725107302
2819,2023-05-18 01:00:00,-6.390715037794848
2820,2023-05-18 02:00:00,-145.5338875268974
2821,2023-05-18 03:00:00,-229.65160946130231
2822,2023-05-18 04:00:00,-214.28826763695474
2823,2023-05-18 05:00:00,-112.86179478123893
2824,2023-05-18 06:00:00,13.309656450881448
2825,2023-05-18 07:00:00,115.86941058230127
2826,2023-05-18 08:00:00,205.7064199326025
2827,2023-05-18 09:00:00,332.4076286592986
2828,2023-05-18 11:00:00,698.9323425356582
2829,2023-05-18 12:00:00,788.6835392780793
2830,2023-05-18 14:00:00,608.5397155989378
2831,2023-05-18 15:00:00,530.218718909407
2832,2023-05-18 16:00:00,598.8993311995247
2833,2023-05-18 17:00:00,790.592976122038
2834,2023-05-18 18:00:00,976.5647271467433
2835,2023-05-18 19:00:00,1024.6494352392547
2836,2023-05-18 20:00:00,897.9395634335025
2837,2023-05-18 21:00:00,667.6686278782729
2838,2023-05-18 22:00:00,438.66716158615884
2839,2023-05-18 23:00:00,263.6128622824336
2840,2023-05-19 00:00:00,123.68156036007741
2841,2023-05-19 01:00:00,-18.266525521303265
2842,2023-05-19 02:00:00,-156.53060748193423
2843,2023-05-19 03:00:00,-238.95938873849104
2844,2023-05-19 04:00:00,-221.07553523548245
2845,2023-05-19 05:00:00,-116.28664451812153
2846,2023-05-19 06:00:00,14.08763673032388
2847,2023-05-19 07:00:00,121.67702058272391
2848,2023-05-19 08:00:00,217.3445991372762
2849,2023-05-19 09:00:00,350.6392425075681
2850,2023-05-19 10:00:00,540.7461030207859
2851,2023-05-19 11:00:00,732.4274116968594
2852,2023-05-19 12:00:00,830.7140149306836
2853,2023-05-19 13:00:00,789.4487887142486
2854,2023-05-19 14:00:00,669.0325773383778
2855,2023-05-19 15:00:00,600.4440147779633
2856,2023-05-19 16:00:00,679.0481962253838
2857,2023-05-19 17:00:00,880.7410402844074
2858,2023-05-19 18:00:00,1076.6670838880107
2859,2023-05-19 19:00:00,1134.5370107618555
2860,2023-05-19 21:00:00,796.1134711887969
2861,2023-05-19 22:00:00,575.6310389849355
2862,2023-05-19 23:00:00,408.4237939950967
2863,2023-05-20 00:00:00,-44.76995987059797
2864,2023-05-20 01:00:00,-180.56790913524253
2865,2023-05-20 02:00:00,-313.69412619958973
2866,2023-05-20 03:00:00,-392.0956537624189
2867,2023-05-20 04:00:00,-371.38364060730714
2868,2023-05-20 05:00:00,-265.04306238066533
2869,2023-05-20 06:00:00,-134.45870692053234
2870,2023-05-20 07:00:00,-28.05276489098901
2871,2023-05-20 08:00:00,65.00004870843668
2872,2023-05-20 09:00:00,194.22559350060686
2873,2023-05-20 10:00:00,378.8013429881064
2874,2023-05-20 11:00:00,563.4975419225657
2875,2023-05-20 12:00:00,653.3689239305409
2876,2023-05-20 13:00:00,602.2981229258621
2877,2023-05-20 15:00:00,389.74821084998615
2878,2023-05-20 16:00:00,454.76908578005657
2879,2023-05-20 17:00:00,641.7994985390579
2880,2023-05-20 18:00:00,822.0966428768068
2881,2023-05-20 19:00:00,863.4959253949874
2882,2023-05-20 20:00:00,729.0990628574398
2883,2023-05-20 21:00:00,490.15770261295273
2884,2023-05-20 22:00:00,251.52947859866254
2885,2023-05-20 23:00:00,65.9281616262582
2886,2023-05-21 00:00:00,-85.42546195891714
2887,2023-05-21 01:00:00,-239.61751615681908
2888,2023-05-21 02:00:00,-390.88512800422734
2889,2023-05-21 03:00:00,-487.00685223080006
2890,2023-05-21 05:00:00,-393.47012220149657
2891,2023-05-21 06:00:00,-278.362790800972
2892,2023-05-21 07:00:00,-186.37883771911368
2893,2023-05-21 08:00:00,-106.55311800228606
2894,2023-05-21 09:00:00,10.769469667053386
2895,2023-05-21 10:00:00,184.883610496017
2896,2023-05-21 11:00:00,360.66344822943245
2897,2023-05-21 12:00:00,443.25316400609773
2898,2023-05-21 13:00:00,386.6094065283065
2899,2023-05-21 14:00:00,251.24623017434527
2900,2023-05-21 15:00:00,168.2539099272035
2901,2023-05-21 16:00:00,233.10661047483438
2902,2023-05-21 17:00:00,421.80576091009914
2903,2023-05-21 19:00:00,652.2862122752856
2904,2023-05-21 20:00:00,524.9290804286276
2905,2023-05-21 21:00:00,294.7140900745287
2906,2023-05-21 22:00:00,66.41984823560108
2907,2023-05-21 23:00:00,-107.33400707066403
2908,2023-05-22 00:00:00,74.88312021791842
2909,2023-05-22 01:00:00,-64.77199908443788
2910,2023-05-22 02:00:00,-200.35111540718128
2911,2023-05-22 03:00:00,-279.7755218727168
2912,2023-05-22 04:00:00,-258.6414118967267
2913,2023-05-22 05:00:00,-150.42974344325648
2914,2023-05-22 06:00:00,-16.532264523382537
2915,2023-05-22 07:00:00,94.6109595622944
2916,2023-05-22 08:00:00,193.79659085903114
2917,2023-05-22 09:00:00,330.51138500226926
2918,2023-05-22 10:00:00,523.8835956535428
2919,2023-05-22 11:00:00,718.6245912108981
2920,2023-05-22 12:00:00,819.7211208146716
2921,2023-05-22 13:00:00,780.9793572419993
2922,2023-05-22 14:00:00,662.7713553708664
2923,2023-05-22 15:00:00,596.0552774621594
2924,2023-05-22 16:00:00,676.184347300246
2925,2023-05-22 17:00:00,879.0513700618624
2926,2023-05-22 18:00:00,1075.8065578166936
2927,2023-05-22 19:00:00,1134.1749609968697
2928,2023-05-22 20:00:00,1017.1455501912253
2929,2023-05-22 21:00:00,795.8558326963733
2930,2023-05-22 22:00:00,575.0489059297696
2931,2023-05-22 23:00:00,407.32459633520205
2932,2023-05-23 00:00:00,273.79130755949944
2933,2023-05-23 01:00:00,137.25303522678064
2934,2023-05-23 02:00:00,3.3661767175057093
2935,2023-05-23 03:00:00,-75.75003803265281
2936,2023-05-23 04:00:00,-55.637670734351104
2937,2023-05-23 05:00:00,50.289156086064736
2938,2023-05-23 06:00:00,180.71719110514005
2939,2023-05-23 07:00:00,287.2953611227757
2940,2023-05-23 08:00:00,380.918541938223
2941,2023-05-23 09:00:00,511.1795597374451
2942,2023-05-23 10:00:00,697.3191572579468
2943,2023-05-23 11:00:00,884.1661174725116
2944,2023-05-23 12:00:00,976.8280007030937
2945,2023-05-23 13:00:00,929.2336423869635
2946,2023-05-23 14:00:00,801.8780694087969
2947,2023-05-23 15:00:00,725.8412056385635
2948,2023-05-23 16:00:00,796.5953475034835
2949,2023-05-23 17:00:00,990.1482646884324
2950,2023-05-23 18:00:00,1177.759683070235
2951,2023-05-23 19:00:00,1227.2574665185161
2952,2023-05-23 20:00:00,1101.72555672841
2953,2023-05-23 21:00:00,872.3875688860353
2954,2023-05-23 22:00:00,644.0629572668236
2955,2023-05-23 23:00:00,469.41740893681714
2956,2023-05-24 00:00:00,329.6140978565621
2957,2023-05-24 01:00:00,187.50026248550705
2958,2023-05-24 02:00:00,48.763739393566766
2959,2023-05-24 03:00:00,-34.456719309657274
2960,2023-05-24 04:00:00,-17.695520797988593
2961,2023-05-24 05:00:00,85.62920882273136
2962,2023-05-24 06:00:00,214.18892198691452
2963,2023-05-24 07:00:00,319.6064713760037
2964,2023-05-24 08:00:00,412.7405366910793
2965,2023-05-24 09:00:00,543.1384127856617
2966,2023-05-24 10:00:00,729.9868817557349
2967,2023-05-24 11:00:00,918.053348210231
2968,2023-05-24 12:00:00,1012.3776791331028
2969,2023-05-24 13:00:00,966.815879866349
2970,2023-05-24 14:00:00,841.7862471615823
2971,2023-05-24 15:00:00,768.2893528617412
2972,2023-05-24 16:00:00,841.7168209618909
2973,2023-05-24 17:00:00,1037.9957351349797
2974,2023-05-24 18:00:00,1228.3064157290264
2975,2023-05-24 19:00:00,1280.3998650145106
2976,2023-05-24 20:00:00,1157.2869224180117
2977,2023-05-24 21:00:00,930.1230109033621
2978,2023-05-24 22:00:00,703.6653727644211
2979,2023-05-24 23:00:00,530.5244384882794
2980,2023-05-25 00:00:00,391.8159474367941
2981,2023-05-25 01:00:00,250.3482717996837
2982,2023-05-25 02:00:00,111.7795659845313
2983,2023-05-25 03:00:00,28.228560899692752
2984,2023-05-25 04:00:00,44.1508203904657
2985,2023-05-25 05:00:00,146.12836284185755
2986,2023-05-25 06:00:00,272.8429872078036
2987,2023-05-25 07:00:00,375.9379701097365
2988,2023-05-25 08:00:00,466.3022164599699
2989,2023-05-25 09:00:00,593.5226235199079
2990,2023-05-25 10:00:00,776.8343865558986
2991,2023-05-25 11:00:00,961.0614329569108
2992,2023-05-25 12:00:00,1051.307435666337
2993,2023-05-25 13:00:00,1001.4985483105447
2994,2023-05-25 14:00:00,872.1285160275339
2995,2023-05-25 15:00:00,794.2775292537211
2996,2023-05-25 16:00:00,863.4197988519326
2997,2023-05-25 17:00:00,1055.5667057211149
2998,2023-05-25 18:00:00,1241.983281128421
2999,2023-05-25 19:00:00,1290.5043343842967
3000,2023-05-25 20:00:00,1164.2222873831643
3001,2023-05-25 21:00:00,934.3706157124518
3002,2023-05-25 22:00:00,705.779812372356
3003,2023-05-25 23:00:00,531.1275356096932
3004,2023-05-26 00:00:00,391.58957693016276
3005,2023-05-26 01:00:00,250.02611665649442
3006,2023-05-26 02:00:00,112.13790489107555
3007,2023-05-26 03:00:00,30.076201218521646
3008,2023-05-26 04:00:00,48.31830306946847
3009,2023-05-26 05:00:00,153.45657685608154
3010,2023-05-26 06:00:00,284.17134041044824
3011,2023-05-26 07:00:00,392.09227094027096
3012,2023-05-26 08:00:00,488.0824262350222
3013,2023-05-26 09:00:00,621.6906427064539
3014,2023-05-26 10:00:00,812.102039565286
3015,2023-05-26 11:00:00,1004.0788153137731
3016,2023-05-26 12:00:00,1102.651784431615
3017,2023-05-26 13:00:00,1061.6637915877795
3018,2023-05-26 14:00:00,941.5156503705368
3019,2023-05-26 15:00:00,873.1859646486421
3020,2023-05-26 16:00:00,952.0398001208861
3021,2023-05-26 17:00:00,1153.9730465040502
3022,2023-05-26 18:00:00,1350.1302124845486
3023,2023-05-26 19:00:00,1408.221954123033
3024,2023-05-26 20:00:00,1291.2143799206485
3025,2023-05-26 21:00:00,1070.2140138017364
3026,2023-05-26 22:00:00,849.9253139059674
3027,2023-05-26 23:00:00,682.9023892813129
3028,2023-05-27 00:00:00,398.5151520013884
3029,2023-05-27 01:00:00,262.88526694412894
3030,2023-05-27 02:00:00,129.91763044350648
3031,2023-05-27 03:00:00,51.66517719196679
3032,2023-05-27 04:00:00,72.51673643333197
3033,2023-05-27 05:00:00,178.98731119488554
3034,2023-05-27 06:00:00,309.6920929238312
3035,2023-05-27 07:00:00,416.208870960584
3036,2023-05-27 08:00:00,509.36291086781875
3037,2023-05-27 09:00:00,638.6800535331269
3038,2023-05-27 10:00:00,823.3377543460322
3039,2023-05-27 11:00:00,1008.1062406488179
3040,2023-05-27 12:00:00,1098.0402292406095
3041,2023-05-27 13:00:00,1047.0223379025729
3042,2023-05-27 14:00:00,915.5088359790141
3043,2023-05-27 15:00:00,834.5490931623593
3044,2023-05-27 16:00:00,899.5936967693441
3045,2023-05-27 17:00:00,1086.6380833119722
3046,2023-05-27 18:00:00,1266.939433713561
3047,2023-05-27 19:00:00,1308.333142378306
3048,2023-05-27 20:00:00,1173.9209145658813
3049,2023-05-27 21:00:00,934.954386770683
3050,2023-05-27 22:00:00,696.291182747556
3051,2023-05-27 23:00:00,510.6450637906758
3052,2023-05-28 00:00:00,190.60781539222575
3053,2023-05-28 01:00:00,36.35128937846787
3054,2023-05-28 02:00:00,-114.99064080644598
3055,2023-05-28 03:00:00,-211.19653673080848
3056,2023-05-28 04:00:00,-207.71131112567684
3057,2023-05-28 05:00:00,-117.8577341814131
3058,2023-05-28 06:00:00,-2.8641689012915776
3059,2023-05-28 07:00:00,88.99614405624345
3060,2023-05-28 08:00:00,168.6883461492685
3061,2023-05-28 09:00:00,285.8675358923421
3062,2023-05-28 10:00:00,459.82839635273103
3063,2023-05-28 11:00:00,635.4450698039481
3064,2023-05-28 12:00:00,717.86173662222
3065,2023-05-28 13:00:00,661.0350453622883
3066,2023-05-28 14:00:00,525.479050982737
3067,2023-05-28 15:00:00,442.2840296804059
3068,2023-05-28 16:00:00,506.9241480581213
3069,2023-05-28 17:00:00,695.4008377853659
3070,2023-05-28 18:00:00,878.9596278790045
3071,2023-05-28 19:00:00,925.4067457890632
3072,2023-05-28 20:00:00,797.7975398064202
3073,2023-05-28 21:00:00,567.320613823591
3074,2023-05-28 22:00:00,338.75458078457774
3075,2023-05-28 23:00:00,164.7190853332811
3076,2023-05-29 00:00:00,37.473206706542896
3077,2023-05-29 01:00:00,-102.4832281314417
3078,2023-05-29 02:00:00,-238.37348509674257
3079,2023-05-29 03:00:00,-318.1188480064508
3080,2023-05-29 04:00:00,-297.31550033608414
3081,2023-05-29 05:00:00,-189.44438942849547
3082,2023-05-29 06:00:00,-55.89725200043506
3083,2023-05-29 07:00:00,54.88585859680791
3084,2023-05-29 08:00:00,153.70161702321485
3085,2023-05-29 09:00:00,290.03679218492675
3086,2023-05-29 10:00:00,483.0196516991055
3087,2023-05-29 11:00:00,677.3615785442419
3088,2023-05-29 12:00:00,778.0493371229713
3089,2023-05-29 13:00:00,738.8891161278627
3090,2023-05-29 14:00:00,620.2529870117119
3091,2023-05-29 15:00:00,553.099129245111
3092,2023-05-29 16:00:00,632.7807844994855
3093,2023-05-29 17:00:00,835.1907764821858
3094,2023-05-29 18:00:00,1031.4793364294871
3095,2023-05-29 19:00:00,1089.37153460141
3096,2023-05-29 20:00:00,971.8563620664615
3097,2023-05-29 21:00:00,750.0713472173094
3098,2023-05-29 22:00:00,528.7596092363484
3099,2023-05-29 23:00:00,360.520996972036
3100,2023-05-30 00:00:00,535.6354612061001
3101,2023-05-30 01:00:00,398.5639730138164
3102,2023-05-30 02:00:00,264.1344781936468
3103,2023-05-30 03:00:00,184.46623162827694
3104,2023-05-30 04:00:00,204.01719716114115
3105,2023-05-30 05:00:00,309.37327845488943
3106,2023-05-30 06:00:00,439.2212510138283
3107,2023-05-30 07:00:00,545.2100690716405
3108,2023-05-30 08:00:00,638.2346365015335
3109,2023-05-30 09:00:00,767.8878081480046
3110,2023-05-30 10:00:00,953.410356061856
3111,2023-05-30 11:00:00,1139.6310931054325
3112,2023-05-30 12:00:00,1231.6576101215696
3113,2023-05-30 13:00:00,1183.418773670778
3114,2023-05-30 14:00:00,1055.4096423704339
3115,2023-05-30 15:00:00,978.7101724013035
3116,2023-05-30 16:00:00,1048.792693130702
3117,2023-05-30 17:00:00,1241.6650077647068
3118,2023-05-30 18:00:00,1428.5868762868108
3119,2023-05-30 19:00:00,1477.386197272688
3120,2023-05-30 20:00:00,1351.1469477081273
3121,2023-05-30 21:00:00,1121.0927786589496
3122,2023-05-30 22:00:00,892.0431808367562
3123,2023-05-30 23:00:00,716.6638783544456
3124,2023-05-31 00:00:00,576.1180827690646
3125,2023-05-31 01:00:00,433.25307071301125
3126,2023-05-31 02:00:00,293.7567174908425
3127,2023-05-31 03:00:00,209.76781453144616
3128,2023-05-31 04:00:00,225.7519945114223
3129,2023-05-31 05:00:00,328.2911717425747
3130,2023-05-31 06:00:00,456.05683963904903
3131,2023-05-31 07:00:00,560.6718924013098
3132,2023-05-31 08:00:00,652.9950517968308
3133,2023-05-31 09:00:00,782.5736552806412
3134,2023-05-31 10:00:00,968.5945281117133
3135,2023-05-31 11:00:00,1155.8251185597715
3136,2023-05-31 12:00:00,1249.3053378301138
3137,2023-05-31 13:00:00,1202.8912359986907
3138,2023-05-31 14:00:00,1077.0011550766656
3139,2023-05-31 15:00:00,1002.6357126854814
3140,2023-05-31 16:00:00,1075.1865791013797
3141,2023-05-31 17:00:00,1270.5808848259453
3142,2023-05-31 18:00:00,1459.9989974808864
3143,2023-05-31 19:00:00,1511.1919671728908
3144,2023-05-31 20:00:00,1387.1706816207593
3145,2023-05-31 21:00:00,1159.0906125951856
3146,2023-05-31 22:00:00,931.7090516810331
3147,2023-05-31 23:00:00,757.6364791417848
3148,2023-06-01 00:00:00,617.9886845896087
3149,2023-06-01 01:00:00,475.5740909442096
3150,2023-06-01 02:00:00,336.05090383235546
3151,2023-06-01 03:00:00,251.5379058154748
3152,2023-06-01 04:00:00,266.4907128783994
3153,2023-06-01 05:00:00,367.49139599790374
3154,2023-06-01 06:00:00,493.22180717813956
3155,2023-06-01 07:00:00,595.3252765188474
3156,2023-06-01 08:00:00,684.690762885637
3157,2023-06-01 09:00:00,810.9052179109956
3158,2023-06-01 10:00:00,993.2038916730403
3159,2023-06-01 11:00:00,1176.4107668008464
3160,2023-06-01 12:00:00,1265.6295719105754
3161,2023-06-01 13:00:00,1214.7865167181376
3162,2023-06-01 14:00:00,1084.375402849692
3163,2023-06-01 15:00:00,1005.476477672574
3164,2023-06-01 16:00:00,1073.5640093621791
3165,2023-06-01 17:00:00,1264.6494365284175
3166,2023-06-01 18:00:00,1449.9978485728461
3167,2023-06-01 19:00:00,1497.444113301929
3168,2023-06-01 20:00:00,1370.0807114973163
3169,2023-06-01 21:00:00,1139.1411780392996
3170,2023-06-01 22:00:00,909.4560655310961
3171,2023-06-01 23:00:00,733.7030922839122
3172,2023-06-02 00:00:00,593.0581101648334
3173,2023-06-02 01:00:00,450.3813602466872
3174,2023-06-02 02:00:00,311.37365372208455
3175,2023-06-02 03:00:00,228.18631162788336
3176,2023-06-02 04:00:00,245.29669318448674
3177,2023-06-02 05:00:00,349.29722693450935
3178,2023-06-02 06:00:00,478.8682931788279
3179,2023-06-02 07:00:00,585.639631901074
3180,2023-06-02 08:00:00,680.474364020933
3181,2023-06-02 09:00:00,812.9213893758106
3182,2023-06-02 10:00:00,1002.1658909196134
3183,2023-06-02 11:00:00,1192.970131203076
3184,2023-06-02 12:00:00,1290.3649890632526
3185,2023-06-02 13:00:00,1248.193373817235
3186,2023-06-02 14:00:00,1126.85616397696
3187,2023-06-02 15:00:00,1057.3320286493083
3188,2023-06-02 16:00:00,1134.9860990278419
3189,2023-06-02 17:00:00,1335.7143306026342
3190,2023-06-02 18:00:00,1530.6612980967345
3191,2023-06-02 19:00:00,1587.5377238922933
3192,2023-06-02 20:00:00,1469.3097830371003
3193,2023-06-02 21:00:00,1247.0840662739633
3194,2023-06-02 22:00:00,1025.5650988019322
3195,2023-06-02 23:00:00,857.3070569682147
3196,2023-06-03 00:00:00,403.04828766905223
3197,2023-06-03 01:00:00,266.17114828580736
3198,2023-06-03 02:00:00,131.9516111580789
3199,2023-06-03 03:00:00,52.442679146385444
3200,2023-06-03 04:00:00,72.03324992911314
3201,2023-06-03 05:00:00,177.23839514778473
3202,2023-06-03 06:00:00,306.6733750731313
3203,2023-06-03 07:00:00,411.9160480444257
3204,2023-06-03 08:00:00,503.7917488370666
3205,2023-06-03 09:00:00,631.826387726534
3206,2023-06-03 10:00:00,815.197489654551
3207,2023-06-03 11:00:00,998.6753516988329
3208,2023-06-03 12:00:00,1087.3147605573495
3209,2023-06-03 13:00:00,1034.9984040776412
3210,2023-06-03 14:00:00,902.1826217951177
3211,2023-06-03 15:00:00,819.9168537860356
3212,2023-06-03 16:00:00,883.6517578560674
3213,2023-06-03 17:00:00,1069.3828411610787
3214,2023-06-03 18:00:00,1248.367355391284
3215,2023-06-03 19:00:00,1288.440765846273
3216,2023-06-03 20:00:00,1152.7048488037208
3217,2023-06-03 21:00:00,912.411311877428
3218,2023-06-03 22:00:00,672.4178500718684
3219,2023-06-03 23:00:00,485.43829599809453
3220,2023-06-04 00:00:00,332.6934985968452
3221,2023-06-04 01:00:00,177.0973972108862
3222,2023-06-04 02:00:00,24.412928892166406
3223,2023-06-04 03:00:00,-73.13839624520062
3224,2023-06-04 04:00:00,-71.00141916834684
3225,2023-06-04 05:00:00,17.50116175320909
3226,2023-06-04 06:00:00,131.14105540486872
3227,2023-06-04 07:00:00,221.6450930697789
3228,2023-06-04 08:00:00,299.9784881944785
3229,2023-06-04 09:00:00,415.7964113350299
3230,2023-06-04 10:00:00,588.3936176187381
3231,2023-06-04 11:00:00,762.6443214415486
3232,2023-06-04 12:00:00,843.6927752971583
3233,2023-06-04 13:00:00,785.4956998984421
3234,2023-06-04 14:00:00,648.5672223731365
3235,2023-06-04 15:00:00,563.9976910947759
3236,2023-06-04 16:00:00,627.2613448417192
3237,2023-06-04 17:00:00,814.3596874656109
3238,2023-06-04 18:00:00,996.538320142063
3239,2023-06-04 19:00:00,1041.6035425047344
3240,2023-06-04 20:00:00,912.6107749589539
3241,2023-06-04 21:00:00,680.7486935118518
3242,2023-06-04 22:00:00,450.79598321538043
3243,2023-06-04 23:00:00,275.37236070389883
3244,2023-06-05 00:00:00,455.9085013699948
3245,2023-06-05 01:00:00,314.5612559167531
3246,2023-06-05 02:00:00,177.27895443211952
3247,2023-06-05 03:00:00,96.14038494119785
3248,2023-06-05 04:00:00,115.5494357573902
3249,2023-06-05 05:00:00,222.02523124293543
3250,2023-06-05 06:00:00,354.17610631972224
3251,2023-06-05 07:00:00,463.56207919230485
3252,2023-06-05 08:00:00,560.979895987094
3253,2023-06-05 09:00:00,695.9163969961677
3254,2023-06-05 10:00:00,887.4999211023082
3255,2023-06-05 11:00:00,1080.4419224811857
3256,2023-06-05 12:00:00,1179.7292365907597
3257,2023-06-05 13:00:00,1139.168123086628
3258,2023-06-05 14:00:00,1019.1307242613489
3259,2023-06-05 15:00:00,950.5752903003633
3260,2023-06-05 16:00:00,1028.8551334552603
3261,2023-06-05 17:00:00,1229.8631478876591
3262,2023-06-05 18:00:00,1424.7496351414773
3263,2023-06-05 19:00:00,1481.2397356429185
3264,2023-06-05 20:00:00,1362.3225104792223
3265,2023-06-05 21:00:00,1139.1355578953833
3266,2023-06-05 22:00:00,916.4220667863615
3267,2023-06-05 23:00:00,746.7819555231896
3268,2023-06-06 00:00:00,133.69393013978362
3269,2023-06-06 01:00:00,-4.778340883754709
3270,2023-06-06 02:00:00,-140.60815685223815
3271,2023-06-06 03:00:00,-221.67619406280403
3272,2023-06-06 04:00:00,-203.52442004943578
3273,2023-06-06 05:00:00,-99.56686270634191
3274,2023-06-06 06:00:00,28.883321682026462
3275,2023-06-06 07:00:00,133.4751553913668
3276,2023-06-06 08:00:00,225.10361010183777
3277,2023-06-06 09:00:00,353.3616082556015
3278,2023-06-06 10:00:00,537.4899892795821
3279,2023-06-06 11:00:00,722.3176331879854
3280,2023-06-06 12:00:00,812.9521977485879
3281,2023-06-06 13:00:00,763.3226162007958
3282,2023-06-06 14:00:00,633.9240136194898
3283,2023-06-06 15:00:00,555.8364123851616
3284,2023-06-06 16:00:00,624.5322078189989
3285,2023-06-06 17:00:00,816.0192688218926
3286,2023-06-06 18:00:00,1001.557420835049
3287,2023-06-06 19:00:00,1048.97462759775
3288,2023-06-06 20:00:00,921.3549310205331
3289,2023-06-06 21:00:00,689.9220468078439
3290,2023-06-06 22:00:00,459.49553003963393
3291,2023-06-06 23:00:00,282.741168914893
3292,2023-06-07 00:00:00,618.452028788956
3293,2023-06-07 01:00:00,474.2158698147584
3294,2023-06-07 04:00:00,262.61390926221026
3295,2023-06-07 05:00:00,363.79051925323563
3296,2023-06-07 06:00:00,490.19592060241973
3297,2023-06-07 07:00:00,593.4530692200028
3298,2023-06-07 08:00:00,684.4207482316232
3299,2023-06-07 09:00:00,812.6463561676069
3300,2023-06-07 10:00:00,997.3167789926491
3301,2023-06-07 11:00:00,1183.1995253799232
3302,2023-06-07 12:00:00,1275.3345666013856
3303,2023-06-07 13:00:00,1227.5780124531311
3304,2023-06-07 14:00:00,1100.3482643403245
3305,2023-06-07 15:00:00,1024.6459989217483
3306,2023-06-07 16:00:00,1095.8629451655552
3307,2023-06-07 17:00:00,1289.9262919059897
3308,2023-06-07 18:00:00,1478.0164647661613
3309,2023-06-07 19:00:00,1527.8845714602346
3310,2023-06-07 20:00:00,1402.5415569764205
3311,2023-06-07 21:00:00,1173.1429499816925
3312,2023-06-07 22:00:00,944.4460985877024
3313,2023-06-07 23:00:00,769.0615392106722
3314,2023-06-08 00:00:00,628.1051172359988
3315,2023-06-08 01:00:00,484.3853109882819
3316,2023-06-08 02:00:00,343.5603810996554
3317,2023-06-08 03:00:00,257.7491647621901
3318,2023-06-08 04:00:00,271.40733219968047
3319,2023-06-08 05:00:00,371.1170082414577
3320,2023-06-08 06:00:00,495.5600983252094
3321,2023-06-08 07:00:00,596.3799856220119
3322,2023-06-08 08:00:00,684.4656816369301
3323,2023-06-08 09:00:00,809.4041902536562
3324,2023-06-08 10:00:00,990.4308133869865
3325,2023-06-08 11:00:00,1172.3695850952195
3326,2023-06-08 12:00:00,1260.3242850137053
3327,2023-06-08 13:00:00,1208.2211734515051
3328,2023-06-08 14:00:00,1076.5541022270613
3329,2023-06-08 15:00:00,996.4033684661244
3330,2023-06-08 16:00:00,1063.2432896817154
3331,2023-06-08 17:00:00,1253.0853533894474
3332,2023-06-08 18:00:00,1437.1946974893253
3333,2023-06-08 19:00:00,1483.4062378247556
3334,2023-06-08 20:00:00,1354.8125028062261
3335,2023-06-08 21:00:00,1122.6470744956641
3336,2023-06-08 22:00:00,891.7405522434824
3337,2023-06-08 23:00:00,714.7707006669052
3338,2023-06-09 00:00:00,572.9134175028009
3339,2023-06-09 01:00:00,429.02898922082505
3340,2023-06-09 02:00:00,288.8182720030695
3341,2023-06-09 03:00:00,204.43263141738072
3342,2023-06-09 04:00:00,220.34947074067475
3343,2023-06-09 05:00:00,323.1612621510474
3344,2023-06-09 06:00:00,451.5484291064651
3345,2023-06-09 07:00:00,557.1407543042667
3346,2023-06-09 08:00:00,650.8014009163246
3347,2023-06-09 09:00:00,782.0793105659614
3348,2023-06-09 10:00:00,970.1597075544515
3349,2023-06-09 11:00:00,1159.804895283763
3350,2023-06-09 12:00:00,1256.0457929999948
3351,2023-06-09 13:00:00,1212.7253499586432
3352,2023-06-09 14:00:00,1090.244484146694
3353,2023-06-09 15:00:00,1019.5819036569767
3354,2023-06-09 16:00:00,1096.1027782241408
3355,2023-06-09 17:00:00,1295.7031013992705
3356,2023-06-09 18:00:00,1489.5274854805493
3357,2023-06-09 19:00:00,1545.2866899644778
3358,2023-06-09 20:00:00,1425.9469265352718
3359,2023-06-09 21:00:00,1202.614822100616
3360,2023-06-09 22:00:00,979.9949375253229
3361,2023-06-09 23:00:00,810.6414843750321
3362,2023-06-10 00:00:00,355.29284426198944
3363,2023-06-10 01:00:00,217.33140880967983
3364,2023-06-10 02:00:00,82.05229857642519
3365,2023-06-10 03:00:00,1.4894355726327149
3366,2023-06-10 04:00:00,20.031750258614807
3367,2023-06-10 05:00:00,124.19434658079075
3368,2023-06-10 06:00:00,252.59251666226834
3369,2023-06-10 07:00:00,356.80415016519197
3370,2023-06-10 08:00:00,447.65461272733205
3371,2023-06-10 09:00:00,574.6698449787247
3372,2023-06-10 10:00:00,757.0274017930268
3373,2023-06-10 11:00:00,939.4976095967991
3374,2023-06-10 12:00:00,1027.1352840147997
3375,2023-06-10 13:00:00,973.8231413187423
3376,2023-06-10 14:00:00,840.0175489833969
3377,2023-06-10 15:00:00,756.7679745171778
3378,2023-06-10 16:00:00,819.5251026963749
3379,2023-06-10 17:00:00,1004.2844671480857
3380,2023-06-10 18:00:00,1182.3033455358618
3381,2023-06-10 19:00:00,1221.417228655483
3382,2023-06-10 20:00:00,1084.7279177907485
3383,2023-06-10 21:00:00,843.4871450787615
3384,2023-06-10 22:00:00,602.5526295353718
3385,2023-06-10 23:00:00,414.6382273307255
3386,2023-06-11 00:00:00,260.96481044968175
3387,2023-06-11 01:00:00,104.44634080109898
3388,2023-06-11 02:00:00,-49.15422249041194
3389,2023-06-11 03:00:00,-147.61534770284766
3390,2023-06-11 04:00:00,-146.38185470970825
3391,2023-06-11 05:00:00,-58.776421264833175
3392,2023-06-11 06:00:00,53.97268166169465
3393,2023-06-11 07:00:00,143.59230499948245
3394,2023-06-11 08:00:00,221.04768136080122
3395,2023-06-11 09:00:00,335.9939999779192
3396,2023-06-11 10:00:00,507.72603419326606
3397,2023-06-11 11:00:00,681.1180161045618
3398,2023-06-11 12:00:00,761.3142154478115
3399,2023-06-11 13:00:00,702.2713696937692
3400,2023-06-11 14:00:00,564.5036222566039
3401,2023-06-11 15:00:00,479.1013372830862
3402,2023-06-11 16:00:00,541.5387688950958
3403,2023-06-11 17:00:00,727.8174357877862
3404,2023-06-11 18:00:00,909.1829534981623
3405,2023-06-11 19:00:00,953.4416355584478
3406,2023-06-11 20:00:00,823.6489157980918
3407,2023-06-11 21:00:00,590.9934831761228
3408,2023-06-11 22:00:00,360.25403522595695
3409,2023-06-11 23:00:00,184.05030059406835
3410,2023-06-12 00:00:00,363.8129662120779
3411,2023-06-12 01:00:00,221.6988938713236
3412,2023-06-12 02:00:00,83.65642425036413
3413,2023-06-12 03:00:00,1.7643555435357712
3414,2023-06-12 04:00:00,20.426585745204648
3415,2023-06-12 05:00:00,126.16224844454024
3416,2023-06-12 06:00:00,257.57968733725244
3417,2023-06-12 07:00:00,366.23892892407963
3418,2023-06-12 08:00:00,462.9367272013519
3419,2023-06-12 09:00:00,597.1599298577569
3420,2023-06-12 10:00:00,788.0368827253769
3421,2023-06-12 11:00:00,980.279046478384
3422,2023-06-12 12:00:00,1078.873262631802
3423,2023-06-12 13:00:00,1037.6257964474755
3424,2023-06-12 14:00:00,916.908795366106
3425,2023-06-12 15:00:00,847.6805143077002
3426,2023-06-12 16:00:00,925.2942697960262
3427,2023-06-12 17:00:00,1125.642959831613
3428,2023-06-12 18:00:00,1319.8768893558592
3429,2023-06-12 19:00:00,1375.7212017813408
3430,2023-06-12 20:00:00,1256.1649607175352
3431,2023-06-12 21:00:00,1032.3457665238197
3432,2023-06-12 22:00:00,809.0068097757994
3433,2023-06-12 23:00:00,638.7480101012932
3434,2023-06-13 00:00:00,502.67786436017667
3435,2023-06-13 01:00:00,363.60046144368306
3436,2023-06-13 02:00:00,227.17229205470545
3437,2023-06-13 03:00:00,145.5126794577721
3438,2023-06-13 04:00:00,163.0796552890091
3439,2023-06-13 05:00:00,266.45919040806604
3440,2023-06-13 06:00:00,394.33812687598294
3441,2023-06-13 07:00:00,498.3654849076161
3442,2023-06-13 08:00:00,589.436233720598
3443,2023-06-13 09:00:00,717.1432928902838
3444,2023-06-13 10:00:00,900.7274985692068
3445,2023-06-13 11:00:00,1085.0177271492214
3446,2023-06-13 12:00:00,1175.121632315449
3447,2023-06-13 13:00:00,1124.9681428826616
3448,2023-06-13 14:00:00,995.0523790832129
3449,2023-06-13 15:00:00,916.4543581042667
3450,2023-06-13 16:00:00,984.646469667566
3451,2023-06-13 17:00:00,1175.6365767014054
3452,2023-06-13 18:00:00,1360.684498295526
3453,2023-06-13 19:00:00,1407.6181914843187
3454,2023-06-13 20:00:00,1279.5216910753816
3455,2023-06-13 21:00:00,1047.6187053223
3456,2023-06-13 22:00:00,816.7287814858366
3457,2023-06-13 23:00:00,639.5176995858363
3458,2023-06-14 00:00:00,497.1487264323753
3459,2023-06-14 01:00:00,352.46919328491464
3460,2023-06-14 02:00:00,211.16702942971995
3461,2023-06-14 03:00:00,125.3810796110078
3462,2023-06-14 04:00:00,139.57702919451384
3463,2023-06-14 05:00:00,240.33684453338543
3464,2023-06-14 06:00:00,366.3320704171374
3465,2023-06-14 07:00:00,469.1856517859205
3466,2023-06-14 08:00:00,559.7563604921347
3467,2023-06-14 09:00:00,687.5915834432792
3468,2023-06-14 10:00:00,871.8781946603647
3469,2023-06-14 11:00:00,1057.383690541396
3470,2023-06-14 12:00:00,1149.1480298012166
3471,2023-06-14 13:00:00,1101.027309313735
3472,2023-06-14 14:00:00,973.4399172644303
3473,2023-06-14 15:00:00,897.3865168059122
3474,2023-06-14 16:00:00,968.2588230690395
3475,2023-06-14 17:00:00,1161.9840107577047
3476,2023-06-14 18:00:00,1349.7424910640766
3477,2023-06-14 19:00:00,1399.2853569763565
3478,2023-06-14 20:00:00,1273.623538468415
3479,2023-06-14 21:00:00,1043.9125488943953
3480,2023-06-14 22:00:00,814.9097207870826
3481,2023-06-14 23:00:00,639.2255746721277
3482,2023-06-15 00:00:00,497.97593979735404
3483,2023-06-15 01:00:00,353.9692780565163
3484,2023-06-15 02:00:00,212.86383338504055
3485,2023-06-15 03:00:00,126.77842600868036
3486,2023-06-15 04:00:00,140.1687089296355
3487,2023-06-15 05:00:00,239.6167894838535
3488,2023-06-15 06:00:00,363.8045553668045
3489,2023-06-15 07:00:00,464.37537175173907
3490,2023-06-15 08:00:00,552.2182318938562
3491,2023-06-15 09:00:00,676.9201211911612
3492,2023-06-15 10:00:00,857.7163228099377
3493,2023-06-15 11:00:00,1039.4308518525813
3494,2023-06-15 12:00:00,1127.1674687317984
3495,2023-06-15 13:00:00,1074.852414323403
3496,2023-06-15 14:00:00,942.9795207799635
3497,2023-06-15 15:00:00,862.6290653388583
3498,2023-06-15 16:00:00,929.2753453954298
3499,2023-06-15 17:00:00,1118.9298281436475
3500,2023-06-15 18:00:00,1302.8576309411155
3501,2023-06-15 19:00:00,1348.8936488831046
3502,2023-06-15 20:00:00,1220.1303894425203
3503,2023-06-15 21:00:00,987.8014134813673
3504,2023-06-15 22:00:00,756.7372990483769
3505,2023-06-15 23:00:00,579.6157891814387
3506,2023-06-16 00:00:00,437.61275989556646
3507,2023-06-16 01:00:00,293.58847573094147
3508,2023-06-16 02:00:00,153.24377076212056
3509,2023-06-16 03:00:00,68.72998826930541
3510,2023-06-16 04:00:00,84.52450907210027
3511,2023-06-16 05:00:00,187.21978271184264
3512,2023-06-16 06:00:00,315.49620984669195
3513,2023-06-16 07:00:00,420.9835502036998
3514,2023-06-16 08:00:00,514.5449438403305
3515,2023-06-16 09:00:00,645.7293090895123
3516,2023-06-16 10:00:00,833.7218468077103
3517,2023-06-16 11:00:00,1023.2848368289885
3518,2023-06-16 12:00:00,1119.4491746544056
3519,2023-06-16 13:00:00,1076.0577856721627
3520,2023-06-16 14:00:00,953.5115638594364
3521,2023-06-16 15:00:00,882.7891931641012
3522,2023-06-16 16:00:00,959.255819039057
3523,2023-06-16 17:00:00,1158.80741063582
3524,2023-06-16 18:00:00,1352.5885557226707
3525,2023-06-16 19:00:00,1408.3099891499273
3526,2023-06-16 20:00:00,1288.937897842228
3527,2023-06-16 21:00:00,1065.5788838256478
3528,2023-06-16 22:00:00,842.9374829935623
3529,2023-06-16 23:00:00,673.567881804882
3530,2023-06-17 00:00:00,218.20843669534435
3531,2023-06-17 01:00:00,80.24151399429752
3532,2023-06-17 02:00:00,-55.05690558653043
3533,2023-06-17 03:00:00,-135.63381136600935
3534,2023-06-17 04:00:00,-117.10029843804136
3535,2023-06-17 05:00:00,-12.941288505662328
3536,2023-06-17 06:00:00,115.45848483304752
3537,2023-06-17 07:00:00,219.67688544043568
3538,2023-06-17 08:00:00,310.5392530754059
3539,2023-06-17 09:00:00,437.57150244395666
3540,2023-06-17 10:00:00,619.9511623874065
3541,2023-06-17 11:00:00,802.4485332845156
3542,2023-06-17 12:00:00,890.1184046168441
3543,2023-06-17 13:00:00,836.8434664788094
3544,2023-06-17 14:00:00,703.0800601105695
3545,2023-06-17 15:00:00,619.8776267372104
3546,2023-06-17 16:00:00,682.6868247976267
3547,2023-06-17 17:00:00,867.5031615670354
3548,2023-06-17 18:00:00,1045.5838882924472
3549,2023-06-17 19:00:00,1084.764469317733
3550,2023-06-17 20:00:00,948.1466794647663
3551,2023-06-17 21:00:00,706.9822243639085
3552,2023-06-17 22:00:00,466.12879650758987
3553,2023-06-17 23:00:00,278.3002255168873
3554,2023-06-18 00:00:00,124.71735681019425
3555,2023-06-18 01:00:00,-31.705874278326633
3556,2023-06-18 02:00:00,-185.2065352230709
3557,2023-06-18 03:00:00,-283.5631208994821
3558,2023-06-18 04:00:00,-282.2204777857071
3559,2023-06-18 05:00:00,-194.5013102357142
3560,2023-06-18 06:00:00,-81.63391584369913
3561,2023-06-18 07:00:00,8.108529740311951
3562,2023-06-18 08:00:00,85.69123252149086
3563,2023-06-18 09:00:00,200.76935515531488
3564,2023-06-18 10:00:00,372.63764441230273
3565,2023-06-18 11:00:00,546.1703058375864
3566,2023-06-18 12:00:00,626.5115826382587
3567,2023-06-18 13:00:00,567.6181857674294
3568,2023-06-18 14:00:00,430.0042321648872
3569,2023-06-18 15:00:00,344.7600595197892
3570,2023-06-18 16:00:00,407.3598955294313
3571,2023-06-18 17:00:00,593.805232480529
3572,2023-06-18 18:00:00,775.3416596136935
3573,2023-06-18 19:00:00,819.7754640923205
3574,2023-06-18 20:00:00,690.1620535026823
3575,2023-06-18 21:00:00,457.6900905932358
3576,2023-06-18 22:00:00,227.13824668017122
3577,2023-06-18 23:00:00,51.12622433324054
3578,2023-06-19 00:00:00,231.08468439750976
3579,2023-06-19 01:00:00,89.17046266122077
3580,2023-06-19 02:00:00,-48.66812615742538
3581,2023-06-19 03:00:00,-130.35230975055708
3582,2023-06-19 04:00:00,-111.47821594816048
3583,2023-06-19 05:00:00,-5.526736912652041
3584,2023-06-19 06:00:00,126.11044534791534
3585,2023-06-19 07:00:00,234.99333173669885
3586,2023-06-19 08:00:00,331.91865069953025
3587,2023-06-19 09:00:00,466.3732244653405
3588,2023-06-19 10:00:00,657.4853734803763
3589,2023-06-19 11:00:00,849.9665331166723
3590,2023-06-19 12:00:00,948.8035196755087
3591,2023-06-19 13:00:00,907.8025732816052
3592,2023-06-19 14:00:00,787.335816342118
3593,2023-06-19 15:00:00,718.3614788243375
3594,2023-06-19 16:00:00,796.2328523944495
3595,2023-06-19 17:00:00,996.8428102848247
3596,2023-06-19 18:00:00,1191.3416327903037
3597,2023-06-19 19:00:00,1247.4544387408698
3598,2023-06-19 20:00:00,1128.1702672973413
3599,2023-06-19 21:00:00,904.6266944571839
3600,2023-06-19 22:00:00,681.5668865471616
3601,2023-06-19 23:00:00,511.59073905193344
3602,2023-06-20 00:00:00,375.80672479523093
3603,2023-06-20 01:00:00,237.018908754697
3604,2023-06-20 02:00:00,100.8837578236056
3605,2023-06-20 03:00:00,19.520571562046598
3606,2023-06-20 04:00:00,37.387358049559225
3607,2023-06-20 05:00:00,141.0700646870303
3608,2023-06-20 06:00:00,269.25551020150766
3609,2023-06-20 07:00:00,373.5926916006703
3610,2023-06-20 08:00:00,464.9765550097817
3611,2023-06-20 09:00:00,592.9999970401474
3612,2023-06-20 10:00:00,776.9038310404915
3613,2023-06-20 11:00:00,961.5169106697333
3614,2023-06-20 12:00:00,1051.9468670521132
3615,2023-06-20 13:00:00,1002.1226065714868
3616,2023-06-20 14:00:00,872.5392271391694
3617,2023-06-20 15:00:00,794.2767237783858
3618,2023-06-20 16:00:00,862.8074641833463
3619,2023-06-20 17:00:00,1054.1392893879515
3620,2023-06-20 18:00:00,1239.5319967171613
3621,2023-06-20 19:00:00,1286.813521593328
3622,2023-06-20 20:00:00,1159.067877351363
3623,2023-06-20 21:00:00,927.5187509214211
3624,2023-06-20 22:00:00,696.9856683610127
3625,2023-06-20 23:00:00,520.1343886661195
3626,2023-06-21 00:00:00,378.1281577463849
3627,2023-06-21 01:00:00,233.81428611360843
3628,2023-06-21 02:00:00,92.88068245059424
3629,2023-06-21 03:00:00,7.466171068496351
3630,2023-06-21 04:00:00,22.036417022296973
3631,2023-06-21 05:00:00,123.17336651591864
3632,2023-06-21 06:00:00,249.54854435259023
3633,2023-06-21 07:00:00,352.7848756285275
3634,2023-06-21 08:00:00,443.7411125078817
3635,2023-06-21 09:00:00,571.964622359255
3636,2023-06-21 10:00:00,756.6422598425704
3637,2023-06-21 11:00:00,942.541502116877
3638,2023-06-21 12:00:00,1034.7022888380604
3639,2023-06-21 13:00:00,986.9806979734753
3640,2023-06-21 14:00:00,859.7950989726796
3641,2023-06-21 15:00:00,784.1461363582547
3642,2023-06-21 16:00:00,855.4255068634899
3643,2023-06-21 17:00:00,1049.5603669140155
3644,2023-06-21 18:00:00,1237.7311095702996
3645,2023-06-21 19:00:00,1287.6888098967747
3646,2023-06-21 20:00:00,1162.4443800492306
3647,2023-06-21 21:00:00,933.1533157649666
3648,2023-06-21 22:00:00,704.5729320978801
3649,2023-06-21 23:00:00,529.3137322564357
3650,2023-06-22 00:00:00,388.4915283574663
3651,2023-06-22 01:00:00,244.9147652998464
3652,2023-06-22 02:00:00,104.2416701883322
3653,2023-06-22 03:00:00,18.591046602520805
3654,2023-06-22 04:00:00,32.418531030141594
3655,2023-06-22 05:00:00,132.30621446559354
3656,2023-06-22 06:00:00,256.9359684354162
3657,2023-06-22 07:00:00,357.95114209463816
3658,2023-06-22 08:00:00,446.24071284418494
3659,2023-06-22 09:00:00,571.3916503835528
3660,2023-06-22 10:00:00,752.6392223637368
3661,2023-06-22 11:00:00,934.8074285004552
3662,2023-06-22 12:00:00,1023.000014003447
3663,2023-06-22 13:00:00,971.1432047010595
3664,2023-06-22 14:00:00,839.7308178640935
3665,2023-06-22 15:00:00,759.8431159847505
3666,2023-06-22 16:00:00,826.9543819031494
3667,2023-06-22 17:00:00,1017.0760684039469
3668,2023-06-22 18:00:00,1201.4732785859906
3669,2023-06-22 19:00:00,1247.9808934540806
3670,2023-06-22 20:00:00,1119.6914065461767
3671,2023-06-22 21:00:00,887.8383649540585
3672,2023-06-22 22:00:00,657.2523330863027
3673,2023-06-22 23:00:00,480.6110405412299
3674,2023-06-23 00:00:00,339.0903499889497
3675,2023-06-23 01:00:00,195.5505128389844
3676,2023-06-23 02:00:00,55.692350153684856
3677,2023-06-23 04:00:00,-12.047592408118021
3678,2023-06-23 05:00:00,91.1404328254689
3679,2023-06-23 06:00:00,219.91165633994797
3680,2023-06-23 07:00:00,325.8958255958346
3681,2023-06-23 08:00:00,419.9560685669021
3682,2023-06-23 09:00:00,551.6412916296417
3683,2023-06-23 10:00:00,740.1366838215972
3684,2023-06-23 11:00:00,930.204513352794
3685,2023-06-23 12:00:00,1026.87566417661
3686,2023-06-23 13:00:00,983.9930503229851
3687,2023-06-23 14:00:00,861.9575545248456
3688,2023-06-23 15:00:00,791.747849657487
3689,2023-06-23 16:00:00,868.7290702178686
3690,2023-06-23 17:00:00,1068.7971745449759
3691,2023-06-23 18:00:00,1263.0967397270188
3692,2023-06-23 19:00:00,1319.3384900934404
3693,2023-06-23 20:00:00,1200.4886021489508
3694,2023-06-23 21:00:00,977.653667656657
3695,2023-06-23 22:00:00,755.5382123713816
3696,2023-06-23 23:00:00,586.696412745214
3697,2023-06-24 00:00:00,131.86661532955424
3698,2023-06-24 01:00:00,-5.568823299753831
3699,2023-06-24 02:00:00,-140.3339320404615
3700,2023-06-24 03:00:00,-220.3754693639779
3701,2023-06-24 04:00:00,-201.3047800918372
3702,2023-06-24 05:00:00,-96.60679518364043
3703,2023-06-24 06:00:00,32.333742630702545
3704,2023-06-24 07:00:00,137.09468817945714
3705,2023-06-24 08:00:00,228.50137233302473
3706,2023-06-24 09:00:00,356.0797010047754
3707,2023-06-24 10:00:00,539.0071943597513
3708,2023-06-24 11:00:00,722.0541442109397
3709,2023-06-24 12:00:00,810.2753315917267
3710,2023-06-24 13:00:00,757.5534382509414
3711,2023-06-24 14:00:00,624.3447971738118
3712,2023-06-24 15:00:00,541.6988414673069
3713,2023-06-24 16:00:00,605.0662215243075
3714,2023-06-24 17:00:00,790.4424366902747
3715,2023-06-24 18:00:00,969.0847303677965
3716,2023-06-24 19:00:00,1008.8285591808758
3717,2023-06-24 20:00:00,872.7756902804351
3718,2023-06-24 21:00:00,632.1778217628463
3719,2023-06-24 22:00:00,391.8926386543824
3720,2023-06-24 23:00:00,204.63396320457235
3721,2023-06-25 00:00:00,51.622633537274396
3722,2023-06-25 01:00:00,-104.22742221566284
3723,2023-06-25 02:00:00,-257.1532786357253
3724,2023-06-25 03:00:00,-354.9334376542896
3725,2023-06-25 05:00:00,-264.71393503245406
3726,2023-06-25 06:00:00,-151.26528903250198
3727,2023-06-25 07:00:00,-60.93999711571303
3728,2023-06-25 08:00:00,17.22714006835531
3729,2023-06-25 09:00:00,132.89127856398505
3730,2023-06-25 10:00:00,305.3471586010743
3731,2023-06-25 11:00:00,479.46897924553843
3732,2023-06-25 12:00:00,560.4009772927502
3733,2023-06-25 13:00:00,502.0998573389502
3734,2023-06-25 14:00:00,365.07973000656364
3735,2023-06-25 15:00:00,280.43092675089866
3736,2023-06-25 16:00:00,343.62766906485206
3737,2023-06-25 17:00:00,530.6714430836142
3738,2023-06-25 18:00:00,712.8078319396017
3739,2023-06-25 19:00:00,757.8431167522255
3740,2023-06-25 20:00:00,628.8326990872321
3741,2023-06-25 21:00:00,396.9652356852505
3742,2023-06-25 22:00:00,167.0193919567228
3743,2023-06-25 23:00:00,-8.385135447964444
3744,2023-06-26 00:00:00,172.1823084472611
3745,2023-06-26 01:00:00,30.878553557790383
3746,2023-06-26 02:00:00,-106.34809117866894
3747,2023-06-26 03:00:00,-187.41885927461237
3748,2023-06-26 04:00:00,-167.92988432281857
3749,2023-06-26 05:00:00,-61.36206423400631
3750,2023-06-26 06:00:00,70.89291324192482
3751,2023-06-26 07:00:00,180.39504329076925
3752,2023-06-26 08:00:00,277.94104864682316
3753,2023-06-26 09:00:00,413.01774584888244
3754,2023-06-26 10:00:00,604.7534496365012
3755,2023-06-26 11:00:00,797.859589714206
3756,2023-06-26 12:00:00,897.3229766819169
3757,2023-06-26 13:00:00,856.9498449856717
3758,2023-06-26 14:00:00,737.1123113447643
3759,2023-06-26 15:00:00,668.7686000341375
3760,2023-06-26 16:00:00,747.271997011973
3761,2023-06-26 17:00:00,948.515369801062
3762,2023-06-26 18:00:00,1143.6489929677753
3763,2023-06-26 19:00:00,1200.3979795999057
3764,2023-06-26 20:00:00,1081.751363101101
3765,2023-06-26 21:00:00,858.8467136801048
3766,2023-06-26 22:00:00,636.4271918718769
3767,2023-06-26 23:00:00,467.09268730986804
3768,2023-06-27 00:00:00,331.95166697384724
3769,2023-06-27 01:00:00,193.80818994327007
3770,2023-06-27 02:00:00,58.31871718581226
3771,2023-06-27 03:00:00,-22.39745770291529
3772,2023-06-27 04:00:00,-3.882332639188803
3773,2023-06-27 05:00:00,100.45003372465487
3774,2023-06-27 06:00:00,229.28645404815597
3775,2023-06-27 07:00:00,334.2759191871788
3776,2023-06-27 08:00:00,426.31336908685654
3777,2023-06-27 09:00:00,554.9916941295647
3778,2023-06-27 10:00:00,739.551701361758
3779,2023-06-27 11:00:00,924.8222381108066
3780,2023-06-27 12:00:00,1015.9109290815886
3781,2023-06-27 13:00:00,966.7466741947817
3782,2023-06-27 14:00:00,837.8245648280551
3783,2023-06-27 15:00:00,760.224589406223
3784,2023-06-27 16:00:00,829.4191089395667
3785,2023-06-27 17:00:00,1021.4159577420826
3786,2023-06-27 18:00:00,1207.4749263003125
3787,2023-06-27 19:00:00,1255.4239431472292
3788,2023-06-27 20:00:00,1128.3470146464851
3789,2023-06-27 21:00:00,897.4678206630185
3790,2023-06-27 22:00:00,667.6058801261732
3791,2023-06-27 23:00:00,491.4269447828387
3792,2023-06-28 00:00:00,350.09425323855714
3793,2023-06-28 01:00:00,206.45510858730717
3794,2023-06-28 02:00:00,66.197412004934
3795,2023-06-28 03:00:00,-18.54001980253156
3796,2023-06-28 04:00:00,-3.291529477705126
3797,2023-06-28 05:00:00,98.52482137299467
3798,2023-06-28 06:00:00,225.5805496454929
3799,2023-06-28 07:00:00,329.49857241961433
3800,2023-06-28 08:00:00,421.13763373114784
3801,2023-06-28 09:00:00,550.0450927190657
3802,2023-06-28 10:00:00,735.407795677837
3803,2023-06-28 11:00:00,921.9932113182554
3804,2023-06-28 12:00:00,1014.8412706952947
3805,2023-06-28 13:00:00,967.8080430762361
3806,2023-06-28 14:00:00,841.3118890815595
3807,2023-06-28 15:00:00,766.3534442813288
3808,2023-06-28 16:00:00,838.3243963208499
3809,2023-06-28 17:00:00,1033.1518924108432
3810,2023-06-28 18:00:00,1222.0163162831059
3811,2023-06-28 19:00:00,1272.6687335061292
3812,2023-06-28 20:00:00,1148.1200466279176
3813,2023-06-28 21:00:00,919.5257416473028
3814,2023-06-28 22:00:00,691.643123684989
3815,2023-06-28 23:00:00,517.0826859421102
3816,2023-06-29 00:00:00,376.96023034926486
3817,2023-06-29 01:00:00,234.08419148603411
3818,2023-06-29 02:00:00,94.11278595010833
3819,2023-06-29 03:00:00,9.164806714778365
3820,2023-06-29 04:00:00,23.695879478699453
3821,2023-06-29 05:00:00,124.2880843045291
3822,2023-06-29 06:00:00,249.62328160760558
3823,2023-06-29 07:00:00,351.34480930754546
3824,2023-06-29 08:00:00,440.34163337868836
3825,2023-06-29 09:00:00,566.2007119475802
3826,2023-06-29 10:00:00,748.1573009198099
3827,2023-06-29 11:00:00,931.0353881012891
3828,2023-06-29 12:00:00,1019.9387066273246
3829,2023-06-29 13:00:00,968.7934700698438
3830,2023-06-29 14:00:00,838.0934832885491
3831,2023-06-29 15:00:00,758.9189961790138
3832,2023-06-29 16:00:00,826.7442788101438
3833,2023-06-29 17:00:00,1017.5807710125249
3834,2023-06-29 18:00:00,1202.693562774411
3835,2023-06-29 19:00:00,1249.9175217764125
3836,2023-06-29 20:00:00,1122.345128078195
3837,2023-06-29 21:00:00,891.2099150939923
3838,2023-06-29 22:00:00,661.3424333760701
3839,2023-06-29 23:00:00,485.4203984766865
3840,2023-06-30 00:00:00,344.6196588288896
3841,2023-06-30 01:00:00,201.80045142445084
3842,2023-06-30 02:00:00,62.66358270813771
3843,2023-06-30 03:00:00,-20.639631710619028
3844,2023-06-30 04:00:00,-3.631838697965577
3845,2023-06-30 05:00:00,100.279383538052
3846,2023-06-30 06:00:00,229.7744078498859
3847,2023-06-30 07:00:00,336.4829661551519
3848,2023-06-30 08:00:00,431.2681705901209
3849,2023-06-30 09:00:00,563.6789115530131
3850,2023-06-30 10:00:00,752.9003618827182
3851,2023-06-30 11:00:00,943.6947733895445
3852,2023-06-30 12:00:00,1041.0930134262412
3853,2023-06-30 13:00:00,998.9379792066114
3854,2023-06-30 14:00:00,877.6305364563476
3855,2023-06-30 15:00:00,808.1493408247684
3856,2023-06-30 16:00:00,885.8595093757363
3857,2023-06-30 17:00:00,1086.6569827995177
3858,2023-06-30 18:00:00,1281.6863203491575
3859,2023-06-30 19:00:00,1338.6582282701515
3860,2023-06-30 20:00:00,1220.5388648048818
3861,2023-06-30 21:00:00,998.4348032211027
3862,2023-06-30 22:00:00,777.0505505728484
3863,2023-06-30 23:00:00,608.9402643932789
3864,2023-07-01 00:00:00,154.84227209644996
3865,2023-07-01 01:00:00,18.13891091638186
3866,2023-07-01 02:00:00,-115.89386762161405
3867,2023-07-01 03:00:00,-195.20308213624673
3868,2023-07-01 04:00:00,-175.3998570962067
3869,2023-07-01 05:00:00,-69.96914367716204
3870,2023-07-01 06:00:00,59.70429493455697
3871,2023-07-01 07:00:00,165.19829292394337
3872,2023-07-01 08:00:00,257.33816027020424
3873,2023-07-01 09:00:00,385.64978178858377
3874,2023-07-01 10:00:00,569.3106563194998
3875,2023-07-01 11:00:00,753.0910541226488
3876,2023-07-01 12:00:00,842.0457344947883
3877,2023-07-01 13:00:00,790.0573571639354
3878,2023-07-01 14:00:00,657.5822329282721
3879,2023-07-01 15:00:00,575.6697724424455
3880,2023-07-01 16:00:00,639.7706034606225
3881,2023-07-01 17:00:00,825.8802024437036
3882,2023-07-01 18:00:00,1005.2557896928051
3883,2023-07-01 19:00:00,1045.7327985073098
3884,2023-07-01 20:00:00,910.4129724976038
3885,2023-07-01 21:00:00,670.5479859932024
3886,2023-07-01 22:00:00,430.9955000257862
3887,2023-07-01 23:00:00,244.46931260872242
3888,2023-07-02 00:00:00,92.19023746190203
3889,2023-07-02 01:00:00,-62.927821955719764
3890,2023-07-02 02:00:00,-215.12196511198147
3891,2023-07-02 03:00:00,-312.170719026292
3892,2023-07-02 04:00:00,-309.5189624693252
3893,2023-07-02 05:00:00,-220.48943223107085
3894,2023-07-02 06:00:00,-106.3104584680865
3895,2023-07-02 07:00:00,-15.255249579333963
3896,2023-07-02 08:00:00,63.641367579162534
3897,2023-07-02 09:00:00,180.03452261953777
3898,2023-07-02 10:00:00,353.218929142416
3899,2023-07-02 11:00:00,528.0687593353098
3900,2023-07-02 12:00:00,609.7282229176693
3901,2023-07-02 13:00:00,552.1539971899784
3902,2023-07-02 14:00:00,415.8601652662031
3903,2023-07-02 15:00:00,331.9370308581668
3904,2023-07-02 16:00:00,395.85878752643646
3905,2023-07-02 17:00:00,583.6268932497142
3906,2023-07-02 18:00:00,766.4869027811848
3907,2023-07-02 19:00:00,812.2450686599174
3908,2023-07-02 20:00:00,683.9567636582934
3909,2023-07-02 21:00:00,452.8106155189565
3910,2023-07-02 22:00:00,223.585260422786
3911,2023-07-02 23:00:00,48.90036561412376
3912,2023-07-03 00:00:00,230.18655643382164
3913,2023-07-03 01:00:00,89.60063296229168
3914,2023-07-03 02:00:00,-46.909125908143324
3915,2023-07-03 03:00:00,-127.2639839130361
3916,2023-07-03 04:00:00,-107.06010511446686
3917,2023-07-03 05:00:00,0.22158193989389474
3918,2023-07-03 06:00:00,133.18935865770538
3919,2023-07-03 07:00:00,243.4031891738224
3920,2023-07-03 08:00:00,341.6597649959009
3921,2023-07-03 09:00:00,477.44587120525523
3922,2023-07-03 10:00:00,669.8897909331604
3923,2023-07-03 11:00:00,863.7029220435053
3924,2023-07-03 12:00:00,963.8720431295459
3925,2023-07-03 13:00:00,924.2033564355551
3926,2023-07-03 14:00:00,805.0689462964615
3927,2023-07-03 15:00:00,737.4270043970884
3928,2023-07-03 16:00:00,816.6307839464421
3929,2023-07-03 17:00:00,1018.5731195276433
3930,2023-07-03 18:00:00,1214.4042525749576
3931,2023-07-03 19:00:00,1271.8492628779304
3932,2023-07-03 20:00:00,1153.8971503620946
3933,2023-07-03 21:00:00,931.6854515908548
3934,2023-07-03 22:00:00,709.9572932561167
3935,2023-07-03 23:00:00,541.3125310112495
3936,2023-07-04 00:00:00,406.85959766275823
3937,2023-07-04 01:00:00,269.40251795714875
3938,2023-07-04 02:00:00,134.59771835953637
3939,2023-07-04 03:00:00,54.564457820655434
3940,2023-07-04 04:00:00,73.76070359191283
3941,2023-07-04 05:00:00,178.77236203883467
3942,2023-07-04 06:00:00,308.286210695694
3943,2023-07-04 07:00:00,413.9512051272871
3944,2023-07-04 08:00:00,506.66224983224726
3945,2023-07-04 09:00:00,636.0121996182245
3946,2023-07-04 10:00:00,821.2418257918875
3947,2023-07-04 11:00:00,1007.1799397910265
3948,2023-07-04 12:00:00,1098.9341303093543
3949,2023-07-04 13:00:00,1050.4332611046336
3950,2023-07-04 14:00:00,922.1723872597322
3951,2023-07-04 15:00:00,845.2314607691021
3952,2023-07-04 16:00:00,915.082806077409
3953,2023-07-04 17:00:00,1107.7342208140635
3954,2023-07-04 18:00:00,1294.445458635905
3955,2023-07-04 19:00:00,1343.044411152322
3956,2023-07-04 20:00:00,1216.615047652775
3957,2023-07-04 21:00:00,986.3810108284849
3958,2023-07-04 22:00:00,757.1617823154396
3959,2023-07-04 23:00:00,581.6230764555671
3960,2023-07-05 00:00:00,440.92809433244133
3961,2023-07-05 01:00:00,297.92410141733467
3962,2023-07-05 02:00:00,158.29896117495662
3963,2023-07-05 03:00:00,74.19145246867299
3964,2023-07-05 04:00:00,90.0671947377673
3965,2023-07-05 05:00:00,192.50808835801024
3966,2023-07-05 06:00:00,320.1856121207265
3967,2023-07-05 07:00:00,424.72264489247607
3968,2023-07-05 08:00:00,516.97789243994
3969,2023-07-05 09:00:00,646.4986755316997
3970,2023-07-05 10:00:00,832.471802016656
3971,2023-07-05 11:00:00,1019.664702082807
3972,2023-07-05 12:00:00,1113.1172681993553
3973,2023-07-05 13:00:00,1066.6855309715002
3974,2023-07-05 14:00:00,940.7878122790769
3975,2023-07-05 15:00:00,866.4247089169614
3976,2023-07-05 16:00:00,938.9878696748212
3977,2023-07-05 17:00:00,1134.404402848959
3978,2023-07-05 18:00:00,1323.8546532293208
3979,2023-07-05 19:00:00,1375.0896473715948
3980,2023-07-05 20:00:00,1251.1202487625906
3981,2023-07-05 21:00:00,1023.1019043127562
3982,2023-07-05 22:00:00,795.7918800096372
3983,2023-07-05 23:00:00,621.8006298864633
3984,2023-07-06 00:00:00,482.2439166688611
3985,2023-07-06 01:00:00,339.930135706155
3986,2023-07-06 02:00:00,200.51746435906148
3987,2023-07-06 03:00:00,116.12465631031421
3988,2023-07-06 04:00:00,131.2072979715482
3989,2023-07-06 05:00:00,232.34743011049005
3990,2023-07-06 06:00:00,358.22687382592454
3991,2023-07-06 07:00:00,460.4889277051299
3992,2023-07-06 08:00:00,550.022518415974
3993,2023-07-06 09:00:00,676.4145647589185
3994,2023-07-06 10:00:00,858.9002833235193
3995,2023-07-06 11:00:00,1042.3036226078189
3996,2023-07-06 12:00:00,1131.7282764591628
3997,2023-07-06 13:00:00,1081.1004191749753
3998,2023-07-06 14:00:00,950.9138163438639
3999,2023-07-06 15:00:00,872.2486786470516
4000,2023-07-06 16:00:00,940.579236943581
4001,2023-07-06 17:00:00,1131.9168918918854
4002,2023-07-06 18:00:00,1317.526694339355
4003,2023-07-06 19:00:00,1365.2434728866351
4004,2023-07-06 20:00:00,1238.1596685284167
4005,2023-07-06 21:00:00,1007.5087756825903
4006,2023-07-06 22:00:00,778.1213059503822
4007,2023-07-06 23:00:00,602.6749359907299
4008,2023-07-07 00:00:00,462.345475394811
4009,2023-07-07 01:00:00,319.99312238369095
4010,2023-07-07 02:00:00,181.3186447127698
4011,2023-07-07 03:00:00,98.4733193449548
4012,2023-07-07 04:00:00,115.93446086504395
4013,2023-07-07 05:00:00,220.29445258566926
4014,2023-07-07 06:00:00,350.233628990906
4015,2023-07-07 07:00:00,457.38168366476316
4016,2023-07-07 08:00:00,552.6016905529034
4017,2023-07-07 09:00:00,685.4425019330744
4018,2023-07-07 10:00:00,875.0892526544401
4019,2023-07-07 11:00:00,1066.3041565926856
4020,2023-07-07 12:00:00,1164.1180433137072
4021,2023-07-07 13:00:00,1122.3737723547774
4022,2023-07-07 14:00:00,1001.4721718552394
4023,2023-07-07 15:00:00,932.3918600411012
4024,2023-07-07 16:00:00,1010.4979166444608
4025,2023-07-07 17:00:00,1211.6862451694922
4026,2023-07-07 18:00:00,1407.1013678116883
4027,2023-07-07 19:00:00,1464.4539538998174
4028,2023-07-07 20:00:00,1346.7101249046893
4029,2023-07-07 21:00:00,1124.976417460739
4030,2023-07-07 22:00:00,903.957302157184
4031,2023-07-07 23:00:00,736.2069001879984
4032,2023-07-08 00:00:00,282.4635028193124
4033,2023-07-08 01:00:00,146.10941128056953
4034,2023-07-08 02:00:00,12.420541266394139
4035,2023-07-08 03:00:00,-66.55016150361655
4036,2023-07-08 04:00:00,-46.40593721594405
4037,2023-07-08 05:00:00,59.36030833130053
4038,2023-07-08 06:00:00,189.36377683676392
4039,2023-07-08 07:00:00,295.18226755684816
4040,2023-07-08 08:00:00,387.641055731636
4041,2023-07-08 09:00:00,516.2659916470097
4042,2023-07-08 10:00:00,700.2345397908738
4043,2023-07-08 11:00:00,884.3169363111757
4044,2023-07-08 12:00:00,973.5679065679435
4045,2023-07-08 13:00:00,921.8700765884031
4046,2023-07-08 14:00:00,789.6797236858882
4047,2023-07-08 15:00:00,708.0462252416827
4048,2023-07-08 16:00:00,772.4201759732525
4049,2023-07-08 17:00:00,958.7970195338544
4050,2023-07-08 18:00:00,1138.4339436403345
4051,2023-07-08 19:00:00,1179.1663492836688
4052,2023-07-08 20:00:00,1044.0959479611638
4053,2023-07-08 21:00:00,804.4743821596878
4054,2023-07-08 22:00:00,565.1592813343616
4055,2023-07-08 23:00:00,378.8644121406202
4056,2023-07-09 00:00:00,226.81055724002766
4057,2023-07-09 01:00:00,71.91158927255185
4058,2023-07-09 02:00:00,-80.06962177367564
4059,2023-07-09 03:00:00,-176.91163319178145
4060,2023-07-09 04:00:00,-174.05935374313742
4061,2023-07-09 05:00:00,-84.83554993702626
4062,2023-07-09 06:00:00,29.531418640909237
4063,2023-07-09 07:00:00,120.76831444935686
4064,2023-07-09 08:00:00,199.84028177994793
4065,2023-07-09 09:00:00,316.40242169682506
4066,2023-07-09 10:00:00,489.74941953507624
4067,2023-07-09 11:00:00,664.7554195498799
4068,2023-07-09 12:00:00,746.5646038072513
4069,2023-07-09 13:00:00,689.1336222848645
4070,2023-07-09 14:00:00,552.9765310858606
4071,2023-07-09 15:00:00,469.18360723198026
4072,2023-07-09 16:00:00,533.2290179099144
4073,2023-07-09 17:00:00,721.114195063176
4074,2023-07-09 18:00:00,904.084667734524
4075,2023-07-09 19:00:00,949.946663091078
4076,2023-07-09 20:00:00,821.755528875932
4077,2023-07-09 21:00:00,590.6998681353969
4078,2023-07-09 22:00:00,361.55829272070906
4079,2023-07-09 23:00:00,186.95044587539678
4080,2023-07-10 00:00:00,368.30692929108704
4081,2023-07-10 01:00:00,227.78451978954558
4082,2023-07-10 02:00:00,91.33147333692648
4083,2023-07-10 03:00:00,11.026503644071113
4084,2023-07-10 04:00:00,31.27342447299236
4085,2023-07-10 05:00:00,138.59128546534885
4086,2023-07-10 06:00:00,271.58834657707484
4087,2023-07-10 07:00:00,381.824550922206
4088,2023-07-10 08:00:00,480.09656931622385
4089,2023-07-10 09:00:00,615.8911665621829
4090,2023-07-10 10:00:00,808.3366058852904
4091,2023-07-10 11:00:00,1002.1442656899767
4092,2023-07-10 12:00:00,1102.3009054319243
4093,2023-07-10 13:00:00,1062.6127086620481
4094,2023-07-10 14:00:00,943.4517414271503
4095,2023-07-10 15:00:00,875.776177520368
4096,2023-07-10 16:00:00,954.9392526722288
4097,2023-07-10 17:00:00,1156.833784394331
4098,2023-07-10 18:00:00,1352.6099974921788
4099,2023-07-10 19:00:00,1409.992955509575
4100,2023-07-10 20:00:00,1291.9716425828092
4101,2023-07-10 21:00:00,1069.6835798940087
4102,2023-07-10 22:00:00,847.8718791923534
4103,2023-07-10 23:00:00,679.1363816185594
4104,2023-07-11 00:00:00,544.5855058994823
4105,2023-07-11 01:00:00,407.02326315205426
4106,2023-07-11 02:00:00,272.1060666382356
4107,2023-07-11 03:00:00,191.95316256209537
4108,2023-07-11 04:00:00,211.02250587358782
4109,2023-07-11 05:00:00,315.89999109387236
4110,2023-07-11 06:00:00,445.27238434307856
4111,2023-07-11 07:00:00,550.7886302653021
4112,2023-07-11 08:00:00,643.3436228660414
4113,2023-07-11 09:00:00,772.53020693961
4114,2023-07-11 10:00:00,957.5891442359382
4115,2023-07-11 11:00:00,1143.3492370992635
4116,2023-07-11 12:00:00,1234.9180656313565
4117,2023-07-11 13:00:00,1186.2244854169232
4118,2023-07-11 14:00:00,1057.7635438874477
4119,2023-07-11 15:00:00,980.6151858446308
4120,2023-07-11 16:00:00,1050.2517290187702
4121,2023-07-11 17:00:00,1242.6809648086457
4122,2023-07-11 18:00:00,1429.1626411416044
4123,2023-07-11 19:00:00,1477.524644357358
4124,2023-07-11 20:00:00,1350.8509389839337
4125,2023-07-11 21:00:00,1120.3651634416267
4126,2023-07-11 22:00:00,890.8867955866627
4127,2023-07-11 23:00:00,715.0815464774545
4128,2023-07-12 00:00:00,574.1126144096874
4129,2023-07-12 01:00:00,430.82726257788227
4130,2023-07-12 02:00:00,290.91335265732255
4131,2023-07-12 03:00:00,206.50966223731598
4132,2023-07-12 04:00:00,222.0818099875405
4133,2023-07-12 05:00:00,324.2116960279984
4134,2023-07-12 06:00:00,451.57079938294066
4135,2023-07-12 07:00:00,555.7819996981999
4136,2023-07-12 08:00:00,647.7040040053514
4137,2023-07-12 09:00:00,776.8841348676024
4138,2023-07-12 10:00:00,962.5092024401865
4139,2023-07-12 11:00:00,1149.346639738591
4140,2023-07-12 12:00:00,1242.4363425829588
4141,2023-07-12 13:00:00,1195.6343454429143
4142,2023-07-12 14:00:00,1069.358974600615
4143,2023-07-12 15:00:00,994.6108317681012
4144,2023-07-12 16:00:00,1066.781571180315
4145,2023-07-12 17:00:00,1261.798307100387
4146,2023-07-12 18:00:00,1450.8413908395264
4147,2023-07-12 19:00:00,1501.6618559675444
4148,2023-07-12 20:00:00,1377.2705735616698
4149,2023-07-12 21:00:00,1148.8229985920937
4150,2023-07-12 22:00:00,921.0764057155374
4151,2023-07-12 23:00:00,746.6412581220957
4152,2023-07-13 00:00:00,606.6333282474874
4153,2023-07-13 01:00:00,463.8610216614671
4154,2023-07-13 02:00:00,323.9825265190441
4155,2023-07-13 03:00:00,239.11660783155259
4156,2023-07-13 04:00:00,253.71886385279953
4157,2023-07-13 05:00:00,354.3713477553887
4158,2023-07-13 06:00:00,479.75589357837976
4159,2023-07-13 07:00:00,581.5158133869354
4160,2023-07-13 08:00:00,670.5400478865863
4161,2023-07-13 09:00:00,796.4155304258941
4162,2023-07-13 10:00:00,978.3774927262509
4163,2023-07-13 11:00:00,1161.2498989243431
4164,2023-07-13 12:00:00,1250.1364590734647
4165,2023-07-13 13:00:00,1198.9633642169313
4166,2023-07-13 14:00:00,1068.2243972393862
4167,2023-07-13 15:00:00,988.9997866413773
4168,2023-07-13 16:00:00,1056.7637816759407
4169,2023-07-13 17:00:00,1247.5278019289885
4170,2023-07-13 18:00:00,1432.5569177124908
4171,2023-07-13 19:00:00,1479.6859776483902
4172,2023-07-13 20:00:00,1352.0074432968197
4173,2023-07-13 21:00:00,1120.7548301929116
4174,2023-07-13 22:00:00,890.7586715755747
4175,2023-07-13 23:00:00,714.6966663240129
4176,2023-07-14 00:00:00,573.7446467684259
4177,2023-07-14 01:00:00,430.76283442157865
4178,2023-07-14 02:00:00,291.45202087022653
4179,2023-07-14 03:00:00,207.96350747309123
4180,2023-07-14 04:00:00,224.77463372803538
4181,2023-07-14 05:00:00,328.47780841244753
4182,2023-07-14 06:00:00,457.7533920305949
4183,2023-07-14 07:00:00,564.2311047166522
4184,2023-07-14 08:00:00,658.7740475108836
4185,2023-07-14 09:00:00,790.9311003198422
4186,2023-07-14 10:00:00,979.8874261855769
4187,2023-07-14 11:00:00,1170.4052676816873
4188,2023-07-14 12:00:00,1267.515483631622
4189,2023-07-14 13:00:00,1225.060963368143
4190,2023-07-14 14:00:00,1103.4425653608196
4191,2023-07-14 15:00:00,1033.6389386844062
4192,2023-07-14 16:00:00,1111.015194470249
4193,2023-07-14 17:00:00,1311.4672681839647
4194,2023-07-14 18:00:00,1506.1397144458201
4195,2023-07-14 19:00:00,1562.743235590477
4196,2023-07-14 20:00:00,1444.2439866127286
4197,2023-07-14 21:00:00,1221.7485382040186
4198,2023-07-14 22:00:00,999.961395515814
4199,2023-07-14 23:00:00,831.4367148607404
4200,2023-07-15 23:00:00,453.5779823298954
4201,2023-07-16 00:00:00,300.5985457598774
4202,2023-07-16 01:00:00,144.76883533344363
4203,2023-07-16 02:00:00,-8.148230453259998
4204,2023-07-16 03:00:00,-105.93115987247336
4205,2023-07-16 04:00:00,-104.02481223720247
4206,2023-07-16 05:00:00,-15.751904142583726
4207,2023-07-16 06:00:00,97.65925519587995
4208,2023-07-16 07:00:00,187.93547903779074
4209,2023-07-16 08:00:00,266.0419629541246
4210,2023-07-16 09:00:00,381.6338597110289
4211,2023-07-16 10:00:00,554.005906790563
4212,2023-07-16 11:00:00,728.0323010312177
4213,2023-07-16 12:00:00,808.857277523191
4214,2023-07-16 13:00:00,750.4375396956514
4215,2023-07-16 14:00:00,613.2871975132581
4216,2023-07-16 15:00:00,528.4965823148774
4217,2023-07-16 16:00:00,591.5399160001991
4218,2023-07-16 17:00:00,778.418685647558
4219,2023-07-16 18:00:00,960.3784758418378
4220,2023-07-16 19:00:00,1005.2255697235662
4221,2023-07-16 20:00:00,876.0153713834691
4222,2023-07-16 21:00:00,643.9365406373147
4223,2023-07-16 22:00:00,413.76774649786984
4224,2023-07-16 23:00:00,238.12868976427734
4225,2023-07-17 00:00:00,418.45003006693685
4226,2023-07-17 01:00:00,276.8886025555008
4227,2023-07-17 02:00:00,139.39272192853838
4228,2023-07-17 03:00:00,58.04116095222423
4229,2023-07-17 04:00:00,77.23779287258549
4230,2023-07-17 05:00:00,183.50172715840728
4231,2023-07-17 06:00:00,315.4412839663677
4232,2023-07-17 07:00:00,424.6164669533703
4233,2023-07-17 08:00:00,521.8240078629688
4234,2023-07-17 09:00:00,656.5507327583329
4235,2023-07-17 10:00:00,847.9249664777792
4236,2023-07-17 11:00:00,1040.6581493802018
4237,2023-07-17 12:00:00,1139.7371032239396
4238,2023-07-17 13:00:00,1098.9680741967275
4239,2023-07-17 14:00:00,978.7231912726932
4240,2023-07-17 15:00:00,909.9606915670871
4241,2023-07-17 16:00:00,988.0338744034768
4242,2023-07-17 17:00:00,1188.8356212154513
4243,2023-07-17 18:00:00,1383.5162210349702
4244,2023-07-17 19:00:00,1439.8008019633908
4245,2023-07-17 20:00:00,1320.6784129644993
4246,2023-07-17 21:00:00,1097.286640365922
4247,2023-07-17 22:00:00,874.3686613493331
4248,2023-07-17 23:00:00,704.5243827764008
4249,2023-07-18 00:00:00,568.8622893694542
4250,2023-07-18 01:00:00,430.1864585244773
4251,2023-07-18 02:00:00,294.1533700699978
4252,2023-07-18 03:00:00,212.8823370133668
4253,2023-07-18 04:00:00,230.83138139282062
4254,2023-07-18 05:00:00,334.58646507015044
4255,2023-07-18 06:00:00,462.8344217629392
4256,2023-07-18 07:00:00,567.2242639387575
4257,2023-07-18 08:00:00,658.6509537011514
4258,2023-07-18 09:00:00,786.7074041566044
4259,2023-07-18 10:00:00,970.6344456048137
4260,2023-07-18 11:00:00,1155.2609491643702
4261,2023-07-18 12:00:00,1245.6945639410442
4262,2023-07-18 13:00:00,1195.8642147351384
4263,2023-07-18 14:00:00,1066.2650183871633
4264,2023-07-18 15:00:00,987.976989344935
4265,2023-07-18 16:00:00,1056.4725151612395
4266,2023-07-18 17:00:00,1247.7594572570974
4267,2023-07-18 18:00:00,1433.0976337623524
4268,2023-07-18 19:00:00,1480.3150014382481
4269,2023-07-18 20:00:00,1352.4955953637023
4270,2023-07-18 21:00:00,1120.863124705332
4271,2023-07-18 22:00:00,890.2371382532799
4272,2023-07-18 23:00:00,713.2834180978704
4273,2023-07-19 00:00:00,571.1652338010385
4274,2023-07-19 01:00:00,426.7299199225655
4275,2023-07-19 02:00:00,285.6654096606519
4276,2023-07-19 03:00:00,200.11055226423463
4277,2023-07-19 04:00:00,214.5310382034108
4278,2023-07-19 05:00:00,315.508839514699
4279,2023-07-19 06:00:00,441.71550726749825
4280,2023-07-19 07:00:00,544.773993266475
4281,2023-07-19 08:00:00,635.54307680855
4282,2023-07-19 09:00:00,763.5701528382837
4283,2023-07-19 10:00:00,948.0421039662787
4284,2023-07-19 11:00:00,1133.726435791596
4285,2023-07-19 12:00:00,1225.6631167681053
4286,2023-07-19 13:00:00,1177.70825410306
4287,2023-07-19 14:00:00,1050.2802468854895
4288,2023-07-19 15:00:00,974.3797697034727
4289,2023-07-19 16:00:00,1045.3985497249691
4290,2023-07-19 17:00:00,1239.2637742119198
4291,2023-07-19 18:00:00,1427.155867518935
4292,2023-07-19 19:00:00,1476.8259363083673
4293,2023-07-19 20:00:00,1351.284924792406
4294,2023-07-19 21:00:00,1121.6883610984796
4295,2023-07-19 22:00:00,892.7935930882019
4296,2023-07-19 23:00:00,717.2111571558604
4297,2023-07-20 00:00:00,576.0568989543323
4298,2023-07-20 01:00:00,432.13929731198965
4299,2023-07-20 02:00:00,291.1166136164163
4300,2023-07-20 03:00:00,205.10768611772937
4301,2023-07-20 04:00:00,218.56818630055744
4302,2023-07-20 05:00:00,318.08024055309323
4303,2023-07-20 06:00:00,442.3257561094292
4304,2023-07-20 07:00:00,542.9481182027687
4305,2023-07-20 08:00:00,630.8363406707521
4306,2023-07-20 09:00:00,755.5774299649738
4307,2023-07-20 10:00:00,936.4066908443829
4308,2023-07-20 11:00:00,1118.1481604633545
4309,2023-07-20 12:00:00,1205.9056218030028
4310,2023-07-20 13:00:00,1153.605338792306
4311,2023-07-20 14:00:00,1021.7411671274583
4312,2023-07-20 15:00:00,941.393408045124
4313,2023-07-20 16:00:00,1008.0363834450441
4314,2023-07-20 17:00:00,1197.6815854842098
4315,2023-07-20 18:00:00,1381.594156943802
4316,2023-07-20 19:00:00,1427.6090188187923
4317,2023-07-20 20:00:00,1298.8187049401163
4318,2023-07-20 21:00:00,1066.4568029892348
4319,2023-07-20 22:00:00,835.3539182582012
4320,2023-07-20 23:00:00,658.18782151814
4321,2023-07-21 00:00:00,516.1344168991457
4322,2023-07-21 01:00:00,372.0539975545235
4323,2023-07-21 02:00:00,231.64742657597645
4324,2023-07-21 03:00:00,147.06607667730833
4325,2023-07-21 04:00:00,162.7873585641392
4326,2023-07-21 05:00:00,265.40375205184995
4327,2023-07-21 06:00:00,393.5956885230353
4328,2023-07-21 07:00:00,498.9929588158623
4329,2023-07-21 08:00:00,592.4587344898746
4330,2023-07-21 09:00:00,723.541965811455
4331,2023-07-21 10:00:00,911.4278859485036
4332,2023-07-21 11:00:00,1100.8788074520237
4333,2023-07-21 12:00:00,1196.9256588833016
4334,2023-07-21 13:00:00,1153.4113991261715
4335,2023-07-21 14:00:00,1030.7369559822432
4336,2023-07-21 15:00:00,959.8810476371664
4337,2023-07-21 16:00:00,1036.2088541069368
4338,2023-07-21 17:00:00,1235.616379503378
4339,2023-07-21 18:00:00,1429.2482468804014
4340,2023-07-21 19:00:00,1484.8152267294695
4341,2023-07-21 20:00:00,1365.2835419705493
4342,2023-07-21 21:00:00,1141.7598309693635
4343,2023-07-21 22:00:00,918.9486662836442
4344,2023-07-21 23:00:00,749.404271366753
4345,2023-07-22 00:00:00,293.8650399693679
4346,2023-07-22 01:00:00,155.71337606846015
4347,2023-07-22 02:00:00,20.225298319489752
4348,2023-07-22 03:00:00,-60.546144333364396
4349,2023-07-22 04:00:00,-42.21200842079668
4350,2023-07-22 05:00:00,61.74282321908038
4351,2023-07-22 06:00:00,189.9336561246268
4352,2023-07-22 07:00:00,293.9383936153195
4353,2023-07-22 08:00:00,384.5824151605631
4354,2023-07-22 09:00:00,511.39167546643387
4355,2023-07-22 10:00:00,693.5437436367218
4356,2023-07-22 11:00:00,875.8089605705857
4357,2023-07-22 12:00:00,963.2421565683293
4358,2023-07-22 13:00:00,909.726062735931
4359,2023-07-22 14:00:00,775.7170616328546
4360,2023-07-22 15:00:00,692.2646359896238
4361,2023-07-22 16:00:00,754.8194860351618
4362,2023-07-22 17:00:00,939.3771610268022
4363,2023-07-22 18:00:00,1117.1949544653544
4364,2023-07-22 19:00:00,1156.108373131504
4365,2023-07-22 20:00:00,1019.2192344911077
4366,2023-07-22 21:00:00,777.7792870804757
4367,2023-07-22 22:00:00,536.6462664272128
4368,2023-07-22 23:00:00,348.5340454304415
4369,2023-07-23 00:00:00,194.66351299605077
4370,2023-07-23 01:00:00,37.94864808095781
4371,2023-07-23 02:00:00,-115.8475729602252
4372,2023-07-23 03:00:00,-214.50360098692545
4373,2023-07-23 04:00:00,-213.4550327851997
4374,2023-07-23 05:00:00,-126.03373316420823
4375,2023-07-23 06:00:00,-13.467955228037226
4376,2023-07-23 07:00:00,75.96917000157168
4377,2023-07-23 08:00:00,153.2428933364124
4378,2023-07-23 09:00:00,268.00842235411636
4379,2023-07-23 10:00:00,439.56054888618854
4380,2023-07-23 11:00:00,612.7735236660749
4381,2023-07-23 12:00:00,692.791635219721
4382,2023-07-23 13:00:00,633.5716399343314
4383,2023-07-23 14:00:00,495.62770027827423
4384,2023-07-23 15:00:00,410.050199605325
4385,2023-07-23 16:00:00,472.31341135162126
4386,2023-07-23 17:00:00,658.4188736408847
4387,2023-07-23 18:00:00,839.6122216362223
4388,2023-07-23 19:00:00,883.6997885283382
4389,2023-07-23 20:00:00,753.7370279898751
4390,2023-07-23 21:00:00,520.9126488991621
4391,2023-07-23 22:00:00,290.0053688312734
4392,2023-07-23 23:00:00,113.63493663430779
4393,2023-07-24 00:00:00,293.2320594673981
4394,2023-07-24 01:00:00,150.95361950258985
4395,2023-07-24 02:00:00,12.747977919520395
4396,2023-07-24 03:00:00,-69.30604655044397
4397,2023-07-24 04:00:00,-50.804535230392844
4398,2023-07-24 05:00:00,54.77166623722201
4399,2023-07-24 06:00:00,186.03092238262684
4400,2023-07-24 07:00:00,294.533280657731
4401,2023-07-24 08:00:00,391.07551607141806
4402,2023-07-24 09:00:00,525.1444973926921
4403,2023-07-24 10:00:00,715.8685916478657
4404,2023-07-24 11:00:00,907.9592807626418
4405,2023-07-24 12:00:00,1006.4034275443869
4406,2023-07-24 13:00:00,965.0073186537618
4407,2023-07-24 14:00:00,844.1431229714544
4408,2023-07-24 15:00:00,774.7691169279137
4409,2023-07-24 16:00:00,852.2386386110811
4410,2023-07-24 17:00:00,1052.4446076308795
4411,2023-07-24 18:00:00,1246.537350600509
4412,2023-07-24 19:00:00,1302.2420326291299
4413,2023-07-24 20:00:00,1182.547739096722
4414,2023-07-24 21:00:00,958.592092159974
4415,2023-07-24 22:00:00,735.1183042112568
4416,2023-07-24 23:00:00,564.7263167568987
4417,2023-07-25 00:00:00,428.524648539378
4418,2023-07-25 01:00:00,289.31741037585874
4419,2023-07-25 02:00:00,152.76111490396045
4420,2023-07-25 03:00:00,70.97510734999696
4421,2023-07-25 04:00:00,88.41744133103987
4422,2023-07-25 05:00:00,191.67410967994658
4423,2023-07-25 06:00:00,319.4319764797
4424,2023-07-25 07:00:00,423.3400839297958
4425,2023-07-25 08:00:00,514.2934232437974
4426,2023-07-25 09:00:00,641.8849360079593
4427,2023-07-25 10:00:00,825.3554803923738
4428,2023-07-25 11:00:00,1009.5339547251674
4429,2023-07-25 12:00:00,1099.5280347071616
4430,2023-07-25 13:00:00,1049.2666710958865
4431,2023-07-25 14:00:00,919.2450060637277
4432,2023-07-25 15:00:00,840.5430786942497
4433,2023-07-25 16:00:00,908.6333006130865
4434,2023-07-25 17:00:00,1099.5235566239874
4435,2023-07-25 18:00:00,1284.4736875928006
4436,2023-07-25 19:00:00,1331.3116723796106
4437,2023-07-25 20:00:00,1203.1215675096223
4438,2023-07-25 21:00:00,971.1271029501335
4439,2023-07-25 22:00:00,740.1478476142813
4440,2023-07-25 23:00:00,562.8496030935563
4441,2023-07-26 00:00:00,420.3956577709514
4442,2023-07-26 01:00:00,275.6333643815502
4443,2023-07-26 03:00:00,48.38645157680162
4444,2023-07-26 04:00:00,62.50640492852335
4445,2023-07-26 05:00:00,163.19252121520987
4446,2023-07-26 06:00:00,289.11636636850267
4447,2023-07-26 07:00:00,391.90090637782515
4448,2023-07-26 08:00:00,482.4049340594022
4449,2023-07-26 09:00:00,610.1758572008298
4450,2023-07-26 10:00:00,794.4005706104889
4451,2023-07-26 11:00:00,979.8465913781176
4452,2023-07-26 12:00:00,1071.553898801117
4453,2023-07-26 13:00:00,1023.3786102519487
4454,2023-07-26 14:00:00,895.7391343158845
4455,2023-07-26 15:00:00,819.636154382566
4456,2023-07-26 16:00:00,890.4614057719893
4457,2023-07-26 17:00:00,1084.1420832147946
4458,2023-07-26 18:00:00,1271.858617845206
4459,2023-07-26 19:00:00,1321.3621224417134
4460,2023-07-26 20:00:00,1195.6635466529196
4461,2023-07-26 21:00:00,965.9184233715694
4462,2023-07-26 22:00:00,736.8841045241107
4463,2023-07-26 23:00:00,561.1711299234612
4464,2023-07-27 00:00:00,419.895347940611
4465,2023-07-27 01:00:00,275.86523945028813
4466,2023-07-27 02:00:00,134.73906720810703
4467,2023-07-27 03:00:00,48.63567015441595
4468,2023-07-27 04:00:00,62.010719788875576
4469,2023-07-27 05:00:00,161.4463418262938
4470,2023-07-27 06:00:00,285.62444215977433
4471,2023-07-27 07:00:00,386.18840401437956
4472,2023-07-27 08:00:00,474.027238513762
4473,2023-07-27 09:00:00,598.727948738662
4474,2023-07-27 10:00:00,779.5258353836081
4475,2023-07-27 11:00:00,961.2449309105316
4476,2023-07-27 12:00:00,1048.989012866528
4477,2023-07-27 13:00:00,996.6843391178329
4478,2023-07-27 14:00:00,864.8247585941687
4479,2023-07-27 15:00:00,784.4905651260626
4480,2023-07-27 16:00:00,851.1560725099846
4481,2023-07-27 17:00:00,1040.8327641338433
4482,2023-07-27 18:00:00,1224.7857733351207
4483,2023-07-27 19:00:00,1270.8500110157622
4484,2023-07-27 20:00:00,1142.1180002170688
4485,2023-07-27 21:00:00,909.823317182903
4486,2023-07-27 22:00:00,678.7965550963631
4487,2023-07-27 23:00:00,501.71547195643575
4488,2023-07-28 00:00:00,359.7559584478708
4489,2023-07-28 01:00:00,215.7782936250622
4490,2023-07-28 02:00:00,75.48332583239221
4491,2023-07-28 03:00:00,-8.977587650661008
4492,2023-07-28 04:00:00,6.8729478095172
4493,2023-07-28 05:00:00,109.62739529587566
4494,2023-07-28 06:00:00,237.96616880881436
4495,2023-07-28 07:00:00,343.51904113077006
4496,2023-07-28 08:00:00,437.1491651463075
4497,2023-07-28 09:00:00,568.4054717761992
4498,2023-07-28 10:00:00,756.4731742010315
4499,2023-07-28 11:00:00,946.1145643286677
4500,2023-07-28 12:00:00,1042.3605494801445
4501,2023-07-28 13:00:00,999.0540665962294
4502,2023-07-28 14:00:00,876.5960209197068
4503,2023-07-28 15:00:00,805.9651074637089
4504,2023-07-28 16:00:00,882.5264824100274
4505,2023-07-28 17:00:00,1082.176125414328
4506,2023-07-28 18:00:00,1276.0586344373833
4507,2023-07-28 19:00:00,1331.8847542737553
4508,2023-07-28 20:00:00,1212.6206814900086
4509,2023-07-28 21:00:00,989.3730274974132
4510,2023-07-28 22:00:00,766.8463372747602
4511,2023-07-28 23:00:00,597.5948060798694
4512,2023-07-29 00:00:00,142.35679884794575
4513,2023-07-29 01:00:00,4.514690131950147
4514,2023-07-29 02:00:00,-130.65553142683655
4515,2023-07-29 03:00:00,-211.1008475375511
4516,2023-07-29 04:00:00,-192.43234596315028
4517,2023-07-29 05:00:00,-88.13494137952443
4518,2023-07-29 06:00:00,40.406639322999695
4519,2023-07-29 07:00:00,144.77026642076493
4520,2023-07-29 08:00:00,235.7812857794538
4521,2023-07-29 09:00:00,362.965617894257
4522,2023-07-29 10:00:00,545.5007970790309
4523,2023-07-29 11:00:00,728.157128861614
4524,2023-07-29 12:00:00,815.9894076008231
4525,2023-07-29 13:00:00,762.8803278834707
4526,2023-07-29 14:00:00,629.2862351636694
4527,2023-07-29 15:00:00,546.256574532429
4528,2023-07-29 16:00:00,609.2420079911369
4529,2023-07-29 17:00:00,794.2380460159952
4530,2023-07-29 18:00:00,972.501942766128
4531,2023-07-29 19:00:00,1011.8691651497384
4532,2023-07-29 20:00:00,875.4414901947375
4533,2023-07-29 21:00:00,634.470625425039
4534,2023-07-29 22:00:00,393.8142648849218
4535,2023-07-29 23:00:00,206.18623940315496
4536,2023-07-30 00:00:00,52.807395291623834
4537,2023-07-30 01:00:00,-103.40833161496118
4538,2023-07-30 02:00:00,-256.6980085926763
4539,2023-07-30 04:00:00,-353.2795448703225
4540,2023-07-30 05:00:00,-265.3389563687821
4541,2023-07-30 06:00:00,-152.24666398071804
4542,2023-07-30 07:00:00,-62.275844936977364
4543,2023-07-30 08:00:00,15.5387048802653
4544,2023-07-30 09:00:00,130.85214584247268
4545,2023-07-30 10:00:00,302.9592220840389
4546,2023-07-30 11:00:00,476.734136178735
4547,2023-07-30 12:00:00,557.3211279812188
4548,2023-07-30 13:00:00,498.6769047503575
4549,2023-07-30 14:00:00,361.3155793484591
4550,2023-07-30 15:00:00,276.32748505691217
4551,2023-07-30 16:00:00,339.1868447675919
4552,2023-07-30 17:00:00,525.8951456127178
4553,2023-07-30 18:00:00,707.6979713034654
4554,2023-07-30 19:00:00,752.4016031320958
4555,2023-07-30 20:00:00,623.0614424327605
4556,2023-07-30 21:00:00,390.8661452944791
4557,2023-07-30 22:00:00,160.59437609015492
4558,2023-07-30 23:00:00,-15.13416999605397
4559,2023-07-31 00:00:00,165.11116014101964
4560,2023-07-31 01:00:00,23.487194178395953
4561,2023-07-31 02:00:00,-114.05776160767948
4562,2023-07-31 03:00:00,-195.44494379981563
4563,2023-07-31 04:00:00,-176.27048943104842
4564,2023-07-31 05:00:00,-70.01530026450666
4565,2023-07-31 06:00:00,61.92893172306003
4566,2023-07-31 07:00:00,171.12219708635456
4567,2023-07-31 08:00:00,268.3612135435288
4568,2023-07-31 09:00:00,403.13279223380573
4569,2023-07-31 10:00:00,594.5652421166653
4570,2023-07-31 11:00:00,787.3699867453065
4571,2023-07-31 12:00:00,886.533830149888
4572,2023-07-31 13:00:00,845.8629998827855
4573,2023-07-31 14:00:00,725.7296053549646
4574,2023-07-31 15:00:00,657.0918631860137
4575,2023-07-31 16:00:00,735.3030512983464
4576,2023-07-31 17:00:00,936.2560288350523
4577,2023-07-31 18:00:00,1131.101061571551
4578,2023-07-31 19:00:00,1187.5632534823735
4579,2023-07-31 20:00:00,1068.6316284921465
4580,2023-07-31 21:00:00,845.4437469797149
4581,2023-07-31 22:00:00,622.7427592730915
4582,2023-07-31 23:00:00,453.12854448121334
4583,2023-08-01 00:00:00,317.7095586878146
4584,2023-08-01 01:00:00,179.28984974072523
4585,2023-08-01 02:00:00,43.525867030064774
4586,2023-08-01 03:00:00,-37.46310774437666
4587,2023-08-01 04:00:00,-19.219084758105282
4588,2023-08-01 05:00:00,84.8438647530561
4589,2023-08-01 06:00:00,213.41254055037933
4590,2023-08-01 07:00:00,318.13592025355007
4591,2023-08-01 08:00:00,409.9089302456824
4592,2023-08-01 09:00:00,538.3244470472839
4593,2023-08-01 10:00:00,722.6232635077419
4594,2023-08-01 11:00:00,907.6342124317968
4595,2023-08-01 12:00:00,998.4649037420218
4596,2023-08-01 13:00:00,949.044222216954
4597,2023-08-01 14:00:00,819.8672438319272
4598,2023-08-01 15:00:00,742.0139412675995
4599,2023-08-01 16:00:00,810.9566595357339
4600,2023-08-01 17:00:00,1002.7032166295303
4601,2023-08-01 18:00:00,1188.5133864608824
4602,2023-08-01 19:00:00,1236.215080675071
4603,2023-08-01 20:00:00,1108.8922884592744
4604,2023-08-01 21:00:00,877.7686722731219
4605,2023-08-01 22:00:00,647.6637333010061
4606,2023-08-01 23:00:00,471.24320531563967
4607,2023-08-02 00:00:00,329.67030869635386
4608,2023-08-02 01:00:00,185.79232803171834
4609,2023-08-02 02:00:00,45.297145705216394
4610,2023-08-02 03:00:00,-39.67644057189841
4611,2023-08-02 04:00:00,-24.662792717608113
4612,2023-08-02 05:00:00,76.92000815256824
4613,2023-08-02 06:00:00,203.74345916223075
4614,2023-08-02 07:00:00,307.430457416739
4615,2023-08-02 08:00:00,398.839726714883
4616,2023-08-02 09:00:00,527.5186057438012
4617,2023-08-02 10:00:00,712.653920112907
4618,2023-08-02 11:00:00,899.0131176284979
4619,2023-08-02 12:00:00,991.6361082293279
4620,2023-08-02 13:00:00,944.3789398450665
4621,2023-08-02 14:00:00,817.6599515659002
4622,2023-08-02 15:00:00,742.4797572136295
4623,2023-08-02 16:00:00,814.2300224875631
4624,2023-08-02 17:00:00,1008.8378724420178
4625,2023-08-02 18:00:00,1197.4836685163316
4626,2023-08-02 19:00:00,1247.9184537204019
4627,2023-08-02 20:00:00,1123.15310793605
4628,2023-08-02 21:00:00,894.3430942468111
4629,2023-08-02 22:00:00,666.2456947586176
4630,2023-08-02 23:00:00,491.47137944882707
4631,2023-08-03 00:00:00,351.1359268435374
4632,2023-08-03 01:00:00,208.04774798438473
4633,2023-08-03 02:00:00,67.86503578737222
4634,2023-08-03 04:00:00,-2.9720795988469035
4635,2023-08-03 05:00:00,97.41117485673533
4636,2023-08-03 06:00:00,222.53815884815384
4637,2023-08-03 07:00:00,324.0521859041899
4638,2023-08-03 08:00:00,412.8421974641558
4639,2023-08-03 09:00:00,538.4951269791933
4640,2023-08-03 10:00:00,720.2462056014494
4641,2023-08-03 11:00:00,902.9193962522536
4642,2023-08-03 12:00:00,991.6184070487614
4643,2023-08-03 13:00:00,940.2694264795492
4644,2023-08-03 14:00:00,809.3662341855724
4645,2023-08-03 15:00:00,729.9890547905925
4646,2023-08-03 16:00:00,797.6121329693402
4647,2023-08-03 17:00:00,988.2468830803895
4648,2023-08-03 18:00:00,1173.1583695546828
4649,2023-08-03 19:00:00,1220.181434463845
4650,2023-08-03 20:00:00,1092.4085321596342
4651,2023-08-03 21:00:00,861.0731703021688
4652,2023-08-03 22:00:00,631.0058736208917
4653,2023-08-03 23:00:00,454.884331789336
4654,2023-08-04 00:00:00,313.8843673032212
4655,2023-08-04 01:00:00,170.86619117785233
4656,2023-08-04 02:00:00,31.53058385382792
4657,2023-08-04 03:00:00,-51.971165130194095
4658,2023-08-04 04:00:00,-35.16172872282948
4659,2023-08-04 05:00:00,68.5512887474797
4660,2023-08-04 06:00:00,197.8482340174774
4661,2023-08-04 07:00:00,304.35881281892483
4662,2023-08-04 08:00:00,398.94611113690314
4663,2023-08-04 09:00:00,531.1589931974645
4664,2023-08-04 10:00:00,720.1826056718567
4665,2023-08-04 11:00:00,910.7791741599242
4666,2023-08-04 12:00:00,1007.9795398824548
4667,2023-08-04 13:00:00,965.6265738799024
4668,2023-08-04 14:00:00,844.1211157330639
4669,2023-08-04 15:00:00,774.4417949705992
4670,2023-08-04 16:00:00,851.953702566074
4671,2023-08-04 17:00:00,1052.5527531653872
4672,2023-08-04 18:00:00,1247.3834799560568
4673,2023-08-04 19:00:00,1304.1565632361062
4674,2023-08-04 20:00:00,1185.8381352777242
4675,2023-08-04 21:00:00,963.534743479029
4676,2023-08-04 22:00:00,741.9508690534915
4677,2023-08-04 23:00:00,573.6406437361924
4678,2023-08-05 00:00:00,119.34236925927166
4679,2023-08-05 01:00:00,-17.561642797791933
4680,2023-08-05 02:00:00,-151.79546648219764
4681,2023-08-05 03:00:00,-231.3061458856473
4682,2023-08-05 04:00:00,-211.7048308962136
4683,2023-08-05 05:00:00,-106.47649800943043
4684,2023-08-05 06:00:00,22.99406437128232
4685,2023-08-05 07:00:00,128.28466530267798
4686,2023-08-05 08:00:00,220.22058974030546
4687,2023-08-05 09:00:00,348.32769757555894
4688,2023-08-05 10:00:00,531.7834628587846
4689,2023-08-05 11:00:00,715.3581311417678
4690,2023-08-05 12:00:00,804.1064371591948
4691,2023-08-05 13:00:00,751.9110161981998
4692,2023-08-05 14:00:00,619.2281547549769
4693,2023-08-05 15:00:00,537.1072392812213
4694,2023-08-05 16:00:00,600.9988735120149
4695,2023-08-05 17:00:00,786.898509995742
4696,2023-08-05 18:00:00,966.0633453084407
4697,2023-08-05 19:00:00,1006.328789144449
4698,2023-08-05 20:00:00,870.7965616786357
4699,2023-08-05 21:00:00,630.718313955313
4700,2023-08-05 22:00:00,390.9516838859928
4701,2023-08-05 23:00:00,204.21044658605928
4702,2023-08-06 00:00:00,51.71539297377501
4703,2023-08-06 01:00:00,-103.6195960655341
4704,2023-08-06 02:00:00,-256.03164240975616
4705,2023-08-06 03:00:00,-353.29929527702984
4706,2023-08-06 04:00:00,-350.867455476637
4707,2023-08-06 05:00:00,-262.0588816118542
4708,2023-08-06 06:00:00,-148.10192547564225
4709,2023-08-06 07:00:00,-57.26903126782793
4710,2023-08-06 08:00:00,21.404167403202678
4711,2023-08-06 09:00:00,137.5727791459734
4712,2023-08-06 10:00:00,310.5314967607079
4713,2023-08-06 11:00:00,485.1544719073358
4714,2023-08-06 12:00:00,566.585893935278
4715,2023-08-06 13:00:00,508.78242004963346
4716,2023-08-06 14:00:00,372.2581134913535
4717,2023-08-06 15:00:00,288.1032583358158
4718,2023-08-06 16:00:00,351.7920287378149
4719,2023-08-06 17:00:00,539.3258635261176
4720,2023-08-06 18:00:00,721.9502985442736
4721,2023-08-06 19:00:00,767.4715676808489
4722,2023-08-06 20:00:00,638.9450253171942
4723,2023-08-06 21:00:00,407.5592810536019
4724,2023-08-06 22:00:00,178.09295321075479
4725,2023-08-06 23:00:00,3.165691416695836
4726,2023-08-07 00:00:00,184.2081036644065
4727,2023-08-07 01:00:00,43.37697299403362
4728,2023-08-07 02:00:00,-93.37943848796317
4729,2023-08-07 03:00:00,-173.9824110359856
4730,2023-08-07 04:00:00,-154.02812490742008
4731,2023-08-07 05:00:00,-46.99752459637352
4732,2023-08-07 06:00:00,85.71765568217768
4733,2023-08-07 07:00:00,195.67736472092793
4734,2023-08-07 08:00:00,293.6782789666972
4735,2023-08-07 09:00:00,429.2071687738856
4736,2023-08-07 10:00:00,621.3923028335767
4737,2023-08-07 11:00:00,814.945064890248
4738,2023-08-07 12:00:00,914.8522196972058
4739,2023-08-07 13:00:00,874.9199560131959
4740,2023-08-07 14:00:00,755.5203449675884
4741,2023-08-07 15:00:00,687.6115654008852
4742,2023-08-07 16:00:00,766.5468579595406
4743,2023-08-07 17:00:00,968.2190450360862
4744,2023-08-07 18:00:00,1163.7783561409128
4745,2023-08-07 19:00:00,1220.9498595351959
4746,2023-08-07 20:00:00,1102.7225439068004
4747,2023-08-07 21:00:00,880.233934945067
4748,2023-08-07 22:00:00,658.2271487972508
4749,2023-08-07 23:00:00,489.3020309158851
4750,2023-08-08 00:00:00,354.56700424438327
4751,2023-08-08 01:00:00,216.82608402099964
4752,2023-08-08 02:00:00,81.73568756746317
4753,2023-08-08 03:00:00,1.4150650151653963
4754,2023-08-08 04:00:00,20.32217517049878
4755,2023-08-08 05:00:00,125.04291630621685
4756,2023-08-08 06:00:00,254.26405822997833
4757,2023-08-08 07:00:00,359.63454912071825
4758,2023-08-08 08:00:00,452.0492864887271
4759,2023-08-08 09:00:00,581.101118496327
4760,2023-08-08 10:00:00,766.0308101779766
4761,2023-08-08 11:00:00,951.6671670623007
4762,2023-08-08 12:00:00,1043.1177723410194
4763,2023-08-08 13:00:00,994.3114846033136
4764,2023-08-08 14:00:00,865.7433541567342
4765,2023-08-08 15:00:00,788.493328592312
4766,2023-08-08 16:00:00,858.0337283509984
4767,2023-08-08 17:00:00,1050.3723474058397
4768,2023-08-08 18:00:00,1236.7689361897073
4769,2023-08-08 19:00:00,1285.051383435532
4770,2023-08-08 20:00:00,1158.3036559477976
4771,2023-08-08 21:00:00,927.7493943243298
4772,2023-08-08 22:00:00,698.2080784999397
4773,2023-08-08 23:00:00,522.3454215003429
4774,2023-08-09 00:00:00,381.32462352056734
4775,2023-08-09 01:00:00,237.99294948117142
4776,2023-08-09 02:00:00,98.03826271988873
4777,2023-08-09 03:00:00,13.599342382448299
4778,2023-08-09 04:00:00,29.141808564064604
4779,2023-08-09 05:00:00,131.24756271914436
4780,2023-08-09 06:00:00,258.58808507817304
4781,2023-08-09 07:00:00,362.7862563948908
4782,2023-08-09 08:00:00,454.7007846934522
4783,2023-08-09 09:00:00,583.8789934159571
4784,2023-08-09 10:00:00,769.5076934811141
4785,2023-08-09 11:00:00,956.354318553364
4786,2023-08-09 12:00:00,1049.4587649860796
4787,2023-08-09 13:00:00,1002.6770676675014
4788,2023-08-09 14:00:00,876.427553180991
4789,2023-08-09 15:00:00,801.7108234196618
4790,2023-08-09 16:00:00,873.9185326786466
4791,2023-08-09 17:00:00,1068.977795160114
4792,2023-08-09 18:00:00,1258.0689619939444
4793,2023-08-09 19:00:00,1308.9430664483248
4794,2023-08-09 20:00:00,1184.6109791762572
4795,2023-08-09 21:00:00,956.2281545992096
4796,2023-08-09 22:00:00,728.5518666983693
4797,2023-08-09 23:00:00,554.1925778698509
4798,2023-08-10 00:00:00,414.2660595940458
4799,2023-08-10 01:00:00,271.5807164104186
4800,2023-08-10 02:00:00,131.794735291262
4801,2023-08-10 03:00:00,47.026879901030384
4802,2023-08-10 04:00:00,61.732747073376345
4803,2023-08-10 05:00:00,162.49438838933014
4804,2023-08-10 06:00:00,287.9936361845569
4805,2023-08-10 07:00:00,389.8738006771946
4806,2023-08-10 08:00:00,479.02382057897773
4807,2023-08-10 09:00:00,605.0306271283305
4808,2023-08-10 10:00:00,787.1294497835909
4809,2023-08-10 11:00:00,970.1442503118392
4810,2023-08-10 12:00:00,1059.178736200336
4811,2023-08-10 13:00:00,1008.1590958391463
4812,2023-08-10 14:00:00,877.5791092707063
4813,2023-08-10 15:00:00,798.5190020782909
4814,2023-08-10 16:00:00,866.4530203746042
4815,2023-08-10 17:00:00,1057.392580526996
4816,2023-08-10 18:00:00,1242.6027494324294
4817,2023-08-10 19:00:00,1289.9183721796362
4818,2023-08-10 20:00:00,1162.4319066449827
4819,2023-08-10 21:00:00,931.3768645125969
4820,2023-08-10 22:00:00,701.5837750665528
4821,2023-08-10 23:00:00,525.7303330071328
4822,2023-08-11 00:00:00,384.9923663950628
4823,2023-08-11 01:00:00,242.23009229258662
4824,2023-08-11 02:00:00,103.14429769220578
4825,2023-08-11 03:00:00,19.88627918098473
4826,2023-08-11 04:00:00,36.93337135998661
4827,2023-08-11 05:00:00,140.87797793424323
4828,2023-08-11 06:00:00,270.4004541705815
4829,2023-08-11 07:00:00,377.13051481690763
4830,2023-08-11 08:00:00,471.93125535677495
4831,2023-08-11 09:00:00,604.3515500077516
4832,2023-08-11 10:00:00,793.5765558921196
4833,2023-08-11 11:00:00,984.3685095699557
4834,2023-08-11 12:00:00,1081.7582636643356
4835,2023-08-11 13:00:00,1039.588701111375
4836,2023-08-11 14:00:00,918.2606738516085
4837,2023-08-11 15:00:00,848.7528242415121
4838,2023-08-11 16:00:00,926.4302565383103
4839,2023-08-11 17:00:00,1127.1888991422684
4840,2023-08-11 18:00:00,1322.1732994468766
4841,2023-08-11 19:00:00,1379.0941524148375
4842,2023-08-11 20:00:00,1260.9176054372174
4843,2023-08-11 21:00:00,1038.7502214795425
4844,2023-08-11 22:00:00,817.2964977508303
4845,2023-08-11 23:00:00,649.1105824496494
4846,2023-08-12 00:00:00,194.9307942061393
4847,2023-08-12 01:00:00,58.13946193009838
4848,2023-08-12 02:00:00,-75.98747068223736
4849,2023-08-12 03:00:00,-155.39702951295396
4850,2023-08-12 04:00:00,-135.70034583073402
4851,2023-08-12 05:00:00,-30.382377094789376
4852,2023-08-12 06:00:00,99.17210775651824
4853,2023-08-12 07:00:00,204.54093765830834
4854,2023-08-12 08:00:00,296.5494178544509
4855,2023-08-12 09:00:00,424.7234289458007
4856,2023-08-12 10:00:00,608.2404660748062
4857,2023-08-12 11:00:00,791.8707963213695
4858,2023-08-12 12:00:00,880.6691763126145
4859,2023-08-12 13:00:00,828.518263645553
4860,2023-08-12 14:00:00,695.8743675117381
4861,2023-08-12 15:00:00,613.7868974475441
4862,2023-08-12 16:00:00,677.7064806484384
4863,2023-08-12 17:00:00,863.6285935141505
4864,2023-08-12 18:00:00,1042.8104568419026
4865,2023-08-12 19:00:00,1083.0875049226022
4866,2023-08-12 20:00:00,947.561482900564
4867,2023-08-12 21:00:00,707.4840671421434
4868,2023-08-12 22:00:00,467.71292126515004
4869,2023-08-12 23:00:00,280.9618464139759
4870,2023-08-13 00:00:00,128.45165992436478
4871,2023-08-13 01:00:00,-26.90373057295517
4872,2023-08-13 02:00:00,-179.34141985337988
4873,2023-08-13 03:00:00,-276.6399297170485
4874,2023-08-13 04:00:00,-274.2441331756103
4875,2023-08-13 05:00:00,-185.47676072883905
4876,2023-08-13 06:00:00,-71.56613575141591
4877,2023-08-13 07:00:00,19.21454072780375
4878,2023-08-13 08:00:00,97.83044971185814
4879,2023-08-13 09:00:00,213.93672921203512
4880,2023-08-13 10:00:00,386.82810173471995
4881,2023-08-13 11:00:00,561.3787489735882
4882,2023-08-13 12:00:00,642.7328905905795
4883,2023-08-13 13:00:00,584.8472144110997
4884,2023-08-13 14:00:00,448.23581460488356
4885,2023-08-13 15:00:00,363.9890064526743
4886,2023-08-13 16:00:00,427.5809956055185
4887,2023-08-13 17:00:00,615.0132526634517
4888,2023-08-13 18:00:00,797.5313455441031
4889,2023-08-13 19:00:00,842.9415404475353
4890,2023-08-13 20:00:00,714.2992243666532
4891,2023-08-13 21:00:00,482.79303976197104
4892,2023-08-13 22:00:00,253.20163808122487
4893,2023-08-13 23:00:00,78.14470233315262
4894,2023-08-14 00:00:00,259.05287413943233
4895,2023-08-14 01:00:00,118.08297042862
4896,2023-08-14 02:00:00,-18.816712580325543
4897,2023-08-14 03:00:00,-99.56742077785862
4898,2023-08-14 04:00:00,-79.76529982712566
4899,2023-08-14 05:00:00,27.108740606541687
4900,2023-08-14 06:00:00,159.66300134011868
4901,2023-08-14 07:00:00,269.4574664515478
4902,2023-08-14 08:00:00,367.2888478611332
4903,2023-08-14 09:00:00,502.64395162040364
4904,2023-08-14 10:00:00,694.6510823189287
4905,2023-08-14 11:00:00,888.0216597957555
4906,2023-08-14 12:00:00,987.742485128679
4907,2023-08-14 13:00:00,947.6197835400998
4908,2023-08-14 14:00:00,828.0256628551554
4909,2023-08-14 15:00:00,759.9183387741215
4910,2023-08-14 16:00:00,838.6510889855954
4911,2023-08-14 17:00:00,1040.1167730910543
4912,2023-08-14 18:00:00,1235.4656580033939
4913,2023-08-14 19:00:00,1292.4228495155485
4914,2023-08-14 20:00:00,1173.9773740386036
4915,2023-08-14 21:00:00,951.2667951236474
4916,2023-08-14 22:00:00,729.0342669499203
4917,2023-08-14 23:00:00,559.8796730967811
4918,2023-08-15 00:00:00,71.78985464720859
4919,2023-08-15 01:00:00,-66.18789432324843
4920,2023-08-15 02:00:00,-201.51873812506437
4921,2023-08-15 03:00:00,-282.0833879224274
4922,2023-08-15 04:00:00,-263.42384608209113
4923,2023-08-15 05:00:00,-158.95417538000106
4924,2023-08-15 06:00:00,-29.987566967856765
4925,2023-08-15 07:00:00,75.12496652095683
4926,2023-08-15 08:00:00,167.27836185662562
4927,2023-08-15 09:00:00,296.0655065792512
4928,2023-08-15 10:00:00,480.72720518825975
4929,2023-08-15 11:00:00,666.0923027698459
4930,2023-08-15 12:00:00,757.2684221647955
4931,2023-08-15 13:00:00,708.1844616786084
4932,2023-08-15 14:00:00,579.335511432631
4933,2023-08-15 15:00:00,501.80155888953436
4934,2023-08-15 16:00:00,571.0549644322056
4935,2023-08-15 17:00:00,763.1035620330416
4936,2023-08-15 18:00:00,949.2071422044864
4937,2023-08-15 19:00:00,997.19363378064
4938,2023-08-15 20:00:00,870.1470437446959
4939,2023-08-15 21:00:00,639.2910529031146
4940,2023-08-15 22:00:00,409.44518144571157
4941,2023-08-15 23:00:00,233.27518268659094
4942,2023-08-16 00:00:00,445.0659173370531
4943,2023-08-16 01:00:00,301.4214502718145
4944,2023-08-16 02:00:00,161.15130538432436
4945,2023-08-16 03:00:00,76.3943022271061
4946,2023-08-16 04:00:00,91.61610127510858
4947,2023-08-16 05:00:00,193.3986444022495
4948,2023-08-16 06:00:00,320.4134522510853
4949,2023-08-16 07:00:00,424.2834459841645
4950,2023-08-16 08:00:00,515.867374048333
4951,2023-08-16 09:00:00,644.712600265078
4952,2023-08-16 10:00:00,830.005975961773
4953,2023-08-16 11:00:00,1016.5149751539016
4954,2023-08-16 12:00:00,1109.2795345497805
4955,2023-08-16 13:00:00,1062.1557293595015
4956,2023-08-16 14:00:00,935.5619264627578
4957,2023-08-16 15:00:00,860.4987679940764
4958,2023-08-16 16:00:00,932.3579484762358
4959,2023-08-16 17:00:00,1127.0666222883742
4960,2023-08-16 18:00:00,1315.8051806758463
4961,2023-08-16 19:00:00,1366.3246969847028
4962,2023-08-16 20:00:00,1241.6360818872358
4963,2023-08-16 21:00:00,1012.8948297691722
4964,2023-08-16 22:00:00,784.8582544899872
4965,2023-08-16 23:00:00,610.1368582869353
4966,2023-08-17 00:00:00,469.8464523871097
4967,2023-08-17 01:00:00,326.795481005994
4968,2023-08-17 02:00:00,186.64217070575512
4969,2023-08-17 03:00:00,101.50532467840787
4970,2023-08-17 04:00:00,115.84057916683207
4971,2023-08-17 05:00:00,216.23002507985035
4972,2023-08-17 06:00:00,341.3555339941608
4973,2023-08-17 07:00:00,442.86045525804
4974,2023-08-17 08:00:00,531.6337666075983
4975,2023-08-17 09:00:00,657.2624382058713
4976,2023-08-17 10:00:00,838.9817383239345
4977,2023-08-17 11:00:00,1021.6156674074518
4978,2023-08-17 12:00:00,1110.2679715213371
4979,2023-08-17 13:00:00,1058.8648775061013
4980,2023-08-17 14:00:00,927.90020373056
4981,2023-08-17 15:00:00,848.4542139519318
4982,2023-08-17 16:00:00,916.0011923521165
4983,2023-08-17 17:00:00,1106.5525932153228
4984,2023-08-17 18:00:00,1291.3735212065135
4985,2023-08-17 19:00:00,1338.298859046654
4986,2023-08-17 20:00:00,1210.4211020941707
4987,2023-08-17 21:00:00,978.973799367363
4988,2023-08-17 22:00:00,748.7875173050751
4989,2023-08-17 23:00:00,572.5399876373081
4990,2023-08-18 00:00:00,431.40707526808103
4991,2023-08-18 01:00:00,288.2490339417447
4992,2023-08-18 02:00:00,148.76668715903753
4993,2023-08-18 03:00:00,65.11136786206782
4994,2023-08-18 04:00:00,81.76044680431323
4995,2023-08-18 05:00:00,185.3063636715292
4996,2023-08-18 06:00:00,314.42950954105504
4997,2023-08-18 07:00:00,420.7596347732021
4998,2023-08-18 08:00:00,515.1598702774355
4999,2023-08-18 09:00:00,647.1791254987078
5000,2023-08-18 10:00:00,836.0025926137272
5001,2023-08-18 11:00:00,1026.3925430056129
5002,2023-08-18 12:00:00,1123.3798639417596
5003,2023-08-18 13:00:00,1080.8074727932055
5004,2023-08-18 14:00:00,959.0762557327337
5005,2023-08-18 15:00:00,889.1648891182017
5006,2023-08-18 16:00:00,966.438511021129
5007,2023-08-18 17:00:00,1166.793083417638
5008,2023-08-18 18:00:00,1361.373187101246
5009,2023-08-18 19:00:00,1417.8895501428665
5010,2023-08-18 20:00:00,1299.308352871029
5011,2023-08-18 21:00:00,1076.736190952544
5012,2023-08-18 22:00:00,854.8775940473209
5013,2023-08-18 23:00:00,686.2867426045756
5014,2023-08-19 00:00:00,231.70198724289088
5015,2023-08-19 01:00:00,94.50568863763749
5016,2023-08-19 02:00:00,-40.02617799471
5017,2023-08-19 03:00:00,-119.84060725602353
5018,2023-08-19 04:00:00,-100.5486993828913
5019,2023-08-19 05:00:00,4.364618964458373
5020,2023-08-19 06:00:00,133.51460938167884
5021,2023-08-19 07:00:00,238.47913108033146
5022,2023-08-19 08:00:00,330.0835193527523
5023,2023-08-19 09:00:00,457.85368457202947
5024,2023-08-19 10:00:00,640.9671513998153
5025,2023-08-19 11:00:00,824.194216173546
5026,2023-08-19 12:00:00,912.5896645240632
5027,2023-08-19 13:00:00,860.036182782001
5028,2023-08-19 14:00:00,726.9901085919978
5029,2023-08-19 15:00:00,644.5008797056014
5030,2023-08-19 16:00:00,708.0191512402528
5031,2023-08-19 17:00:00,893.5404272511153
5032,2023-08-19 18:00:00,1072.321955912218
5033,2023-08-19 19:00:00,1112.1991986371884
5034,2023-08-19 20:00:00,976.2739273856564
5035,2023-08-19 21:00:00,735.7978450812354
5036,2023-08-19 22:00:00,495.62864161220114
5037,2023-08-19 23:00:00,308.48014411338704
5038,2023-08-20 00:00:00,155.5731956165448
5039,2023-08-20 01:00:00,-0.17827082770622837
5040,2023-08-20 02:00:00,-153.01132484922869
5041,2023-08-20 03:00:00,-250.70446341898287
5042,2023-08-20 04:00:00,-248.70253498888474
5043,2023-08-20 05:00:00,-160.32824579456098
5044,2023-08-20 06:00:00,-46.80989523332528
5045,2023-08-20 07:00:00,43.59152700850427
5046,2023-08-20 08:00:00,121.82903899249925
5047,2023-08-20 09:00:00,237.55780180218875
5048,2023-08-20 10:00:00,410.0725607616498
5049,2023-08-20 11:00:00,584.2475200292208
5050,2023-08-20 12:00:00,665.2269214732701
5051,2023-08-20 13:00:00,606.9674748236458
5052,2023-08-20 14:00:00,469.9832958048748
5053,2023-08-20 15:00:00,385.3647210300229
5054,2023-08-20 16:00:00,448.5859771239199
5055,2023-08-20 17:00:00,635.6485553706452
5056,2023-08-20 18:00:00,817.798044062548
5057,2023-08-20 19:00:00,862.8407294917021
5058,2023-08-20 20:00:00,733.8320184066968
5059,2023-08-20 21:00:00,501.960572738187
5060,2023-08-20 22:00:00,272.0050630916186
5061,2023-08-20 23:00:00,96.58519132692584
5062,2023-08-21 00:00:00,277.13161760253683
5063,2023-08-21 01:00:00,135.80117707861177
5064,2023-08-21 02:00:00,-1.4578160842801253
5065,2023-08-21 03:00:00,-82.5665901785411
5066,2023-08-21 04:00:00,-63.12127355427947
5067,2023-08-21 05:00:00,43.39724112062618
5068,2023-08-21 06:00:00,175.5972713555064
5069,2023-08-21 07:00:00,285.0388175907792
5070,2023-08-21 08:00:00,382.5186078276325
5071,2023-08-21 09:00:00,517.5234638694616
5072,2023-08-21 10:00:00,709.181705751113
5073,2023-08-21 11:00:00,902.2047684455267
5074,2023-08-21 12:00:00,1001.5794678619288
5075,2023-08-21 13:00:00,961.1120437386699
5076,2023-08-21 14:00:00,841.1746181003655
5077,2023-08-21 15:00:00,772.725420536035
5078,2023-08-21 16:00:00,851.1177423357728
5079,2023-08-21 17:00:00,1052.2444563686072
5080,2023-08-21 18:00:00,1247.255842503877
5081,2023-08-21 19:00:00,1303.8770192210739
5082,2023-08-21 20:00:00,1185.0970252551992
5083,2023-08-21 21:00:00,962.0534362022775
5084,2023-08-21 22:00:00,739.4894179834623
5085,2023-08-21 23:00:00,570.0048656004822
5086,2023-08-22 00:00:00,434.70825145605534
5087,2023-08-22 01:00:00,296.4036400391995
5088,2023-08-22 02:00:00,160.7474977478103
5089,2023-08-22 03:00:00,79.85912362006673
5090,2023-08-22 04:00:00,98.19652519442832
5091,2023-08-22 05:00:00,202.34564928713007
5092,2023-08-22 06:00:00,330.99331404305764
5093,2023-08-22 07:00:00,435.7885158215089
5094,2023-08-22 08:00:00,527.6262000821652
5095,2023-08-22 09:00:00,656.0992627638278
5096,2023-08-22 10:00:00,840.448516446578
5097,2023-08-22 11:00:00,1025.5028140291306
5098,2023-08-22 12:00:00,1116.3697858368078
5099,2023-08-22 13:00:00,1066.9783373840078
5100,2023-08-22 14:00:00,937.8235657017902
5101,2023-08-22 15:00:00,859.9854648690906
5102,2023-08-22 16:00:00,928.9364015848341
5103,2023-08-22 17:00:00,1120.6842158577897
5104,2023-08-22 18:00:00,1306.4887039401847
5105,2023-08-22 19:00:00,1354.1778001195648
5106,2023-08-22 20:00:00,1226.8355165490784
5107,2023-08-22 21:00:00,995.685538908134
5108,2023-08-22 22:00:00,765.5473919970557
5109,2023-08-22 23:00:00,589.086833432992
5110,2023-08-23 00:00:00,447.4671077479419
5111,2023-08-23 01:00:00,303.53552398933635
5112,2023-08-23 02:00:00,162.97998931546357
5113,2023-08-23 03:00:00,77.93932647420331
5114,2023-08-23 04:00:00,92.87919886856992
5115,2023-08-23 05:00:00,194.38155101606583
5116,2023-08-23 06:00:00,321.1179059383703
5117,2023-08-23 07:00:00,424.7111869051597
5118,2023-08-23 08:00:00,516.0201441993732
5119,2023-08-23 09:00:00,644.5921432229599
5120,2023-08-23 10:00:00,829.6140365838322
5121,2023-08-23 11:00:00,1015.8532994003592
5122,2023-08-23 12:00:00,1108.349869110992
5123,2023-08-23 13:00:00,1060.9598214711336
5124,2023-08-23 14:00:00,934.101523630497
5125,2023-08-23 15:00:00,858.7756177391909
5126,2023-08-23 16:00:00,930.3737980762207
5127,2023-08-23 17:00:00,1124.8232185347981
5128,2023-08-23 18:00:00,1313.3042696202506
5129,2023-08-23 19:00:00,1363.5680236945077
5130,2023-08-23 20:00:00,1238.625390204323
5131,2023-08-23 21:00:00,1009.6318620587466
5132,2023-08-23 22:00:00,781.344751418847
5133,2023-08-23 23:00:00,606.374558555701
5134,2023-08-24 00:00:00,465.8370925268389
5135,2023-08-24 01:00:00,322.5407951251167
5136,2023-08-24 02:00:00,182.14389026517608
5137,2023-08-24 03:00:00,96.76517826027327
5138,2023-08-24 04:00:00,110.86029225752759
5139,2023-08-24 05:00:00,211.01131983465166
5140,2023-08-24 06:00:00,335.90012902382193
5141,2023-08-24 07:00:00,437.1700654075761
5142,2023-08-24 08:00:00,525.710102737386
5143,2023-08-24 09:00:00,651.1072069875923
5144,2023-08-24 10:00:00,832.5966420090515
5145,2023-08-24 11:00:00,1015.0024036407357
5146,2023-08-24 12:00:00,1103.428233137885
5147,2023-08-24 13:00:00,1051.8003522958802
5148,2023-08-24 14:00:00,920.6125742673936
5149,2023-08-24 15:00:00,840.9451573876618
5150,2023-08-24 16:00:00,908.272380214216
5151,2023-08-24 17:00:00,1098.6056912173574
5152,2023-08-24 18:00:00,1283.2101890738595
5153,2023-08-24 19:00:00,1329.9207503022542
5154,2023-08-24 20:00:00,1201.8298638868355
5155,2023-08-24 21:00:00,970.1710722982293
5156,2023-08-24 22:00:00,739.7749352392831
5157,2023-08-24 23:00:00,563.3191775293437
5158,2023-08-25 00:00:00,421.9796569859345
5159,2023-08-25 01:00:00,278.61662010534195
5160,2023-08-25 02:00:00,138.93088296058897
5161,2023-08-25 03:00:00,55.07377090938974
5162,2023-08-25 04:00:00,71.52264695827444
5163,2023-08-25 05:00:00,174.86994289270223
5164,2023-08-25 06:00:00,303.7960417107113
5165,2023-08-25 07:00:00,409.9306855768008
5166,2023-08-25 08:00:00,504.1369970237375
5167,2023-08-25 09:00:00,635.9638769898556
5168,2023-08-25 10:00:00,824.5965089932471
5169,2023-08-25 11:00:00,1014.7971556199584
5170,2023-08-25 12:00:00,1111.5966952069687
5171,2023-08-25 13:00:00,1068.838036048907
5172,2023-08-25 14:00:00,946.922055126482
5173,2023-08-25 15:00:00,876.8274194649317
5174,2023-08-25 16:00:00,953.9192576801831
5175,2023-08-25 17:00:00,1154.0935221637205
5176,2023-08-25 18:00:00,1348.4947840290579
5177,2023-08-25 19:00:00,1404.833761514664
5178,2023-08-25 20:00:00,1286.0766250468055
5179,2023-08-25 21:00:00,1063.3299602180412
5180,2023-08-25 22:00:00,841.2982865801162
5181,2023-08-25 23:00:00,672.53577432419
5182,2023-08-26 00:00:00,217.78076372478807
5183,2023-08-26 01:00:00,80.41560500102219
5184,2023-08-26 02:00:00,-54.28373715906912
5185,2023-08-26 03:00:00,-134.26426799061812
5186,2023-08-26 04:00:00,-115.13709844753294
5187,2023-08-26 05:00:00,-10.387165986950208
5188,2023-08-26 06:00:00,118.6007800878026
5189,2023-08-26 07:00:00,223.4045880436891
5190,2023-08-26 08:00:00,314.8495821255869
5191,2023-08-26 09:00:00,442.46166160169366
5192,2023-08-26 10:00:00,625.4183399539705
5193,2023-08-26 11:00:00,808.4899022766504
5194,2023-08-26 12:00:00,896.7311228982933
5195,2023-08-26 13:00:00,844.0246767787311
5196,2023-08-26 14:00:00,710.8268901513454
5197,2023-08-26 15:00:00,628.1871892926011
5198,2023-08-26 16:00:00,691.5562177973094
5199,2023-08-26 17:00:00,876.9294681462177
5200,2023-08-26 18:00:00,1055.5641769182153
5201,2023-08-26 19:00:00,1095.295793858814
5202,2023-08-26 20:00:00,959.2260792527692
5203,2023-08-26 21:00:00,718.6067242979952
5204,2023-08-26 22:00:00,478.2954071354487
5205,2023-08-26 23:00:00,291.0059431218343
5206,2023-08-27 00:00:00,137.95916348660467
5207,2023-08-27 01:00:00,-17.931010534835764
5208,2023-08-27 02:00:00,-170.90166041828832
5209,2023-08-27 03:00:00,-268.731294983903
5210,2023-08-27 04:00:00,-266.86477454677424
5211,2023-08-27 06:00:00,-65.23973425489964
5212,2023-08-27 07:00:00,25.01728508560302
5213,2023-08-27 08:00:00,103.1114333307105
5214,2023-08-27 09:00:00,218.6978596974057
5215,2023-08-27 10:00:00,391.0712976472315
5216,2023-08-27 11:00:00,565.1059394872074
5217,2023-08-27 12:00:00,645.946015249242
5218,2023-08-27 13:00:00,587.5482228462497
5219,2023-08-27 14:00:00,450.4266662099427
5220,2023-08-27 15:00:00,365.6716701631233
5221,2023-08-27 16:00:00,428.7574495891447
5222,2023-08-27 17:00:00,615.6854840739593
5223,2023-08-27 18:00:00,797.7013501979037
5224,2023-08-27 19:00:00,842.6113226128847
5225,2023-08-27 20:00:00,713.4707964582867
5226,2023-08-27 21:00:00,481.46842210290464
5227,2023-08-27 22:00:00,251.38285861293264
5228,2023-08-27 23:00:00,75.83379638930194
5229,2023-08-28 00:00:00,256.2518841598111
5230,2023-08-28 01:00:00,114.79394571383204
5231,2023-08-28 02:00:00,-22.59171610734984
5232,2023-08-28 03:00:00,-103.82634083282983
5233,2023-08-28 04:00:00,-84.50606801749802
5234,2023-08-28 05:00:00,21.888198544131797
5235,2023-08-28 06:00:00,153.96476531243934
5236,2023-08-28 07:00:00,263.2836217399047
5237,2023-08-28 08:00:00,360.6414849170358
5238,2023-08-28 09:00:00,495.52516580545887
5239,2023-08-28 10:00:00,687.0629737034593
5240,2023-08-28 11:00:00,879.966332894322
5241,2023-08-28 12:00:00,979.2220487077038
5242,2023-08-28 13:00:00,938.6363503849022
5243,2023-08-28 14:00:00,818.5813495490286
5244,2023-08-28 15:00:00,750.0152654615628
5245,2023-08-28 16:00:00,828.2913792056336
5246,2023-08-28 17:00:00,1029.3025535213915
5247,2023-08-28 18:00:00,1224.199058294241
5248,2023-08-28 19:00:00,1280.7060020523672
5249,2023-08-28 20:00:00,1161.8124137403936
5250,2023-08-28 21:00:00,938.6558592797606
5251,2023-08-28 22:00:00,715.9794949464743
5252,2023-08-28 23:00:00,546.3832063337805
5253,2023-08-29 00:00:00,410.9754564709333
5254,2023-08-29 01:00:00,272.5603006201454
5255,2023-08-29 02:00:00,136.79419604233112
5256,2023-08-29 03:00:00,55.79643282503082
5257,2023-08-29 04:00:00,74.02500962816521
5258,2023-08-29 05:00:00,178.06586453380817
5259,2023-08-29 06:00:00,306.605807096974
5260,2023-08-29 07:00:00,411.293825208796
5261,2023-08-29 08:00:00,503.0248559998691
5262,2023-08-29 09:00:00,631.3917872117837
5263,2023-08-29 10:00:00,815.6354233900396
5264,2023-08-29 11:00:00,1000.5846095102137
5265,2023-08-29 12:00:00,1091.3469681413296
5266,2023-08-29 13:00:00,1041.8513971840184
5267,2023-08-29 14:00:00,912.5929862095461
5268,2023-08-29 15:00:00,834.6517219677273
5269,2023-08-29 16:00:00,903.4999640097659
5270,2023-08-29 17:00:00,1095.145545340427
5271,2023-08-29 18:00:00,1280.8482553562303
5272,2023-08-29 19:00:00,1328.4360216600426
5273,2023-08-29 20:00:00,1200.9928498802906
5274,2023-08-29 21:00:00,969.742419339904
5275,2023-08-29 22:00:00,739.5042486252769
5276,2023-08-29 23:00:00,562.9440893404745
5277,2023-08-30 00:00:00,421.2251801500289
5278,2023-08-30 01:00:00,277.19482441059716
5279,2023-08-30 02:00:00,136.5409237682353
5280,2023-08-30 03:00:00,51.402295611022055
5281,2023-08-30 04:00:00,66.24459819431934
5282,2023-08-30 05:00:00,167.64977103320894
5283,2023-08-30 06:00:00,294.289332341699
5284,2023-08-30 07:00:00,397.78620077393134
5285,2023-08-30 08:00:00,488.9991221493797
5286,2023-08-30 09:00:00,617.4754576120162
5287,2023-08-30 10:00:00,802.4020556915837
5288,2023-08-30 11:00:00,988.5463876134172
5289,2023-08-30 12:00:00,1080.9483871214302
5290,2023-08-30 13:00:00,1033.4641264598044
5291,2023-08-30 14:00:00,906.5119694385792
5292,2023-08-30 15:00:00,831.0925551009975
5293,2023-08-30 16:00:00,902.5975747828716
5294,2023-08-30 17:00:00,1096.9541796361393
5295,2023-08-30 18:00:00,1285.3427576159434
5296,2023-08-30 19:00:00,1335.5143787546103
5297,2023-08-30 20:00:00,1210.479950335422
5298,2023-08-30 21:00:00,981.3949633248247
5299,2023-08-30 22:00:00,753.0167281368159
5300,2023-08-30 23:00:00,577.9557434979127
5301,2023-08-31 00:00:00,437.3278171161369
5302,2023-08-31 01:00:00,293.9413896431101
5303,2023-08-31 02:00:00,153.4546840735527
5304,2023-08-31 03:00:00,67.98649997451264
5305,2023-08-31 04:00:00,81.99246997522039
5306,2023-08-31 05:00:00,182.0546813374333
5307,2023-08-31 06:00:00,306.8550019902076
5308,2023-08-31 07:00:00,408.0367776006393
5309,2023-08-31 08:00:00,496.4889822446287
5310,2023-08-31 09:00:00,621.7985824101023
5311,2023-08-31 10:00:00,803.2008426768748
5312,2023-08-31 11:00:00,985.5197598229306
5313,2023-08-31 12:00:00,1073.8590762613612
5314,2023-08-31 13:00:00,1022.1450151541528
5315,2023-08-31 14:00:00,890.8713912162777
5316,2023-08-31 15:00:00,811.1184645905944
5317,2023-08-31 16:00:00,878.3605158319635
5318,2023-08-31 17:00:00,1068.6089956270755
5319,2023-08-31 18:00:00,1253.1290050697403
5320,2023-08-31 19:00:00,1299.7554233649603
5321,2023-08-31 20:00:00,1171.580742318337
5322,2023-08-31 21:00:00,939.8385074901231
5323,2023-08-31 22:00:00,709.3592818861008
5324,2023-08-31 23:00:00,532.8207937947597
5325,2023-09-01 00:00:00,391.3989047842743
5326,2023-09-01 01:00:00,247.95386527488563
5327,2023-09-01 02:00:00,108.18649550253224
5328,2023-09-01 03:00:00,24.24812517547582
5329,2023-09-01 04:00:00,40.61612188598576
5330,2023-09-01 05:00:00,143.88292221524352
5331,2023-09-01 06:00:00,272.7289141769159
5332,2023-09-01 07:00:00,378.7838451440152
5333,2023-09-01 08:00:00,472.91084310332997
5334,2023-09-01 09:00:00,604.6588146405301
5335,2023-09-01 10:00:00,793.2129491390767
5336,2023-09-01 11:00:00,983.3355152628625
5337,2023-09-01 12:00:00,1080.0573976461956
5338,2023-09-01 13:00:00,1037.2215110900572
5339,2023-09-01 14:00:00,915.2287392782056
5340,2023-09-01 15:00:00,845.0577561802902
5341,2023-09-01 16:00:00,922.0736975450116
5342,2023-09-01 17:00:00,1122.1725231121304
5343,2023-09-01 18:00:00,1316.4988115479323
5344,2023-09-01 19:00:00,1372.7632888754326
5345,2023-09-01 20:00:00,1253.9321334816577
5346,2023-09-01 21:00:00,1031.1119391493362
5347,2023-09-01 22:00:00,809.0072338209181
5348,2023-09-01 23:00:00,640.1721962917313
5349,2023-09-02 00:00:00,185.3451756120338
5350,2023-09-02 01:00:00,47.90853102505639
5351,2023-09-02 02:00:00,-86.86176356344401
5352,2023-09-02 04:00:00,-147.85539160664484
5353,2023-09-02 05:00:00,-43.174754041345864
5354,2023-09-02 06:00:00,85.74446940804376
5355,2023-09-02 07:00:00,190.4801372133296
5356,2023-09-02 08:00:00,281.85758403572436
5357,2023-09-02 09:00:00,409.4027197389968
5358,2023-09-02 10:00:00,592.2930685904565
5359,2023-09-02 11:00:00,775.2989266917687
5360,2023-09-02 12:00:00,863.4750795360575
5361,2023-09-02 13:00:00,810.7042134601602
5362,2023-09-02 14:00:00,677.442666257642
5363,2023-09-02 15:00:00,594.7398759538473
5364,2023-09-02 16:00:00,658.0464980703915
5365,2023-09-02 17:00:00,843.3580372103993
5366,2023-09-02 18:00:00,1021.9317422497338
5367,2023-09-02 19:00:00,1061.603075416766
5368,2023-09-02 20:00:00,925.4738096611433
5369,2023-09-02 21:00:00,684.7956490147775
5370,2023-09-02 22:00:00,444.42628464889594
5371,2023-09-02 23:00:00,257.07954509200835
5372,2023-09-03 00:00:00,103.97627495368545
5373,2023-09-03 01:00:00,-51.96959100093261
5374,2023-09-03 02:00:00,-204.99512054263323
5375,2023-09-03 03:00:00,-302.87880861974645
5376,2023-09-03 05:00:00,-212.87790310915034
5377,2023-09-03 06:00:00,-99.54431032595608
5378,2023-09-03 07:00:00,-9.337897886110909
5379,2023-09-03 08:00:00,68.70654141047157
5380,2023-09-03 09:00:00,184.24417164337427
5381,2023-09-03 10:00:00,356.5719240528023
5382,2023-09-03 11:00:00,530.5618235735367
5383,2023-09-03 12:00:00,611.3581155164501
5384,2023-09-03 13:00:00,552.9175132406311
5385,2023-09-03 14:00:00,415.7541362639845
5386,2023-09-03 15:00:00,330.9583251395673
5387,2023-09-03 16:00:00,394.0043106138841
5388,2023-09-03 17:00:00,580.8935882831294
5389,2023-09-03 18:00:00,762.8717508701695
5390,2023-09-03 19:00:00,807.7450893059093
5391,2023-09-03 20:00:00,678.5690151350276
5392,2023-09-03 21:00:00,446.5321952635345
5393,2023-09-03 22:00:00,216.41330543244788
5394,2023-09-03 23:00:00,40.83205281219193
5395,2023-09-04 00:00:00,221.2191030544509
5396,2023-09-04 01:00:00,79.73129697108288
5397,2023-09-04 02:00:00,-57.68304545188619
5398,2023-09-04 03:00:00,-138.94514648764834
5399,2023-09-04 04:00:00,-119.65112831445424
5400,2023-09-04 05:00:00,-13.281877254182405
5401,2023-09-04 06:00:00,118.77093074001596
5402,2023-09-04 07:00:00,228.06730280850184
5403,2023-09-04 08:00:00,325.40397382613764
5404,2023-09-04 09:00:00,460.26777264964096
5405,2023-09-04 10:00:00,651.787026542711
5406,2023-09-04 11:00:00,844.673177881443
5407,2023-09-04 12:00:00,943.9130501421745
5408,2023-09-04 13:00:00,903.3128908221735
5409,2023-09-04 14:00:00,783.2448298790354
5410,2023-09-04 15:00:00,714.6671049892832
5411,2023-09-04 16:00:00,792.9330157238495
5412,2023-09-04 17:00:00,993.9354433930683
5413,2023-09-04 18:00:00,1188.8246765201063
5414,2023-09-04 19:00:00,1245.325842342239
5415,2023-09-04 20:00:00,1126.4279885801652
5416,2023-09-04 21:00:00,903.2686999948157
5417,2023-09-04 22:00:00,680.5911517662504
5418,2023-09-04 23:00:00,510.9952484277602
5419,2023-09-05 00:00:00,375.5894720399482
5420,2023-09-05 01:00:00,237.17789690020436
5421,2023-09-05 02:00:00,101.41699939955879
5422,2023-09-05 03:00:00,20.426088771320224
5423,2023-09-05 04:00:00,38.66318286847479
5424,2023-09-05 05:00:00,142.71423902396953
5425,2023-09-05 06:00:00,271.26608603496317
5426,2023-09-05 07:00:00,375.96773111756363
5427,2023-09-05 08:00:00,467.71413072068015
5428,2023-09-05 09:00:00,596.0981919488733
5429,2023-09-05 10:00:00,780.3607387239961
5430,2023-09-05 11:00:00,965.3306354196867
5431,2023-09-05 12:00:00,1056.1155240243295
5432,2023-09-05 13:00:00,1006.6443218577756
5433,2023-09-05 14:00:00,877.4121379390876
5434,2023-09-05 15:00:00,799.4989784572995
5435,2023-09-05 16:00:00,868.3772224099993
5436,2023-09-05 17:00:00,1060.0547222418093
5437,2023-09-05 18:00:00,1245.7912868070362
5438,2023-09-05 19:00:00,1293.4148631268147
5439,2023-09-05 20:00:00,1166.0094762655372
5440,2023-09-05 21:00:00,934.798824954352
5441,2023-09-05 22:00:00,704.6024471757502
5442,2023-09-05 23:00:00,528.0861139074397
5443,2023-09-06 00:00:00,386.4130831606572
5444,2023-09-06 01:00:00,242.43067762229538
5445,2023-09-06 02:00:00,101.8268182224466
5446,2023-09-06 03:00:00,16.74034161031193
5447,2023-09-06 04:00:00,31.636925262257364
5448,2023-09-06 05:00:00,133.09852787335603
5449,2023-09-06 06:00:00,259.7966867943403
5450,2023-09-06 07:00:00,363.3543397681569
5451,2023-09-06 08:00:00,454.63025164610394
5452,2023-09-06 09:00:00,583.1718025480402
5453,2023-09-06 10:00:00,768.1658599564508
5454,2023-09-06 11:00:00,954.3799139276871
5455,2023-09-06 12:00:00,1046.853917016405
5456,2023-09-06 13:00:00,999.4439601904351
5457,2023-09-06 14:00:00,872.5684259242681
5458,2023-09-06 15:00:00,797.2279718410039
5459,2023-09-06 16:00:00,868.8143077787454
5460,2023-09-06 17:00:00,1063.2546033032036
5461,2023-09-06 18:00:00,1251.7292647219983
5462,2023-09-06 19:00:00,1301.9893802938277
5463,2023-09-06 20:00:00,1177.0458754686554
5464,2023-09-06 21:00:00,948.0542592650597
5465,2023-09-06 22:00:00,719.7718600573236
5466,2023-09-06 23:00:00,544.8091944262476
5467,2023-09-07 00:00:00,404.2820878253783
5468,2023-09-07 01:00:00,260.99899855294547
5469,2023-09-07 02:00:00,120.61816712010022
5470,2023-09-07 03:00:00,35.25841050534348
5471,2023-09-07 04:00:00,49.37537862698173
5472,2023-09-07 05:00:00,149.55117591753458
5473,2023-09-07 06:00:00,274.467687327691
5474,2023-09-07 07:00:00,375.7682754505732
5475,2023-09-07 08:00:00,464.34193112450964
5476,2023-09-07 09:00:00,589.7756374785881
5477,2023-09-07 10:00:00,771.3046755859486
5478,2023-09-07 11:00:00,953.753058576432
5479,2023-09-07 12:00:00,1042.2245450705386
5480,2023-09-07 13:00:00,990.6453742764288
5481,2023-09-07 14:00:00,859.5093768266436
5482,2023-09-07 15:00:00,779.8968285777928
5483,2023-09-07 16:00:00,847.2820256907451
5484,2023-09-07 17:00:00,1037.6764342595732
5485,2023-09-07 18:00:00,1222.345170627474
5486,2023-09-07 19:00:00,1269.1231290776977
5487,2023-09-07 20:00:00,1141.1028163262717
5488,2023-09-07 21:00:00,909.5177926632177
5489,2023-09-07 22:00:00,679.1986356259508
5490,2023-09-07 23:00:00,502.8230878838099
5491,2023-09-08 00:00:00,361.56702517488486
5492,2023-09-08 01:00:00,218.29071191197482
5493,2023-09-08 02:00:00,78.69498209807784
5494,2023-09-08 03:00:00,-5.0688209270742846
5495,2023-09-08 04:00:00,11.476683806762821
5496,2023-09-08 05:00:00,114.92394607031247
5497,2023-09-08 06:00:00,243.95336687463504
5498,2023-09-08 07:00:00,350.1947063674759
5499,2023-09-08 08:00:00,444.511105101466
5500,2023-09-08 09:00:00,576.4514820056179
5501,2023-09-08 10:00:00,765.2010386117521
5502,2023-09-08 11:00:00,955.522055477062
5503,2023-09-08 12:00:00,1052.4454289278917
5504,2023-09-08 13:00:00,1009.8140852243088
5505,2023-09-08 14:00:00,888.0289192836993
5506,2023-09-08 15:00:00,818.0686160551124
5507,2023-09-08 16:00:00,895.2983220558625
5508,2023-09-08 17:00:00,1095.6140075472777
5509,2023-09-08 18:00:00,1290.1602614621765
5510,2023-09-08 19:00:00,1346.6478198579598
5511,2023-09-08 20:00:00,1228.0428709055689
5512,2023-09-08 21:00:00,1005.452017926366
5513,2023-09-08 22:00:00,783.5797981259562
5514,2023-09-08 23:00:00,614.9803993378093
5515,2023-09-09 00:00:00,160.3921793687898
5516,2023-09-09 01:00:00,23.197505963072786
5517,2023-09-09 02:00:00,-111.32763874253749
5518,2023-09-09 03:00:00,-191.13024260232612
5519,2023-09-09 04:00:00,-171.82139927037622
5520,2023-09-09 05:00:00,-66.88602896123916
5521,2023-09-09 06:00:00,62.291136185564596
5522,2023-09-09 07:00:00,167.28796153025837
5523,2023-09-09 08:00:00,258.9297883116692
5524,2023-09-09 09:00:00,386.74253270387925
5525,2023-09-09 10:00:00,569.903725010189
5526,2023-09-09 11:00:00,753.1836670737748
5527,2023-09-09 12:00:00,841.6371498220761
5528,2023-09-09 13:00:00,789.1468647556424
5529,2023-09-09 14:00:00,656.169154535851
5530,2023-09-09 15:00:00,573.7534617355126
5531,2023-09-09 16:00:00,637.3504461533781
5532,2023-09-09 17:00:00,822.9556163564195
5533,2023-09-09 18:00:00,1001.8262248720492
5534,2023-09-09 19:00:00,1041.7977372837147
5535,2023-09-09 20:00:00,905.9719295865714
5536,2023-09-09 21:00:00,665.600508553027
5537,2023-09-09 22:00:00,425.54116775875815
5538,2023-09-09 23:00:00,238.50773785612205
5539,2023-09-10 00:00:00,85.72106523838647
5540,2023-09-10 01:00:00,-69.9049138584594
5541,2023-09-10 02:00:00,-222.6072660596178
5542,2023-09-10 03:00:00,-320.1644854704292
5543,2023-09-10 04:00:00,-318.02141787029086
5544,2023-09-10 06:00:00,-115.83082988598574
5545,2023-09-10 07:00:00,-25.284781750353773
5546,2023-09-10 08:00:00,53.10258379700838
5547,2023-09-10 09:00:00,168.98642968413083
5548,2023-09-10 10:00:00,341.6615028681188
5549,2023-09-10 11:00:00,516.0020089807934
5550,2023-09-10 12:00:00,597.1521912074679
5551,2023-09-10 13:00:00,539.0687603874638
5552,2023-09-10 14:00:00,402.2658332106514
5553,2023-09-10 15:00:00,317.8337470532233
5554,2023-09-10 16:00:00,381.2467291283614
5555,2023-09-10 17:00:00,568.5062711742773
5556,2023-09-10 18:00:00,750.8579616813131
5557,2023-09-10 19:00:00,796.1080870336959
5558,2023-09-10 20:00:00,667.3120538461382
5559,2023-09-10 21:00:00,435.6585237649132
5560,2023-09-10 22:00:00,205.92616691314043
5561,2023-09-10 23:00:00,30.734684491194344
5562,2023-09-11 00:00:00,211.51473581893566
5563,2023-09-11 01:00:00,70.42315502523707
5564,2023-09-11 02:00:00,-66.59174492665193
5565,2023-09-11 03:00:00,-147.45119372212082
5566,2023-09-11 04:00:00,-127.75132128781092
5567,2023-09-11 05:00:00,-20.973022058895594
5568,2023-09-11 06:00:00,111.49201954280852
5569,2023-09-11 07:00:00,221.2038018079311
5570,2023-09-11 08:00:00,318.9590504289249
5571,2023-09-11 09:00:00,454.2445846967224
5572,2023-09-11 10:00:00,646.1887219513917
5573,2023-09-11 11:00:00,839.5028942794352
5574,2023-09-11 12:00:00,939.173914512091
5575,2023-09-11 13:00:00,899.0080191296499
5576,2023-09-11 14:00:00,779.3773266935643
5577,2023-09-11 15:00:00,711.2400631472021
5578,2023-09-11 16:00:00,789.9495159394653
5579,2023-09-11 17:00:00,991.398553896237
5580,2023-09-11 18:00:00,1186.7374526846734
5581,2023-09-11 19:00:00,1243.6913263399183
5582,2023-09-11 20:00:00,1125.2492089921648
5583,2023-09-11 21:00:00,902.548671420749
5584,2023-09-11 22:00:00,680.3328745171876
5585,2023-09-11 23:00:00,511.2017081138391
5586,2023-09-12 00:00:00,376.2636392036427
5587,2023-09-12 01:00:00,238.3227266553024
5588,2023-09-12 02:00:00,103.03543107667508
5589,2023-09-12 03:00:00,22.5210455186982
5590,2023-09-12 04:00:00,41.2375713055236
5591,2023-09-12 05:00:00,145.77094886741747
5592,2023-09-12 06:00:00,274.8079897361242
5593,2023-09-12 07:00:00,379.99768346542527
5594,2023-09-12 08:00:00,472.23496853377355
5595,2023-09-12 09:00:00,601.1127336453071
5596,2023-09-12 10:00:00,785.8717839864828
5597,2023-09-12 11:00:00,971.3409648218264
5598,2023-09-12 12:00:00,1062.6278986698512
5599,2023-09-12 13:00:00,1013.6614830137685
5600,2023-09-12 14:00:00,884.936806652186
5601,2023-09-12 15:00:00,807.5338552235226
5602,2023-09-12 16:00:00,876.9249867853285
5603,2023-09-12 17:00:00,1069.1180324849827
5604,2023-09-12 18:00:00,1255.3727795128739
5605,2023-09-12 19:00:00,1303.5171528853375
5606,2023-09-12 20:00:00,1176.6351552717938
5607,2023-09-12 21:00:00,945.9504626688295
5608,2023-09-12 22:00:00,716.2825899595923
5609,2023-09-12 23:00:00,540.2972846656547
5610,2023-09-13 00:00:00,399.157780977222
5611,2023-09-13 01:00:00,255.71137740997335
5612,2023-09-13 02:00:00,115.64597038341367
5613,2023-09-13 03:00:00,31.100371650952525
5614,2023-09-13 04:00:00,46.5402334633244
5615,2023-09-13 05:00:00,148.5474889334091
5616,2023-09-13 06:00:00,275.79364948415594
5617,2023-09-13 07:00:00,379.9016265622595
5618,2023-09-13 08:00:00,471.73015839871937
5619,2023-09-13 09:00:00,600.8265981525917
5620,2023-09-13 10:00:00,786.3777859678025
5621,2023-09-13 11:00:00,973.1511842451781
5622,2023-09-13 12:00:00,1066.1867175362354
5623,2023-09-13 13:00:00,1019.3404484744817
5624,2023-09-13 14:00:00,893.0307308371763
5625,2023-09-13 15:00:00,818.2581932483037
5626,2023-09-13 16:00:00,890.4145161751735
5627,2023-09-13 17:00:00,1085.4268395292643
5628,2023-09-13 18:00:00,1274.47553957379
5629,2023-09-13 19:00:00,1325.3116742324453
5630,2023-09-13 20:00:00,1200.9461382870659
5631,2023-09-13 21:00:00,972.5344097534227
5632,2023-09-13 22:00:00,744.8337856983223
5633,2023-09-13 23:00:00,570.4547510438485
5634,2023-09-14 00:00:00,430.51309929777324
5635,2023-09-14 01:00:00,287.8172564755007
5636,2023-09-14 02:00:00,148.025430496299
5637,2023-09-14 03:00:00,63.25640543254724
5638,2023-09-14 04:00:00,77.96579799422796
5639,2023-09-14 05:00:00,178.73567908566145
5640,2023-09-14 06:00:00,304.24789983208814
5641,2023-09-14 07:00:00,406.1457886951415
5642,2023-09-14 08:00:00,495.31830207808866
5643,2023-09-14 09:00:00,621.3523883870978
5644,2023-09-14 10:00:00,803.483293655339
5645,2023-09-14 11:00:00,986.5349957107089
5646,2023-09-14 12:00:00,1075.6112175494195
5647,2023-09-14 13:00:00,1024.6381624875826
5648,2023-09-14 14:00:00,894.1096249750184
5649,2023-09-14 15:00:00,815.1058444049393
5650,2023-09-14 16:00:00,883.1010801854724
5651,2023-09-14 17:00:00,1074.106761380245
5652,2023-09-14 18:00:00,1259.3879670719846
5653,2023-09-14 19:00:00,1306.7795539365757
5654,2023-09-14 20:00:00,1179.3739908710277
5655,2023-09-14 21:00:00,948.4048000644864
5656,2023-09-14 22:00:00,718.7025206780479
5657,2023-09-14 23:00:00,542.9448567647364
5658,2023-09-15 00:00:00,402.3076451897289
5659,2023-09-15 01:00:00,259.65111122635926
5660,2023-09-15 02:00:00,120.67604949472116
5661,2023-09-15 03:00:00,37.53376370395449
5662,2023-09-15 04:00:00,54.70159495564667
5663,2023-09-15 05:00:00,158.77195290290524
5664,2023-09-15 06:00:00,288.4251982071662
5665,2023-09-15 07:00:00,395.2910504323774
5666,2023-09-15 08:00:00,490.2326093134775
5667,2023-09-15 09:00:00,622.7987527452393
5668,2023-09-15 10:00:00,812.1746409804657
5669,2023-09-15 11:00:00,1003.1225131094254
5670,2023-09-15 12:00:00,1100.6732237417414
5671,2023-09-15 13:00:00,1058.6696572292212
5672,2023-09-15 14:00:00,937.5126663661529
5673,2023-09-15 15:00:00,868.180893773243
5674,2023-09-15 16:00:00,946.0394434311486
5675,2023-09-15 17:00:00,1146.9842428738325
5676,2023-09-15 18:00:00,1342.1598381072909
5677,2023-09-15 19:00:00,1399.2769220731902
5678,2023-09-15 20:00:00,1281.3016396425987
5679,2023-09-15 21:00:00,1059.3405506441584
5680,2023-09-15 22:00:00,838.0981486297528
5681,2023-09-15 23:00:00,670.1285775729807
5682,2023-09-16 00:00:00,216.1701512819768
5683,2023-09-16 01:00:00,79.60519331337002
5684,2023-09-16 02:00:00,-54.290358536857866
5685,2023-09-16 03:00:00,-133.46353664598632
5686,2023-09-16 04:00:00,-113.5254793074215
5687,2023-09-16 05:00:00,-7.961151555020251
5688,2023-09-16 06:00:00,121.8446694969847
5689,2023-09-16 07:00:00,227.46980411935937
5690,2023-09-16 08:00:00,319.7395483005688
5691,2023-09-16 09:00:00,448.1797728236611
5692,2023-09-16 10:00:00,631.9679625045056
5693,2023-09-16 11:00:00,815.8743735332708
5694,2023-09-16 12:00:00,904.9537510719367
5695,2023-09-16 13:00:00,853.0887407467055
5696,2023-09-16 14:00:00,720.7356392099283
5697,2023-09-16 15:00:00,638.9438429497429
5698,2023-09-16 16:00:00,703.16396554509
5699,2023-09-16 17:00:00,889.3914692437645
5700,2023-09-16 18:00:00,1068.8835601793517
5701,2023-09-16 19:00:00,1109.4756574148366
5702,2023-09-16 20:00:00,974.2694903655472
5703,2023-09-16 21:00:00,734.51671912563
5704,2023-09-16 22:00:00,495.0749905180505
5705,2023-09-16 23:00:00,308.65808836535916
5706,2023-09-17 00:00:00,156.48681215773956
5707,2023-09-17 01:00:00,1.4750511716857773
5708,2023-09-17 02:00:00,-150.6143082533289
5709,2023-09-17 03:00:00,-247.55980730465194
5710,2023-09-17 04:00:00,-244.80633889874525
5711,2023-09-17 05:00:00,-155.67665395254517
5712,2023-09-17 06:00:00,-41.399096746448436
5713,2023-09-17 07:00:00,49.753110257858225
5714,2023-09-17 08:00:00,128.7451261347943
5715,2023-09-17 09:00:00,245.23206648559187
5716,2023-09-17 10:00:00,418.5086309094925
5717,2023-09-17 11:00:00,593.4489776610743
5718,2023-09-17 12:00:00,675.1992268148668
5719,2023-09-17 13:00:00,617.7141177775412
5720,2023-09-17 14:00:00,481.5077198488732
5721,2023-09-17 15:00:00,397.6703229651108
5722,2023-09-17 16:00:00,461.6761069587485
5723,2023-09-17 17:00:00,649.5265161533865
5724,2023-09-17 18:00:00,832.4670916662952
5725,2023-09-17 19:00:00,878.3040725039323
5726,2023-09-17 20:00:00,750.0928179377033
5727,2023-09-17 21:00:00,519.0219422921941
5728,2023-09-17 22:00:00,289.8700684178727
5729,2023-09-17 23:00:00,115.25685022592734
5730,2023-09-18 00:00:00,296.61289986066123
5731,2023-09-18 01:00:00,156.09500428261822
5732,2023-09-18 02:00:00,19.651429333480564
5733,2023-09-18 04:00:00,-40.37276582056802
5734,2023-09-18 05:00:00,66.969495690965
5735,2023-09-18 06:00:00,199.9959515097146
5736,2023-09-18 07:00:00,310.2665531573432
5737,2023-09-18 08:00:00,408.57797961014865
5738,2023-09-18 09:00:00,544.4170035409726
5739,2023-09-18 10:00:00,736.9118957554608
5740,2023-09-18 11:00:00,930.7740419014395
5741,2023-09-18 12:00:00,1030.9902084749929
5742,2023-09-18 13:00:00,991.3665857146814
5743,2023-09-18 14:00:00,872.2752460636949
5744,2023-09-18 15:00:00,804.6743694503659
5745,2023-09-18 16:00:00,883.9171974283461
5746,2023-09-18 17:00:00,1085.8965530450782
5747,2023-09-18 18:00:00,1281.7626663422227
5748,2023-09-18 19:00:00,1339.2406058251936
5749,2023-09-18 20:00:00,1221.3193602646902
5750,2023-09-18 21:00:00,999.1364552040535
5751,2023-09-18 22:00:00,777.4350064547957
5752,2023-09-18 23:00:00,608.8148589261981
5753,2023-09-19 00:00:00,474.3844348093885
5754,2023-09-19 01:00:00,336.94774839269957
5755,2023-09-19 02:00:00,202.16121581664032
5756,2023-09-19 03:00:00,122.14408587660796
5757,2023-09-19 04:00:00,141.35431577933252
5758,2023-09-19 05:00:00,246.37780204551729
5759,2023-09-19 06:00:00,375.90131247450654
5760,2023-09-19 07:00:00,481.57379307959064
5761,2023-09-19 08:00:00,574.2901389835877
5762,2023-09-19 09:00:00,703.6431957438475
5763,2023-09-19 10:00:00,888.8737256038617
5764,2023-09-19 11:00:00,1074.8105311132726
5765,2023-09-19 12:00:00,1166.5611922388225
5766,2023-09-19 13:00:00,1118.0545641738008
5767,2023-09-19 14:00:00,989.7856936433166
5768,2023-09-19 15:00:00,912.8345244158954
5769,2023-09-19 16:00:00,982.673372943179
5770,2023-09-19 17:00:00,1175.310028988593
5771,2023-09-19 18:00:00,1362.0042385927368
5772,2023-09-19 19:00:00,1410.5838858782217
5773,2023-09-19 20:00:00,1284.1329328696247
5774,2023-09-19 21:00:00,1053.8750151794648
5775,2023-09-19 22:00:00,824.6296075426408
5776,2023-09-19 23:00:00,649.0624176301767
5777,2023-09-20 00:00:00,508.3366400273039
5778,2023-09-20 01:00:00,365.29953392320846
5779,2023-09-20 02:00:00,225.6389566832711
5780,2023-09-20 03:00:00,141.49368131028075
5781,2023-09-20 04:00:00,157.3293215616634
5782,2023-09-20 05:00:00,259.7277723578835
5783,2023-09-20 06:00:00,387.3605072356192
5784,2023-09-20 07:00:00,491.850400043144
5785,2023-09-20 08:00:00,584.0561517188885
5786,2023-09-20 09:00:00,713.5250784311213
5787,2023-09-20 10:00:00,899.4439836684396
5788,2023-09-20 11:00:00,1086.5802934578664
5789,2023-09-20 12:00:00,1179.973896322063
5790,2023-09-20 13:00:00,1133.4808191844065
5791,2023-09-20 14:00:00,1007.5193804464056
5792,2023-09-20 15:00:00,933.0901736672681
5793,2023-09-20 16:00:00,1005.5848446153589
5794,2023-09-20 17:00:00,1200.9304988330462
5795,2023-09-20 18:00:00,1390.3074785487354
5796,2023-09-20 19:00:00,1441.4668080147007
5797,2023-09-20 20:00:00,1317.419348685538
5798,2023-09-20 21:00:00,1089.3205456228168
5799,2023-09-20 22:00:00,861.9276632709973
5800,2023-09-20 23:00:00,687.8511543278248
5801,2023-09-21 00:00:00,548.2067804240116
5802,2023-09-21 01:00:00,405.80293607596224
5803,2023-09-21 02:00:00,266.29779807530656
5804,2023-09-21 03:00:00,181.8101197692299
5805,2023-09-21 04:00:00,196.79548749631977
5806,2023-09-21 05:00:00,297.8359421891572
5807,2023-09-21 06:00:00,423.6133054020003
5808,2023-09-21 07:00:00,525.7708764103147
5809,2023-09-21 08:00:00,615.1975828316797
5810,2023-09-21 09:00:00,741.4803446829496
5811,2023-09-21 10:00:00,923.8543800355492
5812,2023-09-21 11:00:00,1107.1436391323127
5813,2023-09-21 12:00:00,1196.4518178193034
5814,2023-09-21 13:00:00,1145.7050926736808
5815,2023-09-21 14:00:00,1015.397231831253
5816,2023-09-21 15:00:00,936.608448770802
5817,2023-09-21 16:00:00,1004.8129774417218
5818,2023-09-21 17:00:00,1196.0222218653175
5819,2023-09-21 18:00:00,1381.5012365069429
5820,2023-09-21 19:00:00,1429.0848538704167
5821,2023-09-21 20:00:00,1301.8655191295056
5822,2023-09-21 21:00:00,1071.0767311519407
5823,2023-09-21 22:00:00,841.5490062671773
5824,2023-09-21 23:00:00,665.9600261350687
5825,2023-09-22 00:00:00,525.48560566622
5826,2023-09-22 01:00:00,382.9859486218822
5827,2023-09-22 02:00:00,244.16182860202042
5828,2023-09-22 03:00:00,161.16452872905643
5829,2023-09-22 04:00:00,178.4713699853741
5830,2023-09-22 05:00:00,282.6747423813598
5831,2023-09-22 06:00:00,412.45498739177066
5832,2023-09-22 07:00:00,519.4418058543677
5833,2023-09-22 08:00:00,614.4982792798953
5834,2023-09-22 09:00:00,747.1732677932052
5835,2023-09-22 10:00:00,936.6519143608331
5836,2023-09-22 11:00:00,1127.6964412661705
5837,2023-09-22 12:00:00,1225.3376868035482
5838,2023-09-22 13:00:00,1183.4185194900328
5839,2023-09-22 14:00:00,1062.3397767587521
5840,2023-09-22 15:00:00,993.0800863896889
5841,2023-09-22 16:00:00,1071.004537992798
5842,2023-09-22 17:00:00,1272.009045231189
5843,2023-09-22 18:00:00,1467.2381407328303
5844,2023-09-22 19:00:00,1524.4025045826843
5845,2023-09-22 20:00:00,1406.4682692641152
5846,2023-09-22 21:00:00,1184.5419827442615
5847,2023-09-22 22:00:00,963.3281272117621
5848,2023-09-22 23:00:00,795.3808357855694
5849,2023-09-23 00:00:00,341.4384119210513
5850,2023-09-23 01:00:00,204.8831693368719
5851,2023-09-23 02:00:00,70.99103652194049
5852,2023-09-23 03:00:00,-8.185027727655324
5853,2023-09-23 04:00:00,11.743830008103487
5854,2023-09-23 05:00:00,117.29263690972027
5855,2023-09-23 06:00:00,247.07660864540526
5856,2023-09-23 07:00:00,352.6735587038702
5857,2023-09-23 08:00:00,444.9087768858858
5858,2023-09-23 09:00:00,573.3081282800644
5859,2023-09-23 10:00:00,757.049092538396
5860,2023-09-23 11:00:00,940.9019212113355
5861,2023-09-23 12:00:00,1029.9213553575962
5862,2023-09-23 13:00:00,977.9900370234866
5863,2023-09-23 14:00:00,845.5642597970508
5864,2023-09-23 15:00:00,763.693417663481
5865,2023-09-23 16:00:00,827.8281221996378
5866,2023-09-23 17:00:00,1013.9638342244851
5867,2023-09-23 18:00:00,1193.3577589199808
5868,2023-09-23 19:00:00,1233.8453149888935
5869,2023-09-23 20:00:00,1098.5282319836958
5870,2023-09-23 21:00:00,858.6581706926845
5871,2023-09-23 22:00:00,619.0927791648792
5872,2023-09-23 23:00:00,432.545842988645
5873,2023-09-24 00:00:00,280.23816394934266
5874,2023-09-24 01:00:00,125.08363416602731
5875,2023-09-24 02:00:00,-27.154856626295327
5876,2023-09-24 03:00:00,-124.25584570859746
5877,2023-09-24 04:00:00,-121.66422152856717
5878,2023-09-24 05:00:00,-32.7027299981396
5879,2023-09-24 06:00:00,81.40029015279413
5880,2023-09-24 07:00:00,172.37162253374413
5881,2023-09-24 08:00:00,251.17643286392428
5882,2023-09-24 09:00:00,367.46984391090035
5883,2023-09-24 10:00:00,540.5465629857474
5884,2023-09-24 11:00:00,715.280756596875
5885,2023-09-24 12:00:00,796.8166293454711
5886,2023-09-24 13:00:00,739.1108540015828
5887,2023-09-24 14:00:00,602.6775097311953
5888,2023-09-24 15:00:00,518.6068969109264
5889,2023-09-24 16:00:00,582.3732063310165
5890,2023-09-24 17:00:00,769.9778938199345
5891,2023-09-24 18:00:00,952.6665125338066
5892,2023-09-24 19:00:00,998.2453140832337
5893,2023-09-24 20:00:00,869.7696708534011
5894,2023-09-24 21:00:00,638.4282108480807
5895,2023-09-24 22:00:00,408.99957108581697
5896,2023-09-24 23:00:00,234.1034202622107
5897,2023-09-25 00:00:00,415.17038578622874
5898,2023-09-25 01:00:00,274.35727044117453
5899,2023-09-25 02:00:00,137.61235640170594
5900,2023-09-25 03:00:00,57.014383833108695
5901,2023-09-25 04:00:00,76.96719323549894
5902,2023-09-25 05:00:00,183.9898611960935
5903,2023-09-25 06:00:00,316.69067490711956
5904,2023-09-25 07:00:00,426.62960490836963
5905,2023-09-25 08:00:00,524.6033497209143
5906,2023-09-25 09:00:00,660.0987021029641
5907,2023-09-25 10:00:00,852.2439534491033
5908,2023-09-25 11:00:00,1045.750510557672
5909,2023-09-25 12:00:00,1145.6051615631134
5910,2023-09-25 13:00:00,1105.6141188895563
5911,2023-09-25 14:00:00,986.1494776814372
5912,2023-09-25 15:00:00,918.1694410905394
5913,2023-09-25 16:00:00,997.0272744047529
5914,2023-09-25 17:00:00,1198.6158249325451
5915,2023-09-25 18:00:00,1394.0853474853352
5916,2023-09-25 19:00:00,1451.16093585593
5917,2023-09-25 20:00:00,1332.8316046170812
5918,2023-09-25 21:00:00,1110.234905614253
5919,2023-09-25 22:00:00,888.1139814892756
5920,2023-09-25 23:00:00,719.0687044565758
5921,2023-09-26 00:00:00,584.207524549853
5922,2023-09-26 01:00:00,446.3344843817849
5923,2023-09-26 02:00:00,311.1060289331539
5924,2023-09-26 03:00:00,230.64143629578064
5925,2023-09-26 04:00:00,249.3986935362118
5926,2023-09-26 05:00:00,353.96372747815496
5927,2023-09-26 06:00:00,483.02333672682335
5928,2023-09-26 07:00:00,588.2264986084822
5929,2023-09-26 08:00:00,680.4681400127029
5930,2023-09-26 09:00:00,809.3411387760013
5931,2023-09-26 10:00:00,994.086289878974
5932,2023-09-26 11:00:00,1179.5324291167417
5933,2023-09-26 12:00:00,1270.7871701464092
5934,2023-09-26 13:00:00,1221.779402345503
5935,2023-09-26 14:00:00,1093.0042070888258
5936,2023-09-26 15:00:00,1015.5415632650518
5937,2023-09-26 16:00:00,1084.86382289996
5938,2023-09-26 17:00:00,1276.978811807851
5939,2023-09-26 18:00:00,1463.1463125302885
5940,2023-09-26 19:00:00,1511.1942461509625
5941,2023-09-26 20:00:00,1384.2066121124608
5942,2023-09-26 21:00:00,1153.407083883848
5943,2023-09-26 22:00:00,923.6151745263275
5944,2023-09-26 23:00:00,747.4966304475051
5945,2023-09-27 00:00:00,606.2146854444334
5946,2023-09-27 01:00:00,462.616638334696
5947,2023-09-27 02:00:00,322.3903865521079
5948,2023-09-27 03:00:00,237.67474359719824
5949,2023-09-27 04:00:00,252.9353641602899
5950,2023-09-27 05:00:00,354.75418450817364
5951,2023-09-27 06:00:00,481.802719951052
5952,2023-09-27 07:00:00,585.7038865262504
5953,2023-09-27 08:00:00,677.3164277712373
5954,2023-09-27 09:00:00,806.1877028744941
5955,2023-09-27 10:00:00,991.504558728075
5956,2023-09-27 11:00:00,1178.0344651898522
5957,2023-09-27 12:00:00,1270.8173550129072
5958,2023-09-27 13:00:00,1223.7092997143789
5959,2023-09-27 14:00:00,1097.1286627107918
5960,2023-09-27 15:00:00,1022.0760829557946
5961,2023-09-27 16:00:00,1093.943251988127
5962,2023-09-27 17:00:00,1288.6573215023568
5963,2023-09-27 18:00:00,1477.3986802728077
5964,2023-09-27 19:00:00,1527.918399435624
5965,2023-09-27 20:00:00,1403.22738772111
5966,2023-09-27 21:00:00,1174.4811378225959
5967,2023-09-27 22:00:00,946.436962188179
5968,2023-09-27 23:00:00,771.7053618220277
5969,2023-09-28 00:00:00,65.31293608427404
5970,2023-09-28 01:00:00,-77.75344947181406
5971,2023-09-28 02:00:00,-217.92477968083642
5972,2023-09-28 03:00:00,-303.08225147254825
5973,2023-09-28 04:00:00,-288.7702284546557
5974,2023-09-28 05:00:00,-188.40661930721012
5975,2023-09-28 06:00:00,-63.30955178656336
5976,2023-09-28 07:00:00,38.16432442625717
5977,2023-09-28 08:00:00,126.90398827792865
5978,2023-09-28 09:00:00,252.49641144007597
5979,2023-09-28 10:00:00,434.17686393798243
5980,2023-09-28 11:00:00,616.7693482714276
5981,2023-09-28 12:00:00,705.377612843645
5982,2023-09-28 13:00:00,653.9278870695575
5983,2023-09-28 14:00:00,522.9139922267424
5984,2023-09-28 15:00:00,443.41619520544947
5985,2023-09-28 16:00:00,510.9087836461266
5986,2023-09-28 17:00:00,701.4032155284301
5987,2023-09-28 18:00:00,886.164599563893
5988,2023-09-28 19:00:00,933.0278227351669
5989,2023-09-28 20:00:00,805.0853849784186
5990,2023-09-28 21:00:00,573.5708401634097
5991,2023-09-28 22:00:00,343.31475987478063
5992,2023-09-28 23:00:00,166.9948812680242
5993,2023-09-29 00:00:00,-139.3332940155749
5994,2023-09-29 01:00:00,-282.56876824142375
5995,2023-09-29 02:00:00,-422.131080623347
5996,2023-09-29 03:00:00,-505.8688916171144
5997,2023-09-29 04:00:00,-489.30482361214297
5998,2023-09-29 05:00:00,-385.8464297400234
5999,2023-09-29 06:00:00,-256.81331149175503
6000,2023-09-29 07:00:00,-150.5757107605084
6001,2023-09-29 08:00:00,-56.27048858095122
6002,2023-09-29 09:00:00,75.65127280432898
6003,2023-09-29 10:00:00,264.3747741925858
6004,2023-09-29 11:00:00,454.6622958761651
6005,2023-09-29 12:00:00,551.544734336743
6006,2023-09-29 13:00:00,508.8650164387419
6007,2023-09-29 14:00:00,387.0240381428087
6008,2023-09-29 15:00:00,317.000485904089
6009,2023-09-29 16:00:00,394.1595081634091
6010,2023-09-29 17:00:00,594.3970775567781
6011,2023-09-29 18:00:00,788.8577858519201
6012,2023-09-29 19:00:00,845.2523723745905
6013,2023-09-29 20:00:00,726.5470290135895
6014,2023-09-29 21:00:00,503.8483632485501
6015,2023-09-29 22:00:00,281.8609169101554
6016,2023-09-29 23:00:00,113.13888287172279
6017,2023-09-30 00:00:00,21.594023849786254
6018,2023-09-30 01:00:00,-115.73808525993604
6019,2023-09-30 02:00:00,-250.40805651025312
6020,2023-09-30 03:00:00,-330.3628709414728
6021,2023-09-30 04:00:00,-311.2136148849328
6022,2023-09-30 05:00:00,-206.44520082450163
6023,2023-09-30 06:00:00,-77.44235270103127
6024,2023-09-30 07:00:00,27.37280346793966
6025,2023-09-30 08:00:00,118.82561800958024
6026,2023-09-30 09:00:00,246.44201663650352
6027,2023-09-30 10:00:00,429.3995396342707
6028,2023-09-30 11:00:00,612.4684992629368
6029,2023-09-30 12:00:00,700.7036973265061
6030,2023-09-30 13:00:00,647.9878366562423
6031,2023-09-30 14:00:00,514.7772716578386
6032,2023-09-30 15:00:00,432.1214571400363
6033,2023-09-30 16:00:00,495.4710655534294
6034,2023-09-30 17:00:00,680.8216185810178
6035,2023-09-30 18:00:00,859.4303822862657
6036,2023-09-30 19:00:00,899.1328362546639
6037,2023-09-30 20:00:00,763.0307709195966
6038,2023-09-30 21:00:00,522.3759079469651
6039,2023-09-30 22:00:00,282.02595622536865
6040,2023-09-30 23:00:00,94.69476219606122
6041,2023-10-01 00:00:00,309.6393690485606
6042,2023-10-01 01:00:00,153.70136847952324
6043,2023-10-01 02:00:00,0.6798915607818117
6044,2023-10-01 03:00:00,-97.2035382774377
6045,2023-10-01 05:00:00,-7.213425461091106
6046,2023-10-01 06:00:00,106.10915368663791
6047,2023-10-01 08:00:00,274.3268376162055
6048,2023-10-01 09:00:00,389.8423515948939
6049,2023-10-01 10:00:00,562.1421421731534
6050,2023-10-01 11:00:00,736.1004359909442
6051,2023-10-01 12:00:00,816.8614977094285
6052,2023-10-01 13:00:00,758.3820600531527
6053,2023-10-01 14:00:00,621.1762620427103
6054,2023-10-01 15:00:00,536.3345622965381
6055,2023-10-01 16:00:00,599.3311127296311
6056,2023-10-01 17:00:00,786.1674286562411
6057,2023-10-01 18:00:00,968.0891226334793
6058,2023-10-01 19:00:00,1012.9025054705581
6059,2023-10-01 20:00:00,883.6630086635362
6060,2023-10-01 21:00:00,651.5593191744764
6061,2023-10-01 22:00:00,421.3701328072715
6062,2023-10-01 23:00:00,245.71517691891802
6063,2023-10-02 00:00:00,136.04573629606182
6064,2023-10-02 01:00:00,-5.522525761331394
6065,2023-10-02 02:00:00,-143.02067004036246
6066,2023-10-02 03:00:00,-224.36989839208547
6067,2023-10-02 04:00:00,-205.16631255127402
6068,2023-10-02 05:00:00,-98.89077832671228
6069,2023-10-02 06:00:00,33.065048870193095
6070,2023-10-02 07:00:00,142.2611967805941
6071,2023-10-02 08:00:00,239.49442092031046
6072,2023-10-02 09:00:00,374.25157082520724
6073,2023-10-02 10:00:00,565.6609944756156
6074,2023-10-02 11:00:00,758.4341549985452
6075,2023-10-02 12:00:00,857.5578966566974
6076,2023-10-02 13:00:00,816.8384877637959
6077,2023-10-02 14:00:00,696.6480791222585
6078,2023-10-02 15:00:00,627.9449292776443
6079,2023-10-02 16:00:00,706.0823586913128
6080,2023-10-02 17:00:00,906.9532695838816
6081,2023-10-02 18:00:00,1101.707971408151
6082,2023-10-02 19:00:00,1158.0716123483846
6083,2023-10-02 20:00:00,1039.0332610984997
6084,2023-10-02 21:00:00,815.7305233568559
6085,2023-10-02 22:00:00,592.9065953173791
6086,2023-10-02 23:00:00,423.16140249569503
6087,2023-10-03 00:00:00,122.25051501546216
6088,2023-10-03 01:00:00,-16.316106008147358
6089,2023-10-03 02:00:00,-152.23489609491605
6090,2023-10-03 03:00:00,-233.38652503674462
6091,2023-10-03 04:00:00,-215.31295398600514
6092,2023-10-03 05:00:00,-111.42820464215959
6093,2023-10-03 06:00:00,16.954572770941013
6094,2023-10-03 07:00:00,121.48440641592322
6095,2023-10-03 08:00:00,213.0562736936157
6096,2023-10-03 09:00:00,341.26310260942296
6097,2023-10-03 10:00:00,525.3457380161801
6098,2023-10-03 11:00:00,710.1330651784723
6099,2023-10-03 12:00:00,800.7327469216734
6100,2023-10-03 13:00:00,751.0737214313267
6101,2023-10-03 14:00:00,621.651118510788
6102,2023-10-03 15:00:00,543.5449651587005
6103,2023-10-03 16:00:00,612.227661116274
6104,2023-10-03 17:00:00,803.7070795516119
6105,2023-10-03 18:00:00,989.2430499811992
6106,2023-10-03 19:00:00,1036.6635401076633
6107,2023-10-03 20:00:00,909.0525955805692
6108,2023-10-03 21:00:00,677.6339357101667
6109,2023-10-03 22:00:00,447.2271190016571
6110,2023-10-03 23:00:00,270.4979369132503
6111,2023-10-04 00:00:00,583.942001885473
6112,2023-10-04 01:00:00,439.74198898176854
6113,2023-10-04 02:00:00,298.9181734897686
6114,2023-10-04 03:00:00,213.60941232060196
6115,2023-10-04 04:00:00,228.28140318259483
6116,2023-10-04 05:00:00,329.51612493518263
6117,2023-10-04 06:00:00,455.9851350625104
6118,2023-10-04 07:00:00,559.3113913286384
6119,2023-10-04 08:00:00,650.3536785954951
6120,2023-10-04 09:00:00,778.6593969211218
6121,2023-10-04 10:00:00,963.4154336326781
6122,2023-10-04 11:00:00,1149.3892985794364
6123,2023-10-04 12:00:00,1241.6209640679795
6124,2023-10-04 13:00:00,1193.9665407126668
6125,2023-10-04 14:00:00,1066.8444305688613
6126,2023-10-04 15:00:00,991.255310767995
6127,2023-10-04 16:00:00,1062.5909105925193
6128,2023-10-04 17:00:00,1256.7784189896643
6129,2023-10-04 18:00:00,1444.998261512878
6130,2023-10-04 19:00:00,1495.0015456651477
6131,2023-10-04 20:00:00,1369.7992159829355
6132,2023-10-04 21:00:00,1140.5468005473422
6133,2023-10-04 22:00:00,912.0016466973667
6134,2023-10-04 23:00:00,736.7742898458679
6135,2023-10-05 00:00:00,595.980574267538
6136,2023-10-05 01:00:00,452.42897694385914
6137,2023-10-05 02:00:00,311.7777569929124
6138,2023-10-05 03:00:00,226.14574990857642
6139,2023-10-05 04:00:00,239.9886240311434
6140,2023-10-05 05:00:00,339.8885021213698
6141,2023-10-05 06:00:00,464.52728736314305
6142,2023-10-05 07:00:00,565.5483604882439
6143,2023-10-05 08:00:00,653.8407303762929
6144,2023-10-05 09:00:00,778.9913980980255
6145,2023-10-05 10:00:00,960.2356625674561
6146,2023-10-05 11:00:00,1142.3975546540637
6147,2023-10-05 12:00:00,1230.5808506168269
6148,2023-10-05 13:00:00,1178.7118072006251
6149,2023-10-05 14:00:00,1047.2842724703494
6150,2023-10-05 15:00:00,967.3785396083293
6151,2023-10-05 16:00:00,1034.4689219928896
6152,2023-10-05 17:00:00,1224.5669028144557
6153,2023-10-05 18:00:00,1408.9376154574786
6154,2023-10-05 19:00:00,1455.415971059469
6155,2023-10-05 20:00:00,1327.094493146098
6156,2023-10-05 21:00:00,1095.206758654079
6157,2023-10-05 22:00:00,864.5833616873339
6158,2023-10-05 23:00:00,687.9020613842732
6159,2023-10-06 00:00:00,546.338749785539
6160,2023-10-06 01:00:00,402.753707526545
6161,2023-10-06 02:00:00,262.8477847293766
6162,2023-10-06 03:00:00,178.77234069948622
6163,2023-10-06 04:00:00,195.00477227761576
6164,2023-10-06 05:00:00,298.1375450018992
6165,2023-10-06 06:00:00,426.8510754929975
6166,2023-10-06 07:00:00,532.7751394128879
6167,2023-10-06 08:00:00,626.7728927188905
6168,2023-10-06 09:00:00,758.3932696099936
6169,2023-10-06 10:00:00,946.8214867341153
6170,2023-10-06 11:00:00,1136.8198397335304
6171,2023-10-06 12:00:00,1233.4192397959678
6172,2023-10-06 13:00:00,1190.4626279784313
6173,2023-10-06 14:00:00,1068.350913853875
6174,2023-10-06 15:00:00,998.0627969241018
6175,2023-10-06 16:00:00,1074.9634380993916
6176,2023-10-06 17:00:00,1274.9488219254147
6177,2023-10-06 18:00:00,1469.1635515028843
6178,2023-10-06 19:00:00,1525.3183769221077
6179,2023-10-06 20:00:00,1406.379500267647
6180,2023-10-06 21:00:00,1183.453538632499
6181,2023-10-06 22:00:00,961.2450429063974
6182,2023-10-06 23:00:00,792.3082144182192
6183,2023-10-07 00:00:00,337.38142439610147
6184,2023-10-07 01:00:00,199.8470538545568
6185,2023-10-07 02:00:00,64.98109808909521
6186,2023-10-07 03:00:00,-15.163417769312332
6187,2023-10-07 04:00:00,3.8024255521366968
6188,2023-10-07 05:00:00,108.39372058557444
6189,2023-10-07 06:00:00,237.22574783812746
6190,2023-10-07 07:00:00,341.876385162017
6191,2023-10-07 08:00:00,433.17098617451427
6192,2023-10-07 09:00:00,560.6354793141013
6193,2023-10-07 10:00:00,743.4474069927539
6194,2023-10-07 11:00:00,926.3770830460925
6195,2023-10-07 12:00:00,1014.4793102789029
6196,2023-10-07 13:00:00,961.6367919163874
6197,2023-10-07 14:00:00,828.3058822130162
6198,2023-10-07 15:00:00,745.5360352466486
6199,2023-10-07 16:00:00,808.7779221466476
6200,2023-10-07 17:00:00,994.0270627219651
6201,2023-10-07 18:00:00,1172.5407205753972
6202,2023-10-07 19:00:00,1212.1543722663976
6203,2023-10-07 20:00:00,1075.96980462277
6204,2023-10-07 21:00:00,835.2387351388392
6205,2023-10-07 22:00:00,594.8188679722189
6206,2023-10-07 23:00:00,407.42404423342055
6207,2023-10-08 00:00:00,254.275120644663
6208,2023-10-08 01:00:00,98.28604364891874
6209,2023-10-08 02:00:00,-54.780243298171285
6210,2023-10-08 03:00:00,-152.702224347247
6211,2023-10-08 04:00:00,-150.92473544888253
6212,2023-10-08 05:00:00,-62.77047063754003
6213,2023-10-08 06:00:00,50.532282632942724
6214,2023-10-08 07:00:00,140.71035860558175
6215,2023-10-08 08:00:00,218.7289730023645
6216,2023-10-08 09:00:00,334.2432979619009
6217,2023-10-08 10:00:00,506.5480895288549
6218,2023-10-08 11:00:00,680.5175622996636
6219,2023-10-08 12:00:00,761.2959683069522
6220,2023-10-08 13:00:00,702.8400271151795
6221,2023-10-08 14:00:00,565.6638640298296
6222,2023-10-08 15:00:00,480.85782488526127
6223,2023-10-08 16:00:00,543.8961452870983
6224,2023-10-08 17:00:00,730.7803251980944
6225,2023-10-08 18:00:00,912.7559612741645
6226,2023-10-08 19:00:00,957.6293478852484
6227,2023-10-08 20:00:00,828.4558995618114
6228,2023-10-08 21:00:00,596.4242857161594
6229,2023-10-08 22:00:00,366.31318414260005
6230,2023-10-08 23:00:00,190.7423035885812
6231,2023-10-09 00:00:00,133.41719504987805
6232,2023-10-09 01:00:00,-8.055068441106982
6233,2023-10-09 02:00:00,-145.4512825170815
6234,2023-10-09 04:00:00,-207.37535301173455
6235,2023-10-09 05:00:00,-100.98021990697885
6236,2023-10-09 06:00:00,31.101051916813276
6237,2023-10-09 07:00:00,140.42846746050134
6238,2023-10-09 08:00:00,237.79875896121223
6239,2023-10-09 09:00:00,372.69875218267714
6240,2023-10-09 10:00:00,564.2567708214708
6241,2023-10-09 11:00:00,757.1842532211848
6242,2023-10-09 12:00:00,856.4680183629912
6243,2023-10-09 13:00:00,815.9143087749314
6244,2023-10-09 14:00:00,695.8952489939035
6245,2023-10-09 15:00:00,627.3690707988944
6246,2023-10-09 16:00:00,705.6890673983938
6247,2023-10-09 17:00:00,906.7481132694588
6248,2023-10-09 18:00:00,1101.696489664068
6249,2023-10-09 19:00:00,1158.259316050918
6250,2023-10-09 20:00:00,1039.4256319653487
6251,2023-10-09 21:00:00,816.3330134579662
6252,2023-10-09 22:00:00,593.7246266136468
6253,2023-10-09 23:00:00,424.20036637108404
6254,2023-10-10 00:00:00,526.5938205125751
6255,2023-10-10 01:00:00,388.258821264206
6256,2023-10-10 02:00:00,252.57694984693126
6257,2023-10-10 03:00:00,171.66750406974234
6258,2023-10-10 04:00:00,189.98848993066235
6259,2023-10-10 05:00:00,294.12585243691717
6260,2023-10-10 06:00:00,422.76640763066274
6261,2023-10-10 07:00:00,527.5591495071268
6262,2023-10-10 08:00:00,619.3990208573157
6263,2023-10-10 09:00:00,747.8789146591062
6264,2023-10-10 10:00:00,932.2396403050884
6265,2023-10-10 11:00:00,1117.3100471811085
6266,2023-10-10 12:00:00,1208.197761819468
6267,2023-10-10 13:00:00,1158.8316856898155
6268,2023-10-10 14:00:00,1029.7069114848812
6269,2023-10-10 15:00:00,951.9034286765527
6270,2023-10-10 16:00:00,1020.8935990710042
6271,2023-10-10 17:00:00,1212.6852575330522
6272,2023-10-10 18:00:00,1398.5381948536537
6273,2023-10-10 19:00:00,1446.2803396218205
6274,2023-10-10 20:00:00,1318.9956980093625
6275,2023-10-10 21:00:00,1087.9079494530984
6276,2023-10-10 22:00:00,857.8366122150671
6277,2023-10-10 23:00:00,681.4474371362567
6278,2023-10-11 00:00:00,539.9036616693598
6279,2023-10-11 01:00:00,396.05258753818924
6280,2023-10-11 02:00:00,255.58211431648618
6281,2023-10-11 03:00:00,170.63105685880896
6282,2023-10-11 04:00:00,185.66507046471986
6283,2023-10-11 05:00:00,287.2660912455414
6284,2023-10-11 06:00:00,414.1056335752856
6285,2023-10-11 07:00:00,517.806611805518
6286,2023-10-11 08:00:00,609.2277670271075
6287,2023-10-11 09:00:00,737.9164552141323
6288,2023-10-11 10:00:00,923.0595192822618
6289,2023-10-11 11:00:00,1109.4244243539958
6290,2023-10-11 12:00:00,1202.0510977001243
6291,2023-10-11 13:00:00,1154.7956045826702
6292,2023-10-11 14:00:00,1028.0763014158915
6293,2023-10-11 15:00:00,952.8938193821135
6294,2023-10-11 16:00:00,1024.6398415231363
6295,2023-10-11 17:00:00,1219.2415102433201
6296,2023-10-11 18:00:00,1407.8792043251117
6297,2023-10-11 19:00:00,1458.3039841397876
6298,2023-10-11 20:00:00,1333.5267468816555
6299,2023-10-11 21:00:00,1104.7029730106253
6300,2023-10-11 22:00:00,876.5899619287408
6301,2023-10-11 23:00:00,701.7982009405923
6302,2023-10-12 00:00:00,561.4434858995779
6303,2023-10-12 01:00:00,418.3342451394734
6304,2023-10-12 02:00:00,278.1286888552177
6305,2023-10-12 03:00:00,192.94560344226466
6306,2023-10-12 04:00:00,207.24060785344557
6307,2023-10-12 05:00:00,307.595775251701
6308,2023-10-12 06:00:00,432.69295901196796
6309,2023-10-12 07:00:00,534.1754898281058
6310,2023-10-12 08:00:00,622.9323263322801
6311,2023-10-12 09:00:00,748.5504191353753
6312,2023-10-12 10:00:00,930.2650165115597
6313,2023-10-12 11:00:00,1112.9000984617703
6314,2023-10-12 12:00:00,1201.5593902086064
6315,2023-10-12 13:00:00,1150.1690972691479
6316,2023-10-12 14:00:00,1019.2230163057607
6317,2023-10-12 15:00:00,939.8013889003087
6318,2023-10-12 16:00:00,1007.3784766906838
6319,2023-10-12 17:00:00,1197.9657109495035
6320,2023-10-12 18:00:00,1382.828172976303
6321,2023-10-12 19:00:00,1429.8007216803933
6322,2023-10-12 20:00:00,1301.9758282093462
6323,2023-10-12 21:00:00,1070.5870169843245
6324,2023-10-12 22:00:00,840.4648294323513
6325,2023-10-12 23:00:00,664.286971917317
6326,2023-10-13 00:00:00,523.2292835557496
6327,2023-10-13 01:00:00,380.1519919424277
6328,2023-10-13 02:00:00,240.75589404478364
6329,2023-10-13 03:00:00,157.19229590044904
6330,2023-10-13 04:00:00,173.9385409849151
6331,2023-10-13 05:00:00,277.58704135714225
6332,2023-10-13 06:00:00,406.8181600773806
6333,2023-10-13 07:00:00,513.2616191688978
6334,2023-10-13 08:00:00,607.7805208363803
6335,2023-10-13 09:00:00,739.9237454648332
6336,2023-10-13 10:00:00,928.876455832915
6337,2023-10-13 11:00:00,1119.400893613427
6338,2023-10-13 12:00:00,1216.5279159879992
6339,2023-10-13 13:00:00,1174.1004099525267
6340,2023-10-13 14:00:00,1052.519230945312
6341,2023-10-13 15:00:00,982.763024310176
6342,2023-10-13 16:00:00,1060.1968967588027
6343,2023-10-13 17:00:00,1260.7167786027908
6344,2023-10-13 18:00:00,1455.4672186677321
6345,2023-10-13 19:00:00,1512.1589127593334
6346,2023-10-13 20:00:00,1393.7580086575795
6347,2023-10-13 21:00:00,1171.3710691444603
6348,2023-10-13 22:00:00,949.7025907703472
6349,2023-10-13 23:00:00,781.306720554673
6350,2023-10-14 00:00:00,326.92177539944873
6351,2023-10-14 01:00:00,189.93008200793975
6352,2023-10-14 02:00:00,55.60758137429514
6353,2023-10-14 03:00:00,-23.992755627304177
6354,2023-10-14 04:00:00,-4.482063986772118
6355,2023-10-14 05:00:00,100.65469461011276
6356,2023-10-14 06:00:00,230.03274649834964
6357,2023-10-14 07:00:00,335.2299153904374
6358,2023-10-14 08:00:00,427.07150081403614
6359,2023-10-14 09:00:00,555.0833771639046
6360,2023-10-14 10:00:00,738.4430328911008
6361,2023-10-14 11:00:00,921.9207278988794
6362,2023-10-14 12:00:00,1010.5712111540702
6363,2023-10-14 13:00:00,958.2771321118287
6364,2023-10-14 14:00:00,825.4947913366037
6365,2023-10-14 15:00:00,743.2735893005163
6366,2023-10-14 16:00:00,807.0641436138966
6367,2023-10-14 17:00:00,992.8619206726203
6368,2023-10-14 18:00:00,1171.9241307439622
6369,2023-10-14 19:00:00,1212.0861972013925
6370,2023-10-14 20:00:00,1076.4498537486209
6371,2023-10-14 21:00:00,836.2667649025888
6372,2023-10-14 22:00:00,596.3945819712892
6373,2023-10-14 23:00:00,409.5470932905493
6374,2023-10-15 00:00:00,256.94510301182015
6375,2023-10-15 01:00:00,101.50250509692353
6376,2023-10-15 02:00:00,-51.01780931049905
6377,2023-10-15 03:00:00,-148.39437655480197
6378,2023-10-15 04:00:00,-146.0720846067917
6379,2023-10-15 06:00:00,56.47250000461747
6380,2023-10-15 07:00:00,147.19323620090188
6381,2023-10-15 08:00:00,225.75369359296099
6382,2023-10-15 09:00:00,341.8089931231024
6383,2023-10-15 10:00:00,514.6538398284619
6384,2023-10-15 11:00:00,689.1623974836741
6385,2023-10-15 12:00:00,770.4788674983956
6386,2023-10-15 13:00:00,712.5599190080176
6387,2023-10-15 14:00:00,575.9196270728623
6388,2023-10-15 15:00:00,491.6482875217638
6389,2023-10-15 16:00:00,555.2200861411294
6390,2023-10-15 17:00:00,742.6365750056685
6391,2023-10-15 18:00:00,925.1431996929063
6392,2023-10-15 19:00:00,970.5462054383474
6393,2023-10-15 20:00:00,841.9009578364787
6394,2023-10-15 21:00:00,610.3960776203357
6395,2023-10-15 22:00:00,380.81019413674886
6396,2023-10-15 23:00:00,205.76296793948097
6397,2023-10-16 00:00:00,386.68501783659235
6398,2023-10-16 01:00:00,245.73313758250106
6399,2023-10-16 02:00:00,108.85559990520676
6400,2023-10-16 03:00:00,28.131135056859875
6401,2023-10-16 04:00:00,47.96357317575166
6402,2023-10-16 05:00:00,154.87198008618907
6403,2023-10-16 06:00:00,287.46463174652524
6404,2023-10-16 07:00:00,397.3014870416742
6405,2023-10-16 08:00:00,495.1792324303366
6406,2023-10-16 09:00:00,630.5846481266484
6407,2023-10-16 10:00:00,822.6460125998344
6408,2023-10-16 11:00:00,1016.0747192531114
6409,2023-10-16 12:00:00,1115.857542437298
6410,2023-10-16 13:00:00,1075.800680345887
6411,2023-10-16 14:00:00,956.2762134764198
6412,2023-10-16 15:00:00,888.2423299094032
6413,2023-10-16 16:00:00,967.052279448298
6414,2023-10-16 17:00:00,1168.598893490066
6415,2023-10-16 18:00:00,1364.0324105246596
6416,2023-10-16 19:00:00,1421.0779076095193
6417,2023-10-16 20:00:00,1302.7243821672532
6418,2023-10-16 21:00:00,1080.1093684931334
6419,2023-10-16 22:00:00,857.9759912487116
6420,2023-10-16 23:00:00,688.9241042931445
6421,2023-10-17 00:00:00,554.0621388674654
6422,2023-10-17 01:00:00,416.1941184113119
6423,2023-10-17 02:00:00,280.976468327122
6424,2023-10-17 03:00:00,200.52844673259563
6425,2023-10-17 05:00:00,323.90109513085025
6426,2023-10-17 06:00:00,452.9944486405125
6427,2023-10-17 07:00:00,558.2370366083641
6428,2023-10-17 08:00:00,650.5237639930468
6429,2023-10-17 09:00:00,779.4474863204846
6430,2023-10-17 10:00:00,964.2489758781617
6431,2023-10-17 11:00:00,1149.757045355701
6432,2023-10-17 12:00:00,1241.0792849698146
6433,2023-10-17 13:00:00,1192.144560270181
6434,2023-10-17 14:00:00,1063.4479283974306
6435,2023-10-17 15:00:00,986.0693437048748
6436,2023-10-17 16:00:00,1055.4811332440568
6437,2023-10-17 17:00:00,1247.6910975442515
6438,2023-10-17 18:00:00,1433.958993457018
6439,2023-10-17 19:00:00,1482.1127160441163
6440,2023-10-17 20:00:00,1355.23623835429
6441,2023-10-17 21:00:00,1124.553207114466
6442,2023-10-17 22:00:00,894.8831083052409
6443,2023-10-17 23:00:00,718.8916608714873
6444,2023-10-18 00:00:00,577.7420708247231
6445,2023-10-18 01:00:00,434.2816088482632
6446,2023-10-18 02:00:00,294.1981439057062
6447,2023-10-18 03:00:00,209.63046066743323
6448,2023-10-18 04:00:00,225.04418468540416
6449,2023-10-18 05:00:00,327.0212227445274
6450,2023-10-18 06:00:00,454.23306033345983
6451,2023-10-18 07:00:00,558.3025833526312
6452,2023-10-18 08:00:00,650.0885048764669
6453,2023-10-18 09:00:00,779.1381533150574
6454,2023-10-18 10:00:00,964.6383444389318
6455,2023-10-18 11:00:00,1151.3565167041481
6456,2023-10-18 12:00:00,1244.33257112601
6457,2023-10-18 13:00:00,1197.4225471821583
6458,2023-10-18 14:00:00,1071.0447759467256
6459,2023-10-18 15:00:00,996.1998637146717
6460,2023-10-18 16:00:00,1068.2794690870364
6461,2023-10-18 17:00:00,1263.2107104914694
6462,2023-10-18 18:00:00,1452.1739431850935
6463,2023-10-18 19:00:00,1502.9202044748563
6464,2023-10-18 20:00:00,1378.4603689537757
6465,2023-10-18 21:00:00,1149.949894932425
6466,2023-10-18 22:00:00,922.1460601451201
6467,2023-10-18 23:00:00,747.6593306636121
6468,2023-10-19 00:00:00,607.6054816111805
6469,2023-10-19 01:00:00,464.79292101239076
6470,2023-10-19 02:00:00,324.87983926763906
6471,2023-10-19 03:00:00,239.98500341731483
6472,2023-10-19 04:00:00,254.56401353905022
6473,2023-10-19 05:00:00,355.19892440322064
6474,2023-10-19 06:00:00,480.57157143792574
6475,2023-10-19 07:00:00,582.3252678842355
6476,2023-10-19 08:00:00,671.34895538711
6477,2023-10-19 09:00:00,797.2295680553608
6478,2023-10-19 10:00:00,979.202338116007
6479,2023-10-19 11:00:00,1162.0912300307386
6480,2023-10-19 12:00:00,1250.9999539278738
6481,2023-10-19 13:00:00,1199.854700728859
6482,2023-10-19 14:00:00,1069.1492529737388
6483,2023-10-19 15:00:00,989.9638386017109
6484,2023-10-19 16:00:00,1057.7727060790342
6485,2023-10-19 17:00:00,1248.587273998285
6486,2023-10-19 18:00:00,1433.672611451611
6487,2023-10-19 19:00:00,1480.8635656240551
6488,2023-10-19 20:00:00,1353.2525964232325
6489,2023-10-19 21:00:00,1122.0732175007624
6490,2023-10-19 22:00:00,892.15596001673
6491,2023-10-19 23:00:00,716.1785205150663
6492,2023-10-20 00:00:00,575.3167288085106
6493,2023-10-20 01:00:00,432.43080364845156
6494,2023-10-20 02:00:00,293.2215336456502
6495,2023-10-20 03:00:00,209.8402169604061
6496,2023-10-20 05:00:00,330.58585693564373
6497,2023-10-20 06:00:00,459.9855753772894
6498,2023-10-20 07:00:00,566.5930610557912
6499,2023-10-20 08:00:00,661.2714107070844
6500,2023-10-20 09:00:00,793.569499711788
6501,2023-10-20 10:00:00,982.6724863572631
6502,2023-10-20 11:00:00,1173.342608262671
6503,2023-10-20 12:00:00,1270.610719047683
6504,2023-10-20 13:00:00,1228.3197026233809
6505,2023-10-20 14:00:00,1106.8704118301268
6506,2023-10-20 15:00:00,1037.2414898778898
6507,2023-10-20 16:00:00,1114.7980418209672
6508,2023-10-20 17:00:00,1315.4359967811702
6509,2023-10-20 18:00:00,1510.2999028920772
6510,2023-10-20 19:00:00,1567.100455701689
6511,2023-10-20 20:00:00,1448.8038032371069
6512,2023-10-20 21:00:00,1226.5165089785103
6513,2023-10-20 22:00:00,1004.9430706510941
6514,2023-10-20 23:00:00,836.6376369141527
6515,2023-10-21 00:00:00,382.33852677277076
6516,2023-10-21 01:00:00,245.42806951058338
6517,2023-10-21 02:00:00,111.1822091490319
6518,2023-10-21 03:00:00,31.65392006339323
6519,2023-10-21 04:00:00,51.23207122448582
6520,2023-10-21 05:00:00,156.4317053720514
6521,2023-10-21 06:00:00,285.86805370339215
6522,2023-10-21 07:00:00,391.1189452836315
6523,2023-10-21 08:00:00,483.0096854195755
6524,2023-10-21 09:00:00,611.06615475463
6525,2023-10-21 10:00:00,794.4658484323478
6526,2023-10-21 11:00:00,977.9790335014991
6527,2023-10-21 12:00:00,1066.6604665257937
6528,2023-10-21 13:00:00,1014.3928049936696
6529,2023-10-21 14:00:00,881.6323579720722
6530,2023-10-21 15:00:00,799.4285348318289
6531,2023-10-21 16:00:00,863.2319625771215
6532,2023-10-21 17:00:00,1049.0381173959154
6533,2023-10-21 18:00:00,1228.1042198133623
6534,2023-10-21 19:00:00,1268.265703865006
6535,2023-10-21 20:00:00,1132.624314375933
6536,2023-10-21 21:00:00,892.4317273998723
6537,2023-10-21 22:00:00,652.5456062157746
6538,2023-10-21 23:00:00,465.67975155369186
6539,2023-10-22 00:00:00,313.0549803791901
6540,2023-10-22 01:00:00,157.5851999121229
6541,2023-10-22 02:00:00,5.033314908883995
6542,2023-10-22 03:00:00,-92.37919686179623
6543,2023-10-22 04:00:00,-90.09720889583127
6544,2023-10-22 05:00:00,-1.4434521914085963
6545,2023-10-22 06:00:00,112.35374938652342
6546,2023-10-22 07:00:00,203.02119425784986
6547,2023-10-22 08:00:00,281.52406289763206
6548,2023-10-22 09:00:00,397.5174927706626
6549,2023-10-22 10:00:00,570.2962058248809
6550,2023-10-22 11:00:00,744.7343831433344
6551,2023-10-22 12:00:00,825.9762438399384
6552,2023-10-22 13:00:00,767.9784751324012
6553,2023-10-22 14:00:00,631.2551705677386
6554,2023-10-22 15:00:00,546.8966448302458
6555,2023-10-22 16:00:00,610.3771029464566
6556,2023-10-22 17:00:00,797.6980148924074
6557,2023-10-22 18:00:00,980.104947950417
6558,2023-10-22 19:00:00,1025.4041677004802
6559,2023-10-22 20:00:00,896.6510604805057
6560,2023-10-22 21:00:00,665.0342681152757
6561,2023-10-22 22:00:00,435.33244141207217
6562,2023-10-22 23:00:00,260.1652627409017
6563,2023-10-24 10:00:00,1012.121096566957
6564,2023-10-24 11:00:00,1197.3821476595265
6565,2023-10-24 12:00:00,1288.4543864743487
6566,2023-10-24 13:00:00,1239.2667112770528
6567,2023-10-24 14:00:00,1110.3142121755577
6568,2023-10-24 15:00:00,1032.676876663198
6569,2023-10-24 16:00:00,1101.8270651658022
6570,2023-10-24 17:00:00,1293.772611766194
6571,2023-10-24 18:00:00,1479.7733070575725
6572,2023-10-24 19:00:00,1527.6570800407467
6573,2023-10-24 20:00:00,1400.507937885978
6574,2023-10-24 21:00:00,1169.5495616271937
6575,2023-10-24 22:00:00,939.6014717035736
6576,2023-10-24 23:00:00,763.3294217235072
6577,2023-10-25 00:00:00,621.8966525051972
6578,2023-10-25 01:00:00,478.15046970633875
6579,2023-10-25 02:00:00,337.7787774183987
6580,2023-10-25 03:00:00,252.92039561367574
6581,2023-10-25 04:00:00,268.04098526683
6582,2023-10-25 05:00:00,369.7224887403838
6583,2023-10-25 06:00:00,496.63642725097003
6584,2023-10-25 07:00:00,600.4057225520519
6585,2023-10-25 08:00:00,691.889123704881
6586,2023-10-25 09:00:00,820.6339952256116
6587,2023-10-25 10:00:00,1005.8271891375578
6588,2023-10-25 11:00:00,1192.2361802323546
6589,2023-10-25 12:00:00,1284.9009059988416
6590,2023-10-25 13:00:00,1237.677442490878
6591,2023-10-25 14:00:00,1110.9841574680788
6592,2023-10-25 15:00:00,1035.8216939910003
6593,2023-10-25 16:00:00,1107.5817475464771
6594,2023-10-25 17:00:00,1302.1914735312268
6595,2023-10-25 18:00:00,1490.8312642450683
6596,2023-10-25 19:00:00,1541.252194132704
6597,2023-10-25 20:00:00,1416.4651750114776
6598,2023-10-25 21:00:00,1187.6257024481847
6599,2023-10-25 22:00:00,959.491091549709
6600,2023-10-25 23:00:00,784.6718458101204
6601,2023-10-26 00:00:00,644.2837778187966
6602,2023-10-26 01:00:00,501.13533313596054
6603,2023-10-26 02:00:00,360.884739742303
6604,2023-10-26 03:00:00,275.65080230658367
6605,2023-10-26 04:00:00,289.88915857879647
6606,2023-10-26 05:00:00,390.1819010287151
6607,2023-10-26 06:00:00,515.2109028371434
6608,2023-10-26 07:00:00,616.6195149900553
6609,2023-10-26 08:00:00,705.2967169520072
6610,2023-10-26 09:00:00,830.8294806231316
6611,2023-10-26 10:00:00,1012.4530760594548
6612,2023-10-26 11:00:00,1194.9915055562997
6613,2023-10-26 12:00:00,1283.5485170886534
6614,2023-10-26 13:00:00,1232.0503394230516
6615,2023-10-26 14:00:00,1100.9907929242572
6616,2023-10-26 15:00:00,1021.4501433822968
6617,2023-10-26 16:00:00,1088.9026770775708
6618,2023-10-26 17:00:00,1279.359850406416
6619,2023-10-26 18:00:00,1464.086770240327
6620,2023-10-26 19:00:00,1510.918321539108
6621,2023-10-26 20:00:00,1382.9470019280006
6622,2023-10-26 21:00:00,1151.4063627603396
6623,2023-10-26 22:00:00,921.1269728568345
6624,2023-10-26 23:00:00,744.7865663806199
6625,2023-10-27 00:00:00,603.5610107084726
6626,2023-10-27 01:00:00,460.3105621125728
6627,2023-10-27 02:00:00,320.7360466827062
6628,2023-10-27 03:00:00,236.98879997025665
6629,2023-10-27 04:00:00,253.5461954097077
6630,2023-10-27 05:00:00,357.0006754118704
6631,2023-10-27 06:00:00,486.03263383231865
6632,2023-10-27 07:00:00,592.2718238350433
6633,2023-10-27 08:00:00,686.581379219343
6634,2023-10-27 09:00:00,818.5102123232928
6635,2023-10-27 10:00:00,1007.2435183086457
6636,2023-10-27 11:00:00,1197.5435715749638
6637,2023-10-27 12:00:00,1294.4412624308052
6638,2023-10-27 13:00:00,1251.77951138334
6639,2023-10-27 14:00:00,1129.9592077301782
6640,2023-10-27 15:00:00,1059.9590310731035
6641,2023-10-27 16:00:00,1137.1441227102162
6642,2023-10-27 17:00:00,1337.4104479334283
6643,2023-10-27 18:00:00,1531.9025908634137
6644,2023-10-27 19:00:00,1588.3312829729323
6645,2023-10-27 20:00:00,1469.6627080422877
6646,2023-10-27 21:00:00,1247.0034651952083
6647,2023-10-27 22:00:00,1025.0580876581153
6648,2023-10-27 23:00:00,856.3807594523878
6649,2023-10-28 00:00:00,401.7098347949005
6650,2023-10-28 01:00:00,264.42767803685734
6651,2023-10-28 02:00:00,129.81026813354686
6652,2023-10-28 03:00:00,49.91061420646679
6653,2023-10-28 04:00:00,69.11761983675001
6654,2023-10-28 05:00:00,173.9463622064551
6655,2023-10-28 06:00:00,303.0121067941609
6656,2023-10-28 07:00:00,407.89271675633427
6657,2023-10-28 08:00:00,499.41353134774226
6658,2023-10-28 09:00:00,627.1004649616884
6659,2023-10-28 10:00:00,810.1310463172017
6660,2023-10-28 11:00:00,993.2755758528839
6661,2023-10-28 12:00:00,1081.5888433430584
6662,2023-10-28 13:00:00,1028.953539291099
6663,2023-10-28 14:00:00,895.8260055695988
6664,2023-10-28 15:00:00,813.2556841881875
6665,2023-10-28 16:00:00,876.6932345659661
6666,2023-10-28 17:00:00,1062.1341650937552
6667,2023-10-28 18:00:00,1240.8357283400067
6668,2023-10-28 19:00:00,1280.6333901150033
6669,2023-10-28 20:00:00,1144.6289268307398
6670,2023-10-28 21:00:00,904.0740459213663
6671,2023-10-28 22:00:00,663.8264417766653
6672,2023-10-28 23:00:00,476.599946093267
6673,2023-10-29 00:00:00,323.6154065191131
6674,2023-10-29 01:00:00,167.78676073695306
6675,2023-10-29 02:00:00,14.876943752403008
6676,2023-10-29 03:00:00,-82.89253668028823
6677,2023-10-29 04:00:00,-80.96652428581388
6678,2023-10-29 05:00:00,7.3322794544575345
6679,2023-10-29 06:00:00,120.77557995387201
6680,2023-10-29 07:00:00,211.0902046620689
6681,2023-10-29 08:00:00,289.24136283145543
6682,2023-10-29 09:00:00,404.88422046021225
6683,2023-10-29 10:00:00,577.3135277558121
6684,2023-10-29 11:00:00,751.4034938332612
6685,2023-10-29 12:00:00,832.2983655444193
6686,2023-10-29 13:00:00,773.9548576040269
6687,2023-10-29 14:00:00,636.8870907842786
6688,2023-10-29 15:00:00,552.1854067292834
6689,2023-10-29 16:00:00,615.3240371443808
6690,2023-10-29 17:00:00,802.304478422943
6691,2023-10-29 18:00:00,984.3723239818697
6692,2023-10-29 19:00:00,1029.3338652608838
6693,2023-10-29 20:00:00,900.2445141806332
6694,2023-10-29 21:00:00,668.2929378558083
6695,2023-10-29 22:00:00,438.2578121185105
6696,2023-10-29 23:00:00,262.75884404603585
6697,2023-10-30 00:00:00,443.22669906503944
6698,2023-10-30 01:00:00,301.8182176009621
6699,2023-10-30 02:00:00,164.48171910206452
6700,2023-10-30 03:00:00,83.29598057950875
6701,2023-10-30 04:00:00,102.6648790127939
6702,2023-10-30 05:00:00,209.10752707327663
6703,2023-10-30 06:00:00,341.23224760782665
6704,2023-10-30 07:00:00,450.59904643954434
6705,2023-10-30 08:00:00,548.0046569453441
6706,2023-10-30 09:00:00,682.9359063118245
6707,2023-10-30 10:00:00,874.5211199685838
6708,2023-10-30 11:00:00,1067.4717383397256
6709,2023-10-30 12:00:00,1166.7745827085407
6710,2023-10-30 13:00:00,1126.2358982743547
6711,2023-10-30 14:00:00,1006.2278124913356
6712,2023-10-30 15:00:00,937.7085604020193
6713,2023-10-30 16:00:00,1016.0314387453195
6714,2023-10-30 17:00:00,1217.0893258361095
6715,2023-10-30 18:00:00,1412.0325070349031
6716,2023-10-30 19:00:00,1468.5861062498777
6717,2023-10-30 20:00:00,1349.7391677150715
6718,2023-10-30 21:00:00,1126.6292724883272
6719,2023-10-30 22:00:00,903.9995919397658
6720,2023-10-30 23:00:00,734.4500265825637
6721,2023-10-31 00:00:00,599.0890542622519
6722,2023-10-31 01:00:00,460.7207449426153
6723,2023-10-31 02:00:00,325.0015704807931
6724,2023-10-31 03:00:00,244.0508353912503
6725,2023-10-31 04:00:00,262.3265526588355
6726,2023-10-31 05:00:00,366.4146745495023
6727,2023-10-31 06:00:00,495.0036958195805
6728,2023-10-31 07:00:00,599.740947326961
6729,2023-10-31 08:00:00,691.5213799589947
6730,2023-10-31 09:00:00,819.9378950684811
6731,2023-10-31 10:00:00,1004.2313106617636
6732,2023-10-31 11:00:00,1189.2304850215137
6733,2023-10-31 12:00:00,1280.0430538651012
6734,2023-10-31 13:00:00,1230.5979280791657
6735,2023-10-31 14:00:00,1101.390210057411
6736,2023-10-31 15:00:00,1023.4998992063356
6737,2023-10-31 16:00:00,1092.3993675676938
6738,2023-10-31 17:00:00,1284.096460472898
6739,2023-10-31 18:00:00,1469.8509794355214
6740,2023-10-31 19:00:00,1517.490864043067
6741,2023-10-31 20:00:00,1390.1001316813195
6742,2023-10-31 21:00:00,1158.9024732873104
6743,2023-10-31 22:00:00,928.717418866147
6744,2023-10-31 23:00:00,752.2107311993092
6745,2023-11-01 00:00:00,610.5456600097901
6746,2023-11-01 01:00:00,466.5695194788832
6747,2023-11-01 02:00:00,325.97022187739213
6748,2023-11-01 03:00:00,240.88659502689922
6749,2023-11-01 04:00:00,255.78430740797018
6750,2023-11-01 05:00:00,357.2453085537055
6751,2023-11-01 06:00:00,483.941126488536
6752,2023-11-01 07:00:00,587.494689467924
6753,2023-11-01 08:00:00,678.7647526860669
6754,2023-11-01 09:00:00,807.2986864682982
6755,2023-11-01 10:00:00,992.2833483003908
6756,2023-11-01 11:00:00,1178.48621810022
6757,2023-11-01 12:00:00,1270.947238147518
6758,2023-11-01 13:00:00,1223.5224889405367
6759,2023-11-01 14:00:00,1096.6303423606412
6760,2023-11-01 15:00:00,1021.2714452422312
6761,2023-11-01 16:00:00,1092.8374965129258
6762,2023-11-01 17:00:00,1287.2556546684073
6763,2023-11-01 18:00:00,1475.7063147974554
6764,2023-11-01 19:00:00,1525.9405537635485
6765,2023-11-01 20:00:00,1400.9692855029755
6766,2023-11-01 21:00:00,1171.9480073511827
6767,2023-11-01 22:00:00,943.6340358606753
6768,2023-11-01 23:00:00,768.6378756453859
6769,2023-11-02 00:00:00,628.0753400550628
6770,2023-11-02 01:00:00,484.7548751356159
6771,2023-11-02 02:00:00,344.334708982027
6772,2023-11-02 03:00:00,258.9336460725831
6773,2023-11-02 04:00:00,273.00732363281895
6774,2023-11-02 05:00:00,373.13783330055446
6775,2023-11-02 06:00:00,498.00704707444663
6776,2023-11-02 07:00:00,599.2583144738546
6777,2023-11-02 08:00:00,687.780613147916
6778,2023-11-02 09:00:00,813.1609128795932
6779,2023-11-02 10:00:00,994.63448128412
6780,2023-11-02 11:00:00,1177.0253179034473
6781,2023-11-02 12:00:00,1265.4371676495075
6782,2023-11-02 13:00:00,1213.7962559025939
6783,2023-11-02 14:00:00,1082.5963993488115
6784,2023-11-02 15:00:00,1002.9178597777676
6785,2023-11-02 16:00:00,1070.2349191650408
6786,2023-11-02 17:00:00,1260.5590292915613
6787,2023-11-02 18:00:00,1445.1552921307007
6788,2023-11-02 19:00:00,1491.85858741107
6789,2023-11-02 20:00:00,1363.7614072535819
6790,2023-11-02 21:00:00,1132.0972971966125
6791,2023-11-02 22:00:00,901.6968199537313
6792,2023-11-02 23:00:00,725.2377032849888
6793,2023-11-03 00:00:00,583.8958078690796
6794,2023-11-03 01:00:00,440.5313829994172
6795,2023-11-03 02:00:00,300.84524748506476
6796,2023-11-03 03:00:00,216.9887293202146
6797,2023-11-03 04:00:00,233.4391940961258
6798,2023-11-03 05:00:00,336.7890761044425
6799,2023-11-03 06:00:00,465.71876077805786
6800,2023-11-03 07:00:00,571.8579926177755
6801,2023-11-03 08:00:00,666.0698964469726
6802,2023-11-03 09:00:00,797.903375396297
6803,2023-11-03 10:00:00,986.5436151046882
6804,2023-11-03 11:00:00,1176.7528802077604
6805,2023-11-03 12:00:00,1273.562050980664
6806,2023-11-03 13:00:00,1230.8140376250706
6807,2023-11-03 14:00:00,1108.909718891804
6808,2023-11-03 15:00:00,1038.8277635449977
6809,2023-11-03 16:00:00,1115.933301820879
6810,2023-11-03 17:00:00,1316.122287677422
6811,2023-11-03 18:00:00,1510.5392936541791
6812,2023-11-03 19:00:00,1566.8950393966934
6813,2023-11-03 20:00:00,1448.155696608308
6814,2023-11-03 21:00:00,1225.4278521053432
6815,2023-11-03 22:00:00,1003.4160265393716
6816,2023-11-03 23:00:00,834.6743911512574
6817,2023-11-04 00:00:00,379.94128712135307
6818,2023-11-04 01:00:00,242.59906553699568
6819,2023-11-04 02:00:00,107.9236918553413
6820,2023-11-04 03:00:00,27.9681614946129
6821,2023-11-04 04:00:00,47.12136407927596
6822,2023-11-04 05:00:00,151.89836262594054
6823,2023-11-04 06:00:00,280.9144082386355
6824,2023-11-04 07:00:00,385.74734947403095
6825,2023-11-04 08:00:00,477.22251077717146
6826,2023-11-04 09:00:00,604.8657915158385
6827,2023-11-04 10:00:00,787.8547052012758
6828,2023-11-04 11:00:00,970.9595368255705
6829,2023-11-04 12:00:00,1059.2350605412728
6830,2023-11-04 13:00:00,1006.5639510271264
6831,2023-11-04 14:00:00,873.4025341419625
6832,2023-11-04 15:00:00,790.800235669297
6833,2023-11-04 16:00:00,854.2076986419809
6834,2023-11-04 17:00:00,1039.6204148692284
6835,2023-11-04 18:00:00,1218.295620146687
6836,2023-11-04 19:00:00,1258.0687633445145
6837,2023-11-04 20:00:00,1122.0416037673383
6838,2023-11-04 21:00:00,881.4658315383487
6839,2023-11-04 22:00:00,641.1991235990797
6840,2023-11-04 23:00:00,453.955294029907
6841,2023-11-05 00:00:00,300.9551726962803
6842,2023-11-05 01:00:00,145.11267931025725
6843,2023-11-05 02:00:00,-7.809269203210306
6844,2023-11-05 03:00:00,-105.58918333545273
6845,2023-11-05 05:00:00,-15.380214898135705
6846,2023-11-05 06:00:00,98.05763437415305
6847,2023-11-05 07:00:00,188.36843121332902
6848,2023-11-05 08:00:00,266.5173659097025
6849,2023-11-05 09:00:00,382.15958536052807
6850,2023-11-05 10:00:00,554.5898205663786
6851,2023-11-05 11:00:00,728.682261278178
6852,2023-11-05 12:00:00,809.5811348859245
6853,2023-11-05 13:00:00,751.2431365178987
6854,2023-11-05 14:00:00,614.1823672509563
6855,2023-11-05 15:00:00,529.4891489004989
6856,2023-11-05 16:00:00,592.6376932646683
6857,2023-11-05 17:00:00,779.6294767139889
6858,2023-11-05 18:00:00,961.7100725324209
6859,2023-11-05 19:00:00,1006.6857519409326
6860,2023-11-05 20:00:00,877.6119065463001
6861,2023-11-05 21:00:00,645.6771830645382
6862,2023-11-05 22:00:00,415.6602368207594
6863,2023-11-05 23:00:00,240.18075433412872
6864,2023-11-06 00:00:00,420.6693803719551
6865,2023-11-06 01:00:00,279.28293463025545
6866,2023-11-06 02:00:00,141.96971575066743
6867,2023-11-06 03:00:00,60.808479891420006
6868,2023-11-06 04:00:00,80.20308308414587
6869,2023-11-06 05:00:00,186.6726169968706
6870,2023-11-06 06:00:00,318.825383449015
6871,2023-11-06 07:00:00,428.22136713592715
6872,2023-11-06 08:00:00,525.6572802823467
6873,2023-11-06 09:00:00,660.6199288580884
6874,2023-11-06 10:00:00,852.2376170762291
6875,2023-11-06 11:00:00,1045.2217640383358
6876,2023-11-06 12:00:00,1144.559169721028
6877,2023-11-06 13:00:00,1104.0560579619769
6878,2023-11-06 14:00:00,984.0845348320577
6879,2023-11-06 15:00:00,915.6028139633127
6880,2023-11-06 16:00:00,993.9641706515666
6881,2023-11-06 17:00:00,1195.061461787869
6882,2023-11-06 18:00:00,1390.044951233813
6883,2023-11-06 19:00:00,1446.6397414467456
6884,2023-11-06 20:00:00,1327.8348551625013
6885,2023-11-06 21:00:00,1104.7678519568576
6886,2023-11-06 22:00:00,882.1818817132646
6887,2023-11-06 23:00:00,712.6768234621902
6888,2023-11-07 00:00:00,577.3611335658288
6889,2023-11-07 01:00:00,439.0388605205306
6890,2023-11-07 02:00:00,303.36645474521106
6891,2023-11-07 03:00:00,222.4631993032557
6892,2023-11-07 04:00:00,240.78708577139292
6893,2023-11-07 05:00:00,344.92404502683763
6894,2023-11-07 06:00:00,473.56087931408234
6895,2023-11-07 07:00:00,578.3465690810202
6896,2023-11-07 08:00:00,670.1760439370597
6897,2023-11-07 09:00:00,798.6421839738432
6898,2023-11-07 10:00:00,982.9857859840793
6899,2023-11-07 11:00:00,1168.0356870818134
6900,2023-11-07 12:00:00,1258.8995018706605
6901,2023-11-07 13:00:00,1209.5061201745887
6902,2023-11-07 14:00:00,1080.350623362197
6903,2023-11-07 15:00:00,1002.5129899086587
6904,2023-11-07 16:00:00,1071.4655709616663
6905,2023-11-07 17:00:00,1263.2161910308582
6906,2023-11-07 18:00:00,1449.0246308733686
6907,2023-11-07 19:00:00,1496.7188094139756
6908,2023-11-07 20:00:00,1369.3827234232594
6909,2023-11-07 21:00:00,1138.2400433375433
6910,2023-11-07 22:00:00,908.1102786788755
6911,2023-11-07 23:00:00,731.6591719234366
6912,2023-11-08 00:00:00,590.0499525103816
6913,2023-11-08 01:00:00,446.12991445828874
6914,2023-11-08 02:00:00,305.5869499589329
6915,2023-11-08 03:00:00,220.55986686448296
6916,2023-11-08 04:00:00,235.51431378374753
6917,2023-11-08 05:00:00,337.0322204854269
6918,2023-11-08 06:00:00,463.7850953439986
6919,2023-11-08 07:00:00,567.3958470562093
6920,2023-11-08 08:00:00,658.72321140359
6921,2023-11-08 09:00:00,787.3145393960845
6922,2023-11-08 10:00:00,972.3566693314041
6923,2023-11-08 11:00:00,1158.6170620620642
6924,2023-11-08 12:00:00,1251.1356409395255
6925,2023-11-08 13:00:00,1203.7684676579888
6926,2023-11-08 14:00:00,1076.933895415401
6927,2023-11-08 15:00:00,1001.6325525287866
6928,2023-11-08 16:00:00,1073.2561195258386
6929,2023-11-08 17:00:00,1267.7317366501275
6930,2023-11-08 18:00:00,1456.2397808797677
6931,2023-11-08 19:00:00,1506.5313111382882
6932,2023-11-08 20:00:00,1381.6172235413483
6933,2023-11-08 21:00:00,1152.6529977801865
6934,2023-11-08 22:00:00,924.3959329143339
6935,2023-11-08 23:00:00,749.4565162258657
6936,2023-11-09 00:00:00,608.9505438871654
6937,2023-11-09 01:00:00,465.6864449378263
6938,2023-11-09 02:00:00,325.322430656453
6939,2023-11-09 03:00:00,239.9772888217251
6940,2023-11-09 04:00:00,254.106640188896
6941,2023-11-09 05:00:00,354.2925600741083
6942,2023-11-09 06:00:00,479.21690433340666
6943,2023-11-09 07:00:00,580.5230065451523
6944,2023-11-09 08:00:00,669.0998285675375
6945,2023-11-09 09:00:00,794.5343246097125
6946,2023-11-09 10:00:00,976.0617468686792
6947,2023-11-09 11:00:00,1158.5060797195654
6948,2023-11-09 12:00:00,1246.971053025799
6949,2023-11-09 13:00:00,1195.3828773649147
6950,2023-11-09 14:00:00,1064.2353548059748
6951,2023-11-09 15:00:00,984.6087327241975
6952,2023-11-09 16:00:00,1051.9772788744262
6953,2023-11-09 17:00:00,1242.3524310343366
6954,2023-11-09 18:00:00,1426.9992773740412
6955,2023-11-09 19:00:00,1473.7526840315031
6956,2023-11-09 20:00:00,1345.7051297533408
6957,2023-11-09 21:00:00,1114.09014690409
6958,2023-11-09 22:00:00,883.738285265168
6959,2023-11-09 23:00:00,707.3272598455891
6960,2023-11-10 00:00:00,566.0329188304315
6961,2023-11-10 01:00:00,422.7154992195396
6962,2023-11-10 02:00:00,283.07580775847094
6963,2023-11-10 03:00:00,199.2651606030838
6964,2023-11-10 04:00:00,215.76091174075486
6965,2023-11-10 05:00:00,319.1554840796384
6966,2023-11-10 06:00:00,448.12925190785637
6967,2023-11-10 07:00:00,554.3119488123664
6968,2023-11-10 08:00:00,648.5666889347816
6969,2023-11-10 09:00:00,780.4423649727252
6970,2023-11-10 10:00:00,969.1241523481094
6971,2023-11-10 11:00:00,1159.3743057433317
6972,2023-11-10 12:00:00,1256.223695725311
6973,2023-11-10 13:00:00,1213.5152229971504
6974,2023-11-10 14:00:00,1091.6497570878944
6975,2023-11-10 15:00:00,1021.6059577778592
6976,2023-11-10 16:00:00,1098.7489465599883
6977,2023-11-10 17:00:00,1298.9746689076733
6978,2023-11-10 18:00:00,1493.4276891206405
6979,2023-11-10 19:00:00,1549.8187188594443
6980,2023-11-10 20:00:00,1431.1139220979453
6981,2023-11-10 21:00:00,1208.41987816918
6982,2023-11-10 22:00:00,986.4411005275803
6983,2023-11-10 23:00:00,817.7317533947385
6984,2023-11-11 00:00:00,363.0301712950721
6985,2023-11-11 01:00:00,225.71869885051387
6986,2023-11-11 02:00:00,91.07329533062307
6987,2023-11-11 03:00:00,11.146950226133299
6988,2023-11-11 04:00:00,30.328547503992013
6989,2023-11-11 05:00:00,135.13314477441497
6990,2023-11-11 06:00:00,264.1759880071995
6991,2023-11-11 07:00:00,369.0349208876793
6992,2023-11-11 08:00:00,460.53526325166087
6993,2023-11-11 09:00:00,588.2029101358531
6994,2023-11-11 10:00:00,771.2153709641086
6995,2023-11-11 11:00:00,954.3429269436352
6996,2023-11-11 12:00:00,1042.6403486754955
6997,2023-11-11 13:00:00,989.9903075783193
6998,2023-11-11 14:00:00,856.8491265151689
6999,2023-11-11 15:00:00,774.2662285449359
7000,2023-11-11 16:00:00,837.6922542385829
7001,2023-11-11 17:00:00,1023.1226932258851
7002,2023-11-11 18:00:00,1201.8147793857145
7003,2023-11-11 19:00:00,1241.6039599483563
7004,2023-11-11 20:00:00,1105.5919928529931
7005,2023-11-11 21:00:00,865.0305671203956
7006,2023-11-11 22:00:00,624.7773588827148
7007,2023-11-11 23:00:00,437.54618165043644
7008,2023-11-12 00:00:00,284.557865027286
7009,2023-11-12 01:00:00,128.72632871598773
7010,2023-11-12 02:00:00,-24.185510089589343
7011,2023-11-12 03:00:00,-121.95616133493047
7012,2023-11-12 04:00:00,-120.03048635074083
7013,2023-11-12 05:00:00,-31.731204058113576
7014,2023-11-12 06:00:00,81.71337361245185
7015,2023-11-12 07:00:00,172.03005693246257
7016,2023-11-12 08:00:00,250.1840381066341
7017,2023-11-12 09:00:00,365.8304662006923
7018,2023-11-12 10:00:00,538.2640746718008
7019,2023-11-12 11:00:00,712.3590559959074
7020,2023-11-12 12:00:00,793.2596405634742
7021,2023-11-12 13:00:00,734.9225267633026
7022,2023-11-12 14:00:00,597.861819220913
7023,2023-11-12 15:00:00,513.167843558594
7024,2023-11-12 16:00:00,576.3148156527512
7025,2023-11-12 17:00:00,763.304216216038
7026,2023-11-12 18:00:00,945.381623165676
7027,2023-11-12 19:00:00,990.3533125898305
7028,2023-11-12 20:00:00,861.2746812599332
7029,2023-11-12 21:00:00,629.334381306995
7030,2023-11-12 22:00:00,399.3110737435422
7031,2023-11-12 23:00:00,223.82445103853593
7032,2023-11-13 00:00:00,404.3051641705575
7033,2023-11-13 01:00:00,262.9100393215103
7034,2023-11-13 02:00:00,125.58738186441394
7035,2023-11-13 03:00:00,44.415954962099704
7036,2023-11-13 04:00:00,63.79962190874062
7037,2023-11-13 05:00:00,170.25748189993794
7038,2023-11-13 06:00:00,302.39784451857105
7039,2023-11-13 07:00:00,411.78070251472764
7040,2023-11-13 08:00:00,509.2027763891456
7041,2023-11-13 09:00:00,644.1508806834581
7042,2023-11-13 10:00:00,835.7533283893928
7043,2023-11-13 11:00:00,1028.7215476683461
7044,2023-11-13 12:00:00,1128.0423478026305
7045,2023-11-13 13:00:00,1087.5219621817
7046,2023-11-13 14:00:00,967.5325066813799
7047,2023-11-13 15:00:00,899.0322049825187
7048,2023-11-13 16:00:00,977.3743426737528
7049,2023-11-13 17:00:00,1178.4517871753983
7050,2023-11-13 18:00:00,1373.414813145656
7051,2023-11-13 19:00:00,1429.9885340428218
7052,2023-11-13 20:00:00,1311.1619838738648
7053,2023-11-13 21:00:00,1088.0727337057529
7054,2023-11-13 22:00:00,865.4639451554995
7055,2023-11-13 23:00:00,695.935509218393
7056,2023-11-14 00:00:00,560.5958944502927
7057,2023-11-14 01:00:00,422.2491617819944
7058,2023-11-14 02:00:00,286.5517742796617
7059,2023-11-14 03:00:00,205.62302789112596
7060,2023-11-14 04:00:00,223.9209272995763
7061,2023-11-14 05:00:00,328.0314167172954
7062,2023-11-14 06:00:00,456.64131192015157
7063,2023-11-14 07:00:00,561.3987341929585
7064,2023-11-14 08:00:00,653.199499951821
7065,2023-11-14 09:00:00,781.6365034918058
7066,2023-11-14 10:00:00,965.9505560128732
7067,2023-11-14 11:00:00,1150.9705092480226
7068,2023-11-14 12:00:00,1241.80399263353
7069,2023-11-14 13:00:00,1192.3799110175044
7070,2023-11-14 14:00:00,1063.193361014984
7071,2023-11-14 15:00:00,985.324336534376
7072,2023-11-14 16:00:00,1054.2452043584672
7073,2023-11-14 17:00:00,1245.9638048142465
7074,2023-11-14 18:00:00,1431.7399347231749
7075,2023-11-14 19:00:00,1479.4015291855453
7076,2023-11-14 20:00:00,1352.032601396319
7077,2023-11-14 21:00:00,1120.8568383799652
7078,2023-11-14 22:00:00,890.693766435906
7079,2023-11-14 23:00:00,714.2091449966265
7080,2023-11-15 00:00:00,572.5662206362549
7081,2023-11-15 01:00:00,428.61230468373674
7082,2023-11-15 02:00:00,288.0353068103036
7083,2023-11-15 03:00:00,202.97405253913246
7084,2023-11-15 04:00:00,217.89420828399614
7085,2023-11-15 05:00:00,319.37772181675825
7086,2023-11-15 06:00:00,446.0961196538878
7087,2023-11-15 07:00:00,549.6723288059763
7088,2023-11-15 08:00:00,640.9651035214949
7089,2023-11-15 09:00:00,769.5218134249453
7090,2023-11-15 10:00:00,954.5293156038276
7091,2023-11-15 11:00:00,1140.7550898126738
7092,2023-11-15 12:00:00,1233.239078475734
7093,2023-11-15 13:00:00,1185.837362495971
7094,2023-11-15 14:00:00,1058.9683144245505
7095,2023-11-15 15:00:00,983.632582047334
7096,2023-11-15 16:00:00,1055.221865519978
7097,2023-11-15 17:00:00,1249.6633248364287
7098,2023-11-15 18:00:00,1438.1373568388524
7099,2023-11-15 19:00:00,1488.3950404526968
7100,2023-11-15 20:00:00,1363.447291914224
7101,2023-11-15 21:00:00,1134.4496111574945
7102,2023-11-15 22:00:00,906.1593175782631
7103,2023-11-15 23:00:00,731.1869189369548
7104,2023-11-16 00:00:00,590.648231972397
7105,2023-11-16 01:00:00,447.35170639928407
7106,2023-11-16 02:00:00,306.95557426882743
7107,2023-11-16 03:00:00,221.5786442522052
7108,2023-11-16 04:00:00,235.67655806364303
7109,2023-11-16 05:00:00,335.8314120805239
7110,2023-11-16 06:00:00,460.72508331931135
7111,2023-11-16 07:00:00,562.0009265931585
7112,2023-11-16 08:00:00,650.5479250792464
7113,2023-11-16 09:00:00,775.9530543678828
7114,2023-11-16 10:00:00,957.4515881750456
7115,2023-11-16 11:00:00,1139.8675323731825
7116,2023-11-16 12:00:00,1228.304638454344
7117,2023-11-16 13:00:00,1176.6891386819957
7118,2023-11-16 14:00:00,1045.5148568475222
7119,2023-11-16 15:00:00,965.8620621286042
7120,2023-11-16 16:00:00,1033.2050441366644
7121,2023-11-16 17:00:00,1223.5552625516957
7122,2023-11-16 18:00:00,1408.1778274848887
7123,2023-11-16 19:00:00,1454.9076270697747
7124,2023-11-16 20:00:00,1326.8371620866606
7125,2023-11-16 21:00:00,1095.1999869777956
7126,2023-11-16 22:00:00,864.8266736088775
7127,2023-11-16 23:00:00,688.3949591399028
7128,2023-11-17 00:00:00,547.0807139075499
7129,2023-11-17 01:00:00,403.7441970921372
7130,2023-11-17 02:00:00,264.0862376338323
7131,2023-11-17 03:00:00,180.2581739185398
7132,2023-11-17 04:00:00,196.7373821485554
7133,2023-11-17 05:00:00,300.1163074629805
7134,2023-11-17 06:00:00,429.0753463983948
7135,2023-11-17 07:00:00,535.2442547782771
7136,2023-11-17 08:00:00,629.4861689810159
7137,2023-11-17 09:00:00,761.3500039269964
7138,2023-11-17 10:00:00,950.0209572743132
7139,2023-11-17 11:00:00,1140.2613058942122
7140,2023-11-17 12:00:00,1237.10194254773
7141,2023-11-17 13:00:00,1194.3857901057845
7142,2023-11-17 14:00:00,1072.5137402477346
7143,2023-11-17 15:00:00,1002.4644748440886
7144,2023-11-17 16:00:00,1079.6031374879503
7145,2023-11-17 17:00:00,1279.8256956971127
7146,2023-11-17 18:00:00,1474.2767357587686
7147,2023-11-17 19:00:00,1530.666991325425
7148,2023-11-17 20:00:00,1411.9626482584858
7149,2023-11-17 21:00:00,1189.2703077659608
7150,2023-11-17 22:00:00,967.2945051117331
7151,2023-11-17 23:00:00,798.5894262699891
7152,2023-11-18 00:00:00,343.893427449444
7153,2023-11-18 01:00:00,206.58887489412223
7154,2023-11-18 02:00:00,71.9517494446468
7155,2023-11-18 03:00:00,-7.964937944433586
7156,2023-11-18 04:00:00,11.227718105977488
7157,2023-11-18 05:00:00,116.0447965316531
7158,2023-11-18 06:00:00,245.10156454922492
7159,2023-11-18 07:00:00,349.97588698292554
7160,2023-11-18 08:00:00,441.493104745983
7161,2023-11-18 09:00:00,569.1791338373419
7162,2023-11-18 10:00:00,752.2115045495485
7163,2023-11-18 11:00:00,935.3605188548728
7164,2023-11-18 12:00:00,1023.6809680221827
7165,2023-11-18 13:00:00,971.0555440231924
7166,2023-11-18 14:00:00,837.9405901464788
7167,2023-11-18 15:00:00,755.3855497893966
7168,2023-11-18 16:00:00,818.8410837193128
7169,2023-11-18 17:00:00,1004.3027016427246
7170,2023-11-18 18:00:00,1183.0276573855685
7171,2023-11-18 19:00:00,1222.8514180132142
7172,2023-11-18 20:00:00,1086.8757611366455
7173,2023-11-18 21:00:00,846.3523953305244
7174,2023-11-18 22:00:00,606.1390161338389
7175,2023-11-18 23:00:00,418.94945633030267
7176,2023-11-19 00:00:00,266.00456459920656
7177,2023-11-19 01:00:00,110.21827963510395
7178,2023-11-19 02:00:00,-42.64646255925527
7179,2023-11-19 03:00:00,-140.36815330076365
7180,2023-11-19 04:00:00,-138.39163542820756
7181,2023-11-19 05:00:00,-50.03960954498996
7182,2023-11-19 06:00:00,63.459630573050845
7183,2023-11-19 07:00:00,153.8329131571155
7184,2023-11-19 08:00:00,232.04544822808077
7185,2023-11-19 09:00:00,347.7524024668361
7186,2023-11-19 10:00:00,520.2485267554113
7187,2023-11-19 11:00:00,694.4080308562534
7188,2023-11-19 12:00:00,775.3751621912036
7189,2023-11-19 13:00:00,717.1066360331071
7190,2023-11-19 14:00:00,580.1165736664623
7191,2023-11-19 15:00:00,495.4953172056627
7192,2023-11-19 16:00:00,558.7170987928519
7193,2023-11-19 17:00:00,745.7834152062034
7194,2023-11-19 18:00:00,927.9398602148823
7195,2023-11-19 19:00:00,972.992725569034
7196,2023-11-19 20:00:00,843.9974234561993
7197,2023-11-19 21:00:00,612.1426212261122
7198,2023-11-19 22:00:00,382.20699488297873
7199,2023-11-19 23:00:00,206.81025166429833
7200,2023-11-20 00:00:00,387.38305708180263
7201,2023-11-20 01:00:00,246.08225162515396
7202,2023-11-20 02:00:00,108.85615475850159
7203,2023-11-20 03:00:00,27.783543466632523
7204,2023-11-20 04:00:00,47.26829464952982
7205,2023-11-20 05:00:00,153.82952086026546
7206,2023-11-20 06:00:00,286.0755447999364
7207,2023-11-20 07:00:00,395.56637206779163
7208,2023-11-20 08:00:00,493.09873579237694
7209,2023-11-20 09:00:00,628.1594628694227
7210,2023-11-20 10:00:00,819.876878393072
7211,2023-11-20 11:00:00,1012.9624223587425
7212,2023-11-20 12:00:00,1112.4029156603347
7213,2023-11-20 13:00:00,1072.004602981237
7214,2023-11-20 14:00:00,952.13961124275
7215,2023-11-20 15:00:00,883.7661749218702
7216,2023-11-20 16:00:00,962.2375901060857
7217,2023-11-20 17:00:00,1163.4467344495506
7218,2023-11-20 18:00:00,1358.543892563595
7219,2023-11-20 19:00:00,1415.2541875830448
7220,2023-11-20 20:00:00,1296.566662904827
7221,2023-11-20 21:00:00,1073.6188987012129
7222,2023-11-20 22:00:00,851.1540654201651
7223,2023-11-20 23:00:00,681.7720625675687
7224,2023-11-21 00:00:00,546.5813669514265
7225,2023-11-21 01:00:00,408.38604743924645
7226,2023-11-21 02:00:00,272.84257474272584
7227,2023-11-21 03:00:00,192.07025215505882
7228,2023-11-21 04:00:00,210.52709140992226
7229,2023-11-21 05:00:00,314.79904345701823
7230,2023-11-21 06:00:00,443.5729305110779
7231,2023-11-21 07:00:00,548.4977529358367
7232,2023-11-21 08:00:00,640.4684601280061
7233,2023-11-21 09:00:00,769.0779518976914
7234,2023-11-21 10:00:00,953.5670446250801
7235,2023-11-21 11:00:00,1138.764594938569
7236,2023-11-21 12:00:00,1229.7782368189141
7237,2023-11-21 13:00:00,1180.5368793617627
7238,2023-11-21 14:00:00,1051.5356231022813
7239,2023-11-21 15:00:00,973.8544655473588
7240,2023-11-21 16:00:00,1042.9657767439423
7241,2023-11-21 17:00:00,1234.8773999687664
7242,2023-11-21 18:00:00,1420.8491346575274
7243,2023-11-21 19:00:00,1468.7089181970646
7244,2023-11-21 20:00:00,1341.5407657527473
7245,2023-11-21 21:00:00,1110.5683659283975
7246,2023-11-21 22:00:00,880.6112463600107
7247,2023-11-21 23:00:00,704.3351674002064
7248,2023-11-22 00:00:00,562.9033762590752
7249,2023-11-22 01:00:00,419.1631845132189
7250,2023-11-22 02:00:00,278.8025017889981
7251,2023-11-22 03:00:00,193.96015319361516
7252,2023-11-22 04:00:00,209.10180439640385
7253,2023-11-22 05:00:00,310.80940206977897
7254,2023-11-22 06:00:00,437.7544712927507
7255,2023-11-22 07:00:00,541.5599372897029
7256,2023-11-22 08:00:00,633.0845521721161
7257,2023-11-22 09:00:00,761.8756830904205
7258,2023-11-22 10:00:00,947.1201842843901
7259,2023-11-22 11:00:00,1133.5855323457995
7260,2023-11-22 12:00:00,1226.3116661478305
7261,2023-11-22 13:00:00,1179.1546627133275
7262,2023-11-22 14:00:00,1052.5328903539205
7263,2023-11-22 15:00:00,977.4469922626957
7264,2023-11-22 16:00:00,1049.2886636407902
7265,2023-11-22 17:00:00,1243.9850591805102
7266,2023-11-22 18:00:00,1432.7165700607177
7267,2023-11-22 19:00:00,1483.2342691890558
7268,2023-11-22 20:00:00,1358.5490664292222
7269,2023-11-22 21:00:00,1129.8164549760502
7270,2023-11-22 22:00:00,901.793747145475
7271,2023-11-22 23:00:00,727.0914432293266
7272,2023-11-23 00:00:00,586.8253521697208
7273,2023-11-23 01:00:00,443.8039155058081
7274,2023-11-23 02:00:00,303.6853567583338
7275,2023-11-23 03:00:00,218.58847570632804
7276,2023-11-23 04:00:00,232.96890481881098
7277,2023-11-23 05:00:00,333.4087308507529
7278,2023-11-23 06:00:00,458.58982086459145
7279,2023-11-23 07:00:00,560.1555193237836
7280,2023-11-23 08:00:00,648.9947987162541
7281,2023-11-23 09:00:00,774.6946235761941
7282,2023-11-23 10:00:00,956.4902561975947
7283,2023-11-23 11:00:00,1139.2056906908692
7284,2023-11-23 12:00:00,1227.9446663954545
7285,2023-11-23 13:00:00,1176.6334030834473
7286,2023-11-23 14:00:00,1045.7657116877654
7287,2023-11-23 15:00:00,966.4218481685783
7288,2023-11-23 16:00:00,1034.0760885497505
7289,2023-11-23 17:00:00,1224.7398785939506
7290,2023-11-23 18:00:00,1409.6783141056294
7291,2023-11-23 19:00:00,1456.7262685559888
7292,2023-11-23 20:00:00,1328.9762277238865
7293,2023-11-23 21:00:00,1097.6617306792627
7294,2023-11-23 22:00:00,867.6133335638667
7295,2023-11-23 23:00:00,691.5087574559542
7296,2023-11-24 00:00:00,550.5238562517538
7297,2023-11-24 01:00:00,407.5188723470532
7298,2023-11-24 02:00:00,268.194617529099
7299,2023-11-24 03:00:00,184.70241268938855
7300,2023-11-24 04:00:00,201.51961618023313
7301,2023-11-24 05:00:00,305.23865494630786
7302,2023-11-24 06:00:00,434.53990695574305
7303,2023-11-24 07:00:00,541.053109151646
7304,2023-11-24 08:00:00,635.6413786528653
7305,2023-11-24 09:00:00,767.8536107900757
7306,2023-11-24 10:00:00,956.8749832785513
7307,2023-11-24 11:00:00,1147.467752704415
7308,2023-11-24 12:00:00,1244.6627912040074
7309,2023-11-24 13:00:00,1202.303000671629
7310,2023-11-24 14:00:00,1080.7892514846358
7311,2023-11-24 15:00:00,1011.1002038617764
7312,2023-11-24 16:00:00,1088.6009794080637
7313,2023-11-24 17:00:00,1289.1875232973139
7314,2023-11-24 18:00:00,1484.0043992164433
7315,2023-11-24 19:00:00,1540.7623177666514
7316,2023-11-24 20:00:00,1422.4274415135353
7317,2023-11-24 21:00:00,1200.1063480217001
7318,2023-11-24 22:00:00,978.5035485330816
7319,2023-11-24 23:00:00,810.1732047587674
7320,2023-11-25 00:00:00,355.85364825777833
7321,2023-11-25 01:00:00,218.92722034070323
7322,2023-11-25 02:00:00,84.66987652716796
7323,2023-11-25 03:00:00,5.134602218096347
7324,2023-11-25 04:00:00,24.7102768698835
7325,2023-11-25 05:00:00,129.91195319825192
7326,2023-11-25 06:00:00,259.35487186641615
7327,2023-11-25 07:00:00,364.6168708669033
7328,2023-11-25 08:00:00,456.523263945033
7329,2023-11-25 09:00:00,584.5999396397532
7330,2023-11-25 10:00:00,768.0244004732946
7331,2023-11-25 11:00:00,951.5669203481043
7332,2023-11-25 12:00:00,1040.2822621657815
7333,2023-11-25 13:00:00,988.0530892248153
7334,2023-11-25 14:00:00,855.3357158604813
7335,2023-11-25 15:00:00,773.1795562146409
7336,2023-11-25 16:00:00,837.0352415096385
7337,2023-11-25 17:00:00,1022.8982516143677
7338,2023-11-25 18:00:00,1202.025810254643
7339,2023-11-25 19:00:00,1242.2533540801278
7340,2023-11-25 20:00:00,1106.6826300355112
7341,2023-11-25 21:00:00,866.5653157374568
7342,2023-11-25 22:00:00,626.7590754984777
7343,2023-11-25 23:00:00,439.9777106018602
7344,2023-11-26 00:00:00,287.4420379565075
7345,2023-11-26 01:00:00,132.06596422853056
7346,2023-11-26 02:00:00,-20.38760687677768
7347,2023-11-26 03:00:00,-117.69719924807225
7348,2023-11-26 04:00:00,-115.30768851982839
7349,2023-11-26 05:00:00,-26.541808368307215
7350,2023-11-26 06:00:00,87.37211410776854
7351,2023-11-26 07:00:00,178.16087359058565
7352,2023-11-26 08:00:00,256.789646268713
7353,2023-11-26 09:00:00,372.91356477631143
7354,2023-11-26 10:00:00,545.8273457178773
7355,2023-11-26 11:00:00,720.4051643120112
7356,2023-11-26 12:00:00,801.7912332305795
7357,2023-11-26 13:00:00,743.9422327684281
7358,2023-11-26 14:00:00,607.3722489799852
7359,2023-11-26 15:00:00,523.1715885543822
7360,2023-11-26 16:00:00,586.814447985868
7361,2023-11-26 17:00:00,774.3022881864524
7362,2023-11-26 18:00:00,956.8806668378949
7363,2023-11-26 19:00:00,1002.35583940573
7364,2023-11-26 20:00:00,873.7831815868186
7365,2023-11-26 21:00:00,642.3513240435744
7366,2023-11-26 22:00:00,412.838905873846
7367,2023-11-26 23:00:00,237.8655972462558
7368,2023-11-27 00:00:00,418.8620263924393
7369,2023-11-27 01:00:00,277.98499633958926
7370,2023-11-27 02:00:00,141.18278890185536
7371,2023-11-27 03:00:00,60.534143257298524
7372,2023-11-27 04:00:00,80.44289829343109
7373,2023-11-27 05:00:00,187.42812839191458
7374,2023-11-27 06:00:00,320.09811792270705
7375,2023-11-27 07:00:00,430.01283398118744
7376,2023-11-27 08:00:00,527.9689710334192
7377,2023-11-27 09:00:00,663.4533171507056
7378,2023-11-27 10:00:00,855.5941584738765
7379,2023-11-27 11:00:00,1049.1028958619806
7380,2023-11-27 12:00:00,1148.9663109527019
7381,2023-11-27 13:00:00,1108.99060902751
7382,2023-11-27 14:00:00,989.5478774742955
7383,2023-11-27 15:00:00,921.5963110844808
7384,2023-11-27 16:00:00,1000.4891661574455
7385,2023-11-27 17:00:00,1202.1192804268144
7386,2023-11-27 18:00:00,1397.636898442398
7387,2023-11-27 19:00:00,1454.7671032116052
7388,2023-11-27 20:00:00,1336.4988978359265
7389,2023-11-27 21:00:00,1113.9698221248102
7390,2023-11-27 22:00:00,891.9230060373054
7391,2023-11-27 23:00:00,722.9583084965725
7392,2023-11-28 00:00:00,588.1841656515563
7393,2023-11-28 01:00:00,450.4046055989847
7394,2023-11-28 02:00:00,315.2760581959325
7395,2023-11-28 03:00:00,234.91778582026723
7396,2023-11-28 04:00:00,253.78775918564452
7397,2023-11-28 05:00:00,358.4718881571707
7398,2023-11-28 06:00:00,487.6569538101286
7399,2023-11-28 07:00:00,592.9927444138514
7400,2023-11-28 08:00:00,685.3733390779461
7401,2023-11-28 09:00:00,814.3915962772087
7402,2023-11-28 10:00:00,999.2882910284173
7403,2023-11-28 11:00:00,1184.8922385181443
7404,2023-11-28 12:00:00,1276.311031266386
7405,2023-11-28 13:00:00,1227.4735368646823
7406,2023-11-28 14:00:00,1098.874814317036
7407,2023-11-28 15:00:00,1021.5948195480121
7408,2023-11-28 16:00:00,1091.1058810281738
7409,2023-11-28 17:00:00,1283.415800425843
7410,2023-11-28 18:00:00,1469.784335545206
7411,2023-11-28 19:00:00,1518.0393821418634
7412,2023-11-28 20:00:00,1391.2649137429498
7413,2023-11-28 21:00:00,1160.684577318268
7414,2023-11-28 22:00:00,931.1178588501801
7415,2023-11-28 23:00:00,755.2304770885272
7416,2023-11-29 00:00:00,614.1856375944806
7417,2023-11-29 01:00:00,470.8306103723519
7418,2023-11-29 02:00:00,330.8532634630609
7419,2023-11-29 03:00:00,246.3923804259466
7420,2023-11-29 04:00:00,261.9135854100449
7421,2023-11-29 05:00:00,363.9987836026951
7422,2023-11-29 06:00:00,491.31945865311917
7423,2023-11-29 07:00:00,595.4984943668019
7424,2023-11-29 08:00:00,687.3946015372765
7425,2023-11-29 09:00:00,816.5551060037267
7426,2023-11-29 10:00:00,1002.1668207771091
7427,2023-11-29 11:00:00,1188.997181277874
7428,2023-11-29 12:00:00,1282.0860852863916
7429,2023-11-29 13:00:00,1235.28956879844
7430,2023-11-29 14:00:00,1109.0259591639656
7431,2023-11-29 15:00:00,1034.2958587251815
7432,2023-11-29 16:00:00,1106.4909218983062
7433,2023-11-29 17:00:00,1301.5382626874168
7434,2023-11-29 18:00:00,1490.6182316748834
7435,2023-11-29 19:00:00,1541.481861296043
7436,2023-11-29 20:00:00,1417.1400210158336
7437,2023-11-29 21:00:00,1188.748163763175
7438,2023-11-29 22:00:00,961.0635616970978
7439,2023-11-29 23:00:00,786.6966750731613
7440,2023-11-30 00:00:00,646.7632729162278
7441,2023-11-30 01:00:00,504.0717569795408
7442,2023-11-30 02:00:00,364.2803111504367
7443,2023-11-30 03:00:00,279.5076956797322
7444,2023-11-30 04:00:00,294.20950367475484
7445,2023-11-30 05:00:00,394.9677826708464
7446,2023-11-30 06:00:00,520.4643606684567
7447,2023-11-30 07:00:00,622.3425432048344
7448,2023-11-30 08:00:00,711.4912640279642
7449,2023-11-30 09:00:00,837.4974491021673
7450,2023-11-30 10:00:00,1019.5963222899878
7451,2023-11-30 11:00:00,1202.6118394695259
7452,2023-11-30 12:00:00,1291.6477019285164
7453,2023-11-30 13:00:00,1240.6300915688175
7454,2023-11-30 14:00:00,1110.052781624798
7455,2023-11-30 15:00:00,1030.9959905840115
7456,2023-11-30 16:00:00,1098.9339571718865
7457,2023-11-30 17:00:00,1289.8780900598233
7458,2023-11-30 18:00:00,1475.0934481644686
7459,2023-11-30 19:00:00,1522.414868304035
7460,2023-11-30 20:00:00,1394.9347997781715
7461,2023-11-30 21:00:00,1163.8867454378005
7462,2023-11-30 22:00:00,934.1012254112715
7463,2023-11-30 23:00:00,758.2559249965868
7464,2023-12-01 00:00:00,617.5266625367103
7465,2023-12-01 01:00:00,474.77364511710516
7466,2023-12-01 02:00:00,335.6976494713672
7467,2023-12-01 03:00:00,252.44996165310397
7468,2023-12-01 04:00:00,269.50790545030316
7469,2023-12-01 05:00:00,373.4638734929319
7470,2023-12-01 06:00:00,502.9982096984835
7471,2023-12-01 07:00:00,609.7406172020474
7472,2023-12-01 08:00:00,704.5541796135984
7473,2023-12-01 09:00:00,836.9877590055117
7474,2023-12-01 10:00:00,1026.2265001160522
7475,2023-12-01 11:00:00,1217.032626833462
7476,2023-12-01 12:00:00,1314.4369788886845
7477,2023-12-01 13:00:00,1272.2824260539824
7478,2023-12-01 14:00:00,1150.9698068631628
7479,2023-12-01 15:00:00,1081.4777500177638
7480,2023-12-01 16:00:00,1159.171345883917
7481,2023-12-01 17:00:00,1359.946508706322
7482,2023-12-01 18:00:00,1554.9477715467594
7483,2023-12-01 19:00:00,1611.885814716611
7484,2023-12-01 20:00:00,1493.7267707783508
7485,2023-12-01 21:00:00,1271.5771876267281
7486,2023-12-01 22:00:00,1050.1415471667167
7487,2023-12-01 23:00:00,881.9739820897302
7488,2023-12-02 00:00:00,427.8127952755793
7489,2023-12-02 01:00:00,291.0402996600744
7490,2023-12-02 02:00:00,156.93242279056392
7491,2023-12-02 03:00:00,77.54212237574973
7492,2023-12-02 04:00:00,97.25825056207077
7493,2023-12-02 05:00:00,202.59583310089386
7494,2023-12-02 06:00:00,332.1700840332374
7495,2023-12-02 07:00:00,437.5588150987184
7496,2023-12-02 08:00:00,529.5873141445102
7497,2023-12-02 09:00:00,657.7814441869622
7498,2023-12-02 10:00:00,841.3186825717754
7499,2023-12-02 11:00:00,1024.9692784295466
7500,2023-12-02 12:00:00,1113.7879702324665
7501,2023-12-02 13:00:00,1061.6573972484732
7502,2023-12-02 14:00:00,929.0338501594197
7503,2023-12-02 15:00:00,846.9667198399505
7504,2023-12-02 16:00:00,910.9066146255924
7505,2023-12-02 17:00:00,1096.848991900644
7506,2023-12-02 18:00:00,1276.0510532948688
7507,2023-12-02 19:00:00,1316.3482137624942
7508,2023-12-02 20:00:00,1180.8421989576427
7509,2023-12-02 21:00:00,940.7846655991793
7510,2023-12-02 22:00:00,701.0332575314926
7511,2023-12-02 23:00:00,514.3017559459203
7512,2023-12-03 00:00:00,361.81095810811985
7513,2023-12-03 01:00:00,206.4747514354542
7514,2023-12-03 02:00:00,54.05602080978758
7515,2023-12-03 03:00:00,-43.22377606096484
7516,2023-12-03 04:00:00,-40.809532782960105
7517,2023-12-03 05:00:00,47.975999409928704
7518,2023-12-03 06:00:00,161.90447631610436
7519,2023-12-03 07:00:00,252.7026759169047
7520,2023-12-03 08:00:00,331.33575815244063
7521,2023-12-03 09:00:00,447.45883984852327
7522,2023-12-03 10:00:00,620.3666222369071
7523,2023-12-03 11:00:00,794.9332656129743
7524,2023-12-03 12:00:00,876.3029681556015
7525,2023-12-03 13:00:00,818.4323961310946
7526,2023-12-03 14:00:00,681.8356220106303
7527,2023-12-03 15:00:00,597.6029393539908
7528,2023-12-03 16:00:00,661.2085319727394
7529,2023-12-03 17:00:00,848.6538485650116
7530,2023-12-03 18:00:00,1031.1844350494193
7531,2023-12-03 19:00:00,1076.606535594592
7532,2023-12-03 20:00:00,947.9755150664244
7533,2023-12-03 21:00:00,716.4799937528362
7534,2023-12-03 22:00:00,486.8986008639432
7535,2023-12-03 23:00:00,311.8509971194006
7536,2023-12-04 00:00:00,492.7678018057108
7537,2023-12-04 01:00:00,351.80580945874067
7538,2023-12-04 02:00:00,214.91329388178406
7539,2023-12-04 03:00:00,134.16898671741808
7540,2023-12-04 04:00:00,153.97671980478503
7541,2023-12-04 05:00:00,260.85556094536344
7542,2023-12-04 06:00:00,393.4137884190987
7543,2023-12-04 07:00:00,503.211363712503
7544,2023-12-04 08:00:00,601.0449761643238
7545,2023-12-04 09:00:00,736.4014092175452
7546,2023-12-04 10:00:00,928.4089448481689
7547,2023-12-04 11:00:00,1121.7789802746613
7548,2023-12-04 12:00:00,1221.4982939492031
7549,2023-12-04 13:00:00,1181.3730884823003
7550,2023-12-04 14:00:00,1061.7754490860511
7551,2023-12-04 15:00:00,993.6635688396273
7552,2023-12-04 16:00:00,1072.3907028659728
7553,2023-12-04 17:00:00,1273.8496881906578
7554,2023-12-04 18:00:00,1469.1907691764586
7555,2023-12-04 19:00:00,1526.1390291117602
7556,2023-12-04 20:00:00,1407.6834719013573
7557,2023-12-04 21:00:00,1184.961638652464
7558,2023-12-04 22:00:00,962.7166611274143
7559,2023-12-04 23:00:00,793.5484005326878
7560,2023-12-05 00:00:00,658.565295831181
7561,2023-12-05 01:00:00,520.5713784327127
7562,2023-12-05 02:00:00,385.22308197497824
7563,2023-12-05 03:00:00,304.63967317094597
7564,2023-12-05 04:00:00,323.27912754464705
7565,2023-12-05 05:00:00,427.7273602896776
7566,2023-12-05 06:00:00,556.6711582906778
7567,2023-12-05 07:00:00,661.7594870476341
7568,2023-12-05 08:00:00,753.8872615111059
7569,2023-12-05 09:00:00,882.6473475063376
7570,2023-12-05 10:00:00,1067.2805278988083
7571,2023-12-05 11:00:00,1252.61562623265
7572,2023-12-05 12:00:00,1343.7602438958647
7573,2023-12-05 13:00:00,1294.6432578417255
7574,2023-12-05 14:00:00,1165.7597369625294
7575,2023-12-05 15:00:00,1088.1896475622282
7576,2023-12-05 16:00:00,1157.4053290004692
7577,2023-12-05 17:00:00,1349.4145943345056
7578,2023-12-05 18:00:00,1535.4772132849544
7579,2023-12-05 19:00:00,1583.4210939965046
7580,2023-12-05 20:00:00,1456.3302229184133
7581,2023-12-05 21:00:00,1225.428260432966
7582,2023-12-05 22:00:00,995.5347064440127
7583,2023-12-05 23:00:00,819.3152941243694
7584,2023-12-06 00:00:00,677.9332439579923
7585,2023-12-06 01:00:00,534.2358413848307
7586,2023-12-06 02:00:00,393.91097036746424
7587,2023-12-06 03:00:00,309.0974308986236
7588,2023-12-06 04:00:00,324.26086405813743
7589,2023-12-06 05:00:00,425.9831924688209
7590,2023-12-06 06:00:00,552.9359176810456
7591,2023-12-06 07:00:00,656.7419419743799
7592,2023-12-06 08:00:00,748.2599950216863
7593,2023-12-06 09:00:00,877.0374220926033
7594,2023-12-06 10:00:00,1062.261056093367
7595,2023-12-06 11:00:00,1248.6983528845196
7596,2023-12-06 12:00:00,1341.38923110509
7597,2023-12-06 13:00:00,1294.189748141729
7598,2023-12-06 14:00:00,1167.5182532252866
7599,2023-12-06 15:00:00,1092.3753710565256
7600,2023-12-06 16:00:00,1164.1527788969504
7601,2023-12-06 17:00:00,1358.7776140740993
7602,2023-12-06 18:00:00,1547.4302510017028
7603,2023-12-06 19:00:00,1597.8617463902356
7604,2023-12-06 20:00:00,1473.0829944922996
7605,2023-12-06 21:00:00,1244.2494734838838
7606,2023-12-06 22:00:00,1016.1184812549591
7607,2023-12-06 23:00:00,841.300504263843
7608,2023-12-07 00:00:00,700.9113382061844
7609,2023-12-07 01:00:00,557.7594119898037
7610,2023-12-07 02:00:00,417.50293710666847
7611,2023-12-07 03:00:00,332.26070189125693
7612,2023-12-07 04:00:00,346.48832799621556
7613,2023-12-07 05:00:00,446.7678919700304
7614,2023-12-07 06:00:00,571.7812512637261
7615,2023-12-07 07:00:00,673.1717413581945
7616,2023-12-07 08:00:00,761.8283263707775
7617,2023-12-07 09:00:00,887.3379631037865
7618,2023-12-07 10:00:00,1068.9359067018372
7619,2023-12-07 11:00:00,1251.4461447667386
7620,2023-12-07 12:00:00,1339.9724107944994
7621,2023-12-07 13:00:00,1288.4409192747198
7622,2023-12-07 14:00:00,1157.3454765281201
7623,2023-12-07 15:00:00,1077.7663345247984
7624,2023-12-07 16:00:00,1145.17776593797
7625,2023-12-07 17:00:00,1335.591213805174
7626,2023-12-07 18:00:00,1520.271771839482
7627,2023-12-07 19:00:00,1567.0543120835678
7628,2023-12-07 20:00:00,1439.0313194918665
7629,2023-12-07 21:00:00,1207.4363329893208
7630,2023-12-07 22:00:00,977.0999091774372
7631,2023-12-07 23:00:00,800.6997702769117
7632,2023-12-08 00:00:00,659.4117719392723
7633,2023-12-08 01:00:00,516.096158975937
7634,2023-12-08 02:00:00,376.4537462470012
7635,2023-12-08 03:00:00,292.63585835547656
7636,2023-12-08 04:00:00,309.11985801151485
7637,2023-12-08 05:00:00,412.49817717172607
7638,2023-12-08 06:00:00,541.4511994856435
7639,2023-12-08 07:00:00,647.6086681977414
7640,2023-12-08 08:00:00,741.8337074159946
7641,2023-12-08 09:00:00,873.6752200872176
7642,2023-12-08 10:00:00,1062.3183922256396
7643,2023-12-08 11:00:00,1252.5254893378158
7644,2023-12-08 12:00:00,1349.3273931677859
7645,2023-12-08 13:00:00,1306.5670158642351
7646,2023-12-08 14:00:00,1184.6452387066074
7647,2023-12-08 15:00:00,1114.5407334820416
7648,2023-12-08 16:00:00,1191.6186340257
7649,2023-12-08 17:00:00,1391.7748983954539
7650,2023-12-08 18:00:00,1586.1541038045787
7651,2023-12-08 19:00:00,1642.4669750730154
7652,2023-12-08 20:00:00,1523.6796896207034
7653,2023-12-08 21:00:00,1300.8988405065775
7654,2023-12-08 22:00:00,1078.8289551648488
7655,2023-12-08 23:00:00,910.0242121419686
7656,2023-12-09 00:00:00,455.2229604851031
7657,2023-12-09 01:00:00,317.8075596242069
7658,2023-12-09 02:00:00,183.05398391283632
7659,2023-12-09 03:00:00,103.01523820121986
7660,2023-12-09 04:00:00,122.0802220554499
7661,2023-12-09 05:00:00,226.76400896427901
7662,2023-12-09 06:00:00,355.6818610140392
7663,2023-12-09 07:00:00,460.41163827145783
7664,2023-12-09 08:00:00,551.7786772230468
7665,2023-12-09 09:00:00,679.3088897772969
7666,2023-12-09 10:00:00,862.1798024963641
7667,2023-12-09 11:00:00,1045.161713966744
7668,2023-12-09 12:00:00,1133.309412413389
7669,2023-12-09 13:00:00,1080.5055871215102
7670,2023-12-09 14:00:00,947.2065790595104
7671,2023-12-09 15:00:00,864.4618296265472
7672,2023-12-09 16:00:00,927.7219979660979
7673,2023-12-09 17:00:00,1112.9825925103214
7674,2023-12-09 18:00:00,1291.5008661725124
7675,2023-12-09 19:00:00,1331.1122854431273
7676,2023-12-09 20:00:00,1194.9186277473793
7677,2023-12-09 21:00:00,954.1716018117319
7678,2023-12-09 22:00:00,713.728903692085
7679,2023-12-09 23:00:00,526.3043670472202
7680,2023-12-10 00:00:00,373.11884180359147
7681,2023-12-10 01:00:00,217.08626825772444
7682,2023-12-10 02:00:00,63.969584373967905
7683,2023-12-10 03:00:00,-34.0096988365666
7684,2023-12-10 04:00:00,-32.29642150392522
7685,2023-12-10 05:00:00,55.786718812771824
7686,2023-12-10 06:00:00,169.0114317895741
7687,2023-12-10 07:00:00,259.1045494533173
7688,2023-12-10 08:00:00,337.0312859703642
7689,2023-12-10 09:00:00,452.4468125594613
7690,2023-12-10 10:00:00,624.6458850329275
7691,2023-12-10 11:00:00,798.5027183966423
7692,2023-12-10 12:00:00,879.1615657250996
7693,2023-12-10 13:00:00,820.5791483161327
7694,2023-12-10 14:00:00,683.2695938281558
7695,2023-12-10 15:00:00,598.3232511435942
7696,2023-12-10 16:00:00,661.2143595253285
7697,2023-12-10 17:00:00,847.9444232875378
7698,2023-12-10 18:00:00,1029.7590440343433
7699,2023-12-10 19:00:00,1074.4645217957589
7700,2023-12-10 20:00:00,945.1162773751768
7701,2023-12-10 21:00:00,712.9029871284916
7702,2023-12-10 22:00:00,482.60333643245207
7703,2023-12-10 23:00:00,306.837042273259
7704,2023-12-11 00:00:00,487.0347802913592
7705,2023-12-11 01:00:00,345.35340146759955
7706,2023-12-11 02:00:00,207.74123615220708
7707,2023-12-11 03:00:00,126.27707257782629
7708,2023-12-11 04:00:00,145.36479927013409
7709,2023-12-11 05:00:00,251.52354077786686
7710,2023-12-11 06:00:00,383.3616321943677
7711,2023-12-11 07:00:00,492.4390918557818
7712,2023-12-11 08:00:00,589.5526660303012
7713,2023-12-11 09:00:00,724.1891951141721
7714,2023-12-11 10:00:00,915.4770180823851
7715,2023-12-11 11:00:00,1108.1275891841492
7716,2023-12-11 12:00:00,1207.12774394083
7717,2023-12-11 13:00:00,1166.283742047806
7718,2023-12-11 14:00:00,1045.9677258071124
7719,2023-12-11 15:00:00,977.1379454282975
7720,2023-12-11 16:00:00,1055.1477131498898
7721,2023-12-11 17:00:00,1255.8899231108724
7722,2023-12-11 18:00:00,1450.514876811216
7723,2023-12-11 19:00:00,1506.7477146391739
7724,2023-12-11 20:00:00,1387.5774975860963
7725,2023-12-11 21:00:00,1164.1418238520926
7726,2023-12-11 22:00:00,941.1838822028792
7727,2023-12-11 23:00:00,771.3035909027648
7728,2023-12-12 00:00:00,635.609445872207
7729,2023-12-12 01:00:00,496.9055354542033
7730,2023-12-12 02:00:00,360.8483501850063
7731,2023-12-12 03:00:00,279.5572135932848
7732,2023-12-12 04:00:00,297.4901579810122
7733,2023-12-12 05:00:00,401.2331552496183
7734,2023-12-12 06:00:00,529.4730489255355
7735,2023-12-12 07:00:00,633.8583539889471
7736,2023-12-12 08:00:00,725.2845488850769
7737,2023-12-12 09:00:00,853.3445558254086
7738,2023-12-12 10:00:00,1037.2792139747742
7739,2023-12-12 11:00:00,1221.9174030779568
7740,2023-12-12 12:00:00,1312.3667806261833
7741,2023-12-12 13:00:00,1262.5562795663943
7742,2023-12-12 14:00:00,1132.981024650077
7743,2023-12-12 15:00:00,1054.7210379559858
7744,2023-12-12 16:00:00,1123.2487144678557
7745,2023-12-12 17:00:00,1314.5719227424154
7746,2023-12-12 18:00:00,1499.950487859168
7747,2023-12-12 19:00:00,1547.2123732013688
7748,2023-12-12 20:00:00,1419.441620281042
7749,2023-12-12 21:00:00,1187.8619444107114
7750,2023-12-12 22:00:00,957.2929002618123
7751,2023-12-12 23:00:00,780.4002756130219
7752,2023-12-13 00:00:00,638.3473453778369
7753,2023-12-13 01:00:00,493.98144925859964
7754,2023-12-13 02:00:00,352.9905253219116
7755,2023-12-13 03:00:00,267.51342742722045
7756,2023-12-13 04:00:00,282.01585038750545
7757,2023-12-13 05:00:00,383.07977033651787
7758,2023-12-13 06:00:00,509.3767421460869
7759,2023-12-13 07:00:00,612.5297211919378
7760,2023-12-13 08:00:00,703.3974900601646
7761,2023-12-13 09:00:00,831.527446708569
7762,2023-12-13 10:00:00,1016.1064764988246
7763,2023-12-13 11:00:00,1201.9020875338547
7764,2023-12-13 12:00:00,1293.95425046169
7765,2023-12-13 13:00:00,1246.1190744494857
7766,2023-12-13 14:00:00,1118.81496023922
7767,2023-12-13 15:00:00,1043.042583839711
7768,2023-12-13 16:00:00,1114.193673534668
7769,2023-12-13 17:00:00,1308.1954174334862
7770,2023-12-13 18:00:00,1496.228240464257
7771,2023-12-13 19:00:00,1546.0432495893542
7772,2023-12-13 20:00:00,1420.6513890448687
7773,2023-12-13 21:00:00,1191.208186704827
7774,2023-12-13 22:00:00,962.4709898955251
7775,2023-12-13 23:00:00,787.050334195666
7776,2023-12-14 00:00:00,646.0620641624979
7777,2023-12-14 01:00:00,502.3146572507937
7778,2023-12-14 02:00:00,361.46637320460627
7779,2023-12-14 03:00:00,275.63604830448764
7780,2023-12-14 04:00:00,289.2793518471249
7781,2023-12-14 05:00:00,388.9784077001825
7782,2023-12-14 06:00:00,513.4151203216038
7783,2023-12-14 07:00:00,614.2328718747289
7784,2023-12-14 08:00:00,702.3206728277827
7785,2023-12-14 09:00:00,827.2655260118827
7786,2023-12-14 10:00:00,1008.3027322423485
7787,2023-12-14 11:00:00,1190.25632448144
7788,2023-12-14 12:00:00,1278.2300812072965
7789,2023-12-14 13:00:00,1226.1502615618222
7790,2023-12-14 14:00:00,1094.5107161614012
7791,2023-12-14 15:00:00,1014.3917409017799
7792,2023-12-14 16:00:00,1081.2676520263103
7793,2023-12-14 17:00:00,1271.1499357766368
7794,2023-12-14 18:00:00,1455.303728683462
7795,2023-12-14 19:00:00,1501.5639452684072
7796,2023-12-14 20:00:00,1373.023112536606
7797,2023-12-14 21:00:00,1140.9148111016998
7798,2023-12-14 22:00:00,910.069638892668
7799,2023-12-14 23:00:00,733.165358977829
7800,2023-12-15 00:00:00,591.3778675743143
7801,2023-12-15 01:00:00,447.5674495835543
7802,2023-12-15 02:00:00,307.43495957056615
7803,2023-12-15 03:00:00,223.13176143321027
7804,2023-12-15 04:00:00,239.13525677077553
7805,2023-12-15 05:00:00,342.03791600364775
7806,2023-12-15 06:00:00,470.5201608311676
7807,2023-12-15 07:00:00,576.211772122212
7808,2023-12-15 08:00:00,669.9759111791519
7809,2023-12-15 09:00:00,801.3615177217001
7810,2023-12-15 10:00:00,989.5538140818555
7811,2023-12-15 11:00:00,1179.3151016776544
7812,2023-12-15 12:00:00,1275.6762976894483
7813,2023-12-15 13:00:00,1232.480349278675
7814,2023-12-15 14:00:00,1110.1281722831852
7815,2023-12-15 15:00:00,1039.5984725983649
7816,2023-12-15 16:00:00,1116.2564177040056
7817,2023-12-15 17:00:00,1315.997998854244
7818,2023-12-15 18:00:00,1509.9678259895913
7819,2023-12-15 19:00:00,1565.8766561960217
7820,2023-12-15 20:00:00,1446.6906986937602
7821,2023-12-15 21:00:00,1223.5165778618593
7822,2023-12-15 22:00:00,1001.0588519984911
7823,2023-12-15 23:00:00,831.8717300153174
7824,2023-12-16 00:00:00,376.6935908424058
7825,2023-12-16 01:00:00,238.90682334029816
7826,2023-12-16 02:00:00,103.78743077888919
7827,2023-12-16 03:00:00,23.388446445981344
7828,2023-12-16 04:00:00,42.09879784838745
7829,2023-12-16 05:00:00,146.43358593450637
7830,2023-12-16 06:00:00,275.0080997269698
7831,2023-12-16 07:00:00,379.40022576223214
7832,2023-12-16 08:00:00,470.4353264726231
7833,2023-12-16 09:00:00,597.6393392128241
7834,2023-12-16 10:00:00,780.189815483906
7835,2023-12-16 11:00:00,962.8570783024952
7836,2023-12-16 12:00:00,1050.6959398148197
7837,2023-12-16 13:00:00,997.5891127035599
7838,2023-12-16 14:00:00,863.9929608333391
7839,2023-12-16 15:00:00,780.9569479700297
7840,2023-12-16 16:00:00,843.9317551046445
7841,2023-12-16 17:00:00,1028.912911988136
7842,2023-12-16 18:00:00,1207.1576923502978
7843,2023-12-16 19:00:00,1246.501582937576
7844,2023-12-16 20:00:00,1110.0463809312487
7845,2023-12-16 21:00:00,869.0438142686793
7846,2023-12-16 22:00:00,628.3515976893639
7847,2023-12-16 23:00:00,440.6835830001827
7848,2023-12-17 00:00:00,287.26063773448163
7849,2023-12-17 01:00:00,130.99671927020984
7850,2023-12-17 02:00:00,-22.34521790137626
7851,2023-12-17 03:00:00,-120.54364677183139
7852,2023-12-17 04:00:00,-119.04339201949529
7853,2023-12-17 05:00:00,-31.16713628909622
7854,2023-12-17 06:00:00,81.85684444076674
7855,2023-12-17 07:00:00,171.7553960334211
7856,2023-12-17 08:00:00,249.49374590635182
7857,2023-12-17 09:00:00,364.7270780192302
7858,2023-12-17 10:00:00,536.7501603363053
7859,2023-12-17 11:00:00,710.4372194875784
7860,2023-12-17 12:00:00,790.9325196152648
7861,2023-12-17 13:00:00,732.1927925249336
7862,2023-12-17 14:00:00,594.732175842762
7863,2023-12-17 15:00:00,509.6410278536182
7864,2023-12-17 16:00:00,572.3935966644216
7865,2023-12-17 17:00:00,758.9913948776764
7866,2023-12-17 18:00:00,940.6800318467523
7867,2023-12-17 19:00:00,985.265814761728
7868,2023-12-17 20:00:00,855.8041710501733
7869,2023-12-17 21:00:00,623.4837831279408
7870,2023-12-17 22:00:00,393.0833418713884
7871,2023-12-17 23:00:00,217.222569205819
7872,2023-12-18 00:00:00,397.33214514633636
7873,2023-12-18 01:00:00,255.56892450114435
7874,2023-12-18 02:00:00,117.88124086814253
7875,2023-12-18 03:00:00,36.347885179709465
7876,2023-12-18 04:00:00,55.372748096793885
7877,2023-12-18 05:00:00,161.47495574786058
7878,2023-12-18 06:00:00,293.26284422295544
7879,2023-12-18 07:00:00,402.29643232704393
7880,2023-12-18 08:00:00,499.37246620773874
7881,2023-12-18 09:00:00,633.977785595254
7882,2023-12-18 10:00:00,825.2407282299997
7883,2023-12-18 11:00:00,1017.8727465689936
7884,2023-12-18 12:00:00,1116.860673783294
7885,2023-12-18 13:00:00,1076.010766649852
7886,2023-12-18 14:00:00,955.6951640072059
7887,2023-12-18 15:00:00,886.8721120312968
7888,2023-12-18 16:00:00,964.894918371036
7889,2023-12-18 17:00:00,1165.656472011492
7890,2023-12-18 18:00:00,1360.3070687654495
7891,2023-12-18 19:00:00,1416.5718427420015
7892,2023-12-18 20:00:00,1297.4398481399132
7893,2023-12-18 21:00:00,1074.048675751279
7894,2023-12-18 22:00:00,851.1415064523427
7895,2023-12-18 23:00:00,681.3182500191488
7896,2023-12-19 00:00:00,545.6873933490949
7897,2023-12-19 01:00:00,407.05301518338246
7898,2023-12-19 02:00:00,271.07159594460256
7899,2023-12-19 03:00:00,189.86244849148068
7900,2023-12-19 04:00:00,207.8835938828828
7901,2023-12-19 05:00:00,311.72099226219706
7902,2023-12-19 06:00:00,440.06147483233667
7903,2023-12-19 07:00:00,544.5540507812086
7904,2023-12-19 08:00:00,636.0936781534191
7905,2023-12-19 09:00:00,764.2732652129641
7906,2023-12-19 10:00:00,948.3336366596984
7907,2023-12-19 11:00:00,1133.1036572048768
7908,2023-12-19 12:00:00,1223.6909687928191
7909,2023-12-19 13:00:00,1174.0244882848544
7910,2023-12-19 14:00:00,1044.5993238206765
7911,2023-12-19 15:00:00,966.495480313269
7912,2023-12-19 16:00:00,1035.185335083272
7913,2023-12-19 17:00:00,1226.6767384846323
7914,2023-12-19 18:00:00,1412.2294968622723
7915,2023-12-19 19:00:00,1459.6715543522969
7916,2023-12-19 20:00:00,1332.0869326979498
7917,2023-12-19 21:00:00,1100.6993269310099
7918,2023-12-19 22:00:00,870.328270902497
7919,2023-12-19 23:00:00,693.639531091271
7920,2023-12-20 00:00:00,551.7963605763341
7921,2023-12-20 01:00:00,407.6460767224705
7922,2023-12-20 02:00:00,266.8765947477525
7923,2023-12-20 03:00:00,181.62674518019674
7924,2023-12-20 04:00:00,196.3621989713373
7925,2023-12-20 05:00:00,297.66490789983084
7926,2023-12-20 06:00:00,424.20640201870447
7927,2023-12-20 07:00:00,527.6096113471708
7928,2023-12-20 08:00:00,618.733292648522
7929,2023-12-20 09:00:00,747.1248175474241
7930,2023-12-20 10:00:00,931.9710446522828
7931,2023-12-20 11:00:00,1118.0394547333426
7932,2023-12-20 12:00:00,1210.369990691671
7933,2023-12-20 13:00:00,1162.8187334557194
7934,2023-12-20 14:00:00,1035.8040550597993
7935,2023-12-20 15:00:00,960.3266023142264
7936,2023-12-20 16:00:00,1031.7780738535284
7937,2023-12-20 17:00:00,1226.0856277011274
7938,2023-12-20 18:00:00,1414.4296581725694
7939,2023-12-20 19:00:00,1464.5612412081286
7940,2023-12-20 20:00:00,1339.4912895560308
7941,2023-12-20 21:00:00,1110.375299157328
7942,2023-12-20 22:00:00,881.9705849348585
7943,2023-12-20 23:00:00,706.8876496510347
7944,2023-12-21 00:00:00,566.2423045844657
7945,2023-12-21 01:00:00,422.8429934791696
7946,2023-12-21 02:00:00,282.34794193011055
7947,2023-12-21 03:00:00,196.8759516592071
7948,2023-12-21 04:00:00,210.88265694991549
7949,2023-12-21 05:00:00,310.9501462439028
7950,2023-12-21 06:00:00,435.7602881653699
7951,2023-12-21 07:00:00,536.9564286166726
7952,2023-12-21 08:00:00,625.4275413962476
7953,2023-12-21 09:00:00,750.7605922517455
7954,2023-12-21 10:00:00,932.1908445331626
7955,2023-12-21 11:00:00,1114.5422933049538
7956,2023-12-21 12:00:00,1202.9186787743024
7957,2023-12-21 13:00:00,1151.2462214153088
7958,2023-12-21 14:00:00,1020.0187327936312
7959,2023-12-21 15:00:00,940.3164693479472
7960,2023-12-21 16:00:00,1007.6137075152363
7961,2023-12-21 17:00:00,1197.921893340833
7962,2023-12-21 18:00:00,1382.5061227813248
7963,2023-12-21 19:00:00,1429.201269426534
7964,2023-12-21 20:00:00,1301.0998189855031
7965,2023-12-21 21:00:00,1069.4353104326417
7966,2023-12-21 22:00:00,839.0382996414936
7967,2023-12-21 23:00:00,662.5865073689032
7968,2023-12-22 00:00:00,521.2557871038193
7969,2023-12-22 01:00:00,377.90638071534283
7970,2023-12-22 02:00:00,238.23909936274129
7971,2023-12-22 03:00:00,154.40526325001792
7972,2023-12-22 04:00:00,170.88222992822887
7973,2023-12-22 05:00:00,274.26242545328796
7974,2023-12-22 06:00:00,403.2262268473101
7975,2023-12-22 07:00:00,509.4033699663943
7976,2023-12-22 08:00:00,603.6569708227619
7977,2023-12-22 09:00:00,735.5359235204262
7978,2023-12-22 10:00:00,924.2254044808064
7979,2023-12-22 11:00:00,1114.4876689148214
7980,2023-12-22 12:00:00,1211.3535875151788
7981,2023-12-22 13:00:00,1168.6660606638925
7982,2023-12-22 14:00:00,1046.825957124774
7983,2023-12-22 15:00:00,976.8119354731135
7984,2023-12-22 16:00:00,1053.9891155759838
7985,2023-12-22 17:00:00,1254.253440813651
7986,2023-12-22 18:00:00,1448.749472987024
7987,2023-12-22 19:00:00,1505.1879208092184
7988,2023-12-22 20:00:00,1386.5349448448153
7989,2023-12-22 21:00:00,1163.897120592391
7990,2023-12-22 22:00:00,941.9789572231996
7991,2023-12-22 23:00:00,773.3346142866934
7992,2023-12-23 00:00:00,318.7024211137382
7993,2023-12-23 01:00:00,181.4647167427113
7994,2023-12-23 02:00:00,46.897454423992485
7995,2023-12-23 03:00:00,-32.94638284390294
7996,2023-12-23 04:00:00,-13.67791799885606
7997,2023-12-23 05:00:00,91.21789923044423
7998,2023-12-23 06:00:00,220.35630699517765
7999,2023-12-23 07:00:00,325.31514076636347
8000,2023-12-23 08:00:00,416.9197117179601
8001,2023-12-23 09:00:00,544.6959057637132
8002,2023-12-23 10:00:00,727.8212227717515
8003,2023-12-23 11:00:00,911.0659339990536
8004,2023-12-23 12:00:00,999.484799598998
8005,2023-12-23 13:00:00,946.9604801410271
8006,2023-12-23 14:00:00,813.9492871919066
8007,2023-12-23 15:00:00,731.5006320973698
8008,2023-12-23 16:00:00,795.0651432577333
8009,2023-12-23 17:00:00,980.6382976965047
8010,2023-12-23 18:00:00,1159.4773162746683
8011,2023-12-23 19:00:00,1199.4176327597634
8012,2023-12-23 20:00:00,1063.5609911991478
8013,2023-12-23 21:00:00,823.1590662935795
8014,2023-12-23 22:00:00,583.069519427357
8015,2023-12-23 23:00:00,396.00614894214664
8016,2023-12-24 00:00:00,243.18976879548484
8017,2023-12-24 01:00:00,87.53428269517917
8018,2023-12-24 02:00:00,-65.197408617512
8019,2023-12-24 03:00:00,-162.783832000438
8020,2023-12-24 04:00:00,-160.66986606088494
8021,2023-12-24 05:00:00,-72.17824745472831
8022,2023-12-24 06:00:00,41.46269376208181
8023,2023-12-24 07:00:00,131.97974928646124
8024,2023-12-24 08:00:00,210.33809234128103
8025,2023-12-24 09:00:00,326.19285261379514
8026,2023-12-24 10:00:00,498.83874375100396
8027,2023-12-24 11:00:00,673.1499380129177
8028,2023-12-24 12:00:00,754.2706451675476
8029,2023-12-24 13:00:00,696.1575425670079
8030,2023-12-24 14:00:00,559.3247133672351
8031,2023-12-24 15:00:00,474.8624613849151
8032,2023-12-24 16:00:00,538.2449802174901
8033,2023-12-24 17:00:00,725.4737279513238
8034,2023-12-24 18:00:00,907.7942594178086
8035,2023-12-24 19:00:00,953.0128272849331
8036,2023-12-24 20:00:00,824.1848044643203
8037,2023-12-24 21:00:00,592.4988188574927
8038,2023-12-24 22:00:00,362.73350686799887
8039,2023-12-24 23:00:00,187.50853590680185
8040,2023-12-25 00:00:00,25.38275077982655
8041,2023-12-25 01:00:00,-115.74348653379184
8042,2023-12-25 02:00:00,-252.79367761559547
8043,2023-12-25 03:00:00,-333.6890858711573
8044,2023-12-25 04:00:00,-314.02587492260864
8045,2023-12-25 05:00:00,-207.28497288373876
8046,2023-12-25 06:00:00,-74.85809783995546
8047,2023-12-25 07:00:00,34.81471489902674
8048,2023-12-25 08:00:00,132.53015743247886
8049,2023-12-25 09:00:00,267.7750155264753
8050,2023-12-25 10:00:00,459.6775730148645
8051,2023-12-25 11:00:00,652.9492285666992
8052,2023-12-25 12:00:00,752.5767616201518
8053,2023-12-25 13:00:00,712.3663753370217
8054,2023-12-25 14:00:00,592.6901550355891
8055,2023-12-25 15:00:00,524.5062934781236
8056,2023-12-25 16:00:00,603.1680450045045
8057,2023-12-25 17:00:00,804.568245414699
8058,2023-12-25 18:00:00,999.8571374537211
8059,2023-12-25 19:00:00,1056.7598022910008
8060,2023-12-25 20:00:00,938.265241320934
8061,2023-12-25 21:00:00,715.5109926579249
8062,2023-12-25 22:00:00,493.24018466286805
8063,2023-12-25 23:00:00,324.05267471125023
8064,2023-12-26 00:00:00,531.928678286154
8065,2023-12-26 01:00:00,393.92866045079415
8066,2023-12-26 02:00:00,258.58083051756955
8067,2023-12-26 03:00:00,178.00444960256186
8068,2023-12-26 04:00:00,196.6574871950976
8069,2023-12-26 05:00:00,301.1258520469198
8070,2023-12-26 06:00:00,430.0963241490588
8071,2023-12-26 07:00:00,535.2178616619781
8072,2023-12-26 08:00:00,627.3844954246473
8073,2023-12-26 09:00:00,756.1899593338321
8074,2023-12-26 10:00:00,940.8750276485184
8075,2023-12-26 11:00:00,1126.2685148705586
8076,2023-12-26 12:00:00,1217.4780129152277
8077,2023-12-26 13:00:00,1168.43238885101
8078,2023-12-26 14:00:00,1039.6267012396938
8079,2023-12-26 15:00:00,962.140905645655
8080,2023-12-26 16:00:00,1031.4473302595934
8081,2023-12-26 17:00:00,1223.5537765535946
8082,2023-12-26 18:00:00,1409.7200022218121
8083,2023-12-26 19:00:00,1457.7739029973702
8084,2023-12-26 20:00:00,1330.7994524727328
8085,2023-12-26 21:00:00,1100.0202977701313
8086,2023-12-26 22:00:00,870.2559251113439
8087,2023-12-26 23:00:00,694.1720535742475
8088,2023-12-27 00:00:00,552.9318891383575
8089,2023-12-27 01:00:00,409.38270231851106
8090,2023-12-27 02:00:00,269.21236176394643
8091,2023-12-27 03:00:00,184.55965171234516
8092,2023-12-27 04:00:00,199.89019711638696
8093,2023-12-27 05:00:00,301.7859040330379
8094,2023-12-27 06:00:00,428.9182570937455
8095,2023-12-27 07:00:00,532.9101411906705
8096,2023-12-27 08:00:00,624.6202682541085
8097,2023-12-27 09:00:00,753.5959654064126
8098,2023-12-27 10:00:00,939.0240470183014
8099,2023-12-27 11:00:00,1125.671949983781
8100,2023-12-27 12:00:00,1218.5795736055998
8101,2023-12-27 13:00:00,1171.6029555604016
8102,2023-12-27 14:00:00,1045.1604249452062
8103,2023-12-27 15:00:00,970.2525859654851
8104,2023-12-27 16:00:00,1042.2710949808825
8105,2023-12-27 17:00:00,1237.1430680708827
8106,2023-12-27 18:00:00,1426.0488579717335
8107,2023-12-27 19:00:00,1476.739499351932
8108,2023-12-27 20:00:00,1352.2258640685798
8109,2023-12-27 21:00:00,1123.6634075042957
8110,2023-12-27 22:00:00,895.8094043869899
8111,2023-12-27 23:00:00,721.2743176400668
8112,2023-12-28 00:00:00,581.1739190615892
8113,2023-12-28 01:00:00,438.3166132929255
8114,2023-12-28 02:00:00,298.3605871783311
8115,2023-12-28 03:00:00,213.42460407457804
8116,2023-12-28 04:00:00,227.96426027207576
8117,2023-12-28 05:00:00,328.56160660481726
8118,2023-12-28 06:00:00,453.8984744494526
8119,2023-12-28 07:00:00,555.6181728818096
8120,2023-12-28 08:00:00,644.6096392324504
8121,2023-12-28 09:00:00,770.4598031899591
8122,2023-12-28 10:00:00,952.4038924326301
8123,2023-12-28 11:00:00,1135.2658667540445
8124,2023-12-28 12:00:00,1224.149431495426
8125,2023-12-28 13:00:00,1172.9807726577249
8126,2023-12-28 14:00:00,1042.2536677580244
8127,2023-12-28 15:00:00,963.0483395840821
8128,2023-12-28 16:00:00,1030.839031336553
8129,2023-12-28 17:00:00,1221.6371562217257
8130,2023-12-28 18:00:00,1406.7077778485373
8131,2023-12-28 19:00:00,1453.8857377702059
8132,2023-12-28 20:00:00,1326.2634901623499
8133,2023-12-28 21:00:00,1095.0745428647328
8134,2023-12-28 22:00:00,865.1494210513345
8135,2023-12-28 23:00:00,689.1658152071277
8136,2023-12-29 00:00:00,548.299548980659
8137,2023-12-29 01:00:00,405.4108348452028
8138,2023-12-29 02:00:00,266.20045499021546
8139,2023-12-29 03:00:00,182.81970109909616
8140,2023-12-29 04:00:00,199.74590263996265
8141,2023-12-29 05:00:00,303.57145804969525
8142,2023-12-29 06:00:00,432.97671713568224
8143,2023-12-29 07:00:00,539.591389037676
8144,2023-12-29 08:00:00,634.278563468103
8145,2023-12-29 09:00:00,766.5871087022637
8146,2023-12-29 10:00:00,955.702175779252
8147,2023-12-29 11:00:00,1146.385994987547
8148,2023-12-29 12:00:00,1243.6694125584602
8149,2023-12-29 13:00:00,1201.395304864241
8150,2023-12-29 14:00:00,1079.9645171365016
8151,2023-12-29 15:00:00,1010.355684870648
8152,2023-12-29 16:00:00,1087.9339053213682
8153,2023-12-29 17:00:00,1288.5950997173668
8154,2023-12-29 18:00:00,1483.4838082005526
8155,2023-12-29 19:00:00,1540.3107182587794
8156,2023-12-29 20:00:00,1422.0419697350708
8157,2023-12-29 21:00:00,1199.7841178611252
8158,2023-12-29 22:00:00,978.2416520230515
8159,2023-12-29 23:00:00,809.9687124571998
8160,2023-12-30 00:00:00,355.7036096556938
8161,2023-12-30 01:00:00,218.8286643069298
8162,2023-12-30 02:00:00,84.61981177254438
8163,2023-12-30 03:00:00,5.130017654699941
8164,2023-12-30 04:00:00,24.748142096878155
8165,2023-12-30 05:00:00,129.98921893385682
8166,2023-12-30 06:00:00,259.4684703620451
8167,2023-12-30 07:00:00,364.76371638288845
8168,2023-12-30 08:00:00,456.70025317796376
8169,2023-12-30 09:00:00,584.8039521531224
8170,2023-12-30 10:00:00,768.252299187324
8171,2023-12-30 11:00:00,951.8155519762338
8172,2023-12-30 12:00:00,1040.5484576397132
8173,2023-12-30 13:00:00,988.3336641989038
8174,2023-12-30 14:00:00,855.6274711337627
8175,2023-12-30 15:00:00,773.47927821622
8176,2023-12-30 16:00:00,837.3397027577737
8177,2023-12-30 17:00:00,1023.2042111792974
8178,2023-12-30 18:00:00,1202.3300142163694
8179,2023-12-30 19:00:00,1242.5525360130416
8180,2023-12-30 20:00:00,1106.9735114789041
8181,2023-12-30 21:00:00,866.8446066747603
8182,2023-12-30 22:00:00,627.023474807377
8183,2023-12-30 23:00:00,440.2239065654347
8184,2023-12-31 00:00:00,287.6667087185642
8185,2023-12-31 01:00:00,132.26577828176607
8186,2023-12-31 02:00:00,-20.215990212104657
8187,2023-12-31 03:00:00,-117.55712932229824
8188,2023-12-31 04:00:00,-115.20252289301504
8189,2023-12-31 05:00:00,-26.474912324276033
8190,2023-12-31 06:00:00,87.3973680860172
8191,2023-12-31 07:00:00,178.14110626683203
8192,2023-12-31 08:00:00,256.7214721621921
8193,2023-12-31 09:00:00,372.7935926607562
8194,2023-12-31 10:00:00,545.6521791172354
8195,2023-12-31 11:00:00,720.1714019522668
8196,2023-12-31 12:00:00,801.4954696010715
8197,2023-12-31 13:00:00,743.581058560308
8198,2023-12-31 14:00:00,606.9422516270581
8199,2023-12-31 15:00:00,522.6693526829779
8200,2023-12-31 16:00:00,586.2365559517557
8201,2023-12-31 17:00:00,773.645320579383
8202,2023-12-31 18:00:00,956.1412029267706
8203,2023-12-31 19:00:00,1001.530457712282
8204,2023-12-31 20:00:00,872.8684603223128
8205,2023-12-31 21:00:00,641.3438416471198
8206,2023-12-31 22:00:00,411.73524152176776
8207,2023-12-31 23:00:00,236.6623312934139
8208,2024-01-01 00:00:00,6.437882052925943
8209,2024-01-01 01:00:00,-134.54558316044916
8210,2024-01-01 02:00:00,-271.45763870430255
8211,2024-01-01 03:00:00,-352.21954217258894
8212,2024-01-01 04:00:00,-332.4274509395394
8213,2024-01-01 05:00:00,-225.56228639559072
8214,2024-01-01 06:00:00,-93.0157594318
8215,2024-01-01 07:00:00,16.772102286939457
8216,2024-01-01 08:00:00,114.59799896485117
8217,2024-01-01 09:00:00,249.94872492484296
8218,2024-01-01 10:00:00,441.9525730348484
8219,2024-01-01 11:00:00,635.320951416634
8220,2024-01-01 12:00:00,735.0406494366532
8221,2024-01-01 13:00:00,694.917880628656
8222,2024-01-01 14:00:00,575.3247411349596
8223,2024-01-01 15:00:00,507.2194349665563
8224,2024-01-01 16:00:00,585.9552281801874
8225,2024-01-01 17:00:00,787.4249687265836
8226,2024-01-01 18:00:00,982.7789119266433
8227,2024-01-01 19:00:00,1039.7421519756017
8228,2024-01-01 20:00:00,921.3037037253498
8229,2024-01-01 21:00:00,698.6011191851064
8230,2024-01-01 22:00:00,476.3775410171605
8231,2024-01-01 23:00:00,307.232841366362
8232,2024-01-02 00:00:00,583.3933289534139
8233,2024-01-02 01:00:00,445.4273282581428
8234,2024-01-02 02:00:00,310.10914269526154
8235,2024-01-02 03:00:00,229.55804980740152
8236,2024-01-02 04:00:00,248.23203592953575
8237,2024-01-02 05:00:00,352.7170270584452
8238,2024-01-02 06:00:00,481.6998208619387
8239,2024-01-02 07:00:00,586.8293935492701
8240,2024-01-02 08:00:00,679.000670832824
8241,2024-01-02 09:00:00,807.8065292001017
8242,2024-01-02 10:00:00,992.4877621661464
8243,2024-01-02 11:00:00,1177.8732039324761
8244,2024-01-02 12:00:00,1269.0704664380373
8245,2024-01-02 13:00:00,1220.0084372101878
8246,2024-01-02 14:00:00,1091.18219562573
8247,2024-01-02 15:00:00,1013.6717184776741
8248,2024-01-02 16:00:00,1082.9493555424551
8249,2024-01-02 17:00:00,1275.0229302587836
8250,2024-01-02 18:00:00,1461.152222656175
8251,2024-01-02 19:00:00,1509.1651511935372
8252,2024-01-02 20:00:00,1382.1457125264974
8253,2024-01-02 21:00:00,1151.317577223866
8254,2024-01-02 22:00:00,921.5002553080359
8255,2024-01-02 23:00:00,745.3594900152008
8256,2024-01-03 00:00:00,604.0585118283748
8257,2024-01-03 01:00:00,460.44461612147927
8258,2024-01-03 02:00:00,320.20569676405444
8259,2024-01-03 03:00:00,235.4805635256356
8260,2024-01-03 04:00:00,250.73486725228076
8261,2024-01-03 05:00:00,352.5505402243033
8262,2024-01-03 06:00:00,479.5990936338093
8263,2024-01-03 07:00:00,583.5034392410356
8264,2024-01-03 08:00:00,675.1223161993918
8265,2024-01-03 09:00:00,804.0030791539266
8266,2024-01-03 10:00:00,989.332570320948
8267,2024-01-03 11:00:00,1175.878254751327
8268,2024-01-03 12:00:00,1268.680060224564
8269,2024-01-03 13:00:00,1221.5940531915207
8270,2024-01-03 14:00:00,1095.0385918134969
8271,2024-01-03 15:00:00,1020.0143096877633
8272,2024-01-03 16:00:00,1091.9128928342443
8273,2024-01-03 17:00:00,1286.661487293783
8274,2024-01-03 18:00:00,1475.440476041313
8275,2024-01-03 19:00:00,1526.0009242943875
8276,2024-01-03 20:00:00,1401.353734689048
8277,2024-01-03 21:00:00,1172.6543937072333
8278,2024-01-03 22:00:00,944.6602074243276
8279,2024-01-03 23:00:00,769.9816703819491
8280,2024-01-04 00:00:00,629.7345862526889
8281,2024-01-04 01:00:00,486.7273918133398
8282,2024-01-04 02:00:00,346.61830631479677
8283,2024-01-04 03:00:00,261.52612573721706
8284,2024-01-04 04:00:00,275.90647926333475
8285,2024-01-04 05:00:00,376.34145085495
8286,2024-01-04 06:00:00,501.51290525870826
8287,2024-01-04 07:00:00,603.0641851319457
8288,2024-01-04 08:00:00,691.8842616462607
8289,2024-01-04 09:00:00,817.5600985340023
8290,2024-01-04 10:00:00,999.3269577425708
8291,2024-01-04 11:00:00,1182.0088335489722
8292,2024-01-04 12:00:00,1270.7094659957938
8293,2024-01-04 13:00:00,1219.3550759894201
8294,2024-01-04 14:00:00,1088.4394761375115
8295,2024-01-04 15:00:00,1009.0429245489179
8296,2024-01-04 16:00:00,1076.6396999152048
8297,2024-01-04 17:00:00,1267.2412511275352
8298,2024-01-04 18:00:00,1452.1126776617584
8299,2024-01-04 19:00:00,1499.088857137347
8300,2024-01-04 20:00:00,1371.2622799558085
8301,2024-01-04 21:00:00,1139.866490326543
8302,2024-01-04 22:00:00,909.7320500248005
8303,2024-01-04 23:00:00,733.536686252225
8304,2024-01-05 00:00:00,592.4562595502389
8305,2024-01-05 01:00:00,449.3510194047196
8306,2024-01-05 02:00:00,309.9217852305335
8307,2024-01-05 03:00:00,226.31988601980072
8308,2024-01-05 04:00:00,243.02268872387208
8309,2024-01-05 05:00:00,346.6226293828018
8310,2024-01-05 06:00:00,475.8000955456354
8311,2024-01-05 07:00:00,582.1848342165733
8312,2024-01-05 08:00:00,676.6399730918367
8313,2024-01-05 09:00:00,808.7144185565625
8314,2024-01-05 10:00:00,997.5933598520011
8315,2024-01-05 11:00:00,1188.0390656082695
8316,2024-01-05 12:00:00,1285.082420467948
8317,2024-01-05 13:00:00,1242.5663393347445
8318,2024-01-05 14:00:00,1120.8917060601325
8319,2024-01-05 15:00:00,1051.0371948494542
8320,2024-01-05 16:00:00,1128.3679417455019
8321,2024-01-05 17:00:00,1328.7799068532372
8322,2024-01-05 18:00:00,1523.4176692617152
8323,2024-01-05 19:00:00,1579.9919554786156
8324,2024-01-05 20:00:00,1461.4689444365247
8325,2024-01-05 21:00:00,1238.9552305085813
8326,2024-01-05 22:00:00,1017.1553422982006
8327,2024-01-05 23:00:00,848.623459281957
8328,2024-01-06 00:00:00,394.09793127050847
8329,2024-01-06 01:00:00,256.9611182953646
8330,2024-01-06 02:00:00,122.48899510528008
8331,2024-01-06 03:00:00,42.73456672151315
8332,2024-01-06 04:00:00,62.086732744709366
8333,2024-01-06 05:00:00,167.06056647329035
8334,2024-01-06 06:00:00,296.2713296198548
8335,2024-01-06 07:00:00,401.29688167979504
8336,2024-01-06 08:00:00,492.962558359913
8337,2024-01-06 09:00:00,620.7942706033871
8338,2024-01-06 10:00:00,803.969543805766
8339,2024-01-06 11:00:00,987.2586752102477
8340,2024-01-06 12:00:00,1075.7164514426995
8341,2024-01-06 13:00:00,1023.2255600408326
8342,2024-01-06 14:00:00,890.2423399798413
8343,2024-01-06 15:00:00,807.8162305059869
8344,2024-01-06 16:00:00,871.3978883670192
8345,2024-01-06 17:00:00,1056.9828194246968
8346,2024-01-06 18:00:00,1235.828273779216
8347,2024-01-06 19:00:00,1275.7697149266276
8348,2024-01-06 20:00:00,1139.9089170835903
8349,2024-01-06 21:00:00,899.4975855582912
8350,2024-01-06 22:00:00,659.3934127759874
8351,2024-01-06 23:00:00,472.3102285530781
8352,2024-01-07 00:00:00,319.46887876172366
8353,2024-01-07 01:00:00,163.7832994324525
8354,2024-01-07 02:00:00,11.016424049875695
8355,2024-01-07 03:00:00,-86.6102410669647
8356,2024-01-07 04:00:00,-84.54154095859428
8357,2024-01-07 05:00:00,3.899821690130125
8358,2024-01-07 06:00:00,117.4855512138787
8359,2024-01-07 07:00:00,207.9424740821379
8360,2024-01-07 08:00:00,286.23579868118645
8361,2024-01-07 09:00:00,402.0206902518335
8362,2024-01-07 10:00:00,574.5918983777849
8363,2024-01-07 11:00:00,748.8236316315242
8364,2024-01-07 12:00:00,829.8601364537163
8365,2024-01-07 13:00:00,771.658127253519
8366,2024-01-07 14:00:00,634.7317246133955
8367,2024-01-07 15:00:00,550.1712700787346
8368,2024-01-07 16:00:00,613.4509953980091
8369,2024-01-07 17:00:00,800.5723971081829
8370,2024-01-07 18:00:00,982.7810688688874
8371,2024-01-07 19:00:00,1027.8833024817893
8372,2024-01-07 20:00:00,898.9345103243132
8373,2024-01-07 21:00:00,667.1233601311216
8374,2024-01-07 22:00:00,437.2285283727886
8375,2024-01-07 23:00:00,261.86972294578936
8376,2024-01-08 00:00:00,442.47761019532817
8377,2024-01-08 01:00:00,301.2090315649816
8378,2024-01-08 02:00:00,164.01230759381065
8379,2024-01-08 03:00:00,82.96621656542607
8380,2024-01-08 04:00:00,102.47463677698556
8381,2024-01-08 05:00:00,209.0566823423287
8382,2024-01-08 06:00:00,341.32067766994123
8383,2024-01-08 07:00:00,450.8266302405062
8384,2024-01-08 08:00:00,548.3712751862006
8385,2024-01-08 09:00:00,683.4414415758231
8386,2024-01-08 10:00:00,875.1654568209057
8387,2024-01-08 11:00:00,1068.25476338646
8388,2024-01-08 12:00:00,1167.6961847802522
8389,2024-01-08 13:00:00,1127.295968459683
8390,2024-01-08 14:00:00,1007.4262442928798
8391,2024-01-08 15:00:00,939.0452497904813
8392,2024-01-08 16:00:00,1017.5062842916955
8393,2024-01-08 17:00:00,1218.7022288008172
8394,2024-01-08 18:00:00,1413.7833714907777
8395,2024-01-08 19:00:00,1470.474839143632
8396,2024-01-08 20:00:00,1351.7656789965831
8397,2024-01-08 21:00:00,1128.793475193242
8398,2024-01-08 22:00:00,906.3014022965983
8399,2024-01-08 23:00:00,736.8893641088613
8400,2024-01-09 00:00:00,601.6658418579682
8401,2024-01-09 01:00:00,463.43490899521413
8402,2024-01-09 02:00:00,327.8530409443823
8403,2024-01-09 03:00:00,247.03954589335888
8404,2024-01-09 04:00:00,265.4524405929626
8405,2024-01-09 05:00:00,369.67768118086764
8406,2024-01-09 06:00:00,498.40209517318794
8407,2024-01-09 07:00:00,603.2746884424964
8408,2024-01-09 08:00:00,695.211935318182
8409,2024-01-09 09:00:00,823.785225154262
8410,2024-01-09 10:00:00,1008.2353802576683
8411,2024-01-09 11:00:00,1193.3912633456969
8412,2024-01-09 12:00:00,1284.360514598396
8413,2024-01-09 13:00:00,1235.0720494890998
8414,2024-01-09 14:00:00,1106.0209750729582
8415,2024-01-09 15:00:00,1028.2872955211615
8416,2024-01-09 16:00:00,1097.3433876989122
8417,2024-01-09 17:00:00,1289.1971018355732
8418,2024-01-09 18:00:00,1475.1082444771982
8419,2024-01-09 19:00:00,1522.904760268858
8420,2024-01-09 20:00:00,1395.6706717801771
8421,2024-01-09 21:00:00,1164.6296751766229
8422,2024-01-09 22:00:00,934.6013057776291
8423,2024-01-09 23:00:00,758.2513318072267
8424,2024-01-10 00:00:00,616.7430084234504
8425,2024-01-10 01:00:00,472.9236553744523
8426,2024-01-10 02:00:00,332.48119057481574
8427,2024-01-10 03:00:00,247.55444753391657
8428,2024-01-10 04:00:00,262.6091005175024
8429,2024-01-10 05:00:00,364.2271049113856
8430,2024-01-10 06:00:00,491.07999466841903
8431,2024-01-10 07:00:00,594.7907040208128
8432,2024-01-10 08:00:00,686.2179942391291
8433,2024-01-10 09:00:00,814.9092417732776
8434,2024-01-10 10:00:00,1000.0513103082271
8435,2024-01-10 11:00:00,1186.4116860254962
8436,2024-01-10 12:00:00,1279.0303175420352
8437,2024-01-10 13:00:00,1231.7632917482267
8438,2024-01-10 14:00:00,1105.028986964136
8439,2024-01-10 15:00:00,1029.8280565693283
8440,2024-01-10 16:00:00,1101.552206057408
8441,2024-01-10 17:00:00,1296.128600583359
8442,2024-01-10 18:00:00,1484.737641889125
8443,2024-01-10 19:00:00,1535.1304136518888
8444,2024-01-10 20:00:00,1410.317836578067
8445,2024-01-10 21:00:00,1181.455414901116
8446,2024-01-10 22:00:00,953.3004720917131
8447,2024-01-10 23:00:00,778.4635197176254
8448,2024-01-11 00:00:00,638.0603781805144
8449,2024-01-11 01:00:00,494.89950059144843
8450,2024-01-11 02:00:00,354.63912219098694
8451,2024-01-11 03:00:00,269.3980546184465
8452,2024-01-11 04:00:00,283.63194233180604
8453,2024-01-11 05:00:00,383.9228842250229
8454,2024-01-11 06:00:00,508.95275963114693
8455,2024-01-11 07:00:00,610.3649254268348
8456,2024-01-11 08:00:00,699.0483666480388
8457,2024-01-11 09:00:00,824.5900605275734
8458,2024-01-11 10:00:00,1006.2252821765163
8459,2024-01-11 11:00:00,1188.7780386435197
8460,2024-01-11 12:00:00,1277.352082405917
8461,2024-01-11 13:00:00,1225.873646439006
8462,2024-01-11 14:00:00,1094.8365550634853
8463,2024-01-11 15:00:00,1015.3210777175747
8464,2024-01-11 16:00:00,1082.8015040891846
8465,2024-01-11 17:00:00,1273.289293691909
8466,2024-01-11 18:00:00,1458.0495562510587
8467,2024-01-11 19:00:00,1504.9171792848679
8468,2024-01-11 20:00:00,1376.9846627281554
8469,2024-01-11 21:00:00,1145.4855599661787
8470,2024-01-11 22:00:00,915.2504415623409
8471,2024-01-11 23:00:00,738.9570431863071
8472,2024-01-12 00:00:00,597.781233424463
8473,2024-01-12 01:00:00,454.58326950358725
8474,2024-01-12 02:00:00,315.0639781745956
8475,2024-01-12 03:00:00,231.37469543647683
8476,2024-01-12 04:00:00,247.99279484239514
8477,2024-01-12 05:00:00,351.51071869922407
8478,2024-01-12 06:00:00,480.60886045956823
8479,2024-01-12 07:00:00,586.916972655249
8480,2024-01-12 08:00:00,681.2981881680575
8481,2024-01-12 09:00:00,813.3014181735917
8482,2024-01-12 10:00:00,1002.111856382312
8483,2024-01-12 11:00:00,1192.4917754946575
8484,2024-01-12 12:00:00,1289.4720638857993
8485,2024-01-12 13:00:00,1246.8956398266841
8486,2024-01-12 14:00:00,1125.1633901814544
8487,2024-01-12 15:00:00,1055.253991787877
8488,2024-01-12 16:00:00,1132.5325829890212
8489,2024-01-12 17:00:00,1332.8951258247039
8490,2024-01-12 18:00:00,1527.4862009486028
8491,2024-01-12 19:00:00,1584.0165360904525
8492,2024-01-12 20:00:00,1465.452311047028
8493,2024-01-12 21:00:00,1242.9001207067822
8494,2024-01-12 22:00:00,1021.0644938131943
8495,2024-01-12 23:00:00,852.4996096610641
8496,2024-01-13 00:00:00,397.9438175075805
8497,2024-01-13 01:00:00,260.7794764845976
8498,2024-01-13 02:00:00,126.28256008704147
8499,2024-01-13 03:00:00,46.50607175677999
8500,2024-01-13 04:00:00,65.83890913781136
8501,2024-01-13 05:00:00,170.79614323857652
8502,2024-01-13 06:00:00,299.9930331455529
8503,2024-01-13 07:00:00,405.0074353758444
8504,2024-01-13 08:00:00,496.66468231172763
8505,2024-01-13 09:00:00,624.4906812501914
8506,2024-01-13 10:00:00,807.6629535873483
8507,2024-01-13 11:00:00,990.9517922187808
8508,2024-01-13 12:00:00,1079.4119791103426
8509,2024-01-13 13:00:00,1026.926196791291
8510,2024-01-13 14:00:00,893.9507789009323
8511,2024-01-13 15:00:00,811.5351590166348
8512,2024-01-13 16:00:00,875.1299878840732
8513,2024-01-13 17:00:00,1060.7307650454472
8514,2024-01-13 18:00:00,1239.5947339350685
8515,2024-01-13 19:00:00,1279.5573510927102
8516,2024-01-13 20:00:00,1143.7203834154536
8517,2024-01-13 21:00:00,903.3355286047632
8518,2024-01-13 22:00:00,663.2604711461524
8519,2024-01-13 23:00:00,476.209032603049
8520,2024-01-14 00:00:00,323.40205027164143
8521,2024-01-14 01:00:00,167.75345130076084
8522,2024-01-14 02:00:00,15.026159996303363
8523,2024-01-14 03:00:00,-82.55832683944175
8524,2024-01-14 04:00:00,-80.4448640486944
8525,2024-01-14 05:00:00,8.043835573049705
8526,2024-01-14 06:00:00,121.67946595209025
8527,2024-01-14 07:00:00,212.1888428286361
8528,2024-01-14 08:00:00,290.53716359518114
8529,2024-01-14 09:00:00,406.37958217904696
8530,2024-01-14 10:00:00,579.0108365651678
8531,2024-01-14 11:00:00,753.305123434184
8532,2024-01-14 12:00:00,834.406677056501
8533,2024-01-14 13:00:00,776.272199379369
8534,2024-01-14 14:00:00,639.4157982243725
8535,2024-01-14 15:00:00,554.9278021273296
8536,2024-01-14 16:00:00,618.2824295251988
8537,2024-01-14 17:00:00,805.4811633734171
8538,2024-01-14 18:00:00,987.7695834722078
8539,2024-01-14 19:00:00,1032.9539675155859
8540,2024-01-14 20:00:00,904.0897134748574
8541,2024-01-14 21:00:00,672.3654744336347
8542,2024-01-14 22:00:00,442.5599119451343
8543,2024-01-14 23:00:00,267.29271872849563
8544,2024-01-15 00:00:00,447.9945456982479
8545,2024-01-15 01:00:00,306.8222185780544
8546,2024-01-15 02:00:00,169.72404201234042
8547,2024-01-15 03:00:00,88.77877806857157
8548,2024-01-15 04:00:00,108.39028861348038
8549,2024-01-15 05:00:00,215.07767109509166
8550,2024-01-15 06:00:00,347.4492330016242
8551,2024-01-15 07:00:00,457.06496465027175
8552,2024-01-15 08:00:00,554.7215838018931
8553,2024-01-15 09:00:00,689.9059019035124
8554,2024-01-15 10:00:00,881.7462285221459
8555,2024-01-15 11:00:00,1074.9539880520692
8556,2024-01-15 12:00:00,1174.515985718806
8557,2024-01-15 13:00:00,1134.238450471878
8558,2024-01-15 14:00:00,1014.4934934433027
8559,2024-01-15 15:00:00,946.2393332250215
8560,2024-01-15 16:00:00,1024.8292500064445
8561,2024-01-15 17:00:00,1226.1561054412175
8562,2024-01-15 18:00:00,1421.3701681455896
8563,2024-01-15 19:00:00,1478.1965451670048
8564,2024-01-15 20:00:00,1359.6242637818746
8565,2024-01-15 21:00:00,1136.79088799998
8566,2024-01-15 22:00:00,914.4395720572505
8567,2024-01-15 23:00:00,745.1701992432841
8568,2024-01-16 00:00:00,610.091230083233
8569,2024-01-16 01:00:00,472.00671715202895
8570,2024-01-16 02:00:00,336.5731148361979
8571,2024-01-16 03:00:00,255.9097100833485
8572,2024-01-16 04:00:00,274.4744982569481
8573,2024-01-16 05:00:00,378.8534139305766
8574,2024-01-16 06:00:00,507.73326292298935
8575,2024-01-16 07:00:00,612.7630291929748
8576,2024-01-16 08:00:00,704.8376457329156
8577,2024-01-16 09:00:00,833.5499959218331
8578,2024-01-16 10:00:00,1018.1408797536219
8579,2024-01-16 11:00:00,1203.4391374384772
8580,2024-01-16 12:00:00,1294.5523865460946
8581,2024-01-16 13:00:00,1245.4095198001091
8582,2024-01-16 14:00:00,1116.5056213408277
8583,2024-01-16 15:00:00,1038.9206723419122
8584,2024-01-16 16:00:00,1108.1270265030073
8585,2024-01-16 17:00:00,1300.1325107860976
8586,2024-01-16 18:00:00,1486.1969083406025
8587,2024-01-16 19:00:00,1534.1481403027722
8588,2024-01-16 20:00:00,1407.0702056241037
8589,2024-01-16 21:00:00,1176.1867767315462
8590,2024-01-16 22:00:00,946.3173651226302
8591,2024-01-16 23:00:00,770.1277150642563
8592,2024-01-17 00:00:00,628.7810576940913
8593,2024-01-17 01:00:00,485.12468862387215
8594,2024-01-17 02:00:00,344.8465015470812
8595,2024-01-17 03:00:00,260.0853056632242
8596,2024-01-17 04:00:00,275.30675085258133
8597,2024-01-17 05:00:00,377.0927680242956
8598,2024-01-17 06:00:00,504.11486658665603
8599,2024-01-17 07:00:00,607.9959561522201
8600,2024-01-17 08:00:00,699.5947732999613
8601,2024-01-17 09:00:00,828.4586697348437
8602,2024-01-17 10:00:00,1013.7744843121288
8603,2024-01-17 11:00:00,1200.309678360727
8604,2024-01-17 12:00:00,1293.104175554909
8605,2024-01-17 13:00:00,1246.0140378154579
8606,2024-01-17 14:00:00,1119.4576184436562
8607,2024-01-17 15:00:00,1044.4355457445688
8608,2024-01-17 16:00:00,1116.3395001121391
8609,2024-01-17 17:00:00,1311.0966215603835
8610,2024-01-17 18:00:00,1499.8872866572356
8611,2024-01-17 19:00:00,1550.4625538796572
8612,2024-01-17 20:00:00,1425.8333187125322
8613,2024-01-17 21:00:00,1197.1550601382255
8614,2024-01-17 22:00:00,969.1850763770609
8615,2024-01-17 23:00:00,794.5338537033667
8616,2024-01-18 00:00:00,654.3171872473434
8617,2024-01-18 01:00:00,511.34350482962395
8618,2024-01-18 02:00:00,371.2710163760323
8619,2024-01-18 03:00:00,286.21850825157867
8620,2024-01-18 04:00:00,300.64159962579777
8621,2024-01-18 05:00:00,401.1223641077073
8622,2024-01-18 06:00:00,526.3426557653618
8623,2024-01-18 07:00:00,627.9458062240608
8624,2024-01-18 08:00:00,716.8207752846239
8625,2024-01-18 09:00:00,842.5545149781082
8626,2024-01-18 10:00:00,1024.382275219305
8627,2024-01-18 11:00:00,1207.1280379222264
8628,2024-01-18 12:00:00,1295.8955304305518
8629,2024-01-18 13:00:00,1244.6109606444074
8630,2024-01-18 14:00:00,1113.7681278448867
8631,2024-01-18 15:00:00,1034.4472764759382
8632,2024-01-18 16:00:00,1102.1226712702291
8633,2024-01-18 17:00:00,1292.8057468494135
8634,2024-01-18 18:00:00,1477.7615880946282
8635,2024-01-18 19:00:00,1524.8250577406448
8636,2024-01-18 20:00:00,1397.0886310046244
8637,2024-01-18 21:00:00,1165.78583660754
8638,2024-01-18 22:00:00,935.7472205401754
8639,2024-01-18 23:00:00,759.6504939370699
8640,2024-01-19 00:00:00,618.6715009607622
8641,2024-01-19 01:00:00,475.67047447124725
8642,2024-01-19 02:00:00,336.3482169413571
8643,2024-01-19 03:00:00,252.85604017556102
8644,2024-01-19 04:00:00,269.67129362895537
8645,2024-01-19 05:00:00,373.38639559897877
8646,2024-01-19 06:00:00,502.68171560241836
8647,2024-01-19 07:00:00,609.1869823878169
8648,2024-01-19 08:00:00,703.765305101302
8649,2024-01-19 09:00:00,835.9655713148414
8650,2024-01-19 10:00:00,1024.9729512255747
8651,2024-01-19 11:00:00,1215.5496941847196
8652,2024-01-19 12:00:00,1312.726665259297
8653,2024-01-19 13:00:00,1270.346759572243
8654,2024-01-19 14:00:00,1148.81084096334
8655,2024-01-19 15:00:00,1079.097563359702
8656,2024-01-19 16:00:00,1156.5720423230011
8657,2024-01-19 17:00:00,1357.1302172359976
8658,2024-01-19 18:00:00,1551.9166462538628
8659,2024-01-19 19:00:00,1608.6420347074036
8660,2024-01-19 20:00:00,1490.2725401668827
8661,2024-01-19 21:00:00,1267.9147354195434
8662,2024-01-19 22:00:00,1046.2731272601534
8663,2024-01-19 23:00:00,877.9018731815346
8664,2024-01-20 00:00:00,423.5393007855725
8665,2024-01-20 01:00:00,286.5677477171888
8666,2024-01-20 02:00:00,152.26316612302276
8667,2024-01-20 03:00:00,72.67853826958981
8668,2024-01-20 04:00:00,92.20274078538921
8669,2024-01-20 05:00:00,197.3508238341882
8670,2024-01-20 06:00:00,326.7380258061403
8671,2024-01-20 07:00:00,431.9421827242854
8672,2024-01-20 08:00:00,523.7886066246664
8673,2024-01-20 09:00:00,651.8031846477123
8674,2024-01-20 10:00:00,835.1634182062206
8675,2024-01-20 11:00:00,1018.6395803887501
8676,2024-01-20 12:00:00,1107.2864335703812
8677,2024-01-20 13:00:00,1054.986640823595
8678,2024-01-20 14:00:00,922.1965165640701
8679,2024-01-20 15:00:00,839.9654753201618
8680,2024-01-20 16:00:00,903.7441489800249
8681,2024-01-20 17:00:00,1089.5280184255837
8682,2024-01-20 18:00:00,1268.5743086480666
8683,2024-01-20 19:00:00,1308.7184579132622
8684,2024-01-20 20:00:00,1173.0622150746956
8685,2024-01-20 21:00:00,932.8572599846968
8686,2024-01-20 22:00:00,692.9612594910237
8687,2024-01-20 23:00:00,506.08801772829054
8688,2024-01-21 00:00:00,353.45835477278536
8689,2024-01-21 01:00:00,197.9861807786615
8690,2024-01-21 02:00:00,45.43440325944357
8691,2024-01-21 03:00:00,-51.97549754604654
8692,2024-01-21 04:00:00,-49.688392824854986
8693,2024-01-21 05:00:00,38.97298851179255
8694,2024-01-21 06:00:00,152.7803244745379
8695,2024-01-21 07:00:00,243.46041515308013
8696,2024-01-21 08:00:00,321.9784424846232
8697,2024-01-21 09:00:00,437.9895451919057
8698,2024-01-21 10:00:00,610.7884462770553
8699,2024-01-21 11:00:00,785.2493276754874
8700,2024-01-21 12:00:00,866.5164091512389
8701,2024-01-21 13:00:00,808.5463783722754
8702,2024-01-21 14:00:00,671.8533291371393
8703,2024-01-21 15:00:00,587.5275761871419
8704,2024-01-21 16:00:00,651.0433244092083
8705,2024-01-21 17:00:00,838.4020434468508
8706,2024-01-21 18:00:00,1020.8493000569545
8707,2024-01-21 19:00:00,1066.191359102466
8708,2024-01-21 20:00:00,937.4836060144887
8709,2024-01-21 21:00:00,705.9146815233125
8710,2024-01-21 22:00:00,476.2632351559565
8711,2024-01-21 23:00:00,301.1489478094811
8712,2024-01-23 23:00:00,809.7343540535776
8713,2024-01-24 00:00:00,668.4723381580948
8714,2024-01-24 01:00:00,524.8991494730542
8715,2024-01-24 02:00:00,384.7026835745965
8716,2024-01-24 03:00:00,300.0217518322971
8717,2024-01-24 04:00:00,315.3220065324624
8718,2024-01-24 05:00:00,417.1853812650158
8719,2024-01-24 06:00:00,544.2833883921144
8720,2024-01-24 07:00:00,648.2389407318138
8721,2024-01-24 08:00:00,739.9107783319383
8722,2024-01-24 09:00:00,868.8462566198982
8723,2024-01-24 10:00:00,1054.2322184561485
8724,2024-01-24 11:00:00,1240.8361293975672
8725,2024-01-24 12:00:00,1333.6979176275424
8726,2024-01-24 13:00:00,1286.673649825837
8727,2024-01-24 14:00:00,1160.1816843117329
8728,2024-01-24 15:00:00,1085.2226546416325
8729,2024-01-24 16:00:00,1157.1882467369996
8730,2024-01-24 17:00:00,1352.0056063687452
8731,2024-01-24 18:00:00,1540.855116152581
8732,2024-01-24 19:00:00,1591.4878407915826
8733,2024-01-24 20:00:00,1466.9146822955258
8734,2024-01-24 21:00:00,1238.2911264168588
8735,2024-01-24 22:00:00,1010.3744783294068
8736,2024-01-24 23:00:00,835.7752315918646
8737,2024-01-25 00:00:00,695.6091887940505
8738,2024-01-25 01:00:00,552.6847854773729
8739,2024-01-25 02:00:00,412.6602395195325
8740,2024-01-25 03:00:00,327.6543454742389
8741,2024-01-25 04:00:00,342.1227309327994
8742,2024-01-25 05:00:00,442.6474781573364
8743,2024-01-25 06:00:00,567.910450103775
8744,2024-01-25 07:00:00,669.5549874914609
8745,2024-01-25 08:00:00,758.4700594721368
8746,2024-01-25 09:00:00,884.2426276297831
8747,2024-01-25 10:00:00,1066.1079516596021
8748,2024-01-25 11:00:00,1248.8900234742528
8749,2024-01-25 12:00:00,1337.6925806414774
8750,2024-01-25 13:00:00,1286.4418414970614
8751,2024-01-25 14:00:00,1155.6316159548292
8752,2024-01-25 15:00:00,1076.342159335116
8753,2024-01-25 16:00:00,1144.0477474322147
8754,2024-01-25 17:00:00,1334.7598261418343
8755,2024-01-25 18:00:00,1519.7434918200852
8756,2024-01-25 19:00:00,1566.8336188985281
8757,2024-01-25 20:00:00,1439.122694464565
8758,2024-01-25 21:00:00,1207.8442593251664
8759,2024-01-25 22:00:00,977.8288717481371
8760,2024-01-25 23:00:00,801.754255339443
8761,2024-01-26 00:00:00,660.7962669152172
8762,2024-01-26 01:00:00,517.8151521844028
8763,2024-01-26 02:00:00,378.51172667382224
8764,2024-01-26 03:00:00,295.03731537319265
8765,2024-01-26 04:00:00,311.8692811591221
8766,2024-01-26 05:00:00,415.6000559006851
8767,2024-01-26 06:00:00,544.910022872605
8768,2024-01-26 07:00:00,651.4289247341562
8769,2024-01-26 08:00:00,746.019884743316
8770,2024-01-26 09:00:00,878.2318047289356
8771,2024-01-26 10:00:00,1067.2498693167051
8772,2024-01-26 11:00:00,1257.8363424469655
8773,2024-01-26 12:00:00,1355.022103943425
8774,2024-01-26 13:00:00,1312.650063844003
8775,2024-01-26 14:00:00,1191.1211010158563
8776,2024-01-26 15:00:00,1121.413884635312
8777,2024-01-26 16:00:00,1198.8935456116033
8778,2024-01-26 17:00:00,1399.4560388323243
8779,2024-01-26 18:00:00,1594.2459380953467
8780,2024-01-26 19:00:00,1650.9739645362656
8781,2024-01-26 20:00:00,1532.6062916347346
8782,2024-01-26 21:00:00,1310.249508242331
8783,2024-01-26 22:00:00,1088.6081373435306
8784,2024-01-26 23:00:00,920.2363527485319
8785,2024-01-27 00:00:00,465.8724984962863
8786,2024-01-27 01:00:00,328.89892879186743
8787,2024-01-27 02:00:00,194.59161247945167
8788,2024-01-27 03:00:00,115.00354860445361
8789,2024-01-27 04:00:00,134.5236307106851
8790,2024-01-27 05:00:00,239.66692598072893
8791,2024-01-27 06:00:00,369.0486899330796
8792,2024-01-27 07:00:00,474.2467758040017
8793,2024-01-27 08:00:00,566.0865129697443
8794,2024-01-27 09:00:00,694.0938059882596
8795,2024-01-27 10:00:00,877.4461737876226
8796,2024-01-27 11:00:00,1060.9139070602637
8797,2024-01-27 12:00:00,1149.5517858801009
8798,2024-01-27 13:00:00,1097.2424910964705
8799,2024-01-27 14:00:00,964.4423549760494
8800,2024-01-27 15:00:00,882.2008099710994
8801,2024-01-27 16:00:00,945.9685059950473
8802,2024-01-27 17:00:00,1131.7409419964163
8803,2024-01-27 18:00:00,1310.7753611024123
8804,2024-01-27 19:00:00,1350.9072198095728
8805,2024-01-27 20:00:00,1215.2382852180506
8806,2024-01-27 21:00:00,975.0202555043788
8807,2024-01-27 22:00:00,735.1108159159694
8808,2024-01-27 23:00:00,548.2237889700511
8809,2024-01-28 00:00:00,395.58001325712047
8810,2024-01-28 01:00:00,240.09341743351933
8811,2024-01-28 02:00:00,87.52692756946362
8812,2024-01-28 03:00:00,-9.897957506677471
8813,2024-01-28 04:00:00,-7.626090351105745
8814,2024-01-28 05:00:00,81.01981877491005
8815,2024-01-28 06:00:00,194.81146656500994
8816,2024-01-28 07:00:00,285.47567181119985
8817,2024-01-28 08:00:00,363.97763516959105
8818,2024-01-28 09:00:00,479.97251410644566
8819,2024-01-28 10:00:00,652.755050359679
8820,2024-01-28 11:00:00,827.1994446389091
8821,2024-01-28 12:00:00,908.4499354561392
8822,2024-01-28 13:00:00,850.4632292486575
8823,2024-01-28 14:00:00,713.7534385769643
8824,2024-01-28 15:00:00,629.410896939869
8825,2024-01-28 16:00:00,692.9098279644815
8826,2024-01-28 17:00:00,880.2517200322966
8827,2024-01-28 18:00:00,1062.6821586152682
8828,2024-01-28 19:00:00,1108.0074272744457
8829,2024-01-28 20:00:00,979.2829301187913
8830,2024-01-28 21:00:00,747.6973265196416
8831,2024-01-28 22:00:00,518.0292846344794
8832,2024-01-28 23:00:00,342.89850393473296
8833,2024-01-29 00:00:00,523.7356423091271
8834,2024-01-29 01:00:00,382.69753271415266
8835,2024-01-29 02:00:00,245.7324871866308
8836,2024-01-29 03:00:00,164.91927543891052
8837,2024-01-29 04:00:00,184.6617671566188
8838,2024-01-29 05:00:00,291.4790678295816
8839,2024-01-29 06:00:00,423.97949318726114
8840,2024-01-29 07:00:00,533.7230419816503
8841,2024-01-29 08:00:00,631.5064406222497
8842,2024-01-29 09:00:00,766.8165093746524
8843,2024-01-29 10:00:00,958.7815668365196
8844,2024-01-29 11:00:00,1152.1130466167424
8845,2024-01-29 12:00:00,1251.7977633320882
8846,2024-01-29 13:00:00,1211.6419555236362
8847,2024-01-29 14:00:00,1092.017744095942
8848,2024-01-29 15:00:00,1023.883357572182
8849,2024-01-29 16:00:00,1102.5920862677426
8850,2024-01-29 17:00:00,1304.0368021362692
8851,2024-01-29 18:00:00,1499.3677842450074
8852,2024-01-29 19:00:00,1556.3101502761551
8853,2024-01-29 20:00:00,1437.8529383058217
8854,2024-01-29 21:00:00,1215.1337233001284
8855,2024-01-29 22:00:00,992.8956706069979
8856,2024-01-29 23:00:00,823.7386747842584
8857,2024-01-30 00:00:00,688.7712077886729
8858,2024-01-30 01:00:00,550.7973337607696
8859,2024-01-30 02:00:00,415.47351880014077
8860,2024-01-30 03:00:00,334.9190617294039
8861,2024-01-30 04:00:00,353.5919699067498
8862,2024-01-30 05:00:00,458.07819003618044
8863,2024-01-30 06:00:00,587.0645402191799
8864,2024-01-30 07:00:00,692.2000168137392
8865,2024-01-30 08:00:00,784.3795653342626
8866,2024-01-30 09:00:00,913.1960818251155
8867,2024-01-30 10:00:00,1097.8903790445552
8868,2024-01-30 11:00:00,1283.291310098256
8869,2024-01-30 12:00:00,1374.506505550032
8870,2024-01-30 13:00:00,1325.464871247104
8871,2024-01-30 14:00:00,1196.6615045580945
8872,2024-01-30 15:00:00,1119.1763999658397
8873,2024-01-30 16:00:00,1188.4819245967683
8874,2024-01-30 17:00:00,1380.5859189579812
8875,2024-01-30 18:00:00,1566.7481797950836
8876,2024-01-30 19:00:00,1614.796641946924
8877,2024-01-30 20:00:00,1487.8153181576195
8878,2024-01-30 21:00:00,1257.0278947421216
8879,2024-01-30 22:00:00,1027.2538971325844
8880,2024-01-30 23:00:00,851.1590836410828
8881,2024-01-31 00:00:00,709.9066994961822
8882,2024-01-31 01:00:00,566.3440544855955
8883,2024-01-31 02:00:00,426.1590565226797
8884,2024-01-31 03:00:00,341.4905291206916
8885,2024-01-31 04:00:00,356.80413649958473
8886,2024-01-31 05:00:00,458.68182397833516
8887,2024-01-31 06:00:00,585.7951154135342
8888,2024-01-31 07:00:00,689.766934935307
8889,2024-01-31 08:00:00,781.456033657431
8890,2024-01-31 09:00:00,910.4097778663222
8891,2024-01-31 10:00:00,1095.815021051302
8892,2024-01-31 11:00:00,1282.4392391737517
8893,2024-01-31 12:00:00,1375.3223705956889
8894,2024-01-31 13:00:00,1328.3204919350092
8895,2024-01-31 14:00:00,1201.8519712291911
8896,2024-01-31 15:00:00,1126.9174515051366
8897,2024-01-31 16:00:00,1198.9086279179153
8898,2024-01-31 17:00:00,1393.7526552245267
8899,2024-01-31 18:00:00,1582.629924805779
8900,2024-01-31 19:00:00,1633.2915098477704
8901,2024-01-31 20:00:00,1508.748320637923
8902,2024-01-31 21:00:00,1280.1558508922244
8903,2024-01-31 22:00:00,1052.2714135703025
8904,2024-01-31 23:00:00,877.7055097122479
8905,2024-02-01 00:00:00,737.5739491467593
8906,2024-02-01 01:00:00,594.6851743778016
8907,2024-02-01 02:00:00,454.6974100085065
8908,2024-02-01 03:00:00,369.72945703724133
8909,2024-02-01 04:00:00,384.23694923525125
8910,2024-02-01 05:00:00,484.8019747931468
8911,2024-02-01 06:00:00,610.106402284791
8912,2024-02-01 07:00:00,711.7935778218106
8913,2024-02-01 08:00:00,800.7524756407574
8914,2024-02-01 09:00:00,926.570062150341
8915,2024-02-01 10:00:00,1108.4816015844776
8916,2024-02-01 11:00:00,1291.3110901169555
8917,2024-02-01 12:00:00,1380.1622692977244
8918,2024-02-01 13:00:00,1328.9613611505952
8919,2024-02-01 14:00:00,1198.2021790085346
8920,2024-02-01 15:00:00,1118.9649813118824
8921,2024-02-01 16:00:00,1186.7240466878332
8922,2024-02-01 17:00:00,1377.490823568879
8923,2024-02-01 18:00:00,1562.530410577364
8924,2024-02-01 19:00:00,1609.677684086012
8925,2024-02-01 20:00:00,1482.0251328543177
8926,2024-02-01 21:00:00,1250.806299052257
8927,2024-02-01 22:00:00,1020.8517420170814
8928,2024-02-01 23:00:00,844.8391861225409
8929,2024-02-02 00:00:00,703.9444886491139
8930,2024-02-02 01:00:00,561.0278954779635
8931,2024-02-02 02:00:00,421.79022198988855
8932,2024-02-02 03:00:00,338.38279273511296
8933,2024-02-02 04:00:00,355.2829698419147
8934,2024-02-02 05:00:00,459.08318411890036
8935,2024-02-02 06:00:00,588.4638174944469
8936,2024-02-02 07:00:00,695.0546109398318
8937,2024-02-02 08:00:00,789.7186857304755
8938,2024-02-02 09:00:00,922.0049413954331
8939,2024-02-02 10:00:00,1111.098559983967
8940,2024-02-02 11:00:00,1301.761802485093
8941,2024-02-02 12:00:00,1399.025545500886
8942,2024-02-02 13:00:00,1356.7326955227397
8943,2024-02-02 14:00:00,1235.2841275602743
8944,2024-02-02 15:00:00,1165.65850659654
8945,2024-02-02 16:00:00,1243.220959049498
8946,2024-02-02 17:00:00,1443.8674350144925
8947,2024-02-02 18:00:00,1638.742503129632
8948,2024-02-02 19:00:00,1695.5568790898674
8949,2024-02-02 20:00:00,1577.2767306064698
8950,2024-02-02 21:00:00,1355.0086404482004
8951,2024-02-02 22:00:00,1133.4571251750422
8952,2024-02-02 23:00:00,965.1763518835669
8953,2024-02-03 00:00:00,510.904657555831
8954,2024-02-03 01:00:00,374.0243890252152
8955,2024-02-03 02:00:00,239.81150743759122
8956,2024-02-03 03:00:00,160.31900384103176
8957,2024-02-03 04:00:00,179.9357634295543
8958,2024-02-03 05:00:00,285.1768447268131
8959,2024-02-03 06:00:00,414.65749427938255
8960,2024-02-03 07:00:00,519.9555560198407
8961,2024-02-03 08:00:00,611.8963497006455
8962,2024-02-03 09:00:00,740.0057699287636
8963,2024-02-03 10:00:00,923.4613253817917
8964,2024-02-03 11:00:00,1107.0332961467507
8965,2024-02-03 12:00:00,1195.776451393483
8966,2024-02-03 13:00:00,1143.5734607417378
8967,2024-02-03 14:00:00,1010.8806449122429
8968,2024-02-03 15:00:00,928.747424470342
8969,2024-02-03 16:00:00,992.6244371491714
8970,2024-02-03 17:00:00,1178.5071693868476
8971,2024-02-03 18:00:00,1357.6528514709282
8972,2024-02-03 19:00:00,1397.8969267511195
8973,2024-02-03 20:00:00,1262.3411488607085
8974,2024-02-03 21:00:00,1022.23720221358
8975,2024-02-03 22:00:00,782.4427578894413
8976,2024-02-03 23:00:00,595.6716240536153
8977,2024-02-04 00:00:00,443.1446245380699
8978,2024-02-04 01:00:00,287.7756729580019
8979,2024-02-04 02:00:00,135.327679994091
8980,2024-02-04 03:00:00,38.02212883727441
8981,2024-02-04 04:00:00,40.414150924611135
8982,2024-02-04 05:00:00,129.18101969259033
8983,2024-02-04 06:00:00,243.09441523645364
8984,2024-02-04 07:00:00,333.8811394276096
8985,2024-02-04 08:00:00,412.50637569664593
8986,2024-02-04 09:00:00,528.6252639717997
8987,2024-02-04 10:00:00,701.5325281690702
8988,2024-02-04 11:00:00,876.1023508397652
8989,2024-02-04 12:00:00,957.478952057119
8990,2024-02-04 13:00:00,899.6190195127748
8991,2024-02-04 14:00:00,763.0366467267128
8992,2024-02-04 15:00:00,678.822147835846
8993,2024-02-04 16:00:00,742.4497268365184
8994,2024-02-04 17:00:00,929.9208521727717
8995,2024-02-04 18:00:00,1112.4810890742913
8996,2024-02-04 19:00:00,1157.9367005786964
8997,2024-02-04 20:00:00,1029.343069978816
8998,2024-02-04 21:00:00,797.888835544449
8999,2024-02-04 22:00:00,568.3526440228619
9000,2024-02-04 23:00:00,393.3541732202586
9001,2024-02-05 00:00:00,574.3240590547982
9002,2024-02-05 01:00:00,433.41911223467025
9003,2024-02-05 02:00:00,296.58762227372904
9004,2024-02-05 03:00:00,215.90833606271633
9005,2024-02-05 04:00:00,235.785100222579
9006,2024-02-05 05:00:00,342.7369968738424
9007,2024-02-05 06:00:00,475.3723181176769
9008,2024-02-05 07:00:00,585.2510388208823
9009,2024-02-05 08:00:00,683.1698612065774
9010,2024-02-05 09:00:00,818.6155811114401
9011,2024-02-05 10:00:00,1010.716492421212
9012,2024-02-05 11:00:00,1204.1840038214539
9013,2024-02-05 12:00:00,1304.0049046771858
9014,2024-02-05 13:00:00,1263.9854080670407
9015,2024-02-05 14:00:00,1144.497609151962
9016,2024-02-05 15:00:00,1076.4997104886934
9017,2024-02-05 16:00:00,1155.3449761544414
9018,2024-02-05 17:00:00,1356.926251622598
9019,2024-02-05 18:00:00,1552.3937892306994
9020,2024-02-05 19:00:00,1609.472679712066
9021,2024-02-05 20:00:00,1491.1519339224546
9022,2024-02-05 21:00:00,1268.5690993931657
9023,2024-02-05 22:00:00,1046.4673137970276
9024,2024-02-05 23:00:00,877.446443786776
9025,2024-02-06 00:00:00,742.6149331780803
9026,2024-02-06 01:00:00,604.7768177504133
9027,2024-02-06 02:00:00,469.58853503434585
9028,2024-02-06 03:00:00,389.1693550334726
9029,2024-02-06 04:00:00,407.9772560917245
9030,2024-02-06 05:00:00,512.5981556790973
9031,2024-02-06 06:00:00,641.7188424593387
9032,2024-02-06 07:00:00,746.988283120789
9033,2024-02-06 08:00:00,839.3013933374091
9034,2024-02-06 09:00:00,968.2510390865025
9035,2024-02-06 10:00:00,1153.0780028688978
9036,2024-02-06 11:00:00,1338.6111073261927
9037,2024-02-06 12:00:00,1429.9579524092437
9038,2024-02-06 13:00:00,1381.0474131062274
9039,2024-02-06 14:00:00,1252.3745557594907
9040,2024-02-06 15:00:00,1175.0193436671461
9041,2024-02-06 16:00:00,1244.45411256831
9042,2024-02-06 17:00:00,1436.6866714115463
9043,2024-02-06 18:00:00,1622.976785208326
9044,2024-02-06 19:00:00,1671.152356914913
9045,2024-02-06 20:00:00,1544.2973671978766
9046,2024-02-06 21:00:00,1313.6354701535092
9047,2024-02-06 22:00:00,1083.9861588439708
9048,2024-02-06 23:00:00,908.0151590068093
9049,2024-02-07 00:00:00,766.8856832135729
9050,2024-02-07 01:00:00,623.4450084021842
9051,2024-02-07 02:00:00,483.38100952067424
9052,2024-02-07 03:00:00,398.83247694521947
9053,2024-02-07 04:00:00,414.2650416449464
9054,2024-02-07 05:00:00,516.2606155498195
9055,2024-02-07 06:00:00,643.490689002971
9056,2024-02-07 07:00:00,747.5781524765797
9057,2024-02-07 08:00:00,839.3817233337986
9058,2024-02-07 09:00:00,968.4487339730719
9059,2024-02-07 10:00:00,1153.9660038869451
9060,2024-02-07 11:00:00,1340.7009749287993
9061,2024-02-07 12:00:00,1433.6935512557584
9062,2024-02-07 13:00:00,1386.7997751721339
9063,2024-02-07 14:00:00,1260.4379802910917
9064,2024-02-07 15:00:00,1185.608775150064
9065,2024-02-07 16:00:00,1257.7038203027842
9066,2024-02-07 17:00:00,1452.6502358235034
9067,2024-02-07 18:00:00,1641.628378324514
9068,2024-02-07 19:00:00,1692.3892861678205
9069,2024-02-07 20:00:00,1567.943834710979
9070,2024-02-07 21:00:00,1339.4474826921198
9071,2024-02-07 22:00:00,1111.65750802203
9072,2024-02-07 23:00:00,937.1843766300736
9073,2024-02-08 00:00:00,797.1438631765545
9074,2024-02-08 01:00:00,654.3443749386327
9075,2024-02-08 02:00:00,514.4441012676428
9076,2024-02-08 03:00:00,429.561807832389
9077,2024-02-08 04:00:00,444.15309305189743
9078,2024-02-08 05:00:00,544.8000097326906
9079,2024-02-08 06:00:00,670.1843910260206
9080,2024-02-08 07:00:00,771.9495475906413
9081,2024-02-08 08:00:00,860.984418202142
9082,2024-02-08 09:00:00,986.8759337727274
9083,2024-02-08 10:00:00,1168.8593230228166
9084,2024-02-08 11:00:00,1351.7585466290377
9085,2024-02-08 12:00:00,1440.6773106069504
9086,2024-02-08 13:00:00,1389.5418014649067
9087,2024-02-08 14:00:00,1258.8457970185991
9088,2024-02-08 15:00:00,1179.6695201998814
9089,2024-02-08 16:00:00,1247.4872141303777
9090,2024-02-08 17:00:00,1438.3102917654787
9091,2024-02-08 18:00:00,1623.4038162635773
9092,2024-02-08 19:00:00,1670.602628561734
9093,2024-02-08 20:00:00,1542.9991820175264
9094,2024-02-08 21:00:00,1311.8269834202931
9095,2024-02-08 22:00:00,1081.9165567894145
9096,2024-02-08 23:00:00,905.945591188204
9097,2024-02-09 00:00:00,603.9585258716146
9098,2024-02-09 01:00:00,461.0783371240803
9099,2024-02-09 02:00:00,321.8744223930487
9100,2024-02-09 03:00:00,238.49807115477893
9101,2024-02-09 04:00:00,255.42661053611243
9102,2024-02-09 05:00:00,359.2524364052541
9103,2024-02-09 06:00:00,488.6558958307773
9104,2024-02-09 07:00:00,595.2666950019548
9105,2024-02-09 08:00:00,689.9479204860605
9106,2024-02-09 09:00:00,822.2484372293441
9107,2024-02-09 10:00:00,1011.3533927300533
9108,2024-02-09 11:00:00,1202.025013581494
9109,2024-02-09 12:00:00,1299.2941420531695
9110,2024-02-09 13:00:00,1257.0036504327572
9111,2024-02-09 14:00:00,1135.5543796276922
9112,2024-02-09 15:00:00,1065.9249606386156
9113,2024-02-09 16:00:00,1143.4804860130766
9114,2024-02-09 17:00:00,1344.1168721098925
9115,2024-02-09 18:00:00,1538.9786539532965
9116,2024-02-09 19:00:00,1595.7765137611104
9117,2024-02-09 20:00:00,1477.4765859085799
9118,2024-02-09 21:00:00,1255.1854199614872
9119,2024-02-09 22:00:00,1033.607499442655
9120,2024-02-09 23:00:00,865.2969585334057
9121,2024-02-10 00:00:00,548.3111366179176
9122,2024-02-10 01:00:00,411.3942776832932
9123,2024-02-10 02:00:00,277.14134558888304
9124,2024-02-10 03:00:00,197.6052991351903
9125,2024-02-10 04:00:00,217.1749914505241
9126,2024-02-10 05:00:00,322.36544915909815
9127,2024-02-10 06:00:00,451.7918870994331
9128,2024-02-10 07:00:00,557.0321176810912
9129,2024-02-10 08:00:00,648.9114293227472
9130,2024-02-10 09:00:00,776.9556855036583
9131,2024-02-10 10:00:00,960.3423639530978
9132,2024-02-10 11:00:00,1143.8417140474444
9133,2024-02-10 12:00:00,1232.508474422279
9134,2024-02-10 13:00:00,1180.2252843978758
9135,2024-02-10 14:00:00,1047.4484346083873
9136,2024-02-10 15:00:00,965.2273157563957
9137,2024-02-10 16:00:00,1029.0125359309313
9138,2024-02-10 17:00:00,1214.799552155176
9139,2024-02-10 18:00:00,1393.8455655814041
9140,2024-02-10 19:00:00,1433.9859905902524
9141,2024-02-10 20:00:00,1298.3225521423487
9142,2024-02-10 21:00:00,1058.1069062116444
9143,2024-02-10 22:00:00,818.1966957002726
9144,2024-02-10 23:00:00,631.3057008258403
9145,2024-02-11 00:00:00,338.401971936166
9146,2024-02-11 01:00:00,182.90488690419306
9147,2024-02-11 02:00:00,30.324583439422554
9148,2024-02-11 03:00:00,-67.11748212500379
9149,2024-02-11 04:00:00,-64.86620493697376
9150,2024-02-11 05:00:00,23.755662153614367
9151,2024-02-11 06:00:00,137.51977320029164
9152,2024-02-11 07:00:00,228.1529043730152
9153,2024-02-11 08:00:00,306.62021365727037
9154,2024-02-11 09:00:00,422.576815853535
9155,2024-02-11 10:00:00,595.317410042978
9156,2024-02-11 11:00:00,769.7161542507059
9157,2024-02-11 12:00:00,850.917244336829
9158,2024-02-11 13:00:00,792.8773440823824
9159,2024-02-11 14:00:00,656.1105234315867
9160,2024-02-11 15:00:00,571.7070732545735
9161,2024-02-11 16:00:00,635.141174608058
9162,2024-02-11 17:00:00,822.4142733199162
9163,2024-02-11 18:00:00,1004.7719123578247
9164,2024-02-11 19:00:00,1050.020332801164
9165,2024-02-11 20:00:00,921.2148963539082
9166,2024-02-11 21:00:00,689.5442200258143
9167,2024-02-11 22:00:00,459.78692965690055
9168,2024-02-11 23:00:00,284.562682495417
9169,2024-02-12 00:00:00,144.0255967529274
9170,2024-02-12 01:00:00,2.885458301135486
9171,2024-02-12 02:00:00,-134.18596033748906
9172,2024-02-12 03:00:00,-215.10993138708625
9173,2024-02-12 04:00:00,-195.48262697451355
9174,2024-02-12 05:00:00,-88.78498334994106
9175,2024-02-12 06:00:00,43.59127357194143
9176,2024-02-12 07:00:00,153.20610105361607
9177,2024-02-12 08:00:00,250.85618406922254
9178,2024-02-12 09:00:00,386.0283015951429
9179,2024-02-12 10:00:00,577.8507310820914
9180,2024-02-12 11:00:00,771.0348651111054
9181,2024-02-12 12:00:00,870.5674773843554
9182,2024-02-12 13:00:00,830.2547656969942
9183,2024-02-12 14:00:00,710.4688103361227
9184,2024-02-12 15:00:00,642.1677993890805
9185,2024-02-12 16:00:00,720.7049828661246
9186,2024-02-12 17:00:00,921.9731925800963
9187,2024-02-12 18:00:00,1117.1226676453152
9188,2024-02-12 19:00:00,1173.8784859526104
9189,2024-02-12 20:00:00,1055.2296459668553
9190,2024-02-12 21:00:00,832.3136832329398
9191,2024-02-12 22:00:00,609.873723870055
9192,2024-02-12 23:00:00,440.50962340241557
9193,2024-02-13 00:00:00,790.6714059448308
9194,2024-02-13 01:00:00,652.4799150199926
9195,2024-02-13 02:00:00,516.9331693219304
9196,2024-02-13 03:00:00,436.1504294685002
9197,2024-02-13 04:00:00,454.589664855258
9198,2024-02-13 05:00:00,558.8367844545605
9199,2024-02-13 06:00:00,687.5785688532935
9200,2024-02-13 07:00:00,792.4639771504254
9201,2024-02-13 08:00:00,884.3879178485827
9202,2024-02-13 09:00:00,1012.943250225738
9203,2024-02-13 10:00:00,1197.3707505299274
9204,2024-02-13 11:00:00,1382.4992356106868
9205,2024-02-13 12:00:00,1473.4363000905932
9206,2024-02-13 13:00:00,1424.1108140801123
9207,2024-02-13 14:00:00,1295.0178395346752
9208,2024-02-13 15:00:00,1217.2373357860665
9209,2024-02-13 16:00:00,1286.241635126857
9210,2024-02-13 17:00:00,1478.0385434968316
9211,2024-02-13 18:00:00,1663.8878233702014
9212,2024-02-13 19:00:00,1711.6173756747692
9213,2024-02-13 20:00:00,1584.3111794800652
9214,2024-02-13 21:00:00,1353.1928877939147
9215,2024-02-13 22:00:00,1123.0819930435289
9216,2024-02-13 23:00:00,946.6442208452518
9217,2024-02-14 00:00:00,805.0427841089894
9218,2024-02-14 01:00:00,661.1249606015629
9219,2024-02-14 02:00:00,520.5786265809065
9220,2024-02-14 03:00:00,435.5425742420774
9221,2024-02-14 04:00:00,450.4824368337433
9222,2024-02-14 05:00:00,551.9801290661999
9223,2024-02-14 06:00:00,678.7071445652275
9224,2024-02-14 07:00:00,782.286377567876
9225,2024-02-14 08:00:00,873.5765496987473
9226,2024-02-14 09:00:00,1002.1249981075291
9227,2024-02-14 10:00:00,1187.1185475575253
9228,2024-02-14 11:00:00,1373.3246456365787
9229,2024-02-14 12:00:00,1465.7832027580707
9230,2024-02-14 13:00:00,1418.3502679781955
9231,2024-02-14 14:00:00,1291.4441821670293
9232,2024-02-14 15:00:00,1216.065561600097
9233,2024-02-14 16:00:00,1287.606075097285
9234,2024-02-14 17:00:00,1481.9928514945436
9235,2024-02-14 18:00:00,1670.4062566568539
9236,2024-02-14 19:00:00,1720.5973387167237
9237,2024-02-14 20:00:00,1595.576983305266
9238,2024-02-14 21:00:00,1366.5006599448184
9239,2024-02-14 22:00:00,1138.1256578161338
9240,2024-02-14 23:00:00,963.062454663702
9241,2024-02-15 00:00:00,822.4268374145968
9242,2024-02-15 01:00:00,679.0272261782513
9243,2024-02-15 02:00:00,538.5218236059723
9244,2024-02-15 03:00:00,453.02940920514123
9245,2024-02-15 04:00:00,467.00559571276034
9246,2024-02-15 05:00:00,567.0324507725038
9247,2024-02-15 06:00:00,691.7918228919225
9248,2024-02-15 07:00:00,792.9270385838079
9249,2024-02-15 08:00:00,881.3270529888819
9250,2024-02-15 09:00:00,1006.5788138869801
9251,2024-02-15 10:00:00,1187.9175673893283
9252,2024-02-15 11:00:00,1370.1672920680671
9253,2024-02-15 12:00:00,1458.4317123215637
9254,2024-02-15 13:00:00,1406.637033572633
9255,2024-02-15 14:00:00,1275.2770530572147
9256,2024-02-15 15:00:00,1195.4320136106478
9257,2024-02-15 16:00:00,1262.5761787952363
9258,2024-02-15 17:00:00,1452.7209825000875
9259,2024-02-15 18:00:00,1637.1315093142036
9260,2024-02-15 19:00:00,1683.6426221208083
9261,2024-02-15 20:00:00,1555.346796725502
9262,2024-02-15 21:00:00,1323.4775628766802
9263,2024-02-15 22:00:00,1092.8654680293878
9264,2024-02-15 23:00:00,916.1882252205862
9265,2024-02-16 00:00:00,774.6216809540438
9266,2024-02-16 01:00:00,631.0260708705732
9267,2024-02-16 02:00:00,491.10220066832795
9268,2024-02-16 03:00:00,407.0013857912785
9269,2024-02-16 04:00:00,423.20097980543665
9270,2024-02-16 05:00:00,526.2934055215989
9271,2024-02-16 06:00:00,654.9590374578079
9272,2024-02-16 07:00:00,760.8276097341361
9273,2024-02-16 08:00:00,854.7622373432191
9274,2024-02-16 09:00:00,986.3118141411755
9275,2024-02-16 10:00:00,1174.6615170471364
9276,2024-02-16 11:00:00,1364.5736025285926
9277,2024-02-16 12:00:00,1461.0789432450824
9278,2024-02-16 13:00:00,1418.0204423430453
9279,2024-02-16 14:00:00,1295.7989720784622
9280,2024-02-16 15:00:00,1225.3931952799142
9281,2024-02-16 16:00:00,1302.1682367949584
9282,2024-02-16 17:00:00,1502.0200457764454
9283,2024-02-16 18:00:00,1696.0931904922218
9284,2024-02-16 19:00:00,1752.0983869148804
9285,2024-02-16 20:00:00,1633.0018036050947
9286,2024-02-16 21:00:00,1409.9100248139016
9287,2024-02-16 22:00:00,1187.5275692057676
9288,2024-02-16 23:00:00,1018.4086065713849
9289,2024-02-17 00:00:00,563.2914772313495
9290,2024-02-17 01:00:00,425.5585319633278
9291,2024-02-17 02:00:00,290.4857365047708
9292,2024-02-17 03:00:00,210.1260870860258
9293,2024-02-17 04:00:00,228.86847474437036
9294,2024-02-17 05:00:00,333.2279644587212
9295,2024-02-17 06:00:00,461.81980987588395
9296,2024-02-17 07:00:00,566.2218626407926
9297,2024-02-17 08:00:00,657.2594508806343
9298,2024-02-17 09:00:00,784.4584782053191
9299,2024-02-17 10:00:00,966.9964629175831
9300,2024-02-17 11:00:00,1149.6436954023402
9301,2024-02-17 12:00:00,1237.4549557447433
9302,2024-02-17 13:00:00,1184.3129251404096
9303,2024-02-17 14:00:00,1050.6739365112355
9304,2024-02-17 15:00:00,967.5874233026015
9305,2024-02-17 16:00:00,1030.5040367451716
9306,2024-02-17 17:00:00,1215.4192774275919
9307,2024-02-17 18:00:00,1393.5903904782442
9308,2024-02-17 19:00:00,1432.852834687603
9309,2024-02-17 20:00:00,1296.3083798174596
9310,2024-02-17 21:00:00,1055.2087270217967
9311,2024-02-17 22:00:00,814.4115648507272
9312,2024-02-17 23:00:00,626.6307195236615
9313,2024-02-18 00:00:00,473.087033628031
9314,2024-02-18 01:00:00,316.6944401485009
9315,2024-02-18 02:00:00,163.21586985643341
9316,2024-02-18 03:00:00,64.87282663444353
9317,2024-02-18 04:00:00,66.22046329795648
9318,2024-02-18 06:00:00,266.7913655040892
9319,2024-02-18 07:00:00,356.51315905230103
9320,2024-02-18 08:00:00,434.066663426645
9321,2024-02-18 09:00:00,549.1070432331694
9322,2024-02-18 10:00:00,720.9290477248851
9323,2024-02-18 11:00:00,894.4068854533219
9324,2024-02-18 12:00:00,974.6848031637882
9325,2024-02-18 13:00:00,915.7195158681608
9326,2024-02-18 14:00:00,778.0251450688378
9327,2024-02-18 15:00:00,692.6920335643771
9328,2024-02-18 16:00:00,755.1944146544017
9329,2024-02-18 17:00:00,941.5337867460239
9330,2024-02-18 18:00:00,1122.9557457102242
9331,2024-02-18 19:00:00,1167.2665858738465
9332,2024-02-18 20:00:00,1037.521722477858
9333,2024-02-18 21:00:00,804.9098264042914
9334,2024-02-18 22:00:00,574.2095776711267
9335,2024-02-18 23:00:00,398.0406880117281
9336,2024-02-19 00:00:00,577.8338279176891
9337,2024-02-19 01:00:00,435.745843342884
9338,2024-02-19 02:00:00,297.72505970221005
9339,2024-02-19 03:00:00,215.8502604194557
9340,2024-02-19 04:00:00,234.52532932364693
9341,2024-02-19 05:00:00,340.269386388218
9342,2024-02-19 06:00:00,471.69076222604883
9343,2024-02-19 07:00:00,580.349470841744
9344,2024-02-19 08:00:00,677.0422542673322
9345,2024-02-19 09:00:00,811.2559487839003
9346,2024-02-19 10:00:00,1002.1188893902156
9347,2024-02-19 11:00:00,1194.3425264796363
9348,2024-02-19 12:00:00,1292.9136918100044
9349,2024-02-19 13:00:00,1251.6386414807375
9350,2024-02-19 14:00:00,1130.8895142995173
9351,2024-02-19 15:00:00,1061.6245571371628
9352,2024-02-19 16:00:00,1139.197078978017
9353,2024-02-19 17:00:00,1339.49997088354
9354,2024-02-19 18:00:00,1533.6835313707415
9355,2024-02-19 19:00:00,1589.4728979862152
9356,2024-02-19 20:00:00,1469.8571290515379
9357,2024-02-19 21:00:00,1245.9738201598598
9358,2024-02-19 22:00:00,1022.566157696162
9359,2024-02-19 23:00:00,852.2340576096558
9360,2024-02-20 00:00:00,716.0860136621384
9361,2024-02-20 01:00:00,576.9261121825277
9362,2024-02-20 02:00:00,440.4108418541504
9363,2024-02-20 03:00:00,358.65952445233427
9364,2024-02-20 04:00:00,376.1301907043337
9365,2024-02-20 05:00:00,479.40881106493083
9366,2024-02-20 06:00:00,607.1822277646895
9367,2024-02-20 07:00:00,711.0994616948242
9368,2024-02-20 08:00:00,802.055483292351
9369,2024-02-20 09:00:00,929.6432139166666
9370,2024-02-20 10:00:00,1113.103492014251
9371,2024-02-20 11:00:00,1297.2651967891397
9372,2024-02-20 12:00:00,1387.2359853113735
9373,2024-02-20 13:00:00,1336.944790276507
9374,2024-02-20 14:00:00,1206.8867363323036
9375,2024-02-20 15:00:00,1128.141845610419
9376,2024-02-20 16:00:00,1196.1825132956694
9377,2024-02-20 17:00:00,1387.0166083146262
9378,2024-02-20 18:00:00,1571.9039562636249
9379,2024-02-20 19:00:00,1618.6725212006768
9380,2024-02-20 20:00:00,1490.4063454611946
9381,2024-02-20 21:00:00,1258.3291453764296
9382,2024-02-20 22:00:00,1027.2604767502653
9383,2024-02-20 23:00:00,849.8661286600719
9384,2024-02-21 00:00:00,707.309377530457
9385,2024-02-21 01:00:00,562.437564689075
9386,2024-02-21 02:00:00,420.93862997831286
9387,2024-02-21 03:00:00,334.95142925699736
9388,2024-02-21 04:00:00,348.94165945163536
9389,2024-02-21 05:00:00,449.4912989750024
9390,2024-02-21 06:00:00,575.2719051845987
9391,2024-02-21 07:00:00,677.9064360646717
9392,2024-02-21 08:00:00,768.2536769952586
9393,2024-02-21 09:00:00,895.8610288967475
9394,2024-02-21 10:00:00,1079.915380281596
9395,2024-02-21 11:00:00,1265.1842425139243
9396,2024-02-21 12:00:00,1356.7075897376806
9397,2024-02-21 13:00:00,1308.341534743725
9398,2024-02-21 14:00:00,1180.5044821081565
9399,2024-02-21 15:00:00,1104.197111784959
9400,2024-02-21 16:00:00,1174.8111562302543
9401,2024-02-21 17:00:00,1368.2738078849866
9402,2024-02-21 18:00:00,1555.7654961669505
9403,2024-02-21 19:00:00,1605.0373327125053
9404,2024-02-21 20:00:00,1479.1002666019667
9405,2024-02-21 21:00:00,1249.1098307335467
9406,2024-02-21 22:00:00,1019.8233776132321
9407,2024-02-21 23:00:00,843.851448206845
9408,2024-02-22 00:00:00,702.3098926122577
9409,2024-02-22 01:00:00,558.0071940045857
9410,2024-02-22 02:00:00,416.60161801909203
9411,2024-02-22 03:00:00,330.21200702580154
9412,2024-02-22 04:00:00,343.29403656071713
9413,2024-02-22 05:00:00,442.4298369302081
9414,2024-02-22 06:00:00,566.301319174188
9415,2024-02-22 07:00:00,666.551872269233
9416,2024-02-22 08:00:00,754.0705136388649
9417,2024-02-22 09:00:00,878.4442532399651
9418,2024-02-22 10:00:00,1058.908399211922
9419,2024-02-22 11:00:00,1240.2869920319063
9420,2024-02-22 12:00:00,1327.6838178271873
9421,2024-02-22 13:00:00,1275.0251436031895
9422,2024-02-22 14:00:00,1142.8048280296846
9423,2024-02-22 15:00:00,1062.1031751973105
9424,2024-02-22 16:00:00,1128.3945097528774
9425,2024-02-22 17:00:00,1317.6903264866173
9426,2024-02-22 18:00:00,1501.2557707269896
9427,2024-02-22 19:00:00,1546.9257658750898
9428,2024-02-22 20:00:00,1417.7928480878834
9429,2024-02-22 21:00:00,1185.090607248703
9430,2024-02-22 22:00:00,953.6496507489338
9431,2024-02-22 23:00:00,776.1477513474172
9432,2024-02-23 00:00:00,633.7608150498038
9433,2024-02-23 01:00:00,489.349136786109
9434,2024-02-23 02:00:00,348.6135813011839
9435,2024-02-23 03:00:00,263.7055228625485
9436,2024-02-23 04:00:00,279.1023736179327
9437,2024-02-23 05:00:00,381.3966147212518
9438,2024-02-23 06:00:00,509.2686787601542
9439,2024-02-23 07:00:00,614.3483577054906
9440,2024-02-23 08:00:00,707.4988241085762
9441,2024-02-23 09:00:00,838.2690291345165
9442,2024-02-23 10:00:00,1025.8442067323529
9443,2024-02-23 11:00:00,1214.9866701176638
9444,2024-02-23 12:00:00,1310.727348447482
9445,2024-02-23 13:00:00,1266.9092010253262
9446,2024-02-23 14:00:00,1143.9331560156356
9447,2024-02-23 15:00:00,1072.7779318381208
9448,2024-02-23 16:00:00,1148.808708631197
9449,2024-02-23 17:00:00,1347.9214905231054
9450,2024-02-23 18:00:00,1541.2609004624405
9451,2024-02-23 19:00:00,1596.5377087636516
9452,2024-02-23 20:00:00,1476.7181380143975
9453,2024-02-23 21:00:00,1252.9088261606364
9454,2024-02-23 22:00:00,1029.8143452436127
9455,2024-02-23 23:00:00,859.9889180397793
9456,2024-02-24 00:00:00,404.17093758108444
9457,2024-02-24 01:00:00,265.7428069705376
9458,2024-02-24 02:00:00,129.9805439112887
9459,2024-02-24 03:00:00,48.93719625311371
9460,2024-02-24 04:00:00,67.00170628511944
9461,2024-02-24 05:00:00,170.689189874842
9462,2024-02-24 06:00:00,298.61495116245214
9463,2024-02-24 07:00:00,402.3568919413956
9464,2024-02-24 08:00:00,492.74039007592955
9465,2024-02-24 09:00:00,619.2913985390035
9466,2024-02-24 10:00:00,801.1874845977987
9467,2024-02-24 11:00:00,983.1989872064223
9468,2024-02-24 12:00:00,1070.3807346203182
9469,2024-02-24 13:00:00,1016.6154557886674
9470,2024-02-24 14:00:00,882.3595309918416
9471,2024-02-24 15:00:00,798.6624406062845
9472,2024-02-24 16:00:00,860.974882375619
9473,2024-02-24 17:00:00,1045.2924029711357
9474,2024-02-24 18:00:00,1222.8722931967432
9475,2024-02-24 19:00:00,1261.550057052317
9476,2024-02-24 20:00:00,1124.42750909984
9477,2024-02-24 21:00:00,882.75639483671
9478,2024-02-24 22:00:00,641.3944467158412
9479,2024-02-24 23:00:00,453.05553441674374
9480,2024-02-25 00:00:00,298.96054349121664
9481,2024-02-25 01:00:00,142.02344949565793
9482,2024-02-25 02:00:00,-11.992774746067084
9483,2024-02-25 03:00:00,-110.86658372221666
9484,2024-02-25 04:00:00,-110.0427835039809
9485,2024-02-25 05:00:00,-22.844037932241122
9486,2024-02-25 06:00:00,89.50139594683333
9487,2024-02-25 07:00:00,178.72038306380398
9488,2024-02-25 08:00:00,255.77817009437877
9489,2024-02-25 09:00:00,370.3299603529704
9490,2024-02-25 10:00:00,541.6705413417429
9491,2024-02-25 11:00:00,714.6741593297805
9492,2024-02-25 12:00:00,794.4850982983385
9493,2024-02-25 13:00:00,735.0601099878788
9494,2024-02-25 14:00:00,596.9133521248228
9495,2024-02-25 15:00:00,511.13520319969507
9496,2024-02-25 16:00:00,573.1999317153321
9497,2024-02-25 17:00:00,759.109070752777
9498,2024-02-25 18:00:00,940.1082503249347
9499,2024-02-25 19:00:00,984.0037983866564
9500,2024-02-25 20:00:00,853.8511632763614
9501,2024-02-25 21:00:00,620.839048446901
9502,2024-02-25 22:00:00,389.7461659300483
9503,2024-02-25 23:00:00,213.19225896616672
9504,2024-02-26 00:00:00,392.60802899127293
9505,2024-02-26 01:00:00,250.1503523644468
9506,2024-02-26 02:00:00,111.76758435378031
9507,2024-02-26 03:00:00,29.53853770822218
9508,2024-02-26 04:00:00,47.867124998909276
9509,2024-02-26 05:00:00,153.2724943982106
9510,2024-02-26 06:00:00,284.36300416737856
9511,2024-02-26 07:00:00,392.6986953893704
9512,2024-02-26 08:00:00,489.07633660849126
9513,2024-02-26 09:00:00,622.9827900601911
9514,2024-02-26 10:00:00,813.546416130435
9515,2024-02-26 11:00:00,1005.4786900079823
9516,2024-02-26 12:00:00,1103.7664676905188
9517,2024-02-26 13:00:00,1062.2160289417436
9518,2024-02-26 14:00:00,941.1995356522211
9519,2024-02-26 15:00:00,871.6752571782786
9520,2024-02-26 16:00:00,948.9965244322618
9521,2024-02-26 17:00:00,1149.0562498090567
9522,2024-02-26 18:00:00,1343.0047525602288
9523,2024-02-26 19:00:00,1398.5671903911216
9524,2024-02-26 20:00:00,1278.7326411825734
9525,2024-02-26 21:00:00,1054.638719508747
9526,2024-02-26 22:00:00,831.0286301104883
9527,2024-02-26 23:00:00,660.5023067311246
9528,2024-02-27 00:00:00,524.168260303036
9529,2024-02-27 01:00:00,384.83059373277524
9530,2024-02-27 02:00:00,248.14581167378037
9531,2024-02-27 03:00:00,166.23325128773502
9532,2024-02-27 04:00:00,183.55095805631152
9533,2024-02-27 05:00:00,286.6849165899408
9534,2024-02-27 06:00:00,414.32198267920205
9535,2024-02-27 07:00:00,518.1111901534625
9536,2024-02-27 08:00:00,608.9475217793422
9537,2024-02-27 09:00:00,736.4239106289616
9538,2024-02-27 10:00:00,919.7812062671234
9539,2024-02-27 11:00:00,1103.8482983724748
9540,2024-02-27 12:00:00,1193.732853894502
9541,2024-02-27 13:00:00,1143.3638147872928
9542,2024-02-27 14:00:00,1013.2363143444142
9543,2024-02-27 15:00:00,934.4303827021143
9544,2024-02-27 16:00:00,1002.4184224603267
9545,2024-02-27 17:00:00,1193.2083093273882
9546,2024-02-27 18:00:00,1378.0598750524614
9547,2024-02-27 19:00:00,1424.8010892349773
9548,2024-02-27 20:00:00,1296.5159991282687
9549,2024-02-27 21:00:00,1064.4283253637602
9550,2024-02-27 22:00:00,833.3576273991948
9551,2024-02-27 23:00:00,655.9696973777925
9552,2024-02-28 00:00:00,513.4278141419148
9553,2024-02-28 01:00:00,368.5793208015642
9554,2024-02-28 02:00:00,227.1121583921563
9555,2024-02-28 03:00:00,141.16518331452824
9556,2024-02-28 04:00:00,155.2040924166796
9557,2024-02-28 05:00:00,255.81086341961077
9558,2024-02-28 06:00:00,381.65705235123573
9559,2024-02-28 07:00:00,484.36561523254596
9560,2024-02-28 08:00:00,574.7953348821284
9561,2024-02-28 09:00:00,702.4936090146832
9562,2024-02-28 10:00:00,886.6473223162878
9563,2024-02-28 11:00:00,1072.023981699319
9564,2024-02-28 12:00:00,1163.6635562408098
9565,2024-02-28 13:00:00,1115.4221530348289
9566,2024-02-28 14:00:00,987.7181703247174
9567,2024-02-28 15:00:00,911.5522811370622
9568,2024-02-28 16:00:00,982.3162103578393
9569,2024-02-28 17:00:00,1175.9371422406766
9570,2024-02-28 18:00:00,1363.595497390881
9571,2024-02-28 19:00:00,1413.042378035166
9572,2024-02-28 20:00:00,1287.2887231927925
9573,2024-02-28 21:00:00,1057.4900551049914
9574,2024-02-28 22:00:00,828.4037149969613
9575,2024-02-28 23:00:00,652.640231938567
9576,2024-02-29 00:00:00,511.31544351032807
9577,2024-02-29 01:00:00,367.2378197590159
9578,2024-02-29 02:00:00,226.0656125960685
9579,2024-02-29 03:00:00,139.9176500228292
9580,2024-02-29 04:00:00,153.2495926200795
9581,2024-02-29 05:00:00,252.64355511275835
9582,2024-02-29 06:00:00,376.78143240113786
9583,2024-02-29 07:00:00,477.30659662841265
9584,2024-02-29 08:00:00,565.1080478552336
9585,2024-02-29 09:00:00,689.772778029929
9586,2024-02-29 10:00:00,870.5360767271696
9587,2024-02-29 11:00:00,1052.2219651983291
9588,2024-02-29 12:00:00,1139.934209793759
9589,2024-02-29 13:00:00,1087.599057140447
9590,2024-02-29 14:00:00,955.710344886728
9591,2024-02-29 15:00:00,875.3483555885748
9592,2024-02-29 16:00:00,941.9873917123136
9593,2024-02-29 17:00:00,1131.6389252926
9594,2024-02-29 18:00:00,1315.5680783108776
9595,2024-02-29 19:00:00,1361.6097502577218
9596,2024-02-29 20:00:00,1232.8564527684002
9597,2024-02-29 21:00:00,1000.5417506451232
9598,2024-02-29 22:00:00,769.4962256140469
9599,2024-02-29 23:00:00,592.3976241950929
9600,2024-03-01 00:00:00,170.6116058735637
9601,2024-03-01 01:00:00,26.61887759590752
9602,2024-03-01 02:00:00,-113.68994353123117
9603,2024-03-01 03:00:00,-198.16351177316847
9604,2024-03-01 04:00:00,-182.32444405656315
9605,2024-03-01 05:00:00,-79.58028886683337
9606,2024-03-01 06:00:00,48.74935619178257
9607,2024-03-01 07:00:00,154.29425232242966
9608,2024-03-01 08:00:00,247.91754078859458
9609,2024-03-01 09:00:00,379.16814089698346
9610,2024-03-01 10:00:00,567.2312541977317
9611,2024-03-01 11:00:00,756.8691609624041
9612,2024-03-01 12:00:00,853.1127568738209
9613,2024-03-01 13:00:00,809.8049672180136
9614,2024-03-01 14:00:00,687.3466856018717
9615,2024-03-01 15:00:00,616.7165953554271
9616,2024-03-01 16:00:00,693.2798410248305
9617,2024-03-01 17:00:00,892.9323905958057
9618,2024-03-01 18:00:00,1086.8188303564166
9619,2024-03-01 19:00:00,1142.6498934668239
9620,2024-03-01 20:00:00,1023.3917648159793
9621,2024-03-01 21:00:00,800.1510441532707
9622,2024-03-01 22:00:00,577.6322648248783
9623,2024-03-01 23:00:00,408.38961039846754
9624,2024-03-02 00:00:00,232.9716538999278
9625,2024-03-02 01:00:00,95.14031883646783
9626,2024-03-02 02:00:00,-40.01819810249458
9627,2024-03-02 03:00:00,-120.45089023261949
9628,2024-03-02 04:00:00,-101.76885693181987
9629,2024-03-02 05:00:00,2.5429755132084892
9630,2024-03-02 06:00:00,131.09986861993946
9631,2024-03-02 07:00:00,235.47968108311875
9632,2024-03-02 08:00:00,326.5077471960715
9633,2024-03-02 09:00:00,453.70997590748806
9634,2024-03-02 10:00:00,636.2638899752924
9635,2024-03-02 11:00:00,818.939783421643
9636,2024-03-02 12:00:00,906.7924390826452
9637,2024-03-02 13:00:00,853.7045400613036
9638,2024-03-02 14:00:00,720.1324203417129
9639,2024-03-02 15:00:00,637.1255135651782
9640,2024-03-02 16:00:00,700.1344702957334
9641,2024-03-02 17:00:00,885.1547896042264
9642,2024-03-02 18:00:00,1063.4437142606148
9643,2024-03-02 19:00:00,1102.8366998101235
9644,2024-03-02 20:00:00,966.43551194644
9645,2024-03-02 21:00:00,725.491846870977
9646,2024-03-02 22:00:00,484.8633873559739
9647,2024-03-02 23:00:00,297.26395295963823
9648,2024-03-03 00:00:00,143.91437874969154
9649,2024-03-03 01:00:00,-12.271410620484858
9650,2024-03-03 02:00:00,-165.5304936146756
9651,2024-03-03 03:00:00,-263.64137639581736
9652,2024-03-03 04:00:00,-262.0489170852426
9653,2024-03-03 05:00:00,-174.07583195926145
9654,2024-03-03 06:00:00,-60.95043086972305
9655,2024-03-03 07:00:00,29.0540979559363
9656,2024-03-03 08:00:00,106.90294764722785
9657,2024-03-03 09:00:00,222.25126763796914
9658,2024-03-03 10:00:00,394.3937911641955
9659,2024-03-03 11:00:00,568.2047099583447
9660,2024-03-03 12:00:00,648.8282530210511
9661,2024-03-03 13:00:00,590.22111684108
9662,2024-03-03 14:00:00,452.8974035447035
9663,2024-03-03 15:00:00,367.94743569582363
9664,2024-03-03 16:00:00,430.84542554046095
9665,2024-03-03 17:00:00,617.5928495967132
9666,2024-03-03 18:00:00,799.4352809959245
9667,2024-03-03 19:00:00,844.1789905073714
9668,2024-03-03 20:00:00,714.879368985763
9669,2024-03-03 21:00:00,482.72506209395567
9670,2024-03-03 22:00:00,252.4947238022928
9671,2024-03-03 23:00:00,76.80803897357077
9672,2024-03-04 00:00:00,257.09565041779933
9673,2024-03-04 01:00:00,115.51437557321321
9674,2024-03-04 02:00:00,-21.987489477346912
9675,2024-03-04 03:00:00,-103.33119143573538
9676,2024-03-04 04:00:00,-84.11287743247522
9677,2024-03-04 05:00:00,22.18654073707512
9678,2024-03-04 06:00:00,154.17536112791186
9679,2024-03-04 07:00:00,263.4135643704665
9680,2024-03-04 08:00:00,360.69785831668503
9681,2024-03-04 09:00:00,495.515044289341
9682,2024-03-04 10:00:00,686.9934215121689
9683,2024-03-04 11:00:00,879.8444038160299
9684,2024-03-04 12:00:00,979.0547856289029
9685,2024-03-04 13:00:00,938.4307848995662
9686,2024-03-04 14:00:00,818.3445015330294
9687,2024-03-04 15:00:00,749.7541426916607
9688,2024-03-04 16:00:00,828.0129768983254
9689,2024-03-04 17:00:00,1029.013853967423
9690,2024-03-04 18:00:00,1223.9070304117756
9691,2024-03-04 19:00:00,1280.4176009878977
9692,2024-03-04 20:00:00,1161.5345804801818
9693,2024-03-04 21:00:00,938.3955201978024
9694,2024-03-04 22:00:00,715.7435614563764
9695,2024-03-04 23:00:00,546.178574419994
9696,2024-03-05 00:00:00,410.80900629153575
9697,2024-03-05 01:00:00,272.43889611658074
9698,2024-03-05 02:00:00,136.72468453598913
9699,2024-03-05 03:00:00,55.7856445799971
9700,2024-03-05 04:00:00,74.07975747092155
9701,2024-03-05 05:00:00,178.19294344703496
9702,2024-03-05 06:00:00,306.8119937901771
9703,2024-03-05 07:00:00,411.5858777502913
9704,2024-03-05 08:00:00,503.4095133805351
9705,2024-03-05 09:00:00,631.8757689619148
9706,2024-03-05 10:00:00,816.2254291691875
9707,2024-03-05 11:00:00,1001.2873187091911
9708,2024-03-05 12:00:00,1092.1690394841175
9709,2024-03-05 13:00:00,1042.7994683164425
9710,2024-03-05 14:00:00,913.6736733185235
9711,2024-03-05 15:00:00,835.8716193722678
9712,2024-03-05 16:00:00,904.8656437681072
9713,2024-03-05 17:00:00,1096.6635568498864
9714,2024-03-05 18:00:00,1282.5251249797593
9715,2024-03-05 19:00:00,1330.2782522992434
9716,2024-03-05 20:00:00,1203.0069206103494
9717,2024-03-05 21:00:00,971.9347850057053
9718,2024-03-05 22:00:00,741.8813394579646
9719,2024-03-05 23:00:00,565.5123105609473
9720,2024-03-06 00:00:00,423.9909116066418
9721,2024-03-06 01:00:00,280.1644201610304
9722,2024-03-06 02:00:00,139.72071170198626
9723,2024-03-06 03:00:00,54.798577090909475
9724,2024-03-06 04:00:00,69.86364764689586
9725,2024-03-06 05:00:00,171.49783558661284
9726,2024-03-06 06:00:00,298.37263143603604
9727,2024-03-06 07:00:00,402.1109257736964
9728,2024-03-06 08:00:00,493.57143600191483
9729,2024-03-06 09:00:00,622.3014944466781
9730,2024-03-06 10:00:00,807.4879204651752
9731,2024-03-06 11:00:00,993.8981556907842
9732,2024-03-06 12:00:00,1086.5721039833174
9733,2024-03-06 13:00:00,1039.3658072741825
9734,2024-03-06 14:00:00,912.6975987278149
9735,2024-03-06 15:00:00,837.5680863571182
9736,2024-03-06 16:00:00,909.3689301160339
9737,2024-03-06 17:00:00,1104.0272494062579
9738,2024-03-06 18:00:00,1292.723400098151
9739,2024-03-06 19:00:00,1343.2084197429626
9740,2024-03-06 20:00:00,1218.4931828203432
9741,2024-03-06 21:00:00,989.7331471221438
9742,2024-03-06 22:00:00,761.6855895454851
9743,2024-03-06 23:00:00,586.9609749489676
9744,2024-03-07 00:00:00,446.6750768222271
9745,2024-03-07 01:00:00,303.6363012640322
9746,2024-03-07 02:00:00,163.5028363557467
9747,2024-03-07 03:00:00,78.39344642237745
9748,2024-03-07 04:00:00,92.76372851088263
9749,2024-03-07 05:00:00,193.1957339696986
9750,2024-03-07 06:00:00,318.37129445771916
9751,2024-03-07 07:00:00,419.9337190732963
9752,2024-03-07 08:00:00,508.7719449698911
9753,2024-03-07 09:00:00,634.4729013774995
9754,2024-03-07 10:00:00,816.271815323042
9755,2024-03-07 11:00:00,998.9926456952738
9756,2024-03-07 12:00:00,1087.739096670892
9757,2024-03-07 13:00:00,1036.4373528976485
9758,2024-03-07 14:00:00,905.5811902475809
9759,2024-03-07 15:00:00,826.2508296816884
9760,2024-03-07 16:00:00,893.9205123032825
9761,2024-03-07 17:00:00,1084.601649009451
9762,2024-03-07 18:00:00,1269.5593008177448
9763,2024-03-07 19:00:00,1316.6283065134166
9764,2024-03-07 20:00:00,1188.9011172468036
9765,2024-03-07 21:00:00,957.6112375755499
9766,2024-03-07 22:00:00,727.5891891934253
9767,2024-03-07 23:00:00,551.5126588684591
9768,2024-03-08 00:00:00,410.5574662560093
9769,2024-03-08 01:00:00,267.583819632394
9770,2024-03-08 02:00:00,128.2924967868861
9771,2024-03-08 03:00:00,44.834784719465574
9772,2024-03-08 04:00:00,61.68800800895178
9773,2024-03-08 05:00:00,165.44455995496446
9774,2024-03-08 06:00:00,294.78478502802363
9775,2024-03-08 07:00:00,401.3383867740105
9776,2024-03-08 08:00:00,495.96844908687706
9777,2024-03-08 09:00:00,628.2238341895543
9778,2024-03-08 10:00:00,817.2896868630868
9779,2024-03-08 11:00:00,1007.9282308770574
9780,2024-03-08 12:00:00,1105.1703057374211
9781,2024-03-08 13:00:00,1062.8587808568748
9782,2024-03-08 14:00:00,941.3944942854359
9783,2024-03-08 15:00:00,871.7560740916786
9784,2024-03-08 16:00:00,949.3086099073134
9785,2024-03-08 17:00:00,1149.9480151052894
9786,2024-03-08 18:00:00,1344.8188217344425
9787,2024-03-08 19:00:00,1401.6317089764257
9788,2024-03-08 20:00:00,1283.3528081329232
9789,2024-03-08 21:00:00,1061.0886657141778
9790,2024-03-08 22:00:00,839.5437620910212
9791,2024-03-08 23:00:00,671.272228323888
9792,2024-03-09 00:00:00,217.0123655051333
9793,2024-03-09 01:00:00,80.14648468497194
9794,2024-03-09 02:00:00,-54.04948864832818
9795,2024-03-09 03:00:00,-133.5225989236618
9796,2024-03-09 04:00:00,-113.88399629530477
9797,2024-03-09 05:00:00,-8.618657441247478
9798,2024-03-09 06:00:00,120.88862914964966
9799,2024-03-09 07:00:00,226.21567253525313
9800,2024-03-09 08:00:00,318.1877577571372
9801,2024-03-09 09:00:00,446.33074489239664
9802,2024-03-09 10:00:00,629.8221082415776
9803,2024-03-09 11:00:00,813.4320937275788
9804,2024-03-09 12:00:00,902.2154365090275
9805,2024-03-09 13:00:00,850.0547724061078
9806,2024-03-09 14:00:00,717.4063885288379
9807,2024-03-09 15:00:00,635.3196720299671
9808,2024-03-09 16:00:00,699.2452274227417
9809,2024-03-09 17:00:00,885.1785081306
9810,2024-03-09 18:00:00,1064.376711680722
9811,2024-03-09 19:00:00,1104.6752488082932
9812,2024-03-09 20:00:00,969.1758408162527
9813,2024-03-09 21:00:00,729.1301399491135
9814,2024-03-09 22:00:00,489.3957854244379
9815,2024-03-09 23:00:00,302.6865537118607
9816,2024-03-10 00:00:00,150.22323720225427
9817,2024-03-10 01:00:00,-5.080281685999694
9818,2024-03-10 02:00:00,-157.46112320463294
9819,2024-03-10 03:00:00,-254.6978348878298
9820,2024-03-10 04:00:00,-252.2353157404781
9821,2024-03-10 06:00:00,-49.40920505673171
9822,2024-03-10 07:00:00,41.452808842401964
9823,2024-03-10 08:00:00,120.15487321293597
9824,2024-03-10 09:00:00,236.35209884452627
9825,2024-03-10 10:00:00,409.33918078938177
9826,2024-03-10 11:00:00,583.9902730572954
9827,2024-03-10 12:00:00,665.4495673974009
9828,2024-03-10 13:00:00,607.6737235124388
9829,2024-03-10 14:00:00,471.1768071869619
9830,2024-03-10 15:00:00,387.04910515759343
9831,2024-03-10 16:00:00,450.7647942842482
9832,2024-03-10 17:00:00,638.3253161810119
9833,2024-03-10 18:00:00,820.9762095477191
9834,2024-03-10 19:00:00,866.5237112221118
9835,2024-03-10 20:00:00,738.0231785773291
9836,2024-03-10 21:00:00,506.66322429790466
9837,2024-03-10 22:00:00,277.2224698538864
9838,2024-03-10 23:00:00,102.32056809396727
9839,2024-03-11 00:00:00,283.38813029517667
9840,2024-03-11 01:00:00,142.5819428547901
9841,2024-03-11 02:00:00,5.850271322511162
9842,2024-03-11 03:00:00,-74.72816107812957
9843,2024-03-11 04:00:00,-54.749531035505015
9844,2024-03-11 05:00:00,52.30522058611837
9845,2024-03-11 06:00:00,185.04436327243536
9846,2024-03-11 07:00:00,295.0278495626859
9847,2024-03-11 08:00:00,393.0523597441942
9848,2024-03-11 09:00:00,528.604668054885
9849,2024-03-11 10:00:00,720.8130471384151
9850,2024-03-11 11:00:00,914.3888847450864
9851,2024-03-11 12:00:00,1014.3189497351835
9852,2024-03-11 13:00:00,974.4094349839056
9853,2024-03-11 14:00:00,855.0324158152312
9854,2024-03-11 15:00:00,787.1460753452145
9855,2024-03-11 16:00:00,866.1036585316722
9856,2024-03-11 17:00:00,1067.7979921365668
9857,2024-03-11 18:00:00,1263.379310113522
9858,2024-03-11 19:00:00,1320.5726852250382
9859,2024-03-11 20:00:00,1202.3671106850368
9860,2024-03-11 21:00:00,979.9001167975042
9861,2024-03-11 22:00:00,757.9148243797695
9862,2024-03-11 23:00:00,589.0110835576199
9863,2024-03-12 00:00:00,454.297322073603
9864,2024-03-12 01:00:00,316.57755997756476
9865,2024-03-12 02:00:00,181.50821945279642
9866,2024-03-12 03:00:00,101.20855555144738
9867,2024-03-12 04:00:00,120.13653205031267
9868,2024-03-12 05:00:00,224.87805224726424
9869,2024-03-12 06:00:00,354.1198909991916
9870,2024-03-12 07:00:00,459.5110016199641
9871,2024-03-12 08:00:00,551.9462867689588
9872,2024-03-12 09:00:00,681.0185998217098
9873,2024-03-12 10:00:00,865.9687110625014
9874,2024-03-12 11:00:00,1051.6254313156971
9875,2024-03-12 12:00:00,1143.0963491194423
9876,2024-03-12 13:00:00,1094.3103284361173
9877,2024-03-12 14:00:00,965.7624250097779
9878,2024-03-12 15:00:00,888.5325918942762
9879,2024-03-12 16:00:00,958.0931550360808
9880,2024-03-12 17:00:00,1150.4519139473998
9881,2024-03-12 18:00:00,1336.8686246599902
9882,2024-03-12 19:00:00,1385.1711815120414
9883,2024-03-12 20:00:00,1258.4435569776874
9884,2024-03-12 21:00:00,1027.9093973459171
9885,2024-03-12 22:00:00,798.3881882830756
9886,2024-03-12 23:00:00,622.5456485874059
9887,2024-03-13 00:00:00,481.5449842209862
9888,2024-03-13 01:00:00,338.2334659679527
9889,2024-03-13 02:00:00,198.29896301078873
9890,2024-03-13 03:00:00,113.88026039140641
9891,2024-03-13 04:00:00,129.44298412246883
9892,2024-03-13 05:00:00,231.56904161431282
9893,2024-03-13 06:00:00,358.9299190749599
9894,2024-03-13 07:00:00,463.14850325954797
9895,2024-03-13 08:00:00,555.0835082356102
9896,2024-03-13 09:00:00,684.2822634973277
9897,2024-03-13 10:00:00,869.9315860346309
9898,2024-03-13 11:00:00,1056.7989156369592
9899,2024-03-13 12:00:00,1149.9241547706713
9900,2024-03-13 13:00:00,1103.1633444807107
9901,2024-03-13 14:00:00,976.9348175223859
9902,2024-03-13 15:00:00,902.2391819816906
9903,2024-03-13 16:00:00,974.4680983583488
9904,2024-03-13 17:00:00,1169.548687086413
9905,2024-03-13 18:00:00,1358.6613055383527
9906,2024-03-13 19:00:00,1409.556993244908
9907,2024-03-13 20:00:00,1285.2466271406247
9908,2024-03-13 21:00:00,1056.8856679317917
9909,2024-03-13 22:00:00,829.2313959181786
9910,2024-03-13 23:00:00,654.8942797959564
9911,2024-03-14 00:00:00,514.990097390006
9912,2024-03-14 01:00:00,372.32725957485286
9913,2024-03-14 02:00:00,232.56395967335038
9914,2024-03-14 03:00:00,147.81896770807066
9915,2024-03-14 04:00:00,162.54788688632868
9916,2024-03-14 05:00:00,263.33277515885607
9917,2024-03-14 06:00:00,388.8554712448122
9918,2024-03-14 07:00:00,490.75929174891024
9919,2024-03-14 08:00:00,579.9331817675127
9920,2024-03-14 09:00:00,705.9640789517193
9921,2024-03-14 10:00:00,888.0872191324352
9922,2024-03-14 11:00:00,1071.1265704963316
9923,2024-03-14 12:00:00,1160.185846915226
9924,2024-03-14 13:00:00,1109.1912431857386
9925,2024-03-14 14:00:00,978.636545753946
9926,2024-03-14 15:00:00,899.6019865828396
9927,2024-03-14 16:00:00,967.5618181942666
9928,2024-03-14 17:00:00,1158.527463337463
9929,2024-03-14 18:00:00,1343.7639952936065
9930,2024-03-14 19:00:00,1391.1062655324363
9931,2024-03-14 20:00:00,1263.6467382984258
9932,2024-03-14 21:00:00,1032.6189316526281
9933,2024-03-14 22:00:00,802.8533812162668
9934,2024-03-14 23:00:00,627.0277880538974
9935,2024-03-15 00:00:00,486.31798655668536
9936,2024-03-15 01:00:00,343.5842001117587
9937,2024-03-15 02:00:00,204.52722202014877
9938,2024-03-15 03:00:00,121.2983551845665
9939,2024-03-15 04:00:00,138.37494048142582
9940,2024-03-15 05:00:00,242.3493878836706
9941,2024-03-15 06:00:00,371.90205892451957
9942,2024-03-15 07:00:00,478.66267458853247
9943,2024-03-15 08:00:00,573.494336581563
9944,2024-03-15 09:00:00,705.9459253193661
9945,2024-03-15 10:00:00,895.2026041247063
9946,2024-03-15 11:00:00,1086.0266157058409
9947,2024-03-15 12:00:00,1183.4488188354803
9948,2024-03-15 13:00:00,1141.3121025731432
9949,2024-03-15 14:00:00,1020.0173249647768
9950,2024-03-15 15:00:00,950.5431344270294
9951,2024-03-15 16:00:00,1028.254641280089
9952,2024-03-15 17:00:00,1229.0477799384669
9953,2024-03-15 18:00:00,1424.067103827281
9954,2024-03-15 19:00:00,1481.023313843371
9955,2024-03-15 20:00:00,1362.8825633485424
9956,2024-03-15 21:00:00,1140.7514211982443
9957,2024-03-15 22:00:00,919.3343905048464
9958,2024-03-15 23:00:00,751.1856253272181
9959,2024-03-16 00:00:00,297.04345012094586
9960,2024-03-16 01:00:00,160.2901995676367
9961,2024-03-16 02:00:00,26.20182314241606
9962,2024-03-16 03:00:00,-53.16869931707663
9963,2024-03-16 04:00:00,-33.43249339184365
9964,2024-03-16 05:00:00,71.92548913015992
9965,2024-03-16 06:00:00,201.52048490392679
9966,2024-03-16 07:00:00,306.9303284681231
9967,2024-03-16 08:00:00,398.9803306006253
9968,2024-03-16 09:00:00,527.1963774119579
9969,2024-03-16 10:00:00,710.7559695083628
9970,2024-03-16 11:00:00,894.4293793951102
9971,2024-03-16 12:00:00,983.2713690875155
9972,2024-03-16 13:00:00,931.1646015183392
9973,2024-03-16 14:00:00,798.5653911890172
9974,2024-03-16 15:00:00,716.5231528890481
9975,2024-03-16 16:00:00,780.4885190259921
9976,2024-03-16 17:00:00,966.4569711604026
9977,2024-03-16 18:00:00,1145.6857352269499
9978,2024-03-16 19:00:00,1186.0102505745315
9979,2024-03-16 20:00:00,1050.5322673867324
9980,2024-03-16 21:00:00,810.5034670070136
9981,2024-03-16 22:00:00,570.7815179865297
9982,2024-03-16 23:00:00,384.0802263512627
9983,2024-03-17 00:00:00,231.62041426619817
9984,2024-03-17 01:00:00,76.3159941488019
9985,2024-03-17 02:00:00,-76.07012405357045
9986,2024-03-17 03:00:00,-173.31645746053675
9987,2024-03-17 04:00:00,-170.86787445981838
9988,2024-03-17 05:00:00,-82.04710098471742
9989,2024-03-17 06:00:00,31.917544120087882
9990,2024-03-17 07:00:00,122.7528642755401
9991,2024-03-17 08:00:00,201.4240448890098
9992,2024-03-17 09:00:00,317.5862283147834
9993,2024-03-17 10:00:00,490.53414137811535
9994,2024-03-17 11:00:00,665.1419699776907
9995,2024-03-17 12:00:00,746.5539379637918
9996,2024-03-17 13:00:00,688.7267372842579
9997,2024-03-17 14:00:00,552.1744661432554
9998,2024-03-17 15:00:00,467.9874438440729
9999,2024-03-17 16:00:00,531.639879963853
10000,2024-03-17 17:00:00,719.1332489757601
10001,2024-03-17 18:00:00,901.7131226035516
10002,2024-03-17 19:00:00,947.1857708126759
10003,2024-03-17 20:00:00,818.6065842679661
10004,2024-03-17 21:00:00,587.1642090583011
10005,2024-03-17 22:00:00,357.63730018956096
10006,2024-03-17 23:00:00,182.6455441643808
10007,2024-03-18 00:00:00,363.61958602557866
10008,2024-03-18 01:00:00,222.71624606068133
10009,2024-03-18 02:00:00,85.883823799178
10010,2024-03-18 03:00:00,5.201076559589069
10011,2024-03-18 04:00:00,25.071861843815782
10012,2024-03-18 05:00:00,132.0152730771897
10013,2024-03-18 06:00:00,264.63961410428
10014,2024-03-18 07:00:00,374.50487194030757
10015,2024-03-18 08:00:00,472.40776140275796
10016,2024-03-18 09:00:00,607.8350913493393
10017,2024-03-18 10:00:00,799.9151691103499
10018,2024-03-18 11:00:00,993.3594171922786
10019,2024-03-18 12:00:00,1093.1546392769221
10020,2024-03-18 13:00:00,1053.1070631131247
10021,2024-03-18 14:00:00,933.5887989733185
10022,2024-03-18 15:00:00,865.5580649312444
10023,2024-03-18 16:00:00,944.368140997261
10024,2024-03-18 17:00:00,1145.9118889957203
10025,2024-03-18 18:00:00,1341.3395779882158
10026,2024-03-18 19:00:00,1398.3763158774827
10027,2024-03-18 20:00:00,1280.0111310544964
10028,2024-03-18 21:00:00,1057.3815890280343
10029,2024-03-18 22:00:00,835.230845789411
10030,2024-03-18 23:00:00,666.1587867400432
10031,2024-03-19 00:00:00,531.2738748486126
10032,2024-03-19 01:00:00,393.3801654218297
10033,2024-03-19 02:00:00,258.1341158724716
10034,2024-03-19 03:00:00,177.65501653975548
10035,2024-03-19 04:00:00,196.40086642982692
10036,2024-03-19 05:00:00,300.9576040754812
10037,2024-03-19 06:00:00,430.0120395680161
10038,2024-03-19 07:00:00,535.2131614254563
10039,2024-03-19 08:00:00,627.4559074919714
10040,2024-03-19 09:00:00,756.3331662978585
10041,2024-03-19 10:00:00,941.0857432717584
10042,2024-03-19 11:00:00,1126.5424843184214
10043,2024-03-19 12:00:00,1217.811013037497
10044,2024-03-19 13:00:00,1168.8202284088097
10045,2024-03-19 14:00:00,1040.0652211518418
10046,2024-03-19 15:00:00,962.6259792229575
10047,2024-03-19 16:00:00,1031.974863446852
10048,2024-03-19 17:00:00,1224.119708142786
10049,2024-03-19 18:00:00,1410.3203040798853
10050,2024-03-19 19:00:00,1458.4045802773956
10051,2024-03-19 20:00:00,1331.4565438193367
10052,2024-03-19 21:00:00,1100.699875536363
10053,2024-03-19 22:00:00,870.9540955353973
10054,2024-03-19 23:00:00,694.884957007685
10055,2024-03-20 00:00:00,553.6557001994025
10056,2024-03-20 01:00:00,410.1136300959522
10057,2024-03-20 02:00:00,269.9466499886578
10058,2024-03-20 03:00:00,185.2935789311074
10059,2024-03-20 04:00:00,200.6200768518719
10060,2024-03-20 05:00:00,302.50808496186596
10061,2024-03-20 06:00:00,429.6291231723442
10062,2024-03-20 07:00:00,533.6061118414425
10063,2024-03-20 08:00:00,625.297798494784
10064,2024-03-20 09:00:00,754.2515459811823
10065,2024-03-20 10:00:00,939.654204535518
10066,2024-03-20 11:00:00,1126.2732470581293
10067,2024-03-20 12:00:00,1219.148608980875
10068,2024-03-20 13:00:00,1172.1363642036674
10069,2024-03-20 14:00:00,1045.6548781991057
10070,2024-03-20 15:00:00,970.7047916103766
10071,2024-03-20 16:00:00,1042.6777973774551
10072,2024-03-20 17:00:00,1237.5010482207479
10073,2024-03-20 18:00:00,1426.3549336369683
10074,2024-03-20 19:00:00,1476.990525141691
10075,2024-03-20 20:00:00,1352.4187314953742
10076,2024-03-20 21:00:00,1123.7950450779022
10077,2024-03-20 22:00:00,895.8767776770271
10078,2024-03-20 23:00:00,721.2744293436385
10079,2024-03-21 00:00:00,581.1038090661955
10080,2024-03-21 01:00:00,438.1733587173238
10081,2024-03-21 02:00:00,298.1413024380661
10082,2024-03-21 03:00:00,213.12644091313769
10083,2024-03-21 04:00:00,227.5844078021221
10084,2024-03-21 05:00:00,328.0972913351702
10085,2024-03-21 06:00:00,453.34696033442174
10086,2024-03-21 07:00:00,554.9767613077007
10087,2024-03-21 08:00:00,643.8756690642425
10088,2024-03-21 09:00:00,769.6306507666654
10089,2024-03-21 10:00:00,951.4769715817004
10090,2024-03-21 11:00:00,1134.2386287898087
10091,2024-03-21 12:00:00,1223.0193652109563
10092,2024-03-21 13:00:00,1171.7454043260377
10093,2024-03-21 14:00:00,1040.9105610915763
10094,2024-03-21 15:00:00,961.5950957619237
10095,2024-03-21 16:00:00,1029.273288927479
10096,2024-03-21 17:00:00,1219.9565912071134
10097,2024-03-21 18:00:00,1404.9101035078918
10098,2024-03-21 19:00:00,1451.968704736417
10099,2024-03-21 20:00:00,1324.2248863187083
10100,2024-03-21 21:00:00,1092.912193290999
10101,2024-03-21 22:00:00,862.8611880287282
10102,2024-03-21 23:00:00,686.7495980697921
10103,2024-03-22 00:00:00,545.7532841137393
10104,2024-03-22 01:00:00,402.73249557727877
10105,2024-03-22 02:00:00,263.38805157930074
10106,2024-03-22 03:00:00,179.87128057260009
10107,2024-03-22 04:00:00,196.65954876215096
10108,2024-03-22 05:00:00,300.3452912016187
10109,2024-03-22 06:00:00,429.60889426325866
10110,2024-03-22 07:00:00,536.0801035024924
10111,2024-03-22 08:00:00,630.6220449778446
10112,2024-03-22 09:00:00,762.7836231844628
10113,2024-03-22 10:00:00,951.750025276702
10114,2024-03-22 11:00:00,1142.2835175375626
10115,2024-03-22 12:00:00,1239.4149820660987
10116,2024-03-22 13:00:00,1196.9873309840325
10117,2024-03-22 14:00:00,1075.4014451250855
10118,2024-03-22 15:00:00,1005.635995461536
10119,2024-03-22 16:00:00,1083.056114582838
10120,2024-03-22 17:00:00,1283.557758913306
10121,2024-03-22 18:00:00,1478.2855036157189
10122,2024-03-22 19:00:00,1534.9500710798357
10123,2024-03-22 20:00:00,1416.5176358587112
10124,2024-03-22 21:00:00,1194.0947877491967
10125,2024-03-22 22:00:00,972.3860505278432
10126,2024-03-22 23:00:00,803.9455986444394
10127,2024-03-23 00:00:00,349.5117766644886
10128,2024-03-23 01:00:00,212.46693910672104
10129,2024-03-23 02:00:00,78.0870550244291
10130,2024-03-23 03:00:00,-1.5748764780955753
10131,2024-03-23 04:00:00,17.870038025442568
10132,2024-03-23 05:00:00,122.93686547509776
10133,2024-03-23 06:00:00,252.24086097220277
10134,2024-03-23 07:00:00,357.3598771944886
10135,2024-03-23 08:00:00,449.1192428297285
10136,2024-03-23 09:00:00,577.0448615569768
10137,2024-03-23 10:00:00,760.3142512955106
10138,2024-03-23 11:00:00,943.6977015710161
10139,2024-03-23 12:00:00,1032.2499911392035
10140,2024-03-23 13:00:00,979.8537993826071
10141,2024-03-23 14:00:00,846.9654569484343
10142,2024-03-23 15:00:00,764.6343945158332
10143,2024-03-23 16:00:00,828.3112600683418
10144,2024-03-23 17:00:00,1013.9915504589717
10145,2024-03-23 18:00:00,1192.9325066199056
10146,2024-03-23 19:00:00,1232.9695826284785
10147,2024-03-23 20:00:00,1097.2045430763
10148,2024-03-23 21:00:00,856.8890834438281
10149,2024-03-23 22:00:00,616.8808861222269
10150,2024-03-23 23:00:00,429.8937706869731
10151,2024-03-24 00:00:00,277.1485725518269
10152,2024-03-24 01:00:00,121.55921709930169
10153,2024-03-24 02:00:00,-31.111373039234536
10154,2024-03-24 03:00:00,-128.64170261895083
10155,2024-03-24 04:00:00,-126.47662793519578
10156,2024-03-24 05:00:00,-37.93886312621464
10157,2024-03-24 06:00:00,75.74328447142739
10158,2024-03-24 07:00:00,166.29662947237273
10159,2024-03-24 08:00:00,244.68636821334803
10160,2024-03-24 09:00:00,360.56765368458946
10161,2024-03-24 10:00:00,533.2352230280762
10162,2024-03-24 11:00:00,707.5632721907464
10163,2024-03-24 12:00:00,788.6960347771214
10164,2024-03-24 13:00:00,730.5902122009024
10165,2024-03-24 14:00:00,593.7599118218284
10166,2024-03-24 15:00:00,509.29546184272795
10167,2024-03-24 16:00:00,572.6710804116578
10168,2024-03-24 17:00:00,759.8882503332363
10169,2024-03-24 18:00:00,942.192551317792
10170,2024-03-24 19:00:00,987.3902610655588
10171,2024-03-24 20:00:00,858.5367776840548
10172,2024-03-24 21:00:00,626.8207544068755
10173,2024-03-24 22:00:00,397.02085312011286
10174,2024-03-24 23:00:00,221.75676688964802
10175,2024-03-25 00:00:00,402.45914707077645
10176,2024-03-25 01:00:00,261.2848199588708
10177,2024-03-25 02:00:00,124.18209081484633
10178,2024-03-25 03:00:00,43.22972240498382
10179,2024-03-25 04:00:00,62.831577407208215
10180,2024-03-25 05:00:00,169.50675413084355
10181,2024-03-25 06:00:00,301.863561033373
10182,2024-03-25 07:00:00,411.4619894641463
10183,2024-03-25 08:00:00,509.0987582943799
10184,2024-03-25 09:00:00,644.2606801724938
10185,2024-03-25 10:00:00,836.076065921234
10186,2024-03-25 11:00:00,1029.256341301949
10187,2024-03-25 12:00:00,1128.788312944013
10188,2024-03-25 13:00:00,1088.4782112963048
10189,2024-03-25 14:00:00,968.6981490566269
10190,2024-03-25 15:00:00,900.4063464579007
10191,2024-03-25 16:00:00,978.9560853962009
10192,2024-03-25 17:00:00,1180.2402293118685
10193,2024-03-25 18:00:00,1375.409048669635
10194,2024-03-25 19:00:00,1432.1876524334257
10195,2024-03-25 20:00:00,1313.5650698542245
10196,2024-03-25 21:00:00,1090.6788670163457
10197,2024-03-25 22:00:00,868.2722002522974
10198,2024-03-25 23:00:00,698.9449550171059
10199,2024-03-26 00:00:00,563.805594113077
10200,2024-03-26 01:00:00,425.65817240842557
10201,2024-03-26 02:00:00,290.15914663318813
10202,2024-03-26 03:00:00,209.42780619465645
10203,2024-03-26 04:00:00,227.92214892121854
10204,2024-03-26 05:00:00,332.228111939109
10205,2024-03-26 06:00:00,461.0325036602736
10206,2024-03-26 07:00:00,565.9843107053314
10207,2024-03-26 08:00:00,657.9784687745619
10208,2024-03-26 09:00:00,786.6078640254808
10209,2024-03-26 10:00:00,971.1132992622096
10210,2024-03-26 11:00:00,1156.3236175613295
10211,2024-03-26 12:00:00,1247.3464394343082
10212,2024-03-26 13:00:00,1198.1106605636787
10213,2024-03-26 14:00:00,1069.1113681414056
10214,2024-03-26 15:00:00,991.4285463737847
10215,2024-03-26 16:00:00,1060.5345521049542
10216,2024-03-26 17:00:00,1252.4372154668583
10217,2024-03-26 18:00:00,1438.396322816487
10218,2024-03-26 19:00:00,1486.239798549599
10219,2024-03-26 20:00:00,1359.0516449183738
10220,2024-03-26 21:00:00,1128.0555376995137
10221,2024-03-26 22:00:00,898.0709917617686
10222,2024-03-26 23:00:00,721.7637548190241
10223,2024-03-27 00:00:00,580.2970614725022
10224,2024-03-27 01:00:00,436.5182108413327
10225,2024-03-27 02:00:00,296.11510015897863
10226,2024-03-27 03:00:00,211.22654222460767
10227,2024-03-27 04:00:00,226.31819052751496
10228,2024-03-27 05:00:00,327.9719796441366
10229,2024-03-27 06:00:00,454.8594226498234
10230,2024-03-27 07:00:00,558.6034329126785
10231,2024-03-27 08:00:00,650.0627507642287
10232,2024-03-27 09:00:00,778.7847316749937
10233,2024-03-27 10:00:00,963.9562183605942
10234,2024-03-27 11:00:00,1150.3446759894118
10235,2024-03-27 12:00:00,1242.9900321011364
10236,2024-03-27 13:00:00,1195.7483525458408
10237,2024-03-27 14:00:00,1069.0379945600234
10238,2024-03-27 15:00:00,993.8595904211809
10239,2024-03-27 16:00:00,1065.6048245169668
10240,2024-03-27 17:00:00,1260.20084085932
10241,2024-03-27 18:00:00,1448.8280201067191
10242,2024-03-27 19:00:00,1499.2374247484759
10243,2024-03-27 20:00:00,1374.43995440373
10244,2024-03-27 21:00:00,1145.5910921469062
10245,2024-03-27 22:00:00,917.4481403260073
10246,2024-03-27 23:00:00,742.6215894099681
10247,2024-03-28 00:00:00,602.227238665334
10248,2024-03-28 01:00:00,459.0735201223014
10249,2024-03-28 02:00:00,318.81864793044974
10250,2024-03-28 03:00:00,233.58141266912696
10251,2024-03-28 04:00:00,247.81743776481426
10252,2024-03-28 05:00:00,348.1088010992272
10253,2024-03-28 06:00:00,473.1373610057251
10254,2024-03-28 07:00:00,574.5464534230464
10255,2024-03-28 08:00:00,663.225042449659
10256,2024-03-28 09:00:00,788.7600844448061
10257,2024-03-28 10:00:00,970.3868336587863
10258,2024-03-28 11:00:00,1152.9292763554424
10259,2024-03-28 12:00:00,1241.4911442421615
10260,2024-03-28 13:00:00,1189.9986495802527
10261,2024-03-28 14:00:00,1058.9455960394787
10262,2024-03-28 15:00:00,979.4122324503893
10263,2024-03-28 16:00:00,1046.8728279466338
10264,2024-03-28 17:00:00,1237.338821567255
10265,2024-03-28 18:00:00,1422.0753025854453
10266,2024-03-28 19:00:00,1468.9171381799908
10267,2024-03-28 20:00:00,1340.9568079801127
10268,2024-03-28 21:00:00,1109.427845155929
10269,2024-03-28 22:00:00,879.1608001505571
10270,2024-03-28 23:00:00,702.833388503899
10271,2024-03-29 00:00:00,561.6214588542471
10272,2024-03-29 01:00:00,418.38524850831516
10273,2024-03-29 02:00:00,278.8255644076795
10274,2024-03-29 03:00:00,195.09372278526632
10275,2024-03-29 04:00:00,211.6670775778873
10276,2024-03-29 05:00:00,315.1380515318957
10277,2024-03-29 06:00:00,444.18701864740035
10278,2024-03-29 07:00:00,550.4437121068527
10279,2024-03-29 08:00:00,644.7712455299898
10280,2024-03-29 09:00:00,776.7185109584009
10281,2024-03-29 10:00:00,965.4706830574272
10282,2024-03-29 11:00:00,1155.7900155988393
10283,2024-03-29 12:00:00,1252.707378152019
10284,2024-03-29 13:00:00,1210.0656702813283
10285,2024-03-29 14:00:00,1088.2657602633826
10286,2024-03-29 15:00:00,1018.2863064907252
10287,2024-03-29 16:00:00,1095.4924289667067
10288,2024-03-29 17:00:00,1295.7800715181188
10289,2024-03-29 18:00:00,1490.293796732532
10290,2024-03-29 19:00:00,1546.7443143898524
10291,2024-03-29 20:00:00,1428.0977864697838
10292,2024-03-29 21:00:00,1205.4607901876302
10293,2024-03-29 22:00:00,983.5378367554431
10294,2024-03-29 23:00:00,814.8830880797618
10295,2024-03-30 00:00:00,360.2348761631026
10296,2024-03-30 01:00:00,222.97554304550692
10297,2024-03-30 02:00:00,88.38104526885058
10298,2024-03-30 03:00:00,8.50436949714583
10299,2024-03-30 04:00:00,27.734396709940143
10300,2024-03-30 05:00:00,132.58618145806838
10301,2024-03-30 06:00:00,261.67496648472957
10302,2024-03-30 07:00:00,366.5785921516033
10303,2024-03-30 08:00:00,458.1223748675367
10304,2024-03-30 09:00:00,585.8322060819876
10305,2024-03-30 10:00:00,768.8855915398883
10306,2024-03-30 11:00:00,952.0528086623577
10307,2024-03-30 12:00:00,1040.3886241069501
10308,2024-03-30 13:00:00,987.7757052610431
10309,2024-03-30 14:00:00,854.670370832339
10310,2024-03-30 15:00:00,772.1220396043459
10311,2024-03-30 16:00:00,835.5813477618005
10312,2024-03-30 17:00:00,1021.04378042004
10313,2024-03-30 18:00:00,1199.7665668387053
10314,2024-03-30 19:00:00,1239.5851495118745
10315,2024-03-30 20:00:00,1103.6012815272657
10316,2024-03-30 21:00:00,863.0666469512798
10317,2024-03-30 22:00:00,622.8389168243625
10318,2024-03-30 23:00:00,435.6318994956589
10319,2024-03-31 00:00:00,282.6664192221501
10320,2024-03-31 01:00:00,126.85639033148175
10321,2024-03-31 02:00:00,-26.035275504806577
10322,2024-03-31 03:00:00,-123.78709388083053
10323,2024-03-31 04:00:00,-121.8439318511796
10324,2024-03-31 05:00:00,-33.52851419743115
10325,2024-03-31 06:00:00,79.93084122193716
10326,2024-03-31 07:00:00,170.26093860338267
10327,2024-03-31 08:00:00,248.42696398249143
10328,2024-03-31 09:00:00,364.0840601649792
10329,2024-03-31 10:00:00,536.5269542486731
10330,2024-03-31 11:00:00,710.6298322303871
10331,2024-03-31 12:00:00,791.5369179142394
10332,2024-03-31 13:00:00,733.2049030389053
10333,2024-03-31 14:00:00,596.1478854273519
10334,2024-03-31 15:00:00,511.4561838587523
10335,2024-03-31 16:00:00,574.6040072252674
10336,2024-03-31 17:00:00,761.5928292046418
10337,2024-03-31 18:00:00,943.668220513552
10338,2024-03-31 19:00:00,988.6364500190356
10339,2024-03-31 20:00:00,859.5529071341118
10340,2024-03-31 21:00:00,627.6062365669668
10341,2024-03-31 22:00:00,397.57509180089755
10342,2024-03-31 23:00:00,222.079157689897
10343,2024-04-01 00:00:00,402.5490775133652
10344,2024-04-01 01:00:00,261.1416696581945
10345,2024-04-01 02:00:00,123.8052316351019
10346,2024-04-01 03:00:00,42.618518648417876
10347,2024-04-01 04:00:00,61.98538595230366
10348,2024-04-01 05:00:00,168.42492461549784
10349,2024-04-01 06:00:00,300.54543603661045
10350,2024-04-01 07:00:00,409.9069046716238
10351,2024-04-01 08:00:00,507.30604267778585
10352,2024-04-01 09:00:00,642.229656163712
10353,2024-04-01 10:00:00,833.8060496172604
10354,2024-04-01 11:00:00,1026.7466426141543
10355,2024-04-01 12:00:00,1126.038235808694
10356,2024-04-01 13:00:00,1085.4870538577673
10357,2024-04-01 14:00:00,965.4652038621049
10358,2024-04-01 15:00:00,896.9309006298431
10359,2024-04-01 16:00:00,975.2374208523388
10360,2024-04-01 17:00:00,1176.2776229537014
10361,2024-04-01 18:00:00,1371.2017725674373
10362,2024-04-01 19:00:00,1427.7349740403902
10363,2024-04-01 20:00:00,1308.8662522169334
10364,2024-04-01 21:00:00,1085.7331689408286
10365,2024-04-01 22:00:00,863.0788765522311
10366,2024-04-01 23:00:00,693.5032567124484
10367,2024-04-02 00:00:00,558.1147686268017
10368,2024-04-02 01:00:00,419.71746376844794
10369,2024-04-02 02:00:00,283.9677957162245
10370,2024-04-02 03:00:00,202.98505091887898
10371,2024-04-02 04:00:00,221.22722447070157
10372,2024-04-02 05:00:00,325.28025096809233
10373,2024-04-02 06:00:00,453.83093653790024
10374,2024-04-02 07:00:00,558.5282657011489
10375,2024-04-02 08:00:00,650.2671723162605
10376,2024-04-02 09:00:00,778.6405409000115
10377,2024-04-02 10:00:00,962.8891728462552
10378,2024-04-02 11:00:00,1147.8419100471026
10379,2024-04-02 12:00:00,1238.6063720619695
10380,2024-04-02 13:00:00,1189.111453850523
10381,2024-04-02 14:00:00,1059.8522420916129
10382,2024-04-02 15:00:00,981.9087207443755
10383,2024-04-02 16:00:00,1050.7532466134207
10384,2024-04-02 17:00:00,1242.3936500306195
10385,2024-04-02 18:00:00,1428.089717782936
10386,2024-04-02 19:00:00,1475.6693749529643
10387,2024-04-02 20:00:00,1348.2166246873278
10388,2024-04-02 21:00:00,1116.9551439154504
10389,2024-04-02 22:00:00,886.7044488913779
10390,2024-04-02 23:00:00,710.1302889555345
10391,2024-04-03 00:00:00,568.3959005685058
10392,2024-04-03 01:00:00,424.3485849558946
10393,2024-04-03 02:00:00,283.67624171508123
10394,2024-04-03 03:00:00,198.51768622099553
10395,2024-04-03 04:00:00,213.33857480506595
10396,2024-04-03 05:00:00,314.7208451135873
10397,2024-04-03 06:00:00,441.3360135859605
10398,2024-04-03 07:00:00,544.8069971133996
10399,2024-04-03 08:00:00,635.9925398708958
10400,2024-04-03 09:00:00,764.4400013877173
10401,2024-04-03 10:00:00,949.3362286898874
10402,2024-04-03 11:00:00,1135.448691503198
10403,2024-04-03 12:00:00,1227.817322180787
10404,2024-04-03 13:00:00,1180.2981916284698
10405,2024-04-03 14:00:00,1053.309662374885
10406,2024-04-03 15:00:00,977.8523722668032
10407,2024-04-03 16:00:00,1049.318011479433
10408,2024-04-03 17:00:00,1243.6337301031563
10409,2024-04-03 18:00:00,1431.9799150655074
10410,2024-04-03 19:00:00,1482.1076354334896
10411,2024-04-03 20:00:00,1357.0277976124257
10412,2024-04-03 21:00:00,1127.8958917349034
10413,2024-04-03 22:00:00,899.4692274510959
10414,2024-04-03 23:00:00,724.3583027827574
10415,2024-04-04 00:00:00,583.6789247926349
10416,2024-04-04 01:00:00,440.23953355984816
10417,2024-04-04 02:00:00,299.69835155092323
10418,2024-04-04 03:00:00,214.17417787760155
10419,2024-04-04 04:00:00,228.12264477186523
10420,2024-04-04 05:00:00,328.12583916398694
10421,2024-04-04 06:00:00,452.86562868924716
10422,2024-04-04 07:00:00,553.985358815532
10423,2024-04-04 08:00:00,642.3740034494524
10424,2024-04-04 09:00:00,767.6185289837387
10425,2024-04-04 10:00:00,948.9541999548394
10426,2024-04-04 11:00:00,1131.2050131577525
10427,2024-04-04 12:00:00,1219.4747110838116
10428,2024-04-04 13:00:00,1167.6895170201544
10429,2024-04-04 14:00:00,1036.3432458895682
10430,2024-04-04 15:00:00,956.5161580528301
10431,2024-04-04 16:00:00,1023.6825343919135
10432,2024-04-04 17:00:00,1213.8538259289976
10433,2024-04-04 18:00:00,1398.29513421083
10434,2024-04-04 19:00:00,1444.841338871051
10435,2024-04-04 20:00:00,1316.584932260861
10436,2024-04-04 21:00:00,1084.759460521602
10437,2024-04-04 22:00:00,854.1954872565069
10438,2024-04-04 23:00:00,677.5707414811087
10439,2024-04-05 00:00:00,536.0610854866284
10440,2024-04-05 01:00:00,392.52677049093995
10441,2024-04-05 02:00:00,252.66861755183902
10442,2024-04-05 03:00:00,168.63795729255128
10443,2024-04-05 04:00:00,184.91215824955384
10444,2024-04-05 05:00:00,288.08365799668616
10445,2024-04-05 06:00:00,416.8328455969813
10446,2024-04-05 07:00:00,522.7894695210675
10447,2024-04-05 08:00:00,616.8166589002055
10448,2024-04-05 09:00:00,748.4633215224196
10449,2024-04-05 10:00:00,936.9146480018946
10450,2024-04-05 11:00:00,1126.9329083129624
10451,2024-04-05 12:00:00,1223.5489884147037
10452,2024-04-05 13:00:00,1180.6058045014686
10453,2024-04-05 14:00:00,1058.5042416916767
10454,2024-04-05 15:00:00,988.2229754363991
10455,2024-04-05 16:00:00,1065.127143004011
10456,2024-04-05 17:00:00,1265.1127057077529
10457,2024-04-05 18:00:00,1459.3242438273437
10458,2024-04-05 19:00:00,1515.4724850451953
10459,2024-04-05 20:00:00,1396.5236094546215
10460,2024-04-05 21:00:00,1173.584212578304
10461,2024-04-05 22:00:00,951.3588241597291
10462,2024-04-05 23:00:00,782.4016248077247
10463,2024-04-06 00:00:00,327.4509654579871
10464,2024-04-06 01:00:00,189.8892072620265
10465,2024-04-06 02:00:00,54.992326084549745
10466,2024-04-06 03:00:00,-25.186671939024563
10467,2024-04-06 04:00:00,-6.25888609200706
10468,2024-04-06 05:00:00,98.29075804539468
10469,2024-04-06 06:00:00,227.07752328797608
10470,2024-04-06 07:00:00,331.67927027233986
10471,2024-04-06 08:00:00,422.92133582977704
10472,2024-04-06 09:00:00,550.3296320452989
10473,2024-04-06 10:00:00,733.0816854496991
10474,2024-04-06 11:00:00,915.9477944593415
10475,2024-04-06 12:00:00,1003.9827468662595
10476,2024-04-06 13:00:00,951.0692313855936
10477,2024-04-06 14:00:00,817.6635882161886
10478,2024-04-06 15:00:00,734.8152578000561
10479,2024-04-06 16:00:00,797.9748981362858
10480,2024-04-06 17:00:00,983.138016326681
10481,2024-04-06 18:00:00,1161.5618637693829
10482,2024-04-06 19:00:00,1201.0819052563859
10483,2024-04-06 20:00:00,1064.7999163306436
10484,2024-04-06 21:00:00,823.9676036527856
10485,2024-04-06 22:00:00,583.4426610291025
10486,2024-04-06 23:00:00,395.93891968599394
10487,2024-04-07 00:00:00,242.6772269361328
10488,2024-04-07 01:00:00,86.57152028166081
10489,2024-04-07 02:00:00,-66.61526528732134
10490,2024-04-07 03:00:00,-164.6616219141565
10491,2024-04-07 04:00:00,-163.01239306298612
10492,2024-04-07 05:00:00,-74.9902798055441
10493,2024-04-07 06:00:00,38.176423843883526
10494,2024-04-07 07:00:00,128.21454604547694
10495,2024-04-07 08:00:00,206.0892969175726
10496,2024-04-07 09:00:00,321.455843474483
10497,2024-04-07 10:00:00,493.6089371188541
10498,2024-04-07 11:00:00,667.422788285782
10499,2024-04-07 12:00:00,748.041645326831
10500,2024-04-07 13:00:00,689.4222246060273
10501,2024-04-07 14:00:00,552.0786487018329
10502,2024-04-07 15:00:00,467.101261239264
10503,2024-04-07 16:00:00,529.9642960476484
10504,2024-04-07 17:00:00,716.6692518386532
10505,2024-04-07 18:00:00,898.4617244596118
10506,2024-04-07 19:00:00,943.1480080000932
10507,2024-04-07 20:00:00,813.7835171494364
10508,2024-04-07 21:00:00,581.5569220024624
10509,2024-04-07 22:00:00,351.2469015096068
10510,2024-04-07 23:00:00,175.47316601524903
10511,2024-04-08 00:00:00,355.6663844316922
10512,2024-04-08 01:00:00,213.983400808758
10513,2024-04-08 02:00:00,76.37253837834908
10514,2024-04-08 03:00:00,-5.087421859585447
10515,2024-04-08 04:00:00,14.007401198694652
10516,2024-04-08 05:00:00,120.17612453142658
10517,2024-04-08 06:00:00,252.02707547610294
10518,2024-04-08 07:00:00,361.120264508274
10519,2024-04-08 08:00:00,458.2524298216507
10520,2024-04-08 09:00:00,592.9104036145843
10521,2024-04-08 10:00:00,784.2225164971179
10522,2024-04-08 11:00:00,976.9002142021122
10523,2024-04-08 12:00:00,1075.9303235753503
10524,2024-04-08 13:00:00,1035.1190954819178
10525,2024-04-08 14:00:00,914.838663269001
10526,2024-04-08 15:00:00,846.0472679999037
10527,2024-04-08 16:00:00,924.098212639474
10528,2024-04-08 17:00:00,1124.8843818919772
10529,2024-04-08 18:00:00,1319.556067703673
10530,2024-04-08 19:00:00,1375.8384007045506
10531,2024-04-08 20:00:00,1256.7204320553935
10532,2024-04-08 21:00:00,1033.3397498977856
10533,2024-04-08 22:00:00,810.4395328718944
10534,2024-04-08 23:00:00,640.6196889340958
10535,2024-04-09 00:00:00,504.98870354398014
10536,2024-04-09 01:00:00,366.3506544622187
10537,2024-04-09 02:00:00,230.36202149491612
10538,2024-04-09 03:00:00,149.14211731401895
10539,2024-04-09 04:00:00,167.1489632004442
10540,2024-04-09 05:00:00,270.9685199246127
10541,2024-04-09 06:00:00,399.2876197215187
10542,2024-04-09 07:00:00,503.75527321810523
10543,2024-04-09 08:00:00,595.2664403223357
10544,2024-04-09 09:00:00,723.4140315480448
10545,2024-04-09 10:00:00,907.4388742463186
10546,2024-04-09 11:00:00,1092.169836212284
10547,2024-04-09 12:00:00,1182.7145628576443
10548,2024-04-09 13:00:00,1133.0019749210853
10549,2024-04-09 14:00:00,1003.5271848175224
10550,2024-04-09 15:00:00,925.37020216108
10551,2024-04-09 16:00:00,994.0034093436835
10552,2024-04-09 17:00:00,1185.4346622044327
10553,2024-04-09 18:00:00,1370.923772981738
10554,2024-04-09 19:00:00,1418.2986920956023
10555,2024-04-09 20:00:00,1290.6434479731308
10556,2024-04-09 21:00:00,1059.1817427208257
10557,2024-04-09 22:00:00,828.7331176830799
10558,2024-04-09 23:00:00,651.9633471924114
10559,2024-04-10 00:00:00,510.0356925984172
10560,2024-04-10 01:00:00,365.79747992345733
10561,2024-04-10 02:00:00,224.9366334390836
10562,2024-04-10 03:00:00,139.59199309458256
10563,2024-04-10 04:00:00,154.2292396790681
10564,2024-04-10 05:00:00,255.43033518430173
10565,2024-04-10 06:00:00,381.86682025139214
10566,2024-04-10 07:00:00,485.16163588254597
10567,2024-04-10 08:00:00,576.1735502001173
10568,2024-04-10 09:00:00,704.449946587954
10569,2024-04-10 10:00:00,889.1776957469435
10570,2024-04-10 11:00:00,1075.1242909648815
10571,2024-04-10 12:00:00,1167.329688008528
10572,2024-04-10 13:00:00,1119.6499810532307
10573,2024-04-10 14:00:00,992.5035557475501
10574,2024-04-10 15:00:00,916.8910728869282
10575,2024-04-10 16:00:00,988.2042454659661
10576,2024-04-10 17:00:00,1182.3702462138494
10577,2024-04-10 18:00:00,1370.5694845371813
10578,2024-04-10 19:00:00,1420.553051818144
10579,2024-04-10 20:00:00,1295.3318765981962
10580,2024-04-10 21:00:00,1066.0614709888912
10581,2024-04-10 22:00:00,837.4991664110147
10582,2024-04-10 23:00:00,662.2554825087966
10583,2024-04-11 00:00:00,521.4462477606638
10584,2024-04-11 01:00:00,377.87992347825525
10585,2024-04-11 02:00:00,237.21475316395822
10586,2024-04-11 03:00:00,151.5695567919446
10587,2024-04-11 04:00:00,165.399987228741
10588,2024-04-11 05:00:00,265.28815184804444
10589,2024-04-11 06:00:00,389.9159385335373
10590,2024-04-11 07:00:00,490.92671278256626
10591,2024-04-11 08:00:00,579.2094683212334
10592,2024-04-11 09:00:00,704.35119114135
10593,2024-04-11 10:00:00,885.5871651813613
10594,2024-04-11 11:00:00,1067.741406384559
10595,2024-04-11 12:00:00,1155.917676188315
10596,2024-04-11 13:00:00,1104.04221659276
10597,2024-04-11 14:00:00,972.6088610082674
10598,2024-04-11 15:00:00,892.6978880248513
10599,2024-04-11 16:00:00,959.7835965480737
10600,2024-04-11 17:00:00,1149.8774553684354
10601,2024-04-11 18:00:00,1334.2445835501785
10602,2024-04-11 19:00:00,1380.7198780079739
10603,2024-04-11 20:00:00,1252.3958481227187
10604,2024-04-11 21:00:00,1020.5060568186482
10605,2024-04-11 22:00:00,789.8810842018513
10606,2024-04-11 23:00:00,613.1986755668879
10607,2024-04-12 00:00:00,471.63470920642453
10608,2024-04-12 01:00:00,328.04945205118554
10609,2024-04-12 02:00:00,188.1437406442558
10610,2024-04-12 03:00:00,104.06892081480885
10611,2024-04-12 04:00:00,120.30237600965154
10612,2024-04-12 05:00:00,223.4365584585555
10613,2024-04-12 06:00:00,352.15187159489494
10614,2024-04-12 07:00:00,458.0780779793324
10615,2024-04-12 08:00:00,552.0783205485653
10616,2024-04-12 09:00:00,683.7015206032975
10617,2024-04-12 10:00:00,872.1328820035538
10618,2024-04-12 11:00:00,1062.1346876444939
10619,2024-04-12 12:00:00,1158.7378361345345
10620,2024-04-12 13:00:00,1115.7852560152226
10621,2024-04-12 14:00:00,993.6778444571152
10622,2024-04-12 15:00:00,923.3942886412912
10623,2024-04-12 16:00:00,1000.2997372871112
10624,2024-04-12 17:00:00,1200.2901628437378
10625,2024-04-12 18:00:00,1394.510156404283
10626,2024-04-12 19:00:00,1450.6704561666475
10627,2024-04-12 20:00:00,1331.737252422653
10628,2024-04-12 21:00:00,1108.817150583176
10629,2024-04-12 22:00:00,886.6146899388656
10630,2024-04-12 23:00:00,717.6840603560588
10631,2024-04-13 00:00:00,262.763621683501
10632,2024-04-13 01:00:00,125.23574366580146
10633,2024-04-13 02:00:00,-9.62358957140691
10634,2024-04-13 03:00:00,-89.76136393851925
10635,2024-04-13 04:00:00,-70.78867112796797
10636,2024-04-13 05:00:00,33.809570546439545
10637,2024-04-13 06:00:00,162.64863086046228
10638,2024-04-13 07:00:00,267.30637703090895
10639,2024-04-13 08:00:00,358.6081521547236
10640,2024-04-13 09:00:00,486.07987422525775
10641,2024-04-13 10:00:00,668.8990753798092
10642,2024-04-13 11:00:00,851.8360592331795
10643,2024-04-13 12:00:00,939.9456184791042
10644,2024-04-13 13:00:00,887.110446372728
10645,2024-04-13 14:00:00,753.7868872792462
10646,2024-04-13 15:00:00,671.0243854998513
10647,2024-04-13 16:00:00,734.273602507539
10648,2024-04-13 17:00:00,919.5300485309651
10649,2024-04-13 18:00:00,1098.050977734633
10650,2024-04-13 19:00:00,1137.6718573401502
10651,2024-04-13 20:00:00,1001.4944649316143
10652,2024-04-13 21:00:00,760.770508871022
10653,2024-04-13 22:00:00,520.3576842982033
10654,2024-04-13 23:00:00,332.969823412345
10655,2024-04-14 00:00:00,179.82777412374185
10656,2024-04-14 01:00:00,23.845474176332345
10657,2024-04-14 02:00:00,-129.21414155290176
10658,2024-04-14 03:00:00,-227.12956571589802
10659,2024-04-14 04:00:00,-225.34564263427342
10660,2024-04-14 05:00:00,-137.1850746121554
10661,2024-04-14 06:00:00,-23.87615726134436
10662,2024-04-14 07:00:00,66.3079355862609
10663,2024-04-14 08:00:00,144.33241171682755
10664,2024-04-14 09:00:00,259.85243541717523
10665,2024-04-14 10:00:00,432.1627549925921
10666,2024-04-14 11:00:00,606.1375774047522
10667,2024-04-14 12:00:00,686.9211471625217
10668,2024-04-14 13:00:00,628.4701764078584
10669,2024-04-14 14:00:00,491.2987831107097
10670,2024-04-14 15:00:00,406.49730590851857
10671,2024-04-14 16:00:00,469.53997329099775
10672,2024-04-14 17:00:00,656.4282782229225
10673,2024-04-14 18:00:00,838.4078104288834
10674,2024-04-14 19:00:00,883.2848575175417
10675,2024-04-14 20:00:00,754.1148272866205
10676,2024-04-14 21:00:00,522.0863825793031
10677,2024-04-14 22:00:00,291.97819470797504
10678,2024-04-14 23:00:00,116.40996599761081
10679,2024-04-15 00:00:00,296.8123569549242
10680,2024-04-15 01:00:00,155.34220285109723
10681,2024-04-15 02:00:00,17.947817750120294
10682,2024-04-15 03:00:00,-63.29202689200724
10683,2024-04-15 04:00:00,-43.97345989951873
10684,2024-04-15 05:00:00,62.4226253966674
10685,2024-04-15 06:00:00,194.50454564849622
10686,2024-04-15 07:00:00,303.83230024440445
10687,2024-04-15 08:00:00,401.2026159382747
10688,2024-04-15 09:00:00,536.1023130893338
10689,2024-04-15 10:00:00,727.65971009083
10690,2024-04-15 11:00:00,920.5862400776521
10691,2024-04-15 12:00:00,1019.8687169257222
10692,2024-04-15 13:00:00,979.3133781446473
10693,2024-04-15 14:00:00,859.2923433336778
10694,2024-04-15 15:00:00,790.7638394578914
10695,2024-04-15 16:00:00,869.0811549842829
10696,2024-04-15 17:00:00,1070.137159746429
10697,2024-04-15 18:00:00,1265.0821304380895
10698,2024-04-15 19:00:00,1321.6411820827657
10699,2024-04-15 20:00:00,1202.8033498279412
10700,2024-04-15 21:00:00,979.706205448547
10701,2024-04-15 22:00:00,757.0929108380901
10702,2024-04-15 23:00:00,587.5633568346659
10703,2024-04-16 00:00:00,452.2260113995442
10704,2024-04-16 01:00:00,313.88493442975164
10705,2024-04-16 02:00:00,178.1965875124423
10706,2024-04-16 03:00:00,97.28026470111661
10707,2024-04-16 04:00:00,115.59396831223273
10708,2024-04-16 05:00:00,219.723639779363
10709,2024-04-16 06:00:00,348.35609163019194
10710,2024-04-16 07:00:00,453.1403144409095
10711,2024-04-16 08:00:00,544.9712476719047
10712,2024-04-16 09:00:00,673.4417810558534
10713,2024-04-16 10:00:00,857.7927207722357
10714,2024-04-16 11:00:00,1042.8529131453113
10715,2024-04-16 12:00:00,1133.7299816817053
10716,2024-04-16 13:00:00,1084.3528249097428
10717,2024-04-16 14:00:00,955.2165326673277
10718,2024-04-16 15:00:00,877.4010916395162
10719,2024-04-16 16:00:00,946.3788609295299
10720,2024-04-16 17:00:00,1138.1576727504698
10721,2024-04-16 18:00:00,1323.9973153602512
10722,2024-04-16 19:00:00,1371.725714854571
10723,2024-04-16 20:00:00,1244.426874996402
10724,2024-04-16 21:00:00,1013.3244728745898
10725,2024-04-16 22:00:00,783.238024498107
10726,2024-04-16 23:00:00,606.8332784919903
10727,2024-04-17 00:00:00,465.2734701974007
10728,2024-04-17 01:00:00,321.40589927279655
10729,2024-04-17 02:00:00,180.91846329962243
10730,2024-04-17 03:00:00,95.94997520630818
10731,2024-04-17 04:00:00,110.96608844081368
10732,2024-04-17 05:00:00,212.54873731761188
10733,2024-04-17 06:00:00,339.3694344851948
10734,2024-04-17 07:00:00,443.0510926302296
10735,2024-04-17 08:00:00,534.4524512381024
10736,2024-04-17 09:00:00,663.1208647510797
10737,2024-04-17 10:00:00,848.243174592292
10738,2024-04-17 11:00:00,1034.5868444858836
10739,2024-04-17 12:00:00,1127.1918003278024
10740,2024-04-17 13:00:00,1079.9141060845604
10741,2024-04-17 14:00:00,953.1721169240873
10742,2024-04-17 15:00:00,877.9664628530018
10743,2024-04-17 16:00:00,949.6888257689053
10744,2024-04-17 17:00:00,1144.266347022501
10745,2024-04-17 18:00:00,1332.8794043421995
10746,2024-04-17 19:00:00,1383.2790571443352
10747,2024-04-17 20:00:00,1258.4762017226617
10748,2024-04-17 21:00:00,1029.6263176467335
10749,2024-04-17 22:00:00,801.4867035340578
10750,2024-04-17 23:00:00,626.6678459175388
10751,2024-04-18 00:00:00,486.28553992180025
10752,2024-04-18 01:00:00,343.14821321336774
10753,2024-04-18 02:00:00,202.914075386724
10754,2024-04-18 03:00:00,117.70191224047505
10755,2024-04-18 04:00:00,131.96734221207146
10756,2024-04-18 05:00:00,232.29243797580364
10757,2024-04-18 06:00:00,357.359052468248
10758,2024-04-18 07:00:00,458.81051598466433
10759,2024-04-18 08:00:00,547.535786797278
10760,2024-04-18 09:00:00,673.1218152085168
10761,2024-04-18 10:00:00,854.8038492045181
10762,2024-04-18 11:00:00,1037.40586856856
10763,2024-04-18 12:00:00,1126.0315983105386
10764,2024-04-18 13:00:00,1074.607243792102
10765,2024-04-18 14:00:00,943.6266015511765
10766,2024-04-18 15:00:00,864.1699130832313
10767,2024-04-18 16:00:00,931.711439967085
10768,2024-04-18 17:00:00,1122.262613462971
10769,2024-04-18 18:00:00,1307.0885148824814
10770,2024-04-18 19:00:00,1354.024003180674
10771,2024-04-18 20:00:00,1226.161549585054
10772,2024-04-18 21:00:00,994.7346786165009
10773,2024-04-18 22:00:00,764.5739318553258
10774,2024-04-18 23:00:00,588.3570158047496
10775,2024-04-19 00:00:00,447.25976981994313
10776,2024-04-19 01:00:00,304.14242168510475
10777,2024-04-19 02:00:00,164.7057686196482
10778,2024-04-19 03:00:00,81.10111694898853
10779,2024-04-19 04:00:00,97.80581044228461
10780,2024-04-19 05:00:00,201.41226148579688
10781,2024-04-19 06:00:00,330.60083347894636
10782,2024-04-19 07:00:00,437.00124881474665
10783,2024-04-19 08:00:00,531.4766100992865
10784,2024-04-19 09:00:00,663.5757981237564
10785,2024-04-19 10:00:00,852.4839761070754
10786,2024-04-19 11:00:00,1042.9633861519944
10787,2024-04-19 12:00:00,1140.0448859367636
10788,2024-04-19 13:00:00,1097.5713629227396
10789,2024-04-19 14:00:00,975.9436730828918
10790,2024-04-19 15:00:00,906.1404622587694
10791,2024-04-19 16:00:00,983.5268377072392
10792,2024-04-19 17:00:00,1183.9987302872591
10793,2024-04-19 18:00:00,1378.7006894090796
10794,2024-04-19 19:00:00,1435.3434114388424
10795,2024-04-19 20:00:00,1316.8930447610041
10796,2024-04-19 21:00:00,1094.4561527566457
10797,2024-04-19 22:00:00,872.7372325955604
10798,2024-04-19 23:00:00,704.2904319253162
10799,2024-04-20 00:00:00,249.85406828237285
10800,2024-04-20 01:00:00,112.8104690251264
10801,2024-04-20 02:00:00,-21.56442420605117
10802,2024-04-20 03:00:00,-101.21763987134796
10803,2024-04-20 04:00:00,-81.76031228805869
10804,2024-04-20 05:00:00,23.322597542436824
10805,2024-04-20 06:00:00,152.64631662442605
10806,2024-04-20 07:00:00,257.7886693771479
10807,2024-04-20 08:00:00,349.574956018213
10808,2024-04-20 09:00:00,477.5310516268038
10809,2024-04-20 10:00:00,660.8344453741906
10810,2024-04-20 11:00:00,844.2553978713653
10811,2024-04-20 12:00:00,932.848658776644
10812,2024-04-20 13:00:00,880.4968782685223
10813,2024-04-20 14:00:00,747.6563576245075
10814,2024-04-20 15:00:00,665.3764980258118
10815,2024-04-20 16:00:00,729.107917802138
10816,2024-04-20 17:00:00,914.8460840535625
10817,2024-04-20 18:00:00,1093.848207782235
10818,2024-04-20 19:00:00,1133.9497130439304
10819,2024-04-20 20:00:00,998.2523342805246
10820,2024-04-20 21:00:00,758.0077367013922
10821,2024-04-20 22:00:00,518.0735723134735
10822,2024-04-20 23:00:00,331.16363019564903
10823,2024-04-21 00:00:00,178.49871515875918
10824,2024-04-21 01:00:00,22.992721880519866
10825,2024-04-21 02:00:00,-129.59145781101847
10826,2024-04-21 03:00:00,-227.0323595700845
10827,2024-04-21 04:00:00,-224.7748706836776
10828,2024-04-21 05:00:00,-136.1417363696237
10829,2024-04-21 06:00:00,-22.36129512721891
10830,2024-04-21 07:00:00,68.29323641633994
10831,2024-04-21 08:00:00,146.78702327893689
10832,2024-04-21 09:00:00,262.7751870618613
10833,2024-04-21 10:00:00,435.5524334456379
10834,2024-04-21 11:00:00,609.9929268437925
10835,2024-04-21 12:00:00,691.2408692993417
10836,2024-04-21 13:00:00,633.2529305611729
10837,2024-04-21 14:00:00,496.54318631191074
10838,2024-04-21 15:00:00,412.20193298268816
10839,2024-04-21 16:00:00,475.7033569570041
10840,2024-04-21 17:00:00,663.0489091830515
10841,2024-04-21 18:00:00,845.4841375293951
10842,2024-04-21 19:00:00,890.8152877814664
10843,2024-04-21 20:00:00,762.0977260916948
10844,2024-04-21 21:00:00,530.5200737723876
10845,2024-04-21 22:00:00,300.8609606765224
10846,2024-04-21 23:00:00,125.74004789074695
10847,2024-04-22 00:00:00,306.5879547585745
10848,2024-04-22 01:00:00,165.56147554470158
10849,2024-04-22 02:00:00,28.60888344813634
10850,2024-04-22 03:00:00,-52.191090767614014
10851,2024-04-22 04:00:00,-32.43461649359824
10852,2024-04-22 05:00:00,74.39737254492036
10853,2024-04-22 06:00:00,206.91315277989827
10854,2024-04-22 07:00:00,316.6726835393846
10855,2024-04-22 08:00:00,414.4726516941979
10856,2024-04-22 09:00:00,549.7998378918807
10857,2024-04-22 10:00:00,741.7825210229632
10858,2024-04-22 11:00:00,935.1320948727348
10859,2024-04-22 12:00:00,1034.8353341853026
10860,2024-04-22 13:00:00,994.698437530773
10861,2024-04-22 14:00:00,875.0934857760626
10862,2024-04-22 15:00:00,806.9786673415654
10863,2024-04-22 16:00:00,885.7072323856382
10864,2024-04-22 17:00:00,1087.172012642506
10865,2024-04-22 18:00:00,1282.5232469150508
10866,2024-04-22 19:00:00,1339.4860125739767
10867,2024-04-22 20:00:00,1221.049307341735
10868,2024-04-22 21:00:00,998.3506658086962
10869,2024-04-22 22:00:00,776.1332128998038
10870,2024-04-22 23:00:00,606.9968027609775
10871,2024-04-23 00:00:00,472.0498668868198
10872,2024-04-23 01:00:00,334.09642896584114
10873,2024-04-23 02:00:00,198.79291463406264
10874,2024-04-23 03:00:00,118.25858225483728
10875,2024-04-23 04:00:00,136.95139872545985
10876,2024-04-23 05:00:00,241.45727031731576
10877,2024-04-23 06:00:00,370.4629746870611
10878,2024-04-23 07:00:00,475.61746780770704
10879,2024-04-23 08:00:00,567.8156548222044
10880,2024-04-23 09:00:00,696.6503914274276
10881,2024-04-23 10:00:00,881.3624500794969
10882,2024-04-23 11:00:00,1066.7806436441228
10883,2024-04-23 12:00:00,1158.0125624912073
10884,2024-04-23 13:00:00,1108.9870723189374
10885,2024-04-23 14:00:00,980.1992304190757
10886,2024-04-23 15:00:00,902.7289912658184
10887,2024-04-23 16:00:00,972.0486820668336
10888,2024-04-23 17:00:00,1164.1661034556196
10889,2024-04-23 18:00:00,1350.3410124258605
10890,2024-04-23 19:00:00,1398.4013041492235
10891,2024-04-23 20:00:00,1271.4309517953693
10892,2024-04-23 21:00:00,1040.6536022017171
10893,2024-04-23 22:00:00,810.8887414430096
10894,2024-04-23 23:00:00,634.8020885883495
10895,2024-04-24 00:00:00,493.55684974764904
10896,2024-04-24 01:00:00,350.00029570603647
10897,2024-04-24 02:00:00,209.820295522636
10898,2024-04-24 03:00:00,125.1556339844683
10899,2024-04-24 04:00:00,140.47193673271613
10900,2024-04-24 05:00:00,242.351110652766
10901,2024-04-24 06:00:00,369.46464134493976
10902,2024-04-24 07:00:00,473.43541481125726
10903,2024-04-24 08:00:00,565.12214423252
10904,2024-04-24 09:00:00,694.0721581219077
10905,2024-04-24 10:00:00,879.4722723813835
10906,2024-04-24 11:00:00,1066.0899255678328
10907,2024-04-24 12:00:00,1158.9650188258183
10908,2024-04-24 13:00:00,1111.953591760501
10909,2024-04-24 14:00:00,985.4739755762198
10910,2024-04-24 15:00:00,910.5267767184008
10911,2024-04-24 16:00:00,982.5036539235781
10912,2024-04-24 17:00:00,1177.3317258020847
10913,2024-04-24 18:00:00,1366.191347727043
10914,2024-04-24 19:00:00,1416.8335572228696
10915,2024-04-24 20:00:00,1292.2692290533435
10916,2024-04-24 21:00:00,1063.6538217150526
10917,2024-04-24 22:00:00,835.7446131797984
10918,2024-04-24 23:00:00,661.1520697120386
10919,2024-04-25 00:00:00,520.9919666667673
10920,2024-04-25 01:00:00,378.0727123276714
10921,2024-04-25 02:00:00,238.0524973713009
10922,2024-04-25 03:00:00,153.05008908567538
10923,2024-04-25 04:00:00,167.52108786104282
10924,2024-04-25 05:00:00,268.04754876339996
10925,2024-04-25 06:00:00,393.311307573142
10926,2024-04-25 07:00:00,494.95567785768867
10927,2024-04-25 08:00:00,583.8696016445323
10928,2024-04-25 09:00:00,709.640013425087
10929,2024-04-25 10:00:00,891.5021458366583
10930,2024-04-25 11:00:00,1074.2799637722785
10931,2024-04-25 12:00:00,1163.0771778210778
10932,2024-04-25 13:00:00,1111.8199793850235
10933,2024-04-25 14:00:00,981.0021514920925
10934,2024-04-25 15:00:00,901.7039226297941
10935,2024-04-25 16:00:00,969.3995418159864
10936,2024-04-25 17:00:00,1160.100428229401
10937,2024-04-25 18:00:00,1345.0716515706094
10938,2024-04-25 19:00:00,1392.1480596828583
10939,2024-04-25 20:00:00,1264.4221131324587
10940,2024-04-25 21:00:00,1033.1273262814175
10941,2024-04-25 22:00:00,803.0942310286773
10942,2024-04-25 23:00:00,627.000524692652
10943,2024-04-26 00:00:00,486.0220378860597
10944,2024-04-26 01:00:00,343.01899020194696
10945,2024-04-26 02:00:00,203.69217113664695
10946,2024-04-26 03:00:00,120.19287976644216
10947,2024-04-26 04:00:00,136.9984531214726
10948,2024-04-26 05:00:00,240.7012973485024
10949,2024-04-26 06:00:00,369.9817701046094
10950,2024-04-26 07:00:00,476.46958851920726
10951,2024-04-26 08:00:00,571.0278504668793
10952,2024-04-26 09:00:00,703.2054324885144
10953,2024-04-26 10:00:00,892.1874940603977
10954,2024-04-26 11:00:00,1082.736274046324
10955,2024-04-26 12:00:00,1179.882627398199
10956,2024-04-26 13:00:00,1137.4694393545826
10957,2024-04-26 14:00:00,1015.8975641584034
10958,2024-04-26 15:00:00,946.145646460229
10959,2024-04-26 16:00:00,1023.5787928138019
10960,2024-04-26 17:00:00,1224.0929338912524
10961,2024-04-26 18:00:00,1418.832619422862
10962,2024-04-26 19:00:00,1475.5085466307066
10963,2024-04-26 20:00:00,1357.0868652368085
10964,2024-04-26 21:00:00,1134.6741404960676
10965,2024-04-26 22:00:00,912.9748719612678
10966,2024-04-26 23:00:00,744.5432101792564
10967,2024-04-27 00:00:00,290.11747609694396
10968,2024-04-27 01:00:00,153.08000100209063
10969,2024-04-27 02:00:00,18.70673100027102
10970,2024-04-27 03:00:00,-60.949357419069884
10971,2024-04-27 04:00:00,-41.49939308173589
10972,2024-04-27 05:00:00,63.57166901531946
10973,2024-04-27 06:00:00,192.8790624037772
10974,2024-04-27 07:00:00,298.00061852979934
10975,2024-04-27 08:00:00,389.76164517988764
10976,2024-04-27 09:00:00,517.6880255266458
10977,2024-04-27 10:00:00,700.9572573209089
10978,2024-04-27 11:00:00,884.3396102979789
10979,2024-04-27 12:00:00,972.8898437541129
10980,2024-04-27 13:00:00,920.4906180310713
10981,2024-04-27 14:00:00,787.5982450656002
10982,2024-04-27 15:00:00,705.2621372514211
10983,2024-04-27 16:00:00,768.9329246184486
10984,2024-04-27 17:00:00,954.6060865018674
10985,2024-04-27 18:00:00,1133.5388466476238
10986,2024-04-27 19:00:00,1173.5666423790863
10987,2024-04-27 20:00:00,1037.7912219159168
10988,2024-04-27 21:00:00,797.4642647647719
10989,2024-04-27 22:00:00,557.4434377565576
10990,2024-04-27 23:00:00,370.4425452774375
10991,2024-04-28 00:00:00,217.68240799468856
10992,2024-04-28 01:00:00,62.076936933765865
10993,2024-04-28 02:00:00,-90.61095921145443
10994,2024-04-28 03:00:00,-188.1597987190239
10995,2024-04-28 04:00:00,-186.01445098462227
10996,2024-04-28 05:00:00,-97.49764283191621
10997,2024-04-28 06:00:00,16.162306145500224
10998,2024-04-28 07:00:00,106.6921987328235
10999,2024-04-28 08:00:00,185.0572198631353
11000,2024-04-28 09:00:00,300.91251156675355
11001,2024-04-28 10:00:00,473.55280043688936
11002,2024-04-28 11:00:00,647.8522723316219
11003,2024-04-28 12:00:00,728.9551512080263
11004,2024-04-28 13:00:00,670.8181292478349
11005,2024-04-28 14:00:00,533.9553050596976
11006,2024-04-28 15:00:00,449.4569984958242
11007,2024-04-28 16:00:00,512.7974198485813
11008,2024-04-28 17:00:00,699.9780444775924
11009,2024-04-28 18:00:00,882.2444451478306
11010,2024-04-28 19:00:00,927.4028930317578
11011,2024-04-28 20:00:00,798.5087801714433
11012,2024-04-28 21:00:00,566.7507541962585
11013,2024-04-28 22:00:00,336.9074718509943
11014,2024-04-28 23:00:00,161.59862151623201
11015,2024-04-29 00:00:00,342.2548503603714
11016,2024-04-29 01:00:00,201.03298090202168
11017,2024-04-29 02:00:00,63.881315115719644
11018,2024-04-29 03:00:00,-17.121387015940627
11019,2024-04-29 04:00:00,2.4287348150130583
11020,2024-04-29 05:00:00,109.05077706113548
11021,2024-04-29 06:00:00,241.3530467712734
11022,2024-04-29 07:00:00,350.89553437454254
11023,2024-04-29 08:00:00,448.4749582937188
11024,2024-04-29 09:00:00,583.5781311992905
11025,2024-04-29 10:00:00,775.3333644356678
11026,2024-04-29 11:00:00,968.4520847297497
11027,2024-04-29 12:00:00,1067.9211001819053
11028,2024-04-29 13:00:00,1027.546643188711
11029,2024-04-29 14:00:00,907.7008288826453
11030,2024-04-29 15:00:00,839.3418803910536
11031,2024-04-29 16:00:00,917.8230830127512
11032,2024-04-29 17:00:00,1119.0373040659065
11033,2024-04-29 18:00:00,1314.1348183650464
11034,2024-04-29 19:00:00,1370.8407397248257
11035,2024-04-29 20:00:00,1252.1441027417025
11036,2024-04-29 21:00:00,1029.1824792928746
11037,2024-04-29 22:00:00,806.6990320312307
11038,2024-04-29 23:00:00,637.2936532146564
11039,2024-04-30 00:00:00,502.0748128992383
11040,2024-04-30 01:00:00,363.8465737226077
11041,2024-04-30 02:00:00,228.26540068384497
11042,2024-04-30 03:00:00,147.45059191007113
11043,2024-04-30 04:00:00,165.8601544705656
11044,2024-04-30 05:00:00,270.0800351895847
11045,2024-04-30 06:00:00,398.797052699225
11046,2024-04-30 07:00:00,503.6602043007772
11047,2024-04-30 08:00:00,595.5644368736686
11048,2024-04-30 09:00:00,724.1026482168088
11049,2024-04-30 10:00:00,908.5156533034415
11050,2024-04-30 11:00:00,1093.6323078476496
11051,2024-04-30 12:00:00,1184.5602454559157
11052,2024-04-30 13:00:00,1135.228375426175
11053,2024-04-30 14:00:00,1006.1317990252398
11054,2024-04-30 15:00:00,928.3505150485109
11055,2024-04-30 16:00:00,997.3568953823532
11056,2024-04-30 17:00:00,1189.1587856835833
11057,2024-04-30 18:00:00,1375.0159883376114
11058,2024-04-30 19:00:00,1422.7564442176274
11059,2024-04-30 20:00:00,1295.464172561057
11060,2024-04-30 21:00:00,1064.362866592905
11061,2024-04-30 22:00:00,834.2720591103964
11062,2024-04-30 23:00:00,657.8575162283462
11063,2024-05-01 00:00:00,516.2824914204018
11064,2024-05-01 01:00:00,372.3943031628189
11065,2024-05-01 02:00:00,231.8808685027244
11066,2024-05-01 03:00:00,146.88102053353805
11067,2024-05-01 04:00:00,161.86043350399893
11068,2024-05-01 05:00:00,263.40106321103974
11069,2024-05-01 06:00:00,390.17444443893714
11070,2024-05-01 07:00:00,493.803512697326
11071,2024-05-01 08:00:00,585.1470309311127
11072,2024-05-01 09:00:00,713.7523777117374
11073,2024-05-01 10:00:00,898.806419269134
11074,2024-05-01 11:00:00,1085.0766447609376
11075,2024-05-01 12:00:00,1177.6030062013149
11076,2024-05-01 13:00:00,1130.241594317153
11077,2024-05-01 14:00:00,1003.4107917133099
11078,2024-05-01 15:00:00,928.1112564436262
11079,2024-05-01 16:00:00,999.7346991507676
11080,2024-05-01 17:00:00,1194.2082905532934
11081,2024-05-01 18:00:00,1382.712438401712
11082,2024-05-01 19:00:00,1432.9982327922437
11083,2024-05-01 20:00:00,1308.076601321113
11084,2024-05-01 21:00:00,1079.1030555331163
11085,2024-05-01 22:00:00,850.8349266144514
11086,2024-05-01 23:00:00,675.8827343413188
11087,2024-05-02 00:00:00,535.3623077236236
11088,2024-05-02 01:00:00,392.0821089396841
11089,2024-05-02 02:00:00,251.70038269034887
11090,2024-05-02 03:00:00,166.3359505638697
11091,2024-05-02 04:00:00,180.44446738448892
11092,2024-05-02 05:00:00,280.60804284977326
11093,2024-05-02 06:00:00,405.50856752394157
11094,2024-05-02 07:00:00,506.78940996275367
11095,2024-05-02 08:00:00,595.3395673158229
11096,2024-05-02 09:00:00,720.7460293714072
11097,2024-05-02 10:00:00,902.2440842095981
11098,2024-05-02 11:00:00,1084.657752316464
11099,2024-05-02 12:00:00,1173.0908000193738
11100,2024-05-02 13:00:00,1121.4694745847803
11101,2024-05-02 14:00:00,990.287615053833
11102,2024-05-02 15:00:00,910.6255060403419
11103,2024-05-02 16:00:00,977.9574528109962
11104,2024-05-02 17:00:00,1168.294930902101
11105,2024-05-02 18:00:00,1352.9030665039745
11106,2024-05-02 19:00:00,1399.6167640198069
11107,2024-05-02 20:00:00,1271.5285407021306
11108,2024-05-02 21:00:00,1039.8719676769429
11109,2024-05-02 22:00:00,809.4776336999059
11110,2024-05-02 23:00:00,633.0232930253742
11111,2024-05-03 00:00:00,491.68483327377294
11112,2024-05-03 01:00:00,348.32253112641183
11113,2024-05-03 02:00:00,208.63723322323926
11114,2024-05-03 03:00:00,124.7802958310383
11115,2024-05-03 04:00:00,141.22911325327289
11116,2024-05-03 05:00:00,244.57614893527364
11117,2024-05-03 06:00:00,373.50181787563884
11118,2024-05-03 07:00:00,479.63589460232913
11119,2024-05-03 08:00:00,573.8415343782607
11120,2024-05-03 09:00:00,705.6676711847068
11121,2024-05-03 10:00:00,894.2995219530507
11122,2024-05-03 11:00:00,1084.4993830334247
11123,2024-05-03 12:00:00,1181.298166819391
11124,2024-05-03 13:00:00,1138.5388160368927
11125,2024-05-03 14:00:00,1016.622242403666
11126,2024-05-03 15:00:00,946.5271480142482
11127,2024-05-03 16:00:00,1023.618696875453
11128,2024-05-03 17:00:00,1223.7928770826252
11129,2024-05-03 18:00:00,1418.1942957486722
11130,2024-05-03 19:00:00,1474.5337074572656
11131,2024-05-03 20:00:00,1355.7773192503446
11132,2024-05-03 21:00:00,1133.0317536623477
11133,2024-05-03 22:00:00,911.0015674530111
11134,2024-05-03 23:00:00,742.2409683503356
11135,2024-05-04 00:00:00,287.4883343968314
11136,2024-05-04 01:00:00,150.1260539139554
11137,2024-05-04 02:00:00,15.43012996088055
11138,2024-05-04 03:00:00,-64.54640407715397
11139,2024-05-04 04:00:00,-45.41462024688781
11140,2024-05-04 05:00:00,59.34058315436823
11141,2024-05-04 06:00:00,188.33449626981246
11142,2024-05-04 07:00:00,293.145007042934
11143,2024-05-04 08:00:00,384.59747965070346
11144,2024-05-04 09:00:00,512.217853534808
11145,2024-05-04 10:00:00,695.1836826176066
11146,2024-05-04 11:00:00,878.2652926362434
11147,2024-05-04 12:00:00,966.5174988151767
11148,2024-05-04 13:00:00,913.8230172285639
11149,2024-05-04 14:00:00,780.6382154421613
11150,2024-05-04 15:00:00,698.0125612965028
11151,2024-05-04 16:00:00,761.3967401445549
11152,2024-05-04 17:00:00,946.7862864695282
11153,2024-05-04 18:00:00,1125.4384789900323
11154,2024-05-04 19:00:00,1165.188809840595
11155,2024-05-04 20:00:00,1029.1390818723455
11156,2024-05-04 21:00:00,788.5410290447608
11157,2024-05-04 22:00:00,548.2523724360393
11158,2024-05-04 23:00:00,360.9869704891064
11159,2024-05-05 00:00:00,45.35513684793273
11160,2024-05-05 01:00:00,-110.50804201536062
11161,2024-05-05 02:00:00,-263.4501648693745
11162,2024-05-05 03:00:00,-361.24969675260513
11163,2024-05-05 04:00:00,-359.35145406896754
11164,2024-05-05 05:00:00,-271.0781108739711
11165,2024-05-05 06:00:00,-157.65793421168974
11166,2024-05-05 07:00:00,-67.36406900071393
11167,2024-05-05 08:00:00,10.768721746051597
11168,2024-05-05 09:00:00,126.3956318564833
11169,2024-05-05 10:00:00,298.81143948648753
11170,2024-05-05 11:00:00,472.8903817649664
11171,2024-05-05 12:00:00,553.7767336718211
11172,2024-05-05 13:00:00,495.42723813749126
11173,2024-05-05 14:00:00,358.35604424515543
11174,2024-05-05 15:00:00,273.653522018083
11175,2024-05-05 16:00:00,336.7939316583926
11176,2024-05-05 17:00:00,523.7787981310186
11177,2024-05-05 18:00:00,705.8537434976245
11178,2024-05-05 19:00:00,750.8250879344066
11179,2024-05-05 20:00:00,621.7482721762906
11180,2024-05-05 21:00:00,389.81199223613305
11181,2024-05-05 22:00:00,159.7949529000748
11182,2024-05-05 23:00:00,-15.683109700508112
11183,2024-05-06 00:00:00,327.41905989389954
11184,2024-05-06 01:00:00,186.03720947466263
11185,2024-05-06 02:00:00,48.73024864176523
11186,2024-05-06 03:00:00,-32.42301623723961
11187,2024-05-06 04:00:00,-13.018678823151731
11188,2024-05-06 05:00:00,93.46240301178477
11189,2024-05-06 06:00:00,225.6285816454713
11190,2024-05-06 07:00:00,335.0398924385747
11191,2024-05-06 08:00:00,432.49309842687614
11192,2024-05-06 09:00:00,567.4750564693167
11193,2024-05-06 10:00:00,759.1141217450149
11194,2024-05-06 11:00:00,952.1217644245704
11195,2024-05-06 12:00:00,1051.4848356728046
11196,2024-05-06 13:00:00,1011.0096105502407
11197,2024-05-06 14:00:00,891.0682464425911
11198,2024-05-06 15:00:00,822.6190083566796
11199,2024-05-06 16:00:00,901.0152230416576
11200,2024-05-06 17:00:00,1102.1497988589495
11201,2024-05-06 18:00:00,1297.173051245904
11202,2024-05-06 19:00:00,1353.8101342412947
11203,2024-05-06 20:00:00,1235.0501222086148
11204,2024-05-06 21:00:00,1012.0306263857963
11205,2024-05-06 22:00:00,789.4948483451349
11206,2024-05-06 23:00:00,620.0427188281019
11207,2024-05-07 00:00:00,484.78274592248465
11208,2024-05-07 01:00:00,346.519029858418
11209,2024-05-07 02:00:00,210.90807279138824
11210,2024-05-07 03:00:00,130.06920951912423
11211,2024-05-07 04:00:00,148.46048334468173
11212,2024-05-07 05:00:00,252.6678768577682
11213,2024-05-07 06:00:00,381.37824399462454
11214,2024-05-07 07:00:00,486.2406168663956
11215,2024-05-07 08:00:00,578.1499767153114
11216,2024-05-07 09:00:00,706.6992552264408
11217,2024-05-07 10:00:00,891.1293007437046
11218,2024-05-07 11:00:00,1076.2690018905378
11219,2024-05-07 12:00:00,1167.226024689404
11220,2024-05-07 13:00:00,1117.9293103708112
11221,2024-05-07 14:00:00,988.8739915994393
11222,2024-05-07 15:00:00,911.1400981143274
11223,2024-05-07 16:00:00,980.2000322035624
11224,2024-05-07 17:00:00,1172.0616694579887
11225,2024-05-07 18:00:00,1357.9848416295667
11226,2024-05-07 19:00:00,1405.79751849815
11227,2024-05-07 20:00:00,1278.5837476518152
11228,2024-05-07 21:00:00,1047.5672501645884
11229,2024-05-07 22:00:00,817.5675861522612
11230,2024-05-07 23:00:00,641.2505485213717
11231,2024-05-08 00:00:00,499.77941699798396
11232,2024-05-08 01:00:00,356.0015357826052
11233,2024-05-08 02:00:00,215.60484712407003
11234,2024-05-08 03:00:00,130.72820874640092
11235,2024-05-08 04:00:00,145.83731900749103
11236,2024-05-08 05:00:00,247.5141572624766
11237,2024-05-08 06:00:00,374.43028130884056
11238,2024-05-08 07:00:00,478.2086490977198
11239,2024-05-08 08:00:00,569.7080454905271
11240,2024-05-08 09:00:00,698.4758703978649
11241,2024-05-08 10:00:00,883.6990108335532
11242,2024-05-08 11:00:00,1070.1449761746521
11243,2024-05-08 12:00:00,1162.8537380997302
11244,2024-05-08 13:00:00,1115.6814064249734
11245,2024-05-08 14:00:00,989.0463822619545
11246,2024-05-08 15:00:00,913.9493416278287
11247,2024-05-08 16:00:00,985.7820125317991
11248,2024-05-08 17:00:00,1180.4715824739778
11249,2024-05-08 18:00:00,1369.1984754556388
11250,2024-05-08 19:00:00,1419.7137971858053
11251,2024-05-08 20:00:00,1295.0284903126849
11252,2024-05-08 21:00:00,1066.2980808478808
11253,2024-05-08 22:00:00,838.2799138650391
11254,2024-05-08 23:00:00,663.58452242837
11255,2024-05-09 00:00:00,523.3277482468781
11256,2024-05-09 01:00:00,380.3180655993516
11257,2024-05-09 02:00:00,240.21373071605888
11258,2024-05-09 03:00:00,155.13357608218018
11259,2024-05-09 04:00:00,169.53326684924025
11260,2024-05-09 05:00:00,269.99492243676093
11261,2024-05-09 06:00:00,395.2004425204866
11262,2024-05-09 07:00:00,496.79320417423105
11263,2024-05-09 08:00:00,585.6622124562209
11264,2024-05-09 09:00:00,711.3944644684871
11265,2024-05-09 10:00:00,893.2252549772162
11266,2024-05-09 11:00:00,1075.9786105782434
11267,2024-05-09 12:00:00,1164.75830306797
11268,2024-05-09 13:00:00,1113.4905845923474
11269,2024-05-09 14:00:00,982.6692984557
11270,2024-05-09 15:00:00,903.3747329247458
11271,2024-05-09 16:00:00,971.0811962969249
11272,2024-05-09 17:00:00,1161.800166537907
11273,2024-05-09 18:00:00,1346.796771643931
11274,2024-05-09 19:00:00,1393.905917213011
11275,2024-05-09 20:00:00,1266.2201210800124
11276,2024-05-09 21:00:00,1034.9729543244482
11277,2024-05-09 22:00:00,804.9950050612993
11278,2024-05-09 23:00:00,628.9640262515869
11279,2024-05-10 00:00:00,488.05590364103466
11280,2024-05-10 01:00:00,345.1309113946313
11281,2024-05-10 02:00:00,205.8898930236561
11282,2024-05-10 03:00:00,122.48420104573245
11283,2024-05-10 04:00:00,139.39122540244603
11284,2024-05-10 05:00:00,243.2034245485138
11285,2024-05-10 06:00:00,372.60120787850974
11286,2024-05-10 07:00:00,479.21434369515157
11287,2024-05-10 08:00:00,573.9059804135416
11288,2024-05-10 09:00:00,706.225044553202
11289,2024-05-10 10:00:00,895.3567449619854
11290,2024-05-10 11:00:00,1086.0633692917793
11291,2024-05-10 12:00:00,1183.3758206042307
11292,2024-05-10 13:00:00,1141.1370316985085
11293,2024-05-10 14:00:00,1019.7479037152111
11294,2024-05-10 15:00:00,950.1871275950532
11295,2024-05-10 16:00:00,1027.8198555407969
11296,2024-05-10 17:00:00,1228.5420632419257
11297,2024-05-10 18:00:00,1423.4983447846976
11298,2024-05-10 19:00:00,1480.399441113273
11299,2024-05-10 20:00:00,1362.2115450186154
11300,2024-05-10 21:00:00,1140.0412641615762
11301,2024-05-10 22:00:00,918.5931398336635
11302,2024-05-10 23:00:00,750.4213636528043
11303,2024-05-11 00:00:00,296.2642969739568
11304,2024-05-11 01:00:00,159.50431079981433
11305,2024-05-11 02:00:00,25.417390268228246
11306,2024-05-11 03:00:00,-53.94344976610137
11307,2024-05-11 04:00:00,-34.18930047776871
11308,2024-05-11 05:00:00,71.19492009058331
11309,2024-05-11 06:00:00,200.8244817410673
11310,2024-05-11 07:00:00,306.2772514723648
11311,2024-05-11 08:00:00,398.378571912286
11312,2024-05-11 09:00:00,526.6543603658524
11313,2024-05-11 10:00:00,710.2821479980864
11314,2024-05-11 11:00:00,894.0322372264088
11315,2024-05-11 12:00:00,982.9594193271984
11316,2024-05-11 13:00:00,930.9463858559642
11317,2024-05-11 14:00:00,798.4494792718635
11318,2024-05-11 15:00:00,716.5181416880594
11319,2024-05-11 16:00:00,780.6030321847792
11320,2024-05-11 17:00:00,966.699658359634
11321,2024-05-11 18:00:00,1146.0652714777657
11322,2024-05-11 19:00:00,1186.535335643854
11323,2024-05-11 20:00:00,1051.2116250711692
11324,2024-05-11 21:00:00,811.3458445348017
11325,2024-05-11 22:00:00,571.7956853506896
11326,2024-05-11 23:00:00,385.27497560260656
11327,2024-05-12 00:00:00,233.0045589404126
11328,2024-05-12 01:00:00,77.89836856015177
11329,2024-05-12 02:00:00,-74.28066545547631
11330,2024-05-12 03:00:00,-171.3110407449683
11331,2024-05-12 04:00:00,-168.63760687436297
11332,2024-05-12 05:00:00,-79.58307161148605
11333,2024-05-12 06:00:00,34.62426370898356
11334,2024-05-12 07:00:00,125.71121936440875
11335,2024-05-12 08:00:00,204.6429969577407
11336,2024-05-12 09:00:00,321.07475440310475
11337,2024-05-12 10:00:00,494.30123339387876
11338,2024-05-12 11:00:00,669.1966340574238
11339,2024-05-12 12:00:00,750.905193842176
11340,2024-05-12 13:00:00,693.3836175995003
11341,2024-05-12 14:00:00,557.14601582103
11342,2024-05-12 15:00:00,473.28271939928106
11343,2024-05-12 16:00:00,537.2679488832056
11344,2024-05-12 17:00:00,725.103189058012
11345,2024-05-12 18:00:00,908.0340213112163
11346,2024-05-12 19:00:00,953.8667245961026
11347,2024-05-12 20:00:00,825.6566979444049
11348,2024-05-12 21:00:00,594.5925951423993
11349,2024-05-12 22:00:00,365.45307825225086
11350,2024-05-12 23:00:00,190.85784018605818
11351,2024-05-13 00:00:00,372.2375317559365
11352,2024-05-13 01:00:00,231.74897836730554
11353,2024-05-13 02:00:00,95.34048399980611
11354,2024-05-13 03:00:00,15.090809833724961
11355,2024-05-13 04:00:00,35.40381653752888
11356,2024-05-13 05:00:00,142.7986000954112
11357,2024-05-13 06:00:00,275.8834662470555
11358,2024-05-13 07:00:00,386.21840327724544
11359,2024-05-13 08:00:00,484.60012665384784
11360,2024-05-13 09:00:00,620.5154452184948
11361,2024-05-13 10:00:00,813.0926656564202
11362,2024-05-13 11:00:00,1007.0432092457772
11363,2024-05-13 12:00:00,1107.353877733214
11364,2024-05-13 13:00:00,1067.8308963591921
11365,2024-05-13 14:00:00,948.846372249206
11366,2024-05-13 15:00:00,881.3585197030534
11367,2024-05-13 16:00:00,960.7206143314622
11368,2024-05-13 17:00:00,1162.825512922979
11369,2024-05-13 18:00:00,1358.8234789433557
11370,2024-05-13 19:00:00,1416.4396140032752
11371,2024-05-13 20:00:00,1298.6629396558508
11372,2024-05-13 21:00:00,1076.631013899624
11373,2024-05-13 22:00:00,855.0869846703207
11374,2024-05-13 23:00:00,686.6307286683011
11375,2024-05-14 00:00:00,552.3706995412653
11376,2024-05-14 01:00:00,415.11094269770365
11377,2024-05-14 02:00:00,280.50790506875126
11378,2024-05-14 03:00:00,200.68086585678122
11379,2024-05-14 04:00:00,220.0878123891772
11380,2024-05-14 05:00:00,325.3146709128682
11381,2024-05-14 06:00:00,455.0482386301303
11382,2024-05-14 07:00:00,560.9374905925794
11383,2024-05-14 08:00:00,653.877350591137
11384,2024-05-14 09:00:00,783.4606925259352
11385,2024-05-14 10:00:00,968.9283065985476
11386,2024-05-14 11:00:00,1155.109022949368
11387,2024-05-14 12:00:00,1247.1104487835373
11388,2024-05-14 13:00:00,1198.861466169613
11389,2024-05-14 14:00:00,1070.857148305657
11390,2024-05-14 15:00:00,994.177465106743
11391,2024-05-14 16:00:00,1064.2947587511885
11392,2024-05-14 17:00:00,1257.2168443916673
11393,2024-05-14 18:00:00,1444.2034930350862
11394,2024-05-14 19:00:00,1493.082613419126
11395,2024-05-14 20:00:00,1366.9381917857233
11396,2024-05-14 21:00:00,1136.99388758846
11397,2024-05-14 22:00:00,908.0691990051432
11398,2024-05-14 23:00:00,732.8298567589732
11399,2024-05-15 00:00:00,761.06807009467
11400,2024-05-15 01:00:00,618.3731364662855
11401,2024-05-15 02:00:00,479.061927106951
11402,2024-05-15 03:00:00,395.2732364873084
11403,2024-05-15 04:00:00,411.47269942931325
11404,2024-05-15 05:00:00,514.2422315140061
11405,2024-05-15 06:00:00,642.253326533584
11406,2024-05-15 07:00:00,747.1288781850446
11407,2024-05-15 08:00:00,839.7276068462172
11408,2024-05-15 09:00:00,969.5968477122881
11409,2024-05-15 10:00:00,1155.9234228841722
11410,2024-05-15 11:00:00,1343.4747765765526
11411,2024-05-15 12:00:00,1437.2908151201168
11412,2024-05-15 13:00:00,1391.227582774704
11413,2024-05-15 14:00:00,1265.7034149017477
11414,2024-05-15 15:00:00,1191.7189215561625
11415,2024-05-15 16:00:00,1264.6657646231445
11416,2024-05-15 17:00:00,1460.4710652902977
11417,2024-05-15 18:00:00,1650.3151810586405
11418,2024-05-15 19:00:00,1701.9491509801244
11419,2024-05-15 20:00:00,1578.383850888449
11420,2024-05-15 21:00:00,1350.7747397936148
11421,2024-05-15 22:00:00,1123.8790956459247
11422,2024-05-15 23:00:00,950.3073842354792
11423,2024-05-16 00:00:00,642.5463878510816
11424,2024-05-16 01:00:00,500.66249719411667
11425,2024-05-16 02:00:00,361.68490882425226
11426,2024-05-16 03:00:00,277.7323874285497
11427,2024-05-16 04:00:00,293.2605302189356
11428,2024-05-16 05:00:00,394.8513885757194
11429,2024-05-16 06:00:00,521.1867940397435
11430,2024-05-16 07:00:00,623.9100554394862
11431,2024-05-16 08:00:00,713.9101094957084
11432,2024-05-16 09:00:00,840.7738848794106
11433,2024-05-16 10:00:00,1023.7366078651513
11434,2024-05-16 11:00:00,1207.6222364481077
11435,2024-05-16 12:00:00,1297.534473776346
11436,2024-05-16 13:00:00,1247.3995032775415
11437,2024-05-16 14:00:00,1117.7110994845482
11438,2024-05-16 15:00:00,1039.549481816947
11439,2024-05-16 16:00:00,1108.3888897071438
11440,2024-05-16 17:00:00,1300.2407322022145
11441,2024-05-16 18:00:00,1486.3700683368158
11442,2024-05-16 19:00:00,1534.6117347275085
11443,2024-05-16 20:00:00,1408.058180202518
11444,2024-05-16 21:00:00,1177.942906823566
11445,2024-05-16 22:00:00,949.0964336514642
11446,2024-05-16 23:00:00,774.19644462162
11447,2024-05-17 00:00:00,634.4187564306823
11448,2024-05-17 01:00:00,492.6235742060052
11449,2024-05-17 02:00:00,354.5116724283829
11450,2024-05-17 03:00:00,272.2343346225898
11451,2024-05-17 04:00:00,290.26888173406803
11452,2024-05-17 05:00:00,395.20770325356875
11453,2024-05-17 06:00:00,525.7311396808967
11454,2024-05-17 07:00:00,633.4688904201747
11455,2024-05-17 08:00:00,729.2840350588718
11456,2024-05-17 09:00:00,862.7254313296664
11457,2024-05-17 10:00:00,1052.978219375535
11458,2024-05-17 11:00:00,1244.8046181713341
11459,2024-05-17 12:00:00,1343.2354622013647
11460,2024-05-17 13:00:00,1302.1136157480387
11461,2024-05-17 14:00:00,1181.8399115233992
11462,2024-05-17 15:00:00,1113.392972124191
11463,2024-05-17 16:00:00,1192.1378814909285
11464,2024-05-17 17:00:00,1393.970547188036
11465,2024-05-17 18:00:00,1590.0354952183209
11466,2024-05-17 19:00:00,1648.0433986133353
11467,2024-05-17 20:00:00,1530.9603823247874
11468,2024-05-17 21:00:00,1309.8929863187252
11469,2024-05-17 22:00:00,1089.545684311401
11470,2024-05-17 23:00:00,922.4726004793661
11471,2024-05-18 00:00:00,469.41202886702865
11472,2024-05-18 01:00:00,333.74627331408146
11473,2024-05-18 02:00:00,200.75125196253623
11474,2024-05-18 03:00:00,122.47991279254074
11475,2024-05-18 04:00:00,143.3210979385667
11476,2024-05-18 05:00:00,249.78982282706238
11477,2024-05-18 06:00:00,380.5012909054685
11478,2024-05-18 07:00:00,487.033302975174
11479,2024-05-18 08:00:00,580.2111356761609
11480,2024-05-18 09:00:00,709.56064049533
11481,2024-05-18 10:00:00,894.2592829759237
11482,2024-05-18 11:00:00,1079.0773001108385
11483,2024-05-18 12:00:00,1169.0694179642053
11484,2024-05-18 13:00:00,1118.1182630824028
11485,2024-05-18 14:00:00,986.680113115181
11486,2024-05-18 15:00:00,905.8043456164388
11487,2024-05-18 16:00:00,970.9415553089459
11488,2024-05-18 17:00:00,1158.0871856677825
11489,2024-05-18 18:00:00,1338.4984240669514
11490,2024-05-18 19:00:00,1380.0106709799095
11491,2024-05-18 20:00:00,1245.7256372050301
11492,2024-05-18 21:00:00,1006.8949643913155
11493,2024-05-18 22:00:00,768.3762809124294
11494,2024-05-18 23:00:00,582.883352268074
11495,2024-05-19 00:00:00,431.63695971790423
11496,2024-05-19 01:00:00,277.55097436883716
11497,2024-05-19 02:00:00,126.3882644725627
11498,2024-05-19 03:00:00,30.37027085727368
11499,2024-05-19 04:00:00,34.052082699513676
11500,2024-05-19 05:00:00,124.1109312670053
11501,2024-05-19 06:00:00,239.31845456013934
11502,2024-05-19 07:00:00,331.40141247019767
11503,2024-05-19 08:00:00,411.3249465499176
11504,2024-05-19 09:00:00,528.7441549529466
11505,2024-05-19 10:00:00,702.9537199290266
11506,2024-05-19 11:00:00,878.8277824804518
11507,2024-05-19 12:00:00,961.5105212605232
11508,2024-05-19 13:00:00,904.9585826505268
11509,2024-05-19 14:00:00,769.6860189874851
11510,2024-05-19 15:00:00,686.7831033784826
11511,2024-05-19 16:00:00,751.7239989042903
11512,2024-05-19 17:00:00,940.510133233124
11513,2024-05-19 18:00:00,1124.38703098145
11514,2024-05-19 19:00:00,1171.1609147076451
11515,2024-05-19 20:00:00,1043.887127376311
11516,2024-05-19 21:00:00,813.7542670913234
11517,2024-05-19 22:00:00,585.540940593623
11518,2024-05-19 23:00:00,411.8667858463456
11519,2024-05-20 00:00:00,594.1623990821425
11520,2024-05-20 01:00:00,454.5845515100832
11521,2024-05-20 02:00:00,319.0814933200545
11522,2024-05-20 03:00:00,239.73193223704993
11523,2024-05-20 04:00:00,260.93967592030094
11524,2024-05-20 05:00:00,369.2237677143163
11525,2024-05-20 06:00:00,503.19246111798543
11526,2024-05-20 07:00:00,614.40569260207
11527,2024-05-20 08:00:00,713.6601261892295
11528,2024-05-20 09:00:00,850.4425197224157
11529,2024-05-20 10:00:00,1043.8811292790183
11530,2024-05-20 11:00:00,1238.6873259597842
11531,2024-05-20 12:00:00,1339.847861754602
11532,2024-05-20 13:00:00,1301.1689125732823
11533,2024-05-20 14:00:00,1183.0225366390607
11534,2024-05-20 15:00:00,1116.3668997846914
11535,2024-05-20 16:00:00,1196.5552295816137
11536,2024-05-20 17:00:00,1399.4803352284875
11537,2024-05-20 18:00:00,1596.2924330375174
11538,2024-05-20 19:00:00,1654.716577915589
11539,2024-05-20 20:00:00,1537.7417451644253
11540,2024-05-20 21:00:00,1316.5054469739598
11541,2024-05-20 22:00:00,1095.7507859470998
11542,2024-05-20 23:00:00,928.0775938787042
11543,2024-05-21 00:00:00,794.5942800066819
11544,2024-05-21 01:00:00,658.1048457740444
11545,2024-05-21 02:00:00,524.2656946201155
11546,2024-05-21 03:00:00,445.19606272559975
11547,2024-05-21 04:00:00,465.3538948764523
11548,2024-05-21 05:00:00,571.3250752453868
11549,2024-05-21 06:00:00,701.7963594466196
11550,2024-05-21 07:00:00,808.4166814238145
11551,2024-05-21 08:00:00,902.0809243423815
11552,2024-05-21 09:00:00,1032.3819219732825
11553,2024-05-21 10:00:00,1218.5604248600112
11554,2024-05-21 11:00:00,1405.4452239980144
11555,2024-05-21 12:00:00,1498.1438879478574
11556,2024-05-21 13:00:00,1450.5852605972007
11557,2024-05-21 14:00:00,1323.2643774935639
11558,2024-05-21 15:00:00,1247.261171395923
11559,2024-05-21 16:00:00,1318.0479478223613
11560,2024-05-21 17:00:00,1511.6324857835662
11561,2024-05-21 18:00:00,1699.2745206460045
11562,2024-05-21 19:00:00,1748.8019260204376
11563,2024-05-21 20:00:00,1623.2986535386806
11564,2024-05-21 21:00:00,1393.9883285477829
11565,2024-05-21 22:00:00,1165.690415670419
11566,2024-05-21 23:00:00,991.0706125093385
11567,2024-05-22 00:00:00,851.292103820143
11568,2024-05-22 01:00:00,709.2021390183044
11569,2024-05-22 02:00:00,570.4885658409196
11570,2024-05-22 03:00:00,487.2901477871451
11571,2024-05-22 04:00:00,504.07248924259375
11572,2024-05-22 05:00:00,607.417475869905
11573,2024-05-22 06:00:00,735.9965720809159
11574,2024-05-22 07:00:00,841.4326427222079
11575,2024-05-22 08:00:00,934.5843798515291
11576,2024-05-22 09:00:00,1064.9990908904047
11577,2024-05-22 10:00:00,1251.8635706786442
11578,2024-05-22 11:00:00,1439.9452367420536
11579,2024-05-22 12:00:00,1534.2839692255302
11580,2024-05-22 13:00:00,1488.735786765537
11581,2024-05-22 14:00:00,1363.7189996348438
11582,2024-05-22 15:00:00,1290.2341933435835
11583,2024-05-22 16:00:00,1363.6730057674406
11584,2024-05-22 17:00:00,1559.9625346365806
11585,2024-05-22 18:00:00,1750.283114534665
11586,2024-05-22 19:00:00,1802.385762143818
11587,2024-05-22 20:00:00,1679.281331477935
11588,2024-05-22 21:00:00,1452.1252602632264
11589,2024-05-22 22:00:00,1225.6748057338568
11590,2024-05-22 23:00:00,1052.5404134905623
11591,2024-05-23 00:00:00,913.8378381785741
11592,2024-05-23 01:00:00,772.3754674375859
11593,2024-05-23 02:00:00,633.8114712855736
11594,2024-05-23 03:00:00,550.2645964291204
11595,2024-05-23 04:00:00,566.1904226438974
11596,2024-05-23 05:00:00,668.1709844400979
11597,2024-05-23 06:00:00,794.8880970106707
11598,2024-05-23 07:00:00,897.9850534176861
11599,2024-05-23 08:00:00,988.3507751623836
11600,2024-05-23 09:00:00,1115.5721762255885
11601,2024-05-23 10:00:00,1298.8844687614246
11602,2024-05-23 11:00:00,1483.1115971916388
11603,2024-05-23 12:00:00,1573.3572516463898
11604,2024-05-23 13:00:00,1523.5476030751424
11605,2024-05-23 14:00:00,1394.1764141005917
11606,2024-05-23 15:00:00,1316.323892770681
11607,2024-05-23 16:00:00,1385.4642676989158
11608,2024-05-23 17:00:00,1577.6089376578054
11609,2024-05-23 18:00:00,1764.022951977884
11610,2024-05-23 19:00:00,1812.5411380904898
11611,2024-05-23 20:00:00,1686.2559362130469
11612,2024-05-23 21:00:00,1456.4008403317375
11613,2024-05-23 22:00:00,1227.8063619842412
11614,2024-05-23 23:00:00,1053.1501781276643
11615,2024-05-24 00:00:00,913.6080990236701
11616,2024-05-24 01:00:00,772.0403239198813
11617,2024-05-24 02:00:00,634.1476219474388
11618,2024-05-24 03:00:00,552.0812718360279
11619,2024-05-24 04:00:00,570.3185902759437
11620,2024-05-24 05:00:00,675.4519630498523
11621,2024-05-24 06:00:00,806.1617274688483
11622,2024-05-24 07:00:00,914.077580322807
11623,2024-05-24 08:00:00,1010.0625990868411
11624,2024-05-24 09:00:00,1143.6656399607928
11625,2024-05-24 10:00:00,1334.071842044472
11626,2024-05-24 11:00:00,1526.0434238333764
11627,2024-05-24 12:00:00,1624.6112198615228
11628,2024-05-24 13:00:00,1583.6180949877942
11629,2024-05-24 14:00:00,1463.464883040308
11630,2024-05-24 15:00:00,1395.1302082544853
11631,2024-05-24 16:00:00,1473.9791567382117
11632,2024-05-24 17:00:00,1675.9076387423602
11633,2024-05-24 18:00:00,1872.0601835067162
11634,2024-05-24 19:00:00,1930.147467784818
11635,2024-05-24 20:00:00,1813.1356208051884
11636,2024-05-24 21:00:00,1592.1311873107372
11637,2024-05-24 22:00:00,1371.8386463212096
11638,2024-05-24 23:00:00,1204.8121278290996
11639,2024-05-25 00:00:00,751.7899322062295
11640,2024-05-25 01:00:00,616.1543701434374
11641,2024-05-25 02:00:00,483.1813671261325
11642,2024-05-25 03:00:00,404.92387899872335
11643,2024-05-25 04:00:00,425.7707562629331
11644,2024-05-25 05:00:00,532.2370232220072
11645,2024-05-25 06:00:00,662.9378926808699
11646,2024-05-25 07:00:00,769.4511753297929
11647,2024-05-25 08:00:00,862.6021581694445
11648,2024-05-25 09:00:00,991.9167035544448
11649,2024-05-25 10:00:00,1176.5722883835465
11650,2024-05-25 11:00:00,1361.3391614971993
11651,2024-05-25 12:00:00,1451.2720612982466
11652,2024-05-25 13:00:00,1400.2536271473432
11653,2024-05-25 14:00:00,1268.7401500074343
11654,2024-05-25 15:00:00,1187.7810212136967
11655,2024-05-25 16:00:00,1252.8268497506097
11656,2024-05-25 17:00:00,1439.8730938164235
11657,2024-05-25 18:00:00,1620.1769560343198
11658,2024-05-25 19:00:00,1661.573852517396
11659,2024-05-25 20:00:00,1527.1655102301172
11660,2024-05-25 21:00:00,1288.2035874287974
11661,2024-05-25 22:00:00,1049.5457295627555
11662,2024-05-25 23:00:00,863.9057196631779
11663,2024-05-26 00:00:00,712.5043569845714
11664,2024-05-26 01:00:00,558.2555310500228
11665,2024-05-26 02:00:00,406.92212902130154
11666,2024-05-26 03:00:00,310.7256110696102
11667,2024-05-26 04:00:00,314.22108613637033
11668,2024-05-26 05:00:00,404.0858057248155
11669,2024-05-26 06:00:00,519.0914284881705
11670,2024-05-26 07:00:00,610.9647354147912
11671,2024-05-26 08:00:00,690.6708895830511
11672,2024-05-26 09:00:00,807.8650110948188
11673,2024-05-26 10:00:00,981.8418045943587
11674,2024-05-26 11:00:00,1157.475433868401
11675,2024-05-26 12:00:00,1239.9101007957245
11676,2024-05-26 13:00:00,1183.1024753927195
11677,2024-05-26 14:00:00,1047.5666340486334
11678,2024-05-26 15:00:00,964.3928743087599
11679,2024-05-26 16:00:00,1029.055384125458
11680,2024-05-26 17:00:00,1217.5556164291106
11681,2024-05-26 18:00:00,1401.1391214858602
11682,2024-05-26 19:00:00,1447.6121479097387
11683,2024-05-26 20:00:00,1320.030065110113
11684,2024-05-26 21:00:00,1089.5814980281104
11685,2024-05-26 22:00:00,861.045080603247
11686,2024-05-26 23:00:00,687.0404784095356
11687,2024-05-27 00:00:00,868.9983156439125
11688,2024-05-27 01:00:00,729.075391858815
11689,2024-05-27 02:00:00,593.2199859510737
11690,2024-05-27 03:00:00,513.5108347400123
11691,2024-05-27 04:00:00,534.3517753104302
11692,2024-05-27 05:00:00,642.2618807966219
11693,2024-05-27 06:00:00,775.8494348739646
11694,2024-05-27 07:00:00,886.674404493687
11695,2024-05-27 08:00:00,985.533484531363
11696,2024-05-27 09:00:00,1121.9134640015614
11697,2024-05-27 10:00:00,1314.9426305601883
11698,2024-05-27 11:00:00,1509.3323871180778
11699,2024-05-27 12:00:00,1610.0695178768883
11700,2024-05-27 13:00:00,1570.9602312730594
11701,2024-05-27 14:00:00,1452.3766183571956
11702,2024-05-27 15:00:00,1385.276878127966
11703,2024-05-27 16:00:00,1465.0142716363048
11704,2024-05-27 17:00:00,1667.4816418695416
11705,2024-05-27 18:00:00,1863.8292392220242
11706,2024-05-27 19:00:00,1921.7821529986338
11707,2024-05-27 20:00:00,1804.3293931949092
11708,2024-05-27 21:00:00,1582.6085069940982
11709,2024-05-27 22:00:00,1361.3626322600928
11710,2024-05-27 23:00:00,1193.1916363668454
11711,2024-05-28 00:00:00,1059.2039643907287
11712,2024-05-28 01:00:00,922.2036538964603
11713,2024-05-28 02:00:00,787.8471447140006
11714,2024-05-28 03:00:00,708.2537097039212
11715,2024-05-28 04:00:00,727.8813305702091
11716,2024-05-28 05:00:00,833.3159286731438
11717,2024-05-28 06:00:00,963.2442970829363
11718,2024-05-28 07:00:00,1069.3154074400225
11719,2024-05-28 08:00:00,1162.4241808561485
11720,2024-05-28 09:00:00,1292.1634892892014
11721,2024-05-28 10:00:00,1477.774121727882
11722,2024-05-28 11:00:00,1664.0849078178267
11723,2024-05-28 12:00:00,1756.2034550211074
11724,2024-05-28 13:00:00,1708.0586463502732
11725,2024-05-28 14:00:00,1580.1455567078258
11726,2024-05-28 15:00:00,1503.5441583914258
11727,2024-05-28 16:00:00,1573.726796717542
11728,2024-05-28 17:00:00,1766.7012906816892
11729,2024-05-28 18:00:00,1953.7274158247687
11730,2024-05-28 19:00:00,2002.6330861790511
11731,2024-05-28 20:00:00,1876.5022939388432
11732,2024-05-28 21:00:00,1646.558705241759
11733,2024-05-28 22:00:00,1417.621825678435
11734,2024-05-28 23:00:00,1242.3573940041979
11735,2024-05-29 00:00:00,1101.928636298321
11736,2024-05-29 01:00:00,959.182843492378
11737,2024-05-29 02:00:00,819.8079049756886
11738,2024-05-29 03:00:00,735.942626107998
11739,2024-05-29 04:00:00,752.0526532701931
11740,2024-05-29 05:00:00,854.7199142841798
11741,2024-05-29 06:00:00,982.6159158781368
11742,2024-05-29 07:00:00,1087.3635653437796
11743,2024-05-29 08:00:00,1179.8215973567462
11744,2024-05-29 09:00:00,1309.537362076323
11745,2024-05-29 10:00:00,1495.6976972200657
11746,2024-05-29 11:00:00,1683.0700633207207
11747,2024-05-29 12:00:00,1776.6943836655466
11748,2024-05-29 13:00:00,1730.426720148967
11749,2024-05-29 14:00:00,1604.685426407153
11750,2024-05-29 15:00:00,1530.4711314543413
11751,2024-05-29 16:00:00,1603.175516758819
11752,2024-05-29 17:00:00,1798.725723753504
11753,2024-05-29 18:00:00,1988.3021308186028
11754,2024-05-29 19:00:00,2039.6557985535374
11755,2024-05-29 20:00:00,1915.7976249478538
11756,2024-05-29 21:00:00,1687.8830918148744
11757,2024-05-29 22:00:00,1460.6695005513723
11758,2024-05-29 23:00:00,1286.767341001073
11759,2024-05-30 00:00:00,1147.2924121206133
11760,2024-05-30 01:00:00,1005.0531459349688
11761,2024-05-30 02:00:00,865.7077569313448
11762,2024-05-30 03:00:00,781.3750363145489
11763,2024-05-30 04:00:00,796.5106084394878
11764,2024-05-30 05:00:00,897.6965524441157
11765,2024-05-30 06:00:00,1023.6147281974431
11766,2024-05-30 07:00:00,1125.908473483637
11767,2024-05-30 08:00:00,1215.4667545663158
11768,2024-05-30 09:00:00,1341.8765302250094
11769,2024-05-30 10:00:00,1524.373057433099
11770,2024-05-30 11:00:00,1707.7803255087229
11771,2024-05-30 12:00:00,1797.202069435325
11772,2024-05-30 13:00:00,1746.5645050825535
11773,2024-05-30 14:00:00,1616.3614399804055
11774,2024-05-30 15:00:00,1537.6731271285157
11775,2024-05-30 16:00:00,1605.9738400764197
11776,2024-05-30 17:00:00,1797.2750225419484
11777,2024-05-30 18:00:00,1982.8417687978438
11778,2024-05-30 19:00:00,2030.5089512325153
11779,2024-05-30 20:00:00,1903.36905498582
11780,2024-05-30 21:00:00,1672.6556189729822
11781,2024-05-30 22:00:00,1443.199199640042
11782,2024-05-30 23:00:00,1267.6775188342094
11783,2024-05-31 00:00:00,1127.2664316749247
11784,2024-05-31 01:00:00,984.8261822475195
11785,2024-05-31 02:00:00,846.0575845030329
11786,2024-05-31 03:00:00,763.111961926601
11787,2024-05-31 04:00:00,780.4666759463912
11788,2024-05-31 05:00:00,884.7141570357594
11789,2024-05-31 06:00:00,1014.5347871535477
11790,2024-05-31 07:00:00,1121.5583076674523
11791,2024-05-31 08:00:00,1216.6478406075003
11792,2024-05-31 09:00:00,1349.3522866492935
11793,2024-05-31 10:00:00,1538.8568293123476
11794,2024-05-31 11:00:00,1729.9237314380853
11795,2024-05-31 12:00:00,1827.5838718767702
11796,2024-05-31 13:00:00,1785.6801596800876
11797,2024-05-31 14:00:00,1664.6134728092097
11798,2024-05-31 15:00:00,1595.3624795778833
11799,2024-05-31 16:00:00,1673.2923100628664
11800,2024-05-31 17:00:00,1874.2989184065896
11801,2024-05-31 18:00:00,2069.526877650087
11802,2024-05-31 19:00:00,2126.6869082574044
11803,2024-05-31 20:00:00,2008.7451830679395
11804,2024-05-31 21:00:00,1786.8082903356935
11805,2024-05-31 22:00:00,1565.5807525006542
11806,2024-05-31 23:00:00,1397.6167428412673
11807,2024-06-01 00:00:00,943.6546049357337
11808,2024-06-01 01:00:00,807.0766925500068
11809,2024-06-01 02:00:00,673.1589741333405
11810,2024-06-01 03:00:00,593.9544483726398
11811,2024-06-01 04:00:00,613.8520084985196
11812,2024-06-01 05:00:00,719.3667214047659
11813,2024-06-01 06:00:00,849.113842365949
11814,2024-06-01 07:00:00,954.6712244084632
11815,2024-06-01 08:00:00,1046.864196730493
11816,2024-06-01 09:00:00,1175.2186637579432
11817,2024-06-01 10:00:00,1358.9121442968362
11818,2024-06-01 11:00:00,1542.7149289852073
11819,2024-06-01 12:00:00,1631.6817978410618
11820,2024-06-01 13:00:00,1579.6954317139757
11821,2024-06-01 14:00:00,1447.2121628970688
11822,2024-06-01 15:00:00,1365.281423902623
11823,2024-06-01 16:00:00,1429.353864725152
11824,2024-06-01 17:00:00,1615.4249844233009
11825,2024-06-01 18:00:00,1794.7520263100778
11826,2024-06-01 19:00:00,1835.1704470255825
11827,2024-06-01 20:00:00,1699.7820139085873
11828,2024-06-01 21:00:00,1459.838425356585
11829,2024-06-01 22:00:00,1220.1973668843739
11830,2024-06-01 23:00:00,1033.5726613277052
11831,2024-06-02 00:00:00,881.1851476126237
11832,2024-06-02 01:00:00,725.9487547349481
11833,2024-06-02 02:00:00,573.6264091485018
11834,2024-06-02 03:00:00,476.4396101299867
11835,2024-06-02 04:00:00,478.94350554437096
11836,2024-06-02 05:00:00,567.815385618465
11837,2024-06-02 06:00:00,681.8269475430416
11838,2024-06-02 07:00:00,772.7050106418593
11839,2024-06-02 08:00:00,851.4147761464144
11840,2024-06-02 09:00:00,967.6114020954266
11841,2024-06-02 10:00:00,1140.5896308662805
11842,2024-06-02 11:00:00,1315.2236638011136
11843,2024-06-02 12:00:00,1396.6577400966544
11844,2024-06-02 13:00:00,1338.848566900195
11845,2024-06-02 14:00:00,1202.3102575172768
11846,2024-06-02 15:00:00,1118.1331461984637
11847,2024-06-02 16:00:00,1181.791457380485
11848,2024-06-02 17:00:00,1369.2866802735023
11849,2024-06-02 18:00:00,1551.8644011991391
11850,2024-06-02 19:00:00,1597.3309046115223
11851,2024-06-02 20:00:00,1468.7415955430702
11852,2024-06-02 21:00:00,1237.2851343240072
11853,2024-06-02 22:00:00,1007.7401900808459
11854,2024-06-02 23:00:00,832.7264633172767
11855,2024-06-03 00:00:00,1013.6746129658251
11856,2024-06-03 01:00:00,872.7414730656416
11857,2024-06-03 02:00:00,735.8753567759613
11858,2024-06-03 03:00:00,655.155034945528
11859,2024-06-03 04:00:00,674.9843784643017
11860,2024-06-03 05:00:00,781.8824940252764
11861,2024-06-03 06:00:00,914.4576986350957
11862,2024-06-03 07:00:00,1024.2699923375499
11863,2024-06-03 08:00:00,1122.1161028623953
11864,2024-06-03 09:00:00,1257.4828518397862
11865,2024-06-03 10:00:00,1449.4985592929365
11866,2024-06-03 11:00:00,1642.8746602844888
11867,2024-06-03 12:00:00,1742.5979708895006
11868,2024-06-03 13:00:00,1702.474731201707
11869,2024-06-03 14:00:00,1582.8770636734623
11870,2024-06-03 15:00:00,1514.7631984624184
11871,2024-06-03 16:00:00,1593.4864275214536
11872,2024-06-03 17:00:00,1794.9396245226017
11873,2024-06-03 18:00:00,1990.273070266829
11874,2024-06-03 19:00:00,2047.211884216419
11875,2024-06-03 20:00:00,1928.74510629814
11876,2024-06-03 21:00:00,1706.0103133584578
11877,2024-06-03 22:00:00,1483.7506726808092
11878,2024-06-03 23:00:00,1314.5660808047573
11879,2024-06-04 00:00:00,1179.5650117168232
11880,2024-06-04 01:00:00,1041.5515316502629
11881,2024-06-04 02:00:00,906.1821088349179
11882,2024-06-04 03:00:00,825.576044288453
11883,2024-06-04 04:00:00,844.1913476157811
11884,2024-06-04 05:00:00,948.6139678288714
11885,2024-06-04 06:00:00,1077.5307253731921
11886,2024-06-04 07:00:00,1182.5906190447004
11887,2024-06-04 08:00:00,1274.688596824869
11888,2024-06-04 09:00:00,1403.4175573008145
11889,2024-06-04 10:00:00,1588.0183158293453
11890,2024-06-04 11:00:00,1773.319728170263
11891,2024-06-04 12:00:00,1864.4294276471564
11892,2024-06-04 13:00:00,1815.2763228669528
11893,2024-06-04 14:00:00,1686.3555140882384
11894,2024-06-04 15:00:00,1608.7469986963567
11895,2024-06-04 16:00:00,1677.923146841361
11896,2024-06-04 17:00:00,1869.8918020775695
11897,2024-06-04 18:00:00,2055.9127643246393
11898,2024-06-04 19:00:00,2103.8139716248033
11899,2024-06-04 20:00:00,1976.679440009242
11900,2024-06-04 21:00:00,1745.732859184172
11901,2024-06-04 22:00:00,1515.7937579995664
11902,2024-06-04 23:00:00,1339.5278983042563
11903,2024-06-05 00:00:00,1198.098528952928
11904,2024-06-05 01:00:00,1054.352963425498
11905,2024-06-05 02:00:00,913.9791133907449
11906,2024-06-05 03:00:00,829.1158062459077
11907,2024-06-05 04:00:00,844.2287101551462
11908,2024-06-05 05:00:00,945.8997744774732
11909,2024-06-05 06:00:00,1072.8005272051669
11910,2024-06-05 07:00:00,1176.5538966775357
11911,2024-06-05 08:00:00,1268.0186383406121
11912,2024-06-05 09:00:00,1396.7421228883115
11913,2024-06-05 10:00:00,1581.9112083190892
11914,2024-06-05 11:00:00,1768.2933752009749
11915,2024-06-05 12:00:00,1860.9285666128765
11916,2024-06-05 13:00:00,1813.6728639861221
11917,2024-06-05 14:00:00,1686.9446402630829
11918,2024-06-05 15:00:00,1611.7445435095062
11919,2024-06-05 16:00:00,1683.464274004161
11920,2024-06-05 17:00:00,1878.0309917414975
11921,2024-06-05 18:00:00,2066.6250934474406
11922,2024-06-05 19:00:00,2116.997657789552
11923,2024-06-05 20:00:00,1992.159600620143
11924,2024-06-05 21:00:00,1763.2664213577023
11925,2024-06-05 22:00:00,1535.0754387767702
11926,2024-06-05 23:00:00,1360.197159860309
11927,2024-06-06 00:00:00,742.117610466204
11928,2024-06-06 01:00:00,598.9048193001216
11929,2024-06-06 02:00:00,458.5872272866867
11930,2024-06-06 03:00:00,373.2836418272565
11931,2024-06-06 04:00:00,387.4497032752138
11932,2024-06-06 05:00:00,487.6675065173305
11933,2024-06-06 06:00:00,612.6189269506838
11934,2024-06-06 07:00:00,713.9473176643519
11935,2024-06-06 08:00:00,802.5416599959744
11936,2024-06-06 09:00:00,927.9889275824196
11937,2024-06-06 10:00:00,1109.5243920491002
11938,2024-06-06 11:00:00,1291.9720571163357
11939,2024-06-06 12:00:00,1380.4356719761763
11940,2024-06-06 13:00:00,1328.8414664935476
11941,2024-06-06 14:00:00,1197.6832619552567
11942,2024-06-06 15:00:00,1118.0413249280991
11943,2024-06-06 16:00:00,1185.3899423178436
11944,2024-06-06 17:00:00,1375.740570985192
11945,2024-06-06 18:00:00,1560.3583181300041
11946,2024-06-06 19:00:00,1607.0780688735442
11947,2024-06-06 20:00:00,1478.9923208840128
11948,2024-06-06 21:00:00,1247.3346254081423
11949,2024-06-06 22:00:00,1016.9355510009709
11950,2024-06-06 23:00:00,840.472831455266
11951,2024-06-07 00:00:00,1176.752123616888
11952,2024-06-07 01:00:00,1033.3741031093184
11953,2024-06-07 02:00:00,893.6693852256528
11954,2024-06-07 03:00:00,809.789304622906
11955,2024-06-07 04:00:00,826.2112336873079
11956,2024-06-07 05:00:00,929.5276136726943
11957,2024-06-07 06:00:00,1058.4188371468629
11958,2024-06-07 07:00:00,1164.5146558931788
11959,2024-06-07 08:00:00,1258.6782021805318
11960,2024-06-07 09:00:00,1390.4583867397293
11961,2024-06-07 10:00:00,1579.040402992709
11962,2024-06-07 11:00:00,1769.1865234776237
11963,2024-06-07 12:00:00,1865.9276365929436
11964,2024-06-07 13:00:00,1823.1066607654625
11965,2024-06-07 14:00:00,1701.1244831697395
11966,2024-06-07 15:00:00,1630.959781147564
11967,2024-06-07 16:00:00,1707.9776936686342
11968,2024-06-07 17:00:00,1908.074183600112
11969,2024-06-07 18:00:00,2102.3938325285753
11970,2024-06-07 19:00:00,2158.647369358237
11971,2024-06-07 20:00:00,2039.8009751594418
11972,2024-06-07 21:00:00,1816.9612463080346
11973,2024-06-07 22:00:00,1594.832713194783
11974,2024-06-07 23:00:00,1425.9695569053333
11975,2024-06-08 00:00:00,971.1101287037297
11976,2024-06-08 01:00:00,833.6367898778049
11977,2024-06-08 02:00:00,698.8255162623058
11978,2024-06-08 03:00:00,618.7293138169549
11979,2024-06-08 04:00:00,637.7370828806238
11980,2024-06-08 05:00:00,742.3638973373413
11981,2024-06-08 06:00:00,871.225019332343
11982,2024-06-08 07:00:00,975.8983086270346
11983,2024-06-08 08:00:00,1067.2091010338465
11984,2024-06-08 09:00:00,1194.683307464519
11985,2024-06-08 10:00:00,1377.4984531171024
11986,2024-06-08 11:00:00,1560.4248348711467
11987,2024-06-08 12:00:00,1648.517238897474
11988,2024-06-08 13:00:00,1595.6583520820698
11989,2024-06-08 14:00:00,1462.304512651638
11990,2024-06-08 15:00:00,1379.5051589247735
11991,2024-06-08 16:00:00,1442.7109466276459
11992,2024-06-08 17:00:00,1627.9173804395682
11993,2024-06-08 18:00:00,1806.3817091863143
11994,2024-06-08 19:00:00,1845.9393949375515
11995,2024-06-08 20:00:00,1709.6922103672205
11996,2024-06-08 21:00:00,1468.8918591243842
11997,2024-06-08 22:00:00,1228.3960318633954
11998,2024-06-08 23:00:00,1040.9185565201522
11999,2024-06-09 00:00:00,887.6802769775927
12000,2024-06-09 01:00:00,731.595127170447
12001,2024-06-09 02:00:00,578.4260383789446
12002,2024-06-09 03:00:00,480.394514643721
12003,2024-06-09 04:00:00,482.0557085178268
12004,2024-06-09 05:00:00,570.086914847661
12005,2024-06-09 06:00:00,683.2598353937001
12006,2024-06-09 07:00:00,773.301293953727
12007,2024-06-09 08:00:00,851.1764962063974
12008,2024-06-09 09:00:00,966.5406045615483
12009,2024-06-09 10:00:00,1138.6883657152225
12010,2024-06-09 11:00:00,1312.4939852754253
12011,2024-06-09 12:00:00,1393.1017066616903
12012,2024-06-09 13:00:00,1334.4682411942458
12013,2024-06-09 14:00:00,1197.1077062899467
12014,2024-06-09 15:00:00,1112.1104403013794
12015,2024-06-09 16:00:00,1174.9506717040701
12016,2024-06-09 17:00:00,1361.6298937167717
12017,2024-06-09 18:00:00,1543.3936966294186
12018,2024-06-09 19:00:00,1588.0483688568233
12019,2024-06-09 20:00:00,1458.6493193323477
12020,2024-06-09 21:00:00,1226.3852122830733
12021,2024-06-09 22:00:00,996.0347207025886
12022,2024-06-09 23:00:00,820.217548942117
12023,2024-06-10 00:00:00,1000.3643597573084
12024,2024-06-10 01:00:00,858.6319909990648
12025,2024-06-10 02:00:00,720.9687596433839
12026,2024-06-10 03:00:00,639.4534403117398
12027,2024-06-10 04:00:00,658.4899076839273
12028,2024-06-10 05:00:00,764.5972722320193
12029,2024-06-10 06:00:00,896.3838547440789
12030,2024-06-10 07:00:00,1005.4096590261108
12031,2024-06-10 08:00:00,1102.4714165955088
12032,2024-06-10 09:00:00,1237.0559528816086
12033,2024-06-10 10:00:00,1428.2915916806191
12034,2024-06-10 11:00:00,1620.8897718629823
12035,2024-06-10 12:00:00,1719.837313328088
12036,2024-06-10 13:00:00,1678.940460002031
12037,2024-06-10 14:00:00,1558.5713381750356
12038,2024-06-10 15:00:00,1489.6881818919444
12039,2024-06-10 16:00:00,1567.6442869937555
12040,2024-06-10 17:00:00,1768.3325310731052
12041,2024-06-10 18:00:00,1962.9031988710958
12042,2024-06-10 19:00:00,2019.0814138493308
12043,2024-06-10 20:00:00,1899.8562199213343
12044,2024-06-10 21:00:00,1676.3651979963008
12045,2024-06-10 22:00:00,1453.3515194395516
12046,2024-06-10 23:00:00,1283.4150849170553
12047,2024-06-11 00:00:00,1147.664372576165
12048,2024-06-11 01:00:00,1008.9034528617891
12049,2024-06-11 02:00:00,872.788798276813
12050,2024-06-11 03:00:00,791.4397141323492
12051,2024-06-11 04:00:00,809.3142143989012
12052,2024-06-11 05:00:00,912.9982525041155
12053,2024-06-11 06:00:00,1041.1786533685477
12054,2024-06-11 07:00:00,1145.5044203017696
12055,2024-06-11 08:00:00,1236.8705058913056
12056,2024-06-11 09:00:00,1364.8698133714493
12057,2024-06-11 10:00:00,1548.743162816273
12058,2024-06-11 11:00:00,1733.3194147693653
12059,2024-06-11 12:00:00,1823.7062074138098
12060,2024-06-11 13:00:00,1773.8324542856112
12061,2024-06-11 14:00:00,1644.1932606278097
12062,2024-06-11 15:00:00,1565.8686289191642
12063,2024-06-11 16:00:00,1634.3309344565791
12064,2024-06-11 17:00:00,1825.5880260268932
12065,2024-06-11 18:00:00,2010.899708858515
12066,2024-06-11 19:00:00,2058.0939264079934
12067,2024-06-11 20:00:00,1930.2547001892603
12068,2024-06-11 21:00:00,1698.6057254512712
12069,2024-06-11 22:00:00,1467.966536741723
12070,2024-06-11 23:00:00,1291.002901650734
12071,2024-06-12 00:00:00,1148.8780748863323
12072,2024-06-12 01:00:00,1004.4393758430647
12073,2024-06-12 02:00:00,863.3747222662412
12074,2024-06-12 03:00:00,777.8229476656268
12075,2024-06-12 04:00:00,792.2497264520234
12076,2024-06-12 05:00:00,893.2370143291018
12077,2024-06-12 06:00:00,1019.4563457267889
12078,2024-06-12 07:00:00,1122.530655537923
12079,2024-06-12 08:00:00,1213.3187058627634
12080,2024-06-12 09:00:00,1341.3678741700762
12081,2024-06-12 10:00:00,1525.8650253204983
12082,2024-06-12 11:00:00,1711.577646890697
12083,2024-06-12 12:00:00,1803.5456890457813
12084,2024-06-12 13:00:00,1755.6252404417664
12085,2024-06-12 14:00:00,1628.2346813565964
12086,2024-06-12 15:00:00,1552.3746673100322
12087,2024-06-12 16:00:00,1623.4369061478583
12088,2024-06-12 17:00:00,1817.3485655607233
12089,2024-06-12 18:00:00,2005.2900500877354
12090,2024-06-12 19:00:00,2055.012446335648
12091,2024-06-12 20:00:00,1929.5266782235326
12092,2024-06-12 21:00:00,1699.9882533543082
12093,2024-06-12 22:00:00,1471.1544988312535
12094,2024-06-12 23:00:00,1295.6359300663682
12095,2024-06-13 00:00:00,1154.5483715068908
12096,2024-06-13 01:00:00,1010.700280559457
12097,2024-06-13 02:00:00,869.7498969870503
12098,2024-06-13 03:00:00,783.8160371606439
12099,2024-06-13 04:00:00,797.3543505453104
12100,2024-06-13 05:00:00,896.9469412579299
12101,2024-06-13 06:00:00,1021.2756940910938
12102,2024-06-13 07:00:00,1121.9839716313536
12103,2024-06-13 08:00:00,1209.9607648708868
12104,2024-06-13 09:00:00,1334.7930572398127
12105,2024-06-13 10:00:00,1515.716130293984
12106,2024-06-13 11:00:00,1697.5539978285228
12107,2024-06-13 12:00:00,1785.4104192372965
12108,2024-06-13 13:00:00,1733.2116347456906
12109,2024-06-13 14:00:00,1601.451476137466
12110,2024-06-13 15:00:00,1521.2102206218287
12111,2024-06-13 16:00:00,1587.9621658815263
12112,2024-06-13 17:00:00,1777.7187797110664
12113,2024-06-13 18:00:00,1961.7451803811382
12114,2024-06-13 19:00:00,2007.876264232863
12115,2024-06-13 20:00:00,1879.2045403034624
12116,2024-06-13 21:00:00,1646.9635713447626
12117,2024-06-13 22:00:00,1415.9839375857043
12118,2024-06-13 23:00:00,1238.9433846060151
12119,2024-06-14 00:00:00,1097.0177912212296
12120,2024-06-14 01:00:00,953.06742515154
12121,2024-06-14 02:00:00,812.7931239410739
12122,2024-06-14 03:00:00,728.3462346443407
12123,2024-06-14 04:00:00,744.2041422010104
12124,2024-06-14 05:00:00,846.959300558188
12125,2024-06-14 06:00:00,975.2921151316536
12126,2024-06-14 07:00:00,1080.832350700486
12127,2024-06-14 08:00:00,1174.4431526754797
12128,2024-06-14 09:00:00,1305.6734450884096
12129,2024-06-14 10:00:00,1493.7084347910657
12130,2024-06-14 11:00:00,1683.310407931752
12131,2024-06-14 12:00:00,1779.5102666353778
12132,2024-06-14 13:00:00,1736.150943225261
12133,2024-06-14 14:00:00,1613.6333389242923
12134,2024-06-14 15:00:00,1542.9361452390751
12135,2024-06-14 16:00:00,1619.4245154941
12136,2024-06-14 17:00:00,1818.9944270302426
12137,2024-06-14 18:00:00,2012.7904760811625
12138,2024-06-14 19:00:00,2068.5234063136154
12139,2024-06-14 20:00:00,1949.1594137307934
12140,2024-06-14 21:00:00,1725.8051097961506
12141,2024-06-14 22:00:00,1503.165040081336
12142,2024-06-14 23:00:00,1333.7934010648057
12143,2024-06-15 00:00:00,878.4285595164451
12144,2024-06-15 01:00:00,740.4528923879589
12145,2024-06-15 02:00:00,605.142391283559
12146,2024-06-15 03:00:00,524.5500781254136
12147,2024-06-15 04:00:00,543.0648693300017
12148,2024-06-15 05:00:00,647.2018550123433
12149,2024-06-15 06:00:00,775.5763136676059
12150,2024-06-15 07:00:00,879.7661215811834
12151,2024-06-15 08:00:00,970.5966312003361
12152,2024-06-15 09:00:00,1097.5937702253937
12153,2024-06-15 10:00:00,1279.935080773275
12154,2024-06-15 11:00:00,1462.3908767812716
12155,2024-06-15 12:00:00,1550.0159616169249
12156,2024-06-15 13:00:00,1496.6930394872854
12157,2024-06-15 14:00:00,1362.878466089371
12158,2024-06-15 15:00:00,1279.6216973330622
12159,2024-06-15 16:00:00,1342.3734066687496
12160,2024-06-15 17:00:00,1527.1291166244396
12161,2024-06-15 18:00:00,1705.1460940254824
12162,2024-06-15 19:00:00,1744.2598190355432
12163,2024-06-15 20:00:00,1607.572082577568
12164,2024-06-15 21:00:00,1366.3346066596514
12165,2024-06-15 22:00:00,1125.4051004246135
12166,2024-06-15 23:00:00,937.4974104169544
12167,2024-06-16 00:00:00,783.8323992454136
12168,2024-06-16 01:00:00,627.3240197004292
12169,2024-06-16 02:00:00,473.7352220280253
12170,2024-06-16 03:00:00,375.2875293351509
12171,2024-06-16 04:00:00,376.53611339110853
12172,2024-06-16 05:00:00,464.1582883528595
12173,2024-06-16 06:00:00,576.9257753769319
12174,2024-06-16 07:00:00,666.5654178420282
12175,2024-06-16 08:00:00,744.0424410249268
12176,2024-06-16 09:00:00,859.0120270970905
12177,2024-06-16 10:00:00,1030.7689425912267
12178,2024-06-16 11:00:00,1204.1874131028494
12179,2024-06-16 12:00:00,1284.4117020752299
12180,2024-06-16 13:00:00,1225.3985409854147
12181,2024-06-16 14:00:00,1087.6620675113013
12182,2024-06-16 15:00:00,1002.2926403463865
12183,2024-06-16 16:00:00,1064.7645084050307
12184,2024-06-16 17:00:00,1251.0791854286053
12185,2024-06-16 18:00:00,1432.482282342752
12186,2024-06-16 19:00:00,1476.78010824967
12187,2024-06-16 20:00:00,1347.0280928853535
12188,2024-06-16 21:00:00,1114.4149213458
12189,2024-06-16 22:00:00,883.7192875807473
12190,2024-06-16 23:00:00,707.5609169736322
12191,2024-06-17 00:00:00,887.3704933848387
12192,2024-06-17 01:00:00,745.3048758555685
12193,2024-06-17 02:00:00,607.3124026069024
12194,2024-06-17 03:00:00,525.4718695861741
12195,2024-06-17 04:00:00,544.1871728635585
12196,2024-06-17 05:00:00,649.9774443707175
12197,2024-06-17 06:00:00,781.4510263969506
12198,2024-06-17 07:00:00,890.1679443414403
12199,2024-06-17 08:00:00,986.9249513444495
12200,2024-06-17 09:00:00,1121.2088945267453
12201,2024-06-17 10:00:00,1312.148119421739
12202,2024-06-17 11:00:00,1504.454086679601
12203,2024-06-17 12:00:00,1603.1136380660932
12204,2024-06-17 13:00:00,1561.9330393536127
12205,2024-06-17 14:00:00,1441.2844387768596
12206,2024-06-17 15:00:00,1372.1260923235104
12207,2024-06-17 16:00:00,1449.8113178449198
12208,2024-06-17 17:00:00,1650.2330149590782
12209,2024-06-17 18:00:00,1844.5414904671538
12210,2024-06-17 19:00:00,1900.4618899183295
12211,2024-06-17 20:00:00,1780.983279347014
12212,2024-06-17 21:00:00,1557.2432617999075
12213,2024-06-17 22:00:00,1333.9850307959587
12214,2024-06-17 23:00:00,1163.8085091533792
12215,2024-06-18 00:00:00,1027.8221972370156
12216,2024-06-18 01:00:00,888.830187675557
12217,2024-06-18 02:00:00,752.4889751723058
12218,2024-06-18 03:00:00,670.917887262115
12219,2024-06-18 04:00:00,688.5749601159528
12220,2024-06-18 05:00:00,792.0461693685293
12221,2024-06-18 06:00:00,920.0183621558086
12222,2024-06-18 07:00:00,1024.1405639834823
12223,2024-06-18 08:00:00,1115.3077496273258
12224,2024-06-18 09:00:00,1243.1128444912927
12225,2024-06-18 10:00:00,1426.7966908222133
12226,2024-06-18 11:00:00,1611.1881712877741
12227,2024-06-18 12:00:00,1701.3949461917869
12228,2024-06-18 13:00:00,1651.345951161445
12229,2024-06-18 14:00:00,1521.5363135069515
12230,2024-06-18 15:00:00,1443.0460577184708
12231,2024-06-18 16:00:00,1511.3475810988093
12232,2024-06-18 17:00:00,1702.4487543884945
12233,2024-06-18 18:00:00,1887.6094047198003
12234,2024-06-18 19:00:00,1934.6574974176197
12235,2024-06-18 20:00:00,1806.6770758132366
12236,2024-06-18 21:00:00,1574.8918569276507
12237,2024-06-18 22:00:00,1344.1213970006638
12238,2024-06-18 23:00:00,1167.0314852898487
12239,2024-06-19 00:00:00,1024.7853980849518
12240,2024-06-19 01:00:00,880.2304763024467
12241,2024-06-19 02:00:00,739.054659136292
12242,2024-06-19 03:00:00,653.3968014968063
12243,2024-06-19 04:00:00,667.7225990772034
12244,2024-06-19 05:00:00,768.614028815819
12245,2024-06-19 06:00:00,894.742646291342
12246,2024-06-19 07:00:00,997.7314074470189
12247,2024-06-19 08:00:00,1088.439095365051
12248,2024-06-19 09:00:00,1216.4131083685672
12249,2024-06-19 10:00:00,1400.8403321184567
12250,2024-06-19 11:00:00,1586.4882748521022
12251,2024-06-19 12:00:00,1678.396907316531
12252,2024-06-19 13:00:00,1630.4223386367955
12253,2024-06-19 14:00:00,1502.982969453742
12254,2024-06-19 15:00:00,1427.0794755165723
12255,2024-06-19 16:00:00,1498.1035848076508
12256,2024-06-19 17:00:00,1691.98248502557
12257,2024-06-19 18:00:00,1879.8966005798472
12258,2024-06-19 19:00:00,1929.5970378323746
12259,2024-06-19 20:00:00,1804.0947403238883
12260,2024-06-19 21:00:00,1574.5452351475017
12261,2024-06-19 22:00:00,1345.705868737891
12262,2024-06-19 23:00:00,1170.1871757254803
12263,2024-06-20 00:00:00,1029.1049996092204
12264,2024-06-20 01:00:00,885.2678167030347
12265,2024-06-20 02:00:00,744.3338855189347
12266,2024-06-20 03:00:00,658.4220410420048
12267,2024-06-20 04:00:00,671.9879511618533
12268,2024-06-20 05:00:00,771.6137382668279
12269,2024-06-20 06:00:00,895.9813052637988
12270,2024-06-20 07:00:00,996.7340326716585
12271,2024-06-20 08:00:00,1084.7609292365696
12272,2024-06-20 09:00:00,1209.6489959830951
12273,2024-06-20 10:00:00,1390.6335318645413
12274,2024-06-20 11:00:00,1572.5385678787152
12275,2024-06-20 12:00:00,1660.4678804556575
12276,2024-06-20 13:00:00,1608.3477266508648
12277,2024-06-20 14:00:00,1476.671954887154
12278,2024-06-20 15:00:00,1396.5208588111261
12279,2024-06-20 16:00:00,1463.3687523302297
12280,2024-06-20 17:00:00,1653.2271192907647
12281,2024-06-20 18:00:00,1837.3610937492667
12282,2024-06-20 19:00:00,1883.6055876731089
12283,2024-06-20 20:00:00,1755.0531254720972
12284,2024-06-20 21:00:00,1522.9372850671848
12285,2024-06-20 22:00:00,1292.088661628235
12286,2024-06-20 23:00:00,1115.1850154489182
12287,2024-06-21 00:00:00,973.4022398180556
12288,2024-06-21 01:00:00,829.6006167018488
12289,2024-06-21 02:00:00,689.4809976646901
12290,2024-06-21 03:00:00,605.194743510705
12291,2024-06-21 04:00:00,621.2192527046161
12292,2024-06-21 05:00:00,724.1469924642834
12293,2024-06-21 06:00:00,852.658381229544
12294,2024-06-21 07:00:00,958.3831965257231
12295,2024-06-21 08:00:00,1052.1845962826774
12296,2024-06-21 09:00:00,1183.611516766807
12297,2024-06-21 10:00:00,1371.8491768034967
12298,2024-06-21 11:00:00,1561.6598742442447
12299,2024-06-21 12:00:00,1658.074522652078
12300,2024-06-21 13:00:00,1614.936065507694
12301,2024-06-21 14:00:00,1492.6454148961843
12302,2024-06-21 15:00:00,1422.1812729354542
12303,2024-06-21 16:00:00,1498.9088032511545
12304,2024-06-21 17:00:00,1698.7239931936317
12305,2024-06-21 18:00:00,1892.7714487394487
12306,2024-06-21 19:00:00,1948.7619229779043
12307,2024-06-21 20:00:00,1829.6616210355928
12308,2024-06-21 21:00:00,1606.5771632106287
12309,2024-06-21 22:00:00,1384.2131035976931
12310,2024-06-21 23:00:00,1215.1236468903082
12311,2024-06-22 00:00:00,760.0471677552687
12312,2024-06-22 01:00:00,622.3660507288103
12313,2024-06-22 02:00:00,487.3562947005255
12314,2024-06-22 03:00:00,407.0709285225107
12315,2024-06-22 04:00:00,425.8988752372612
12316,2024-06-22 05:00:00,530.3552312655818
12317,2024-06-22 06:00:00,659.0552810638932
12318,2024-06-22 07:00:00,763.5769065378597
12319,2024-06-22 08:00:00,854.7454654450738
12320,2024-06-22 09:00:00,982.0868904361564
12321,2024-06-22 10:00:00,1164.7787282414408
12322,2024-06-22 11:00:00,1347.591297064784
12323,2024-06-22 12:00:00,1435.5794042004195
12324,2024-06-22 13:00:00,1382.625757426094
12325,2024-06-22 14:00:00,1249.186715640568
12326,2024-06-22 15:00:00,1166.3117376299037
12327,2024-06-22 16:00:00,1229.451499337919
12328,2024-06-22 17:00:00,1414.6015254294898
12329,2024-06-22 18:00:00,1593.019084497171
12330,2024-06-22 19:00:00,1632.5396581255336
12331,2024-06-22 20:00:00,1496.2650382586803
12332,2024-06-22 21:00:00,1255.4469475733654
12333,2024-06-22 22:00:00,1014.9430954998777
12334,2024-06-22 23:00:00,827.4673284940652
12335,2024-06-23 00:00:00,674.2405086855496
12336,2024-06-23 01:00:00,518.1765880111235
12337,2024-06-23 02:00:00,365.038515489725
12338,2024-06-23 03:00:00,267.04781258644766
12339,2024-06-23 04:00:00,268.75964905716955
12340,2024-06-23 05:00:00,356.8513366482746
12341,2024-06-23 06:00:00,470.09459371657135
12342,2024-06-23 07:00:00,560.216260420171
12343,2024-06-23 08:00:00,638.1815584469304
12344,2024-06-23 09:00:00,753.6456659550911
12345,2024-06-23 10:00:00,925.9033450878849
12346,2024-06-23 11:00:00,1099.8288166006555
12347,2024-06-23 12:00:00,1180.5663387208788
12348,2024-06-23 13:00:00,1122.0726373005302
12349,2024-06-23 14:00:00,984.8618439473538
12350,2024-06-23 15:00:00,900.0243109195453
12351,2024-06-23 16:00:00,963.0342802378022
12352,2024-06-23 17:00:00,1149.893258350946
12353,2024-06-23 18:00:00,1331.8468484645573
12354,2024-06-23 19:00:00,1376.7013515408762
12355,2024-06-23 20:00:00,1247.5121887550945
12356,2024-06-23 21:00:00,1015.468036206075
12357,2024-06-23 22:00:00,785.3475784384093
12358,2024-06-23 23:00:00,609.7705309697199
12359,2024-06-24 00:00:00,790.1675673958975
12360,2024-06-24 01:00:00,648.695536040553
12361,2024-06-24 02:00:00,511.3027639780688
12362,2024-06-24 03:00:00,430.0680355716198
12363,2024-06-24 04:00:00,449.39523487758265
12364,2024-06-24 05:00:00,555.8034813632332
12365,2024-06-24 06:00:00,687.9011044201576
12366,2024-06-24 07:00:00,797.248116106309
12367,2024-06-24 08:00:00,894.6412557737342
12368,2024-06-24 09:00:00,1029.5673563226233
12369,2024-06-24 10:00:00,1221.154748595933
12370,2024-06-24 11:00:00,1414.1148781408276
12371,2024-06-24 12:00:00,1513.434571136724
12372,2024-06-24 13:00:00,1472.9200773424893
12373,2024-06-24 14:00:00,1352.9435285258264
12374,2024-06-24 15:00:00,1284.4631637463858
12375,2024-06-24 16:00:00,1362.8322834832566
12376,2024-06-24 17:00:00,1563.9437695273564
12377,2024-06-24 18:00:00,1758.947910385871
12378,2024-06-24 19:00:00,1815.5698328987305
12379,2024-06-24 20:00:00,1696.7985838811162
12380,2024-06-24 21:00:00,1473.7717467326004
12381,2024-06-24 22:00:00,1251.2324948772539
12382,2024-06-24 23:00:00,1081.7807305465342
12383,2024-06-25 00:00:00,946.524933095232
12384,2024-06-25 01:00:00,808.2691736607412
12385,2024-06-25 02:00:00,672.6699250006825
12386,2024-06-25 03:00:00,591.8464922422354
12387,2024-06-25 04:00:00,610.2568886942657
12388,2024-06-25 05:00:00,714.4870666582418
12389,2024-06-25 06:00:00,843.2238494815274
12390,2024-06-25 07:00:00,948.1162384171282
12391,2024-06-25 08:00:00,1040.0591835227156
12392,2024-06-25 09:00:00,1168.6455850306806
12393,2024-06-25 10:00:00,1353.1162595351943
12394,2024-06-25 11:00:00,1538.3000636156453
12395,2024-06-25 12:00:00,1629.304630996005
12396,2024-06-25 13:00:00,1580.0588702791656
12397,2024-06-25 14:00:00,1451.057881283085
12398,2024-06-25 15:00:00,1373.3816605443628
12399,2024-06-25 16:00:00,1442.5025769398926
12400,2024-06-25 17:00:00,1634.4284723338203
12401,2024-06-25 18:00:00,1820.419144512141
12402,2024-06-25 19:00:00,1868.30252899372
12403,2024-06-25 20:00:00,1741.1626388460836
12404,2024-06-25 21:00:00,1510.2231603527625
12405,2024-06-25 22:00:00,1280.3036185777025
12406,2024-06-25 23:00:00,1104.0697711169312
12407,2024-06-26 00:00:00,962.6848621377922
12408,2024-06-26 01:00:00,818.9962000070457
12409,2024-06-26 02:00:00,678.6916908797252
12410,2024-06-26 03:00:00,593.910156176823
12411,2024-06-26 04:00:00,609.1172576520318
12412,2024-06-26 05:00:00,710.8949378422425
12413,2024-06-26 06:00:00,837.9147174535278
12414,2024-06-26 07:00:00,941.7995171327747
12415,2024-06-26 08:00:00,1033.4080841892378
12416,2024-06-26 09:00:00,1162.2877807255504
12417,2024-06-26 10:00:00,1347.6254557165262
12418,2024-06-26 11:00:00,1534.1885803136797
12419,2024-06-26 12:00:00,1627.0170876558234
12420,2024-06-26 13:00:00,1579.9670488519303
12421,2024-06-26 14:00:00,1453.4568260814074
12422,2024-06-26 15:00:00,1378.4870561746027
12423,2024-06-26 16:00:00,1450.4494277521867
12424,2024-06-26 17:00:00,1645.271088701043
12425,2024-06-26 18:00:00,1834.132423201111
12426,2024-06-26 19:00:00,1884.7844969073194
12427,2024-06-26 20:00:00,1760.2382122466815
12428,2024-06-26 21:00:00,1531.6490547431429
12429,2024-06-26 22:00:00,1303.7743288337151
12430,2024-06-26 23:00:00,1129.2245267136584
12431,2024-06-27 00:00:00,989.1154490121038
12432,2024-06-27 01:00:00,846.2555287529694
12433,2024-06-27 02:00:00,706.3029807129741
12434,2024-06-27 03:00:00,621.3765957262299
12435,2024-06-27 04:00:00,635.9319971039686
12436,2024-06-27 05:00:00,736.5512622384035
12437,2024-06-27 06:00:00,861.9162485972333
12438,2024-06-27 07:00:00,963.6702908757532
12439,2024-06-27 08:00:00,1052.7023515494113
12440,2024-06-27 09:00:00,1178.5993849741328
12441,2024-06-27 10:00:00,1360.5966430141918
12442,2024-06-27 11:00:00,1543.5181091704808
12443,2024-06-27 12:00:00,1632.4675119722406
12444,2024-06-27 13:00:00,1581.371060156327
12445,2024-06-27 14:00:00,1450.7225534427062
12446,2024-06-27 15:00:00,1371.6022363620737
12447,2024-06-27 16:00:00,1439.4843733051212
12448,2024-06-27 17:00:00,1630.380398207791
12449,2024-06-27 18:00:00,1815.5553948401553
12450,2024-06-27 19:00:00,1862.8442244636972
12451,2024-06-27 20:00:00,1735.339360413119
12452,2024-06-27 21:00:00,1504.2743291503189
12453,2024-06-27 22:00:00,1274.4796739989265
12454,2024-06-27 23:00:00,1098.6331030274941
12455,2024-06-28 00:00:00,957.9104569211997
12456,2024-06-28 01:00:00,815.1719646786257
12457,2024-06-28 02:00:00,676.118424512068
12458,2024-06-28 03:00:00,592.9011435167948
12459,2024-06-28 04:00:00,609.9974660816674
12460,2024-06-28 05:00:00,713.9998049937715
12461,2024-06-28 06:00:00,843.588523880942
12462,2024-06-28 07:00:00,950.393345138275
12463,2024-06-28 08:00:00,1045.2773711827424
12464,2024-06-28 09:00:00,1177.7894824369712
12465,2024-06-28 10:00:00,1367.1148415299056
12466,2024-06-28 11:00:00,1558.0156897771742
12467,2024-06-28 12:00:00,1655.522883873081
12468,2024-06-28 13:00:00,1613.4793100834331
12469,2024-06-28 14:00:00,1492.2858229641872
12470,2024-06-28 15:00:00,1422.9210667645925
12471,2024-06-28 16:00:00,1500.750146920587
12472,2024-06-28 17:00:00,1701.668992266246
12473,2024-06-28 18:00:00,1896.8221499703204
12474,2024-06-28 19:00:00,1953.9203139646313
12475,2024-06-28 20:00:00,1835.9296299531354
12476,2024-06-28 21:00:00,1613.956658444434
12477,2024-06-28 22:00:00,1392.7058935162886
12478,2024-06-28 23:00:00,1224.7314795010734
12479,2024-06-29 00:00:00,770.7717304293717
12480,2024-06-29 01:00:00,634.2089698853381
12481,2024-06-29 02:00:00,500.3191355550523
12482,2024-06-29 03:00:00,421.15519480339924
12483,2024-06-29 04:00:00,441.10600888185854
12484,2024-06-29 05:00:00,546.6866121697248
12485,2024-06-29 06:00:00,676.5122268079166
12486,2024-06-29 07:00:00,782.160672121825
12487,2024-06-29 08:00:00,874.4572430283547
12488,2024-06-29 09:00:00,1002.9278090757932
12489,2024-06-29 10:00:00,1186.749853664043
12490,2024-06-29 11:00:00,1370.6936313843821
12491,2024-06-29 12:00:00,1459.8138857011081
12492,2024-06-29 13:00:00,1407.9932603175444
12493,2024-06-29 14:00:00,1275.6880498298026
12494,2024-06-29 15:00:00,1193.9476484706415
12495,2024-06-29 16:00:00,1258.222667433896
12496,2024-06-29 17:00:00,1444.5085664033372
12497,2024-06-29 18:00:00,1624.0625487658947
12498,2024-06-29 19:00:00,1664.7200307008509
12499,2024-06-29 20:00:00,1529.5827385396335
12500,2024-06-29 21:00:00,1289.9023291494984
12501,2024-06-29 22:00:00,1050.5364459322693
12502,2024-06-29 23:00:00,864.1988691571705
12503,2024-06-30 00:00:00,712.1103945581236
12504,2024-06-30 01:00:00,557.1849074987105
12505,2024-06-30 02:00:00,405.1852902434108
12506,2024-06-30 03:00:00,308.33299735091236
12507,2024-06-30 04:00:00,311.1831314772394
12508,2024-06-30 05:00:00,400.41293710945445
12509,2024-06-30 06:00:00,514.7940652191049
12510,2024-06-30 07:00:00,606.0532883883586
