,ds,yhat
0,2023-01-01 23:00:00,439.86927008504597
1,2023-01-02 00:00:00,400.56403718102854
2,2023-01-02 01:00:00,283.9029910083033
3,2023-01-02 02:00:00,125.91407382205148
4,2023-01-02 04:00:00,-50.08824210865146
5,2023-01-02 05:00:00,63.66873448633794
6,2023-01-02 06:00:00,281.54957736515746
7,2023-01-02 07:00:00,517.33029586593
8,2023-01-02 08:00:00,714.8669683539964
9,2023-01-02 09:00:00,879.8284899230024
10,2023-01-02 10:00:00,1047.020923565056
11,2023-01-02 11:00:00,1226.085890313208
12,2023-01-02 12:00:00,1386.482653620932
13,2023-01-02 13:00:00,1495.863614050878
14,2023-01-02 14:00:00,1565.1640353574114
15,2023-01-02 15:00:00,1644.0171485466844
16,2023-01-02 16:00:00,1763.110098037446
17,2023-01-02 17:00:00,1881.1983698698882
18,2023-01-02 18:00:00,1898.2834384983998
19,2023-01-02 19:00:00,1734.530879659923
20,2023-01-02 20:00:00,1406.4655443490208
21,2023-01-02 21:00:00,1027.1223416916748
22,2023-01-02 22:00:00,724.113202797413
23,2023-01-02 23:00:00,546.3198799306224
24,2023-01-03 00:00:00,441.92683771465204
25,2023-01-03 01:00:00,324.8842279109392
26,2023-01-03 03:00:00,21.83691747123146
27,2023-01-03 04:00:00,-15.262489414395532
28,2023-01-03 05:00:00,95.1500887507998
29,2023-01-03 06:00:00,309.24089876024607
30,2023-01-03 07:00:00,540.909434717195
31,2023-01-03 08:00:00,734.1346567803525
32,2023-01-03 09:00:00,894.7058739470399
33,2023-01-03 10:00:00,1057.5452920681257
34,2023-01-03 11:00:00,1232.4046871257117
35,2023-01-03 12:00:00,1388.8458816682055
36,2023-01-03 13:00:00,1494.6147618649402
37,2023-01-03 14:00:00,1560.7296759140058
38,2023-01-03 15:00:00,1636.895377737762
39,2023-01-03 16:00:00,1753.8579951329484
40,2023-01-03 17:00:00,1870.4186750052593
41,2023-01-03 18:00:00,1886.6106522301534
42,2023-01-03 19:00:00,1722.616996631153
43,2023-01-03 20:00:00,1394.9656374667097
44,2023-01-03 21:00:00,1016.6802147290857
45,2023-01-03 22:00:00,715.3473272128175
46,2023-01-03 23:00:00,539.8098279646365
47,2023-01-04 00:00:00,438.20041574506763
48,2023-01-04 01:00:00,324.4055041828741
49,2023-01-04 02:00:00,168.7645958744589
50,2023-01-04 03:00:00,28.93760233444334
51,2023-01-04 04:00:00,-4.006936047243244
52,2023-01-04 05:00:00,110.67380558575746
53,2023-01-04 06:00:00,329.0416608604843
54,2023-01-04 07:00:00,564.8883073901072
55,2023-01-04 08:00:00,762.0832597092749
56,2023-01-04 09:00:00,926.3065627447651
57,2023-01-04 10:00:00,1092.3731615836791
58,2023-01-04 11:00:00,1269.9313820718592
59,2023-01-04 12:00:00,1428.4451746335837
60,2023-01-04 13:00:00,1535.5698338817608
61,2023-01-04 14:00:00,1602.2420104036896
62,2023-01-04 15:00:00,1678.0951557397839
63,2023-01-04 16:00:00,1793.8158579024157
64,2023-01-04 17:00:00,1908.1587001779212
65,2023-01-04 18:00:00,1921.1243717430443
66,2023-01-04 19:00:00,1752.878268687145
67,2023-01-04 20:00:00,1419.946171695005
68,2023-01-04 21:00:00,1035.365538545566
69,2023-01-04 22:00:00,726.7529740146273
70,2023-01-04 23:00:00,542.9975218244311
71,2023-01-05 00:00:00,432.29402583907677
72,2023-01-05 01:00:00,308.6065426431961
73,2023-01-05 02:00:00,142.36703659202828
74,2023-01-05 04:00:00,-53.281402861912966
75,2023-01-05 05:00:00,49.37097590298265
76,2023-01-05 06:00:00,255.50156847012704
77,2023-01-05 07:00:00,479.0512676960292
78,2023-01-05 08:00:00,664.0454492404606
79,2023-01-05 09:00:00,816.324769592725
80,2023-01-05 10:00:00,970.8675440510008
81,2023-01-05 11:00:00,1137.4861638663012
82,2023-01-05 12:00:00,1285.807230870518
83,2023-01-05 13:00:00,1383.6451490808422
84,2023-01-05 14:00:00,1442.0900165812325
85,2023-01-05 15:00:00,1510.9209860191168
86,2023-01-05 16:00:00,1620.9605781680527
87,2023-01-05 17:00:00,1731.0876076468503
88,2023-01-05 18:00:00,1741.4134748843462
89,2023-01-05 19:00:00,1572.1990871422804
90,2023-01-05 20:00:00,1240.049017586297
91,2023-01-05 21:00:00,858.0614614259451
92,2023-01-05 22:00:00,553.8945703078191
93,2023-01-05 23:00:00,376.45882609357557
94,2023-01-06 00:00:00,273.9497148666545
95,2023-01-06 01:00:00,160.3106943260218
96,2023-01-06 02:00:00,5.931693605213013
97,2023-01-06 03:00:00,-131.4844017103003
98,2023-01-06 04:00:00,-160.83431361661508
99,2023-01-06 05:00:00,-41.34943823282458
100,2023-01-06 06:00:00,183.04822896869268
101,2023-01-06 07:00:00,426.1563613281629
102,2023-01-06 08:00:00,631.8398184401959
103,2023-01-06 09:00:00,805.762963827237
104,2023-01-06 10:00:00,982.7137658102287
105,2023-01-06 11:00:00,1172.3021219430943
106,2023-01-06 12:00:00,1343.9420641876247
107,2023-01-06 13:00:00,1465.2275607289116
108,2023-01-06 14:00:00,1547.0227329349677
109,2023-01-06 15:00:00,1638.8776288818767
110,2023-01-06 16:00:00,1771.3850101759099
111,2023-01-06 17:00:00,1903.1957822666245
112,2023-01-06 18:00:00,1934.1977932005302
113,2023-01-06 19:00:00,1784.4352342203479
114,2023-01-06 20:00:00,1470.3052217533461
115,2023-01-06 21:00:00,1104.7100915113806
116,2023-01-06 22:00:00,815.1259576442269
117,2023-01-06 23:00:00,650.2971718308872
118,2023-01-07 00:00:00,479.86113412651076
119,2023-01-07 01:00:00,374.4521301239107
120,2023-01-07 02:00:00,225.94265061900182
121,2023-01-07 04:00:00,63.516557445543526
122,2023-01-07 05:00:00,181.37239982667722
123,2023-01-07 06:00:00,401.58301853988985
124,2023-01-07 07:00:00,637.9582928478281
125,2023-01-07 08:00:00,834.4003014842757
126,2023-01-07 09:00:00,996.6353465641114
127,2023-01-07 10:00:00,1159.5374864835417
128,2023-01-07 11:00:00,1332.8260244080443
129,2023-01-07 12:00:00,1486.0466186812139
130,2023-01-07 13:00:00,1586.945743456292
131,2023-01-07 14:00:00,1646.5593332952667
132,2023-01-07 15:00:00,1714.626771167056
133,2023-01-07 16:00:00,1821.9456970324177
134,2023-01-07 17:00:00,1927.385290034655
135,2023-01-07 18:00:00,1931.0627740415591
136,2023-01-07 19:00:00,1753.2604062458092
137,2023-01-07 20:00:00,1410.6195565110368
138,2023-01-07 21:00:00,1016.2904366075485
139,2023-01-07 22:00:00,697.9980624428183
140,2023-01-07 23:00:00,504.73411356857207
141,2023-01-08 00:00:00,384.78895589032277
142,2023-01-08 01:00:00,252.2138270593075
143,2023-01-08 02:00:00,77.51843135180104
144,2023-01-08 03:00:00,-81.46359396515197
145,2023-01-08 04:00:00,-133.48836489717382
146,2023-01-08 05:00:00,-37.638031202531124
147,2023-01-08 06:00:00,162.32200462614105
148,2023-01-08 07:00:00,380.3519957498754
149,2023-01-08 08:00:00,560.4839563332839
150,2023-01-08 09:00:00,708.5525291863103
151,2023-01-08 10:00:00,859.5176139124288
152,2023-01-08 11:00:00,1023.1612105804338
153,2023-01-08 12:00:00,1169.068151428511
154,2023-01-08 13:00:00,1265.0004513296678
155,2023-01-08 14:00:00,1321.9861101690703
156,2023-01-08 15:00:00,1389.7335227322687
157,2023-01-08 16:00:00,1498.9869662629603
158,2023-01-08 17:00:00,1608.5408087360743
159,2023-01-08 18:00:00,1618.4171744914236
160,2023-01-08 19:00:00,1448.784311392922
161,2023-01-08 20:00:00,1116.1522487812151
162,2023-01-08 21:00:00,733.5242848950586
163,2023-01-08 22:00:00,428.4648641750099
164,2023-01-08 23:00:00,249.7934844522929
165,2023-01-09 00:00:00,224.0286581517213
166,2023-01-09 01:00:00,108.21319517054997
167,2023-01-09 02:00:00,-48.92721114980395
168,2023-01-09 04:00:00,-223.22406165958864
169,2023-01-09 05:00:00,-108.61030105345685
170,2023-01-09 06:00:00,110.12991244296472
171,2023-01-09 07:00:00,346.7725020631128
172,2023-01-09 08:00:00,545.173459743332
173,2023-01-09 09:00:00,711.001593890905
174,2023-01-09 10:00:00,879.0628804529102
175,2023-01-09 11:00:00,1058.9988531744298
176,2023-01-09 12:00:00,1220.268687939959
177,2023-01-09 13:00:00,1330.5246975026396
178,2023-01-09 14:00:00,1400.702057519263
179,2023-01-09 15:00:00,1480.433910685066
180,2023-01-09 16:00:00,1600.4073128726936
181,2023-01-09 17:00:00,1719.3776613552948
182,2023-01-09 18:00:00,1737.346341624865
183,2023-01-09 19:00:00,1574.4788402503077
184,2023-01-09 20:00:00,1247.299918863605
185,2023-01-09 21:00:00,868.8443970803531
186,2023-01-09 22:00:00,566.724116316086
187,2023-01-09 23:00:00,389.8207389936158
188,2023-01-10 00:00:00,286.31863974979365
189,2023-01-10 01:00:00,170.16788024746768
190,2023-01-10 02:00:00,11.782507388850036
191,2023-01-10 04:00:00,-167.298745084718
192,2023-01-10 05:00:00,-55.99159065435674
193,2023-01-10 06:00:00,158.9942508199407
194,2023-01-10 07:00:00,391.55818278846425
195,2023-01-10 08:00:00,585.6790747102339
196,2023-01-10 09:00:00,747.1461448221228
197,2023-01-10 10:00:00,910.8815082008682
198,2023-01-10 11:00:00,1086.6368500321582
199,2023-01-10 12:00:00,1243.9739020687764
200,2023-01-10 13:00:00,1350.6384596649348
201,2023-01-10 14:00:00,1417.6487802534382
202,2023-01-10 15:00:00,1494.7095269942954
203,2023-01-10 16:00:00,1612.5667369680064
204,2023-01-10 17:00:00,1730.0214664054774
205,2023-01-10 18:00:00,1747.1068596007035
206,2023-01-10 19:00:00,1584.0058958267527
207,2023-01-10 20:00:00,1257.2464138876906
208,2023-01-10 21:00:00,879.8519634369601
209,2023-01-10 22:00:00,579.4090530162853
210,2023-01-10 23:00:00,404.7604455424994
211,2023-01-11 00:00:00,304.0387497740909
212,2023-01-11 01:00:00,191.13028948399756
213,2023-01-11 02:00:00,36.374477557521914
214,2023-01-11 03:00:00,-102.56886403311239
215,2023-01-11 04:00:00,-134.63128426928813
216,2023-01-11 05:00:00,-19.07004747438009
217,2023-01-11 06:00:00,200.1765909809161
218,2023-01-11 07:00:00,436.9002199315597
219,2023-01-11 08:00:00,634.9702653643496
220,2023-01-11 09:00:00,800.0666838611211
221,2023-01-11 10:00:00,967.0043324262583
222,2023-01-11 11:00:00,1145.4314490709498
223,2023-01-11 12:00:00,1304.8118966520065
224,2023-01-11 13:00:00,1412.8008824740027
225,2023-01-11 14:00:00,1480.3349701267562
226,2023-01-11 15:00:00,1557.0475244335003
227,2023-01-11 16:00:00,1673.6250470014309
228,2023-01-11 17:00:00,1788.8220350290183
229,2023-01-11 18:00:00,1802.6390919470928
230,2023-01-11 19:00:00,1635.2415284288222
231,2023-01-11 20:00:00,1303.155040088424
232,2023-01-11 21:00:00,919.4170000202721
233,2023-01-11 22:00:00,611.6439286714049
234,2023-01-11 23:00:00,428.72478582322515
235,2023-01-12 00:00:00,318.8543317920887
236,2023-01-12 01:00:00,195.99654003945614
237,2023-01-12 02:00:00,30.58329218583117
238,2023-01-12 04:00:00,-163.42325932387598
239,2023-01-12 05:00:00,-59.955414080931405
240,2023-01-12 06:00:00,146.98688524203135
241,2023-01-12 07:00:00,371.3444509945607
242,2023-01-12 08:00:00,557.1425788614347
243,2023-01-12 09:00:00,710.2218458036971
244,2023-01-12 10:00:00,865.5604881467787
245,2023-01-12 11:00:00,1032.97081862196
246,2023-01-12 12:00:00,1182.079361097122
247,2023-01-12 13:00:00,1280.7004421458792
248,2023-01-12 14:00:00,1339.9240829614957
249,2023-01-12 15:00:00,1409.5293598366902
250,2023-01-12 16:00:00,1520.3387177539084
251,2023-01-12 17:00:00,1631.230896131533
252,2023-01-12 18:00:00,1642.3172207529283
253,2023-01-12 19:00:00,1473.8585248428863
254,2023-01-12 20:00:00,1142.4593081271469
255,2023-01-12 21:00:00,761.2176929882114
256,2023-01-12 22:00:00,457.7917588536633
257,2023-01-12 23:00:00,281.0919160121555
258,2023-01-13 00:00:00,179.3135796025898
259,2023-01-13 01:00:00,66.40013703152192
260,2023-01-13 02:00:00,-87.25855220005258
261,2023-01-13 03:00:00,-223.9596714781676
262,2023-01-13 04:00:00,-252.60001107965036
263,2023-01-13 05:00:00,-132.41103474725355
264,2023-01-13 06:00:00,92.68519515162473
265,2023-01-13 07:00:00,336.4862857425803
266,2023-01-13 08:00:00,542.8570311255455
267,2023-01-13 09:00:00,717.4617300434461
268,2023-01-13 10:00:00,895.0882867821744
269,2023-01-13 11:00:00,1085.346535580823
270,2023-01-13 12:00:00,1257.650445844775
271,2023-01-13 13:00:00,1379.5939239551144
272,2023-01-13 14:00:00,1462.0410302311109
273,2023-01-13 15:00:00,1554.5417525024984
274,2023-01-13 16:00:00,1687.6887928576448
275,2023-01-13 17:00:00,1820.1329980697442
276,2023-01-13 18:00:00,1851.7621582701304
277,2023-01-13 19:00:00,1702.6204075972346
278,2023-01-13 20:00:00,1389.1048062006466
279,2023-01-13 21:00:00,1024.1176343242978
280,2023-01-13 22:00:00,735.1349514705751
281,2023-01-13 23:00:00,570.9010555188439
282,2023-01-14 00:00:00,401.05329355778724
283,2023-01-14 01:00:00,296.2258990743378
284,2023-01-14 02:00:00,148.29131158968414
285,2023-01-14 03:00:00,14.867096054252784
286,2023-01-14 04:00:00,-13.00535068004558
287,2023-01-14 05:00:00,105.40493240783326
288,2023-01-14 06:00:00,326.1630780352523
289,2023-01-14 07:00:00,563.0789185941105
290,2023-01-14 08:00:00,760.0544868513007
291,2023-01-14 09:00:00,922.8160398580319
292,2023-01-14 10:00:00,1086.237591868
293,2023-01-14 11:00:00,1260.0384028077356
294,2023-01-14 12:00:00,1413.7640887156836
295,2023-01-14 13:00:00,1515.1610823671995
296,2023-01-14 14:00:00,1575.2652778815088
297,2023-01-14 15:00:00,1643.816018731461
298,2023-01-14 16:00:00,1751.6109063173285
299,2023-01-14 17:00:00,1857.5190821990182
300,2023-01-14 18:00:00,1861.657733593042
301,2023-01-14 19:00:00,1684.3090820233037
302,2023-01-14 20:00:00,1342.1144626509167
303,2023-01-14 21:00:00,948.2240535202483
304,2023-01-14 22:00:00,630.3628377813602
305,2023-01-14 23:00:00,437.5224632317062
306,2023-01-15 00:00:00,317.99326500035056
307,2023-01-15 01:00:00,185.82645096118245
308,2023-01-15 02:00:00,11.531696614424959
309,2023-01-15 03:00:00,-147.05738854818367
310,2023-01-15 04:00:00,-198.69694728722015
311,2023-01-15 05:00:00,-102.46915513182819
312,2023-01-15 06:00:00,97.86056069447773
313,2023-01-15 07:00:00,316.2524296727613
314,2023-01-15 08:00:00,496.7384432398832
315,2023-01-15 09:00:00,645.153222559615
316,2023-01-15 10:00:00,796.456646600622
317,2023-01-15 11:00:00,960.4306958734861
318,2023-01-15 12:00:00,1106.6601840254648
319,2023-01-15 13:00:00,1202.9071084473578
320,2023-01-15 14:00:00,1260.1994525511548
321,2023-01-15 15:00:00,1328.245595717518
322,2023-01-15 16:00:00,1437.789800826963
323,2023-01-15 17:00:00,1547.626422549849
324,2023-01-15 18:00:00,1557.7775729804243
325,2023-01-15 19:00:00,1388.4114887936819
326,2023-01-15 20:00:00,1056.0381892110868
327,2023-01-15 21:00:00,673.6609634117789
328,2023-01-15 22:00:00,368.8442478446606
329,2023-01-15 23:00:00,190.40753341378024
330,2023-01-16 00:00:00,164.8693267067166
331,2023-01-16 01:00:00,49.272432825561964
332,2023-01-16 02:00:00,-107.65745857688091
333,2023-01-16 03:00:00,-248.28313373094875
334,2023-01-16 04:00:00,-281.5574512403713
335,2023-01-16 05:00:00,-166.75734972160444
336,2023-01-16 06:00:00,52.161146465281604
337,2023-01-16 07:00:00,288.98977890116566
338,2023-01-16 08:00:00,487.5687270059058
339,2023-01-16 09:00:00,653.5668030455179
340,2023-01-16 10:00:00,821.7899879082279
341,2023-01-16 11:00:00,1001.879821359824
342,2023-01-16 12:00:00,1163.2954864073538
343,2023-01-16 13:00:00,1273.689303986867
344,2023-01-16 14:00:00,1343.9964590308336
345,2023-01-16 15:00:00,1423.8501045975258
346,2023-01-16 16:00:00,1543.9373080240307
347,2023-01-16 17:00:00,1663.0134790955713
348,2023-01-16 18:00:00,1681.0800169282816
349,2023-01-16 19:00:00,1518.3024227972437
350,2023-01-16 20:00:00,1191.2054740890906
351,2023-01-16 21:00:00,812.824007314639
352,2023-01-16 22:00:00,510.76988182249005
353,2023-01-16 23:00:00,333.9247790544514
354,2023-01-17 00:00:00,230.47309376196154
355,2023-01-17 01:00:00,114.36490877422852
356,2023-01-17 02:00:00,-43.98570674111852
357,2023-01-17 03:00:00,-186.8346192937439
358,2023-01-17 04:00:00,-223.02080166010023
359,2023-01-17 05:00:00,-111.70219714117059
360,2023-01-17 06:00:00,103.28737699323176
361,2023-01-17 07:00:00,335.8473518036079
362,2023-01-17 08:00:00,529.956625417537
363,2023-01-17 09:00:00,691.4044458071642
364,2023-01-17 10:00:00,855.1129588422534
365,2023-01-17 11:00:00,1030.8338815639863
366,2023-01-17 12:00:00,1188.128978612162
367,2023-01-17 13:00:00,1294.7440793140454
368,2023-01-17 14:00:00,1361.6974760899489
369,2023-01-17 15:00:00,1438.6938681548506
370,2023-01-17 16:00:00,1556.4793296730315
371,2023-01-17 17:00:00,1673.8549550005275
372,2023-01-17 18:00:00,1690.8539275929616
373,2023-01-17 19:00:00,1527.6592669095635
374,2023-01-17 20:00:00,1200.7988529993665
375,2023-01-17 21:00:00,823.2962776878455
376,2023-01-17 22:00:00,522.7380928412174
377,2023-01-17 23:00:00,347.96710562571457
378,2023-01-18 00:00:00,247.11597008273566
379,2023-01-18 01:00:00,134.07105627113253
380,2023-01-18 02:00:00,-20.828175625010658
381,2023-01-18 03:00:00,-159.9218553503821
382,2023-01-18 04:00:00,-192.1414826179348
383,2023-01-18 05:00:00,-76.74427147389713
384,2023-01-18 06:00:00,142.33157395133412
385,2023-01-18 07:00:00,378.87769470116575
386,2023-01-18 08:00:00,576.7635699898532
387,2023-01-18 09:00:00,741.6692105346355
388,2023-01-18 10:00:00,908.409528456148
389,2023-01-18 11:00:00,1086.6328178413983
390,2023-01-18 12:00:00,1245.8029985715127
391,2023-01-18 13:00:00,1353.5753359136218
392,2023-01-18 14:00:00,1420.8864523569007
393,2023-01-18 15:00:00,1497.3697725495135
394,2023-01-18 16:00:00,1613.7118588668927
395,2023-01-18 17:00:00,1728.667270163673
396,2023-01-18 18:00:00,1742.2366724571011
397,2023-01-18 19:00:00,1574.585439908238
398,2023-01-18 20:00:00,1242.2393325206187
399,2023-01-18 21:00:00,858.2357886497127
400,2023-01-18 22:00:00,550.1913949126347
401,2023-01-18 23:00:00,366.99517812486204
402,2023-01-19 00:00:00,256.84196650087404
403,2023-01-19 01:00:00,133.69580226947483
404,2023-01-19 02:00:00,-32.011363327380536
405,2023-01-19 03:00:00,-182.51324484398447
406,2023-01-19 04:00:00,-226.62210340595698
407,2023-01-19 05:00:00,-123.46438554354143
408,2023-01-19 06:00:00,83.16252800809434
409,2023-01-19 07:00:00,307.1995233753811
410,2023-01-19 08:00:00,492.67197082291517
411,2023-01-19 09:00:00,645.420522710168
412,2023-01-19 10:00:00,800.4234915255439
413,2023-01-19 11:00:00,967.4932669572496
414,2023-01-19 12:00:00,1116.2564506059905
415,2023-01-19 13:00:00,1214.5274475575104
416,2023-01-19 14:00:00,1273.3963582416368
417,2023-01-19 15:00:00,1342.642338953929
418,2023-01-19 16:00:00,1453.0879154259028
419,2023-01-19 17:00:00,1563.6119085443615
420,2023-01-19 18:00:00,1574.3257262782518
421,2023-01-19 19:00:00,1405.4902847599694
422,2023-01-19 20:00:00,1073.7101673274124
423,2023-01-19 21:00:00,692.0835806449948
424,2023-01-19 22:00:00,388.268689137298
425,2023-01-19 23:00:00,211.17598874607881
426,2023-01-20 00:00:00,109.00098092585756
427,2023-01-20 01:00:00,-4.312859941176612
428,2023-01-20 02:00:00,-158.37558673491617
429,2023-01-20 03:00:00,-295.48429458041403
430,2023-01-20 04:00:00,-324.53568489087047
431,2023-01-20 05:00:00,-204.76113190125454
432,2023-01-20 06:00:00,19.917392110913738
433,2023-01-20 07:00:00,263.29758496279635
434,2023-01-20 08:00:00,469.24433202326384
435,2023-01-20 09:00:00,643.4220238996996
436,2023-01-20 10:00:00,820.6186572742287
437,2023-01-20 11:00:00,1010.4441593509697
438,2023-01-20 12:00:00,1182.3125930434194
439,2023-01-20 13:00:00,1303.8179587664192
440,2023-01-20 14:00:00,1385.824411394171
441,2023-01-20 15:00:00,1477.8820338131825
442,2023-01-20 16:00:00,1610.5836236896455
443,2023-01-20 17:00:00,1742.5801238225376
444,2023-01-20 18:00:00,1773.7594208905252
445,2023-01-20 19:00:00,1624.1657460042532
446,2023-01-20 20:00:00,1310.196256762054
447,2023-01-20 21:00:00,944.7533313125014
448,2023-01-20 22:00:00,655.3131274097743
449,2023-01-20 23:00:00,490.6200417325503
450,2023-01-21 00:00:00,-711.1283331217099
451,2023-01-21 01:00:00,-816.4179569097186
452,2023-01-21 02:00:00,-964.816143802608
453,2023-01-21 03:00:00,-1098.7052285505697
454,2023-01-21 04:00:00,-1127.0437136448543
455,2023-01-21 05:00:00,-1009.1005370571343
456,2023-01-21 06:00:00,-788.8104647355185
457,2023-01-21 07:00:00,-552.3635626186142
458,2023-01-21 08:00:00,-355.8576959465397
459,2023-01-21 09:00:00,-193.56650539967927
460,2023-01-21 10:00:00,-30.61587414699011
461,2023-01-21 11:00:00,142.71356058786478
462,2023-01-21 12:00:00,295.96751796303204
463,2023-01-21 13:00:00,396.8925341061532
464,2023-01-21 14:00:00,456.52460675974555
465,2023-01-21 15:00:00,524.6031832267654
466,2023-01-21 16:00:00,631.9259689595731
467,2023-01-21 17:00:00,737.3622097715266
468,2023-01-21 18:00:00,741.0291973329911
469,2023-01-21 19:00:00,563.2092577932814
470,2023-01-21 20:00:00,220.54383109338414
471,2023-01-21 21:00:00,-173.81679975997054
472,2023-01-21 22:00:00,-492.1475465350935
473,2023-01-21 23:00:00,-685.4566562196985
474,2023-01-22 00:00:00,-831.1552435581856
475,2023-01-22 01:00:00,-963.7888848267975
476,2023-01-22 02:00:00,-1138.5493542024637
477,2023-01-22 03:00:00,-1297.6029366136377
478,2023-01-22 04:00:00,-1349.7056691206215
479,2023-01-22 05:00:00,-1253.9396215372844
480,2023-01-22 06:00:00,-1054.0701153348582
481,2023-01-22 07:00:00,-836.1368152388383
482,2023-01-22 08:00:00,-656.1076239987154
483,2023-01-22 09:00:00,-508.1478146586412
484,2023-01-22 10:00:00,-357.2974024504193
485,2023-01-22 11:00:00,-193.77430109624981
486,2023-01-22 12:00:00,-47.99359120778422
487,2023-01-22 13:00:00,47.80683026759573
488,2023-01-22 14:00:00,104.65505239220693
489,2023-01-22 15:00:00,172.25956007007528
490,2023-01-22 16:00:00,281.3647216423494
491,2023-01-22 17:00:00,390.7649971308123
492,2023-01-22 18:00:00,400.4826038787253
493,2023-01-22 19:00:00,230.68588367104394
494,2023-01-22 20:00:00,-102.11503930632546
495,2023-01-22 21:00:00,-484.9167710417479
496,2023-01-22 22:00:00,-790.1547704363376
497,2023-01-22 23:00:00,-969.0094421117803
498,2023-01-23 00:00:00,-744.7234968013496
499,2023-01-23 01:00:00,-860.7313821073406
500,2023-01-23 02:00:00,-1018.0686261297534
501,2023-01-23 03:00:00,-1159.0979114614443
502,2023-01-23 04:00:00,-1192.771993315821
503,2023-01-23 05:00:00,-1078.3677071739626
504,2023-01-23 06:00:00,-859.8409745379496
505,2023-01-23 07:00:00,-623.4157678928136
506,2023-01-23 08:00:00,-425.2359902318632
507,2023-01-23 09:00:00,-259.63272732183134
508,2023-01-23 10:00:00,-91.79989660636954
509,2023-01-23 11:00:00,87.90414301112082
510,2023-01-23 12:00:00,248.93867552861275
511,2023-01-23 13:00:00,358.9561224948925
512,2023-01-23 14:00:00,428.8917691126071
513,2023-01-23 15:00:00,508.3788683139253
514,2023-01-23 16:00:00,628.1045869090117
515,2023-01-23 17:00:00,746.824433754859
516,2023-01-23 18:00:00,764.5399066222561
517,2023-01-23 19:00:00,601.4166049964965
518,2023-01-23 20:00:00,273.979404035706
519,2023-01-23 21:00:00,-104.73676242407657
520,2023-01-23 22:00:00,-407.11993819091936
521,2023-01-23 23:00:00,-584.2883454932366
522,2023-01-24 00:00:00,-960.4505056789785
523,2023-01-24 01:00:00,-1076.8702165732818
524,2023-01-24 02:00:00,-1235.526326165782
525,2023-01-24 03:00:00,-1378.6746066639153
526,2023-01-24 04:00:00,-1415.1539370681237
527,2023-01-24 05:00:00,-1304.1221674895774
528,2023-01-24 06:00:00,-1089.413022540094
529,2023-01-24 07:00:00,-857.1269791043834
530,2023-01-24 08:00:00,-663.2850475849683
531,2023-01-24 09:00:00,-502.0978891456216
532,2023-01-24 10:00:00,-338.64326765787143
533,2023-01-24 11:00:00,-163.1693764621515
534,2023-01-24 12:00:00,-6.114361929706092
535,2023-01-24 13:00:00,100.26769360249932
536,2023-01-24 14:00:00,166.99517022789416
537,2023-01-24 15:00:00,243.7728541651568
538,2023-01-24 16:00:00,361.34690588625847
539,2023-01-24 17:00:00,478.5185053829672
540,2023-01-24 18:00:00,495.3209210096952
541,2023-01-24 19:00:00,331.93725642601225
542,2023-01-24 20:00:00,4.895475146984609
543,2023-01-24 21:00:00,-372.7807482751716
544,2023-01-24 22:00:00,-673.5047800092304
545,2023-01-24 23:00:00,-848.4337316673449
546,2023-01-25 00:00:00,129.86087360793465
547,2023-01-25 01:00:00,16.674000744349655
548,2023-01-25 02:00:00,-138.3590688210702
549,2023-01-25 03:00:00,-277.57838678196583
550,2023-01-25 04:00:00,-309.91537561522216
551,2023-01-25 05:00:00,-194.62717296688675
552,2023-01-25 06:00:00,24.348092614405346
553,2023-01-25 07:00:00,260.8021368903363
554,2023-01-25 08:00:00,458.6045129414106
555,2023-01-25 09:00:00,623.4353044800239
556,2023-01-25 10:00:00,790.1094957566339
557,2023-01-25 11:00:00,968.2754520822874
558,2023-01-25 12:00:00,1127.3971636763697
559,2023-01-25 13:00:00,1235.129965234029
560,2023-01-25 14:00:00,1302.4105477533703
561,2023-01-25 15:00:00,1378.8724034699665
562,2023-01-25 16:00:00,1495.202161395854
563,2023-01-25 17:00:00,1610.1544461048934
564,2023-01-25 18:00:00,1623.7299883465275
565,2023-01-25 19:00:00,1456.0942260705892
566,2023-01-25 20:00:00,1123.7729820909674
567,2023-01-25 21:00:00,739.8037565937341
568,2023-01-25 22:00:00,431.80319702480347
569,2023-01-25 23:00:00,248.6603900419799
570,2023-01-26 00:00:00,138.57022268430944
571,2023-01-26 01:00:00,15.496794991656657
572,2023-01-26 02:00:00,-150.1278850072439
573,2023-01-26 03:00:00,-300.53747611992355
574,2023-01-26 04:00:00,-344.5441847526133
575,2023-01-26 05:00:00,-241.27440379605991
576,2023-01-26 06:00:00,-34.52546137056936
577,2023-01-26 07:00:00,189.64358017702614
578,2023-01-26 08:00:00,375.25814155864396
579,2023-01-26 09:00:00,528.1589245396572
580,2023-01-26 10:00:00,683.3242898701892
581,2023-01-26 11:00:00,850.566674437452
582,2023-01-26 12:00:00,999.5127259134624
583,2023-01-26 13:00:00,1097.9768943723425
584,2023-01-26 14:00:00,1157.049324092466
585,2023-01-26 15:00:00,1226.5092140965876
586,2023-01-26 16:00:00,1337.1791317056845
587,2023-01-26 17:00:00,1447.9379382752982
588,2023-01-26 18:00:00,1458.8970810710669
589,2023-01-26 19:00:00,1290.3175143967426
590,2023-01-26 20:00:00,958.8038585458307
591,2023-01-26 21:00:00,577.4543560594366
592,2023-01-26 22:00:00,273.92720600438395
593,2023-01-26 23:00:00,97.1329377973882
594,2023-01-27 00:00:00,-4.732914796143746
595,2023-01-27 01:00:00,-117.72684630302194
596,2023-01-27 02:00:00,-271.4588796774866
597,2023-01-27 03:00:00,-408.2260813413433
598,2023-01-27 04:00:00,-436.9251251990162
599,2023-01-27 05:00:00,-316.7873591921867
600,2023-01-27 06:00:00,-91.73473052384043
601,2023-01-27 07:00:00,152.03048248304265
602,2023-01-27 08:00:00,358.3731878204952
603,2023-01-27 09:00:00,532.9577974946196
604,2023-01-27 10:00:00,710.5723283492259
605,2023-01-27 11:00:00,900.8267265137786
606,2023-01-27 12:00:00,1073.1350725652571
607,2023-01-27 13:00:00,1195.0913833598918
608,2023-01-27 14:00:00,1277.559828935154
609,2023-01-27 15:00:00,1370.0905060993468
610,2023-01-27 16:00:00,1503.276225171381
611,2023-01-27 17:00:00,1635.767940340044
612,2023-01-27 18:00:00,1667.4535484087985
613,2023-01-27 19:00:00,1518.3772893365997
614,2023-01-27 20:00:00,1204.9363283227237
615,2023-01-27 21:00:00,840.033049749261
616,2023-01-27 22:00:00,551.1436164512805
617,2023-01-27 23:00:00,387.0124288136976
618,2023-01-28 00:00:00,217.2769355025374
619,2023-01-28 01:00:00,112.57147067383858
620,2023-01-28 02:00:00,-35.231426336384175
621,2023-01-28 03:00:00,-168.51409172329716
622,2023-01-28 04:00:00,-196.23503070034792
623,2023-01-28 05:00:00,-77.6631852573455
624,2023-01-28 06:00:00,143.26667332888928
625,2023-01-28 07:00:00,380.36447250141646
626,2023-01-28 08:00:00,577.532339087943
627,2023-01-28 09:00:00,740.4966231783496
628,2023-01-28 10:00:00,904.1314310661476
629,2023-01-28 11:00:00,1078.1561136876476
630,2023-01-28 12:00:00,1232.1163770346698
631,2023-01-28 13:00:00,1333.758742789289
632,2023-01-28 14:00:00,1394.11919290919
633,2023-01-28 15:00:00,1462.9371576232838
634,2023-01-28 16:00:00,1571.0103239874043
635,2023-01-28 17:00:00,1677.2079181103109
636,2023-01-28 18:00:00,1681.6472106498559
637,2023-01-28 19:00:00,1504.61050542383
638,2023-01-28 20:00:00,1162.7392187424607
639,2023-01-28 21:00:00,769.1836086626998
640,2023-01-28 22:00:00,451.66873715715326
641,2023-01-28 23:00:00,259.1863296646743
642,2023-01-29 00:00:00,140.02679777516903
643,2023-01-29 01:00:00,8.241424612023025
644,2023-01-29 02:00:00,-165.66004028309305
645,2023-01-29 03:00:00,-323.8439146427472
646,2023-01-29 04:00:00,-375.06626962821986
647,2023-01-29 05:00:00,-278.4092104687121
648,2023-01-29 06:00:00,-77.63809531992638
649,2023-01-29 07:00:00,141.2073730610939
650,2023-01-29 08:00:00,322.15925261731775
651,2023-01-29 09:00:00,471.05222971223975
652,2023-01-29 10:00:00,622.8462472271871
653,2023-01-29 11:00:00,787.3233482323942
654,2023-01-29 12:00:00,934.0684076481597
655,2023-01-29 13:00:00,1030.8434827659107
656,2023-01-29 14:00:00,1088.6766155936336
657,2023-01-29 15:00:00,1157.2762427088278
658,2023-01-29 16:00:00,1267.386682858607
659,2023-01-29 17:00:00,1377.8023451696852
660,2023-01-29 18:00:00,1388.5453948368245
661,2023-01-29 19:00:00,1219.784120227073
662,2023-01-29 20:00:00,888.0285908470478
663,2023-01-29 21:00:00,506.28214475126754
664,2023-01-29 22:00:00,202.10926584790798
665,2023-01-29 23:00:00,24.329491061684735
666,2023-01-30 00:00:00,-0.538628449792327
667,2023-01-30 01:00:00,-115.45224443328993
668,2023-01-30 02:00:00,-271.68562557504026
669,2023-01-30 03:00:00,-411.60151788458063
670,2023-01-30 04:00:00,-444.1527412376614
671,2023-01-30 05:00:00,-328.61619698304867
672,2023-01-30 06:00:00,-108.94787372392955
673,2023-01-30 07:00:00,128.64747968101688
674,2023-01-30 08:00:00,328.0066009177235
675,2023-01-30 09:00:00,494.79833350788203
676,2023-01-30 10:00:00,663.8286880652247
677,2023-01-30 11:00:00,844.7392325678177
678,2023-01-30 12:00:00,1006.9891767082158
679,2023-01-30 13:00:00,1118.2308665443977
680,2023-01-30 14:00:00,1189.3995106095601
681,2023-01-30 15:00:00,1270.1282840025033
682,2023-01-30 16:00:00,1391.104274541462
683,2023-01-30 17:00:00,1511.0829109159577
684,2023-01-30 18:00:00,1530.065609595841
685,2023-01-30 19:00:00,1368.2178876193161
686,2023-01-30 20:00:00,1042.0645365653436
687,2023-01-30 21:00:00,664.640405558552
688,2023-01-30 22:00:00,363.55736491500215
689,2023-01-30 23:00:00,187.69710550553998
690,2023-01-31 00:00:00,85.24402990101316
691,2023-01-31 01:00:00,-29.851772874525864
692,2023-01-31 02:00:00,-187.17622908327655
693,2023-01-31 04:00:00,-364.1176637802712
694,2023-01-31 05:00:00,-251.73155728186543
695,2023-01-31 06:00:00,-35.66070190534663
696,2023-01-31 07:00:00,197.9943298697939
697,2023-01-31 08:00:00,393.2124309980703
698,2023-01-31 09:00:00,555.7828426554235
699,2023-01-31 10:00:00,720.6277022576099
700,2023-01-31 11:00:00,897.498716745089
701,2023-01-31 12:00:00,1055.9576390242987
702,2023-01-31 13:00:00,1163.7502850278597
703,2023-01-31 14:00:00,1231.8949321292046
704,2023-01-31 15:00:00,1310.0962628410439
705,2023-01-31 16:00:00,1429.10033297266
706,2023-01-31 17:00:00,1547.7082168647728
707,2023-01-31 18:00:00,1565.9530762850966
708,2023-01-31 19:00:00,1404.0179073583768
709,2023-01-31 20:00:00,1078.430565135369
710,2023-01-31 21:00:00,702.2146147598048
711,2023-01-31 22:00:00,402.9565797661321
712,2023-01-31 23:00:00,229.49923732804302
713,2023-02-02 10:00:00,736.0789977341626
714,2023-02-02 11:00:00,904.9142367977352
715,2023-02-02 12:00:00,1055.45410556052
716,2023-02-02 13:00:00,1155.5129168633537
717,2023-02-02 14:00:00,1216.1806773949406
718,2023-02-02 15:00:00,1287.2364481200127
719,2023-02-02 16:00:00,1399.5026579174396
720,2023-02-02 17:00:00,1511.858029260964
721,2023-02-02 18:00:00,1524.4138701816282
722,2023-02-02 19:00:00,1357.4309953616548
723,2023-02-02 20:00:00,1027.5138851004072
724,2023-02-02 21:00:00,647.7606416282879
725,2023-02-02 22:00:00,345.8293233594152
726,2023-02-02 23:00:00,170.63031869197414
727,2023-02-03 00:00:00,70.35902014067904
728,2023-02-03 01:00:00,-41.04120839364646
729,2023-02-03 02:00:00,-193.1805317320924
730,2023-02-03 03:00:00,-328.3561584054422
731,2023-02-03 04:00:00,-355.464904682926
732,2023-02-03 05:00:00,-233.7382611043612
733,2023-02-03 06:00:00,-7.098317702135205
734,2023-02-03 07:00:00,238.25250417285042
735,2023-02-03 08:00:00,446.17896930229404
736,2023-02-03 09:00:00,622.3453462762341
737,2023-02-03 10:00:00,801.5395083767186
738,2023-02-03 11:00:00,993.3712580153631
739,2023-02-03 12:00:00,1167.2545319203487
740,2023-02-03 13:00:00,1290.783202957415
741,2023-02-03 14:00:00,1374.8212970916602
742,2023-02-03 15:00:00,1468.9187669472208
743,2023-02-03 16:00:00,1603.6682785829828
744,2023-02-03 17:00:00,1737.7206418590547
745,2023-02-03 18:00:00,1770.9636092137534
746,2023-02-03 19:00:00,1623.441276188455
747,2023-02-03 20:00:00,1311.5506635392808
748,2023-02-03 21:00:00,948.1940112158293
749,2023-02-03 22:00:00,660.8473376121888
750,2023-02-03 23:00:00,498.25489869485205
751,2023-02-04 00:00:00,330.05399874127284
752,2023-02-04 01:00:00,226.87882759214608
753,2023-02-04 02:00:00,80.60178029840733
754,2023-02-04 03:00:00,-51.15962351684311
755,2023-02-04 04:00:00,-77.36403318118641
756,2023-02-04 05:00:00,42.71946533984442
757,2023-02-04 06:00:00,265.1559568919454
758,2023-02-04 07:00:00,503.75522516781757
759,2023-02-04 08:00:00,702.419253448832
760,2023-02-04 09:00:00,866.8742483598032
761,2023-02-04 10:00:00,1031.9941729719626
762,2023-02-04 11:00:00,1207.4982351632282
763,2023-02-04 12:00:00,1362.9319980845935
764,2023-02-04 13:00:00,1466.0418407955217
765,2023-02-04 14:00:00,1527.8636028653045
766,2023-02-04 15:00:00,1598.13657238875
767,2023-02-04 16:00:00,1707.6582945401033
768,2023-02-04 17:00:00,1815.2978538479929
769,2023-02-04 18:00:00,1821.1723796546048
770,2023-02-04 19:00:00,1645.5640347879844
771,2023-02-04 20:00:00,1305.1140948846323
772,2023-02-04 21:00:00,912.9726776657889
773,2023-02-04 22:00:00,596.8647051043185
774,2023-02-04 23:00:00,405.7817630193581
775,2023-02-05 00:00:00,288.014123748575
776,2023-02-05 01:00:00,157.61293155597787
777,2023-02-05 02:00:00,-14.912202466509825
778,2023-02-05 03:00:00,-171.72773409182878
779,2023-02-05 04:00:00,-221.58987207036216
780,2023-02-05 05:00:00,-123.58085880436624
781,2023-02-05 06:00:00,78.53381087383923
782,2023-02-05 07:00:00,298.7142979816143
783,2023-02-05 08:00:00,480.9925247263553
784,2023-02-05 09:00:00,631.203042254691
785,2023-02-05 10:00:00,784.3056587281922
786,2023-02-05 11:00:00,950.0822830310409
787,2023-02-05 12:00:00,1098.1176564398845
788,2023-02-05 13:00:00,1196.1737031768616
789,2023-02-05 14:00:00,1255.2783327183154
790,2023-02-05 15:00:00,1325.139849717135
791,2023-02-05 16:00:00,1436.502441565294
792,2023-02-05 17:00:00,1548.1603867066901
793,2023-02-05 18:00:00,1560.135720192262
794,2023-02-05 19:00:00,1392.596600935874
795,2023-02-05 20:00:00,1062.0529696263632
796,2023-02-05 21:00:00,681.5080361656338
797,2023-02-05 22:00:00,378.526156974537
798,2023-02-05 23:00:00,201.9267421898437
799,2023-02-06 00:00:00,178.22821687499913
800,2023-02-06 01:00:00,64.47330390506306
801,2023-02-06 02:00:00,-90.61239005596462
802,2023-02-06 03:00:00,-229.39173493133148
803,2023-02-06 04:00:00,-260.81767375143545
804,2023-02-06 05:00:00,-144.16723027469493
805,2023-02-06 06:00:00,76.60348528717475
806,2023-02-06 07:00:00,315.2703112986022
807,2023-02-06 08:00:00,515.689155206142
808,2023-02-06 09:00:00,683.5287413120984
809,2023-02-06 10:00:00,853.5949618481415
810,2023-02-06 11:00:00,1035.529267229269
811,2023-02-06 12:00:00,1198.7907504479283
812,2023-02-06 13:00:00,1311.0316417184329
813,2023-02-06 14:00:00,1383.1870346020503
814,2023-02-06 15:00:00,1464.8899901165564
815,2023-02-06 16:00:00,1586.8274828800093
816,2023-02-06 17:00:00,1707.754829311928
817,2023-02-06 18:00:00,1727.6733345215869
818,2023-02-06 19:00:00,1566.7484051050922
819,2023-02-06 20:00:00,1241.5047231579113
820,2023-02-06 21:00:00,864.9770292710589
821,2023-02-06 22:00:00,564.7770861797155
822,2023-02-06 23:00:00,389.78647815848785
823,2023-02-07 00:00:00,288.1895021774584
824,2023-02-07 01:00:00,173.93614263208792
825,2023-02-07 02:00:00,17.44036965642954
826,2023-02-07 03:00:00,-123.5537828540721
827,2023-02-07 04:00:00,-157.8853878968839
828,2023-02-07 05:00:00,-44.71248957217199
829,2023-02-07 06:00:00,172.13099348171886
830,2023-02-07 07:00:00,406.54439037287193
831,2023-02-07 08:00:00,602.5064967047456
832,2023-02-07 09:00:00,765.8064573877112
833,2023-02-07 10:00:00,931.3663146582842
834,2023-02-07 11:00:00,1108.937681381684
835,2023-02-07 12:00:00,1268.0822174772493
836,2023-02-07 13:00:00,1376.545647040483
837,2023-02-07 14:00:00,1445.3461567029162
838,2023-02-07 15:00:00,1524.1883393933415
839,2023-02-07 16:00:00,1643.8181624707017
840,2023-02-07 17:00:00,1763.0366129833274
841,2023-02-07 18:00:00,1781.8767665712974
842,2023-02-07 19:00:00,1620.521534398733
843,2023-02-07 20:00:00,1295.4986877452086
844,2023-02-07 21:00:00,919.8317091669355
845,2023-02-07 22:00:00,621.1070408082105
846,2023-02-07 23:00:00,448.1673796535066
847,2023-02-08 00:00:00,349.1452690920696
848,2023-02-08 01:00:00,237.92696809713277
849,2023-02-08 02:00:00,84.85182534840294
850,2023-02-08 03:00:00,-52.42040088488807
851,2023-02-08 04:00:00,-82.82132267402721
852,2023-02-08 05:00:00,34.3917331376075
853,2023-02-08 06:00:00,255.28044920212005
854,2023-02-08 07:00:00,493.63635301083855
855,2023-02-08 08:00:00,693.3288097341954
856,2023-02-08 09:00:00,860.0377157183303
857,2023-02-08 10:00:00,1028.5778683630977
858,2023-02-08 11:00:00,1208.5974466332077
859,2023-02-08 12:00:00,1369.5602549096761
860,2023-02-08 13:00:00,1479.121442637861
861,2023-02-08 14:00:00,1548.2175161502514
862,2023-02-08 15:00:00,1626.4817835822096
863,2023-02-08 16:00:00,1744.6006904669289
864,2023-02-08 17:00:00,1861.3286785235841
865,2023-02-08 18:00:00,1876.6662963072745
866,2023-02-08 19:00:00,1710.7788002194584
867,2023-02-08 20:00:00,1380.1918322082702
868,2023-02-08 21:00:00,997.9427123101038
869,2023-02-08 22:00:00,691.647908519216
870,2023-02-08 23:00:00,510.1963287736893
871,2023-02-09 00:00:00,401.7826821597448
872,2023-02-09 01:00:00,280.3708915215781
873,2023-02-09 02:00:00,116.392788478983
874,2023-02-09 03:00:00,-32.385461381219784
875,2023-02-09 04:00:00,-74.77623924700583
876,2023-02-09 05:00:00,30.093888045200742
877,2023-02-09 06:00:00,238.42741927010434
878,2023-02-09 07:00:00,464.16511986412445
879,2023-02-09 08:00:00,651.3322392097434
880,2023-02-09 09:00:00,805.769308629871
881,2023-02-09 10:00:00,962.454519369702
882,2023-02-09 11:00:00,1131.200139737071
883,2023-02-09 12:00:00,1281.6326498164706
884,2023-02-09 13:00:00,1381.5663329972526
885,2023-02-09 14:00:00,1442.0911679096275
886,2023-02-09 15:00:00,1512.986188925178
887,2023-02-09 16:00:00,1625.0737997315869
888,2023-02-09 17:00:00,1737.2326990635142
889,2023-02-09 18:00:00,1749.574172654117
890,2023-02-09 19:00:00,1582.3590143102517
891,2023-02-09 20:00:00,1252.1916849319985
892,2023-02-09 21:00:00,872.1702687542529
893,2023-02-09 22:00:00,569.9528076795816
894,2023-02-09 23:00:00,394.4496750206015
895,2023-02-10 00:00:00,293.8562496620659
896,2023-02-10 01:00:00,182.1158833275233
897,2023-02-10 02:00:00,29.618400472059307
898,2023-02-10 03:00:00,-105.93341670037807
899,2023-02-10 04:00:00,-133.43639228758434
900,2023-02-10 05:00:00,-12.122023175907543
901,2023-02-10 06:00:00,214.08759569366157
902,2023-02-10 07:00:00,458.99003952364035
903,2023-02-10 08:00:00,666.4500711014416
904,2023-02-10 09:00:00,842.1319585019687
905,2023-02-10 10:00:00,1020.8235759199565
906,2023-02-10 11:00:00,1212.1347281539347
907,2023-02-10 12:00:00,1385.4793557776973
908,2023-02-10 13:00:00,1508.451336955079
909,2023-02-10 14:00:00,1591.914704406649
910,2023-02-10 15:00:00,1685.4194189646305
911,2023-02-10 16:00:00,1819.5581563697533
912,2023-02-10 17:00:00,1952.9817375883376
913,2023-02-10 18:00:00,1985.577927638602
914,2023-02-10 19:00:00,1837.3908360905962
915,2023-02-10 20:00:00,1524.8174991838832
916,2023-02-10 21:00:00,1160.7601737824455
917,2023-02-10 22:00:00,872.6948966660747
918,2023-02-10 23:00:00,709.3659436273297
919,2023-02-11 00:00:00,540.4106401873236
920,2023-02-11 01:00:00,436.46319890852
921,2023-02-11 02:00:00,289.3960389831424
922,2023-02-11 03:00:00,156.8267056240784
923,2023-02-11 04:00:00,129.7965765067181
924,2023-02-11 05:00:00,249.0365941279954
925,2023-02-11 06:00:00,470.6118732067059
926,2023-02-11 07:00:00,708.3322287391136
927,2023-02-11 08:00:00,906.0996767286424
928,2023-02-11 09:00:00,1069.6404579627826
929,2023-02-11 10:00:00,1233.828571053037
930,2023-02-11 11:00:00,1408.3832608821192
931,2023-02-11 12:00:00,1562.8501289636358
932,2023-02-11 13:00:00,1664.9755941555275
933,2023-02-11 14:00:00,1725.7955372185133
934,2023-02-11 15:00:00,1795.0492888322992
935,2023-02-11 16:00:00,1903.5344381649406
936,2023-02-11 17:00:00,2010.1201151032737
937,2023-02-11 18:00:00,2014.9234957487452
938,2023-02-11 19:00:00,1838.2267910647706
939,2023-02-11 20:00:00,1496.671326203414
940,2023-02-11 21:00:00,1103.40726974899
941,2023-02-11 22:00:00,786.1595959324284
942,2023-02-11 23:00:00,593.919944174778
943,2023-02-12 00:00:00,474.97864176378687
944,2023-02-12 01:00:00,343.38688927240423
945,2023-02-12 02:00:00,169.65435544151774
946,2023-02-12 03:00:00,11.614643492230698
947,2023-02-12 04:00:00,-39.488395022930035
948,2023-02-12 05:00:00,57.26305915195485
949,2023-02-12 06:00:00,258.10357414240445
950,2023-02-12 07:00:00,476.99337524103066
951,2023-02-12 08:00:00,657.9644502332217
952,2023-02-12 09:00:00,806.8514171636965
953,2023-02-12 10:00:00,958.6141523577093
954,2023-02-12 11:00:00,1123.0346341651618
955,2023-02-12 12:00:00,1269.6976746080218
956,2023-02-12 13:00:00,1366.3652699264587
957,2023-02-12 14:00:00,1424.0654028776125
958,2023-02-12 15:00:00,1492.5064526481435
959,2023-02-12 16:00:00,1602.4326824414272
960,2023-02-12 17:00:00,1712.63844771291
961,2023-02-12 18:00:00,1723.1458618006516
962,2023-02-12 19:00:00,1554.1231631252372
963,2023-02-12 20:00:00,1222.0803730540154
964,2023-02-12 21:00:00,840.0207834660123
965,2023-02-12 22:00:00,535.5088339028678
966,2023-02-12 23:00:00,357.36401883267456
967,2023-02-13 00:00:00,332.1048488320955
968,2023-02-13 01:00:00,216.77413349207347
969,2023-02-13 02:00:00,60.09756733022709
970,2023-02-13 03:00:00,-80.28763053916555
971,2023-02-13 04:00:00,-113.3343129616187
972,2023-02-13 05:00:00,1.6805876347439153
973,2023-02-13 06:00:00,220.8010534960447
974,2023-02-13 07:00:00,457.80301657624443
975,2023-02-13 08:00:00,656.542479042171
976,2023-02-13 09:00:00,822.6882609942144
977,2023-02-13 10:00:00,991.0463515817445
978,2023-02-13 11:00:00,1171.2582992213142
979,2023-02-13 12:00:00,1332.7832959888542
980,2023-02-13 13:00:00,1443.27367223303
981,2023-02-13 14:00:00,1513.6646227369733
982,2023-02-13 15:00:00,1593.5893107695856
983,2023-02-13 16:00:00,1713.7348142440178
984,2023-02-13 17:00:00,1832.8565539016795
985,2023-02-13 18:00:00,1850.9559402030354
986,2023-02-13 19:00:00,1688.1984860941652
987,2023-02-13 20:00:00,1361.1089810315525
988,2023-02-13 21:00:00,982.7222738916319
989,2023-02-13 22:00:00,680.6502367842616
990,2023-02-13 23:00:00,503.7745642412998
991,2023-02-14 00:00:00,400.27966446648736
992,2023-02-14 01:00:00,284.11563403624893
993,2023-02-14 02:00:00,125.696556196605
994,2023-02-14 03:00:00,-17.233421119891773
995,2023-02-14 04:00:00,-53.51325596430638
996,2023-02-14 05:00:00,57.69912341198085
997,2023-02-14 06:00:00,272.56991509601846
998,2023-02-14 07:00:00,504.9985658116078
999,2023-02-14 08:00:00,698.9639896498178
1000,2023-02-14 09:00:00,860.2554508393531
1001,2023-02-14 10:00:00,1023.7951117963411
1002,2023-02-14 11:00:00,1199.3347063915548
1003,2023-02-14 12:00:00,1356.4360163730446
1004,2023-02-14 13:00:00,1462.8448884523646
1005,2023-02-14 14:00:00,1529.5796327032717
1006,2023-02-14 15:00:00,1606.3449662578996
1007,2023-02-14 16:00:00,1723.8869814558227
1008,2023-02-14 17:00:00,1841.006791081631
1009,2023-02-14 18:00:00,1858.4714892298362
1010,2023-02-14 19:00:00,1695.7306961613685
1011,2023-02-14 20:00:00,1369.31231109919
1012,2023-02-14 21:00:00,992.2399452750515
1013,2023-02-14 22:00:00,692.1001701886139
1014,2023-02-14 23:00:00,517.7358128672913
1015,2023-02-15 00:00:00,417.2795474096596
1016,2023-02-15 01:00:00,304.61776418058935
1017,2023-02-15 02:00:00,150.0899438659493
1018,2023-02-15 03:00:00,11.355977396070784
1019,2023-02-15 04:00:00,-20.515614023131548
1020,2023-02-15 05:00:00,95.21797663996733
1021,2023-02-15 06:00:00,314.61856654503583
1022,2023-02-15 07:00:00,551.4778182103355
1023,2023-02-15 08:00:00,749.6652324646379
1024,2023-02-15 09:00:00,914.8608418249897
1025,2023-02-15 10:00:00,1081.879580428701
1026,2023-02-15 11:00:00,1260.3697645021407
1027,2023-02-15 12:00:00,1419.7953362051753
1028,2023-02-15 13:00:00,1527.8115832658214
1029,2023-02-15 14:00:00,1595.355150786556
1030,2023-02-15 15:00:00,1672.0594861598279
1031,2023-02-15 16:00:00,1788.611174616695
1032,2023-02-15 17:00:00,1903.7647980692743
1033,2023-02-15 18:00:00,1917.5210456494842
1034,2023-02-15 19:00:00,1750.045314794417
1035,2023-02-15 20:00:00,1417.8633888908907
1036,2023-02-15 21:00:00,1034.0127298108202
1037,2023-02-15 22:00:00,726.1099477590657
1038,2023-02-15 23:00:00,543.0440932681038
1039,2023-02-16 00:00:00,433.0100183643443
1040,2023-02-16 01:00:00,309.9717891802253
1041,2023-02-16 02:00:00,144.361380955306
1042,2023-02-16 03:00:00,-6.054896795779314
1043,2023-02-16 04:00:00,-50.08928101512174
1044,2023-02-16 05:00:00,53.13180596850873
1045,2023-02-16 06:00:00,259.8110077428546
1046,2023-02-16 07:00:00,483.8892347993261
1047,2023-02-16 08:00:00,669.3918818287893
1048,2023-02-16 09:00:00,822.1596256943899
1049,2023-02-16 10:00:00,977.17080341125
1050,2023-02-16 11:00:00,1144.237829251047
1051,2023-02-16 12:00:00,1292.987329463781
1052,2023-02-16 13:00:00,1391.2337337813617
1053,2023-02-16 14:00:00,1450.0671673414558
1054,2023-02-16 15:00:00,1519.2668111782675
1055,2023-02-16 16:00:00,1629.655215769511
1056,2023-02-16 17:00:00,1740.111226788566
1057,2023-02-16 18:00:00,1750.7462769893596
1058,2023-02-16 19:00:00,1581.8213073159766
1059,2023-02-16 20:00:00,1249.9409258857127
1060,2023-02-16 21:00:00,868.2033642425588
1061,2023-02-16 22:00:00,564.2668115601863
1062,2023-02-16 23:00:00,387.0417886066581
1063,2023-02-17 00:00:00,284.7238216562447
1064,2023-02-17 01:00:00,171.25640986936548
1065,2023-02-17 02:00:00,17.02952511514377
1066,2023-02-17 04:00:00,-149.49055107159597
1067,2023-02-17 05:00:00,-29.911768749419707
1068,2023-02-17 06:00:00,194.56049637854164
1069,2023-02-17 07:00:00,437.72396674850074
1070,2023-02-17 08:00:00,643.4435523076347
1071,2023-02-17 09:00:00,817.383668195554
1072,2023-02-17 10:00:00,994.3323355774054
1073,2023-02-17 11:00:00,1183.8995060849782
1074,2023-02-17 12:00:00,1355.4992670070562
1075,2023-02-17 13:00:00,1476.7256430704394
1076,2023-02-17 14:00:00,1558.44281339932
1077,2023-02-17 15:00:00,1650.200885061158
1078,2023-02-17 16:00:00,1782.5926798319947
1079,2023-02-17 17:00:00,1914.269164545185
1080,2023-02-17 18:00:00,1945.1182498365238
1081,2023-02-17 19:00:00,1795.1841906941731
1082,2023-02-17 20:00:00,1480.864168531418
1083,2023-02-17 21:00:00,1115.060585135627
1084,2023-02-17 22:00:00,825.2496219379357
1085,2023-02-17 23:00:00,660.1756991167697
1086,2023-02-18 00:00:00,489.4762862807992
1087,2023-02-18 01:00:00,383.7857397807454
1088,2023-02-18 02:00:00,234.97662229190973
1089,2023-02-18 03:00:00,100.66662214475662
1090,2023-02-18 04:00:00,71.89725985186237
1091,2023-02-18 05:00:00,189.3996203368181
1092,2023-02-18 06:00:00,409.2389604029121
1093,2023-02-18 07:00:00,645.2252367890369
1094,2023-02-18 08:00:00,841.2606067722274
1095,2023-02-18 09:00:00,1003.0714520659418
1096,2023-02-18 10:00:00,1165.5319117794686
1097,2023-02-18 11:00:00,1338.3613708693308
1098,2023-02-18 12:00:00,1491.1055704643
1099,2023-02-18 13:00:00,1591.5110686164792
1100,2023-02-18 14:00:00,1650.6138847868333
1101,2023-02-18 15:00:00,1718.1534878986822
1102,2023-02-18 16:00:00,1824.9276048658896
1103,2023-02-18 17:00:00,1929.8055028243793
1104,2023-02-18 18:00:00,1932.9044946135957
1105,2023-02-18 19:00:00,1754.5069274068874
1106,2023-02-18 20:00:00,1411.2542620423478
1107,2023-02-18 21:00:00,1016.2968022332586
1108,2023-02-18 22:00:00,697.3596567853886
1109,2023-02-18 23:00:00,503.4345991181892
1110,2023-02-19 00:00:00,382.8120899574351
1111,2023-02-19 01:00:00,249.54346269237067
1112,2023-02-19 02:00:00,74.13851830435738
1113,2023-02-19 03:00:00,-85.56900837692933
1114,2023-02-19 04:00:00,-138.33513480666943
1115,2023-02-19 05:00:00,-43.241911375835116
1116,2023-02-19 06:00:00,155.9453597451934
1117,2023-02-19 07:00:00,373.1870329003491
1118,2023-02-19 08:00:00,552.5152242521676
1119,2023-02-19 09:00:00,699.7646795464848
1120,2023-02-19 10:00:00,849.8954021214618
1121,2023-02-19 11:00:00,1012.6894966354366
1122,2023-02-19 12:00:00,1157.7319007233853
1123,2023-02-19 13:00:00,1252.7847354983578
1124,2023-02-19 14:00:00,1308.8761078651482
1125,2023-02-19 15:00:00,1375.714520426962
1126,2023-02-19 16:00:00,1484.044359044366
1127,2023-02-19 17:00:00,1592.66010107268
1128,2023-02-19 18:00:00,1601.5839809808285
1129,2023-02-19 19:00:00,1430.9843575385719
1130,2023-02-19 20:00:00,1097.3713716760517
1131,2023-02-19 21:00:00,713.7484340368908
1132,2023-02-19 22:00:00,407.6801021293097
1133,2023-02-19 23:00:00,227.98598751436202
1134,2023-02-20 00:00:00,201.18471713443205
1135,2023-02-20 01:00:00,84.3192160254016
1136,2023-02-20 02:00:00,-73.88470664735269
1137,2023-02-20 03:00:00,-215.78971799860506
1138,2023-02-20 04:00:00,-250.3485579519413
1139,2023-02-20 05:00:00,-136.83804688697728
1140,2023-02-20 06:00:00,80.78590860712416
1141,2023-02-20 07:00:00,316.2993507728612
1142,2023-02-20 08:00:00,513.5583911581023
1143,2023-02-20 09:00:00,678.231958348649
1144,2023-02-20 10:00:00,845.1261490664599
1145,2023-02-20 12:00:00,1183.9606640949346
1146,2023-02-20 13:00:00,1293.0127213490923
1147,2023-02-20 14:00:00,1361.9740887683658
1148,2023-02-20 15:00:00,1440.4780325255238
1149,2023-02-20 16:00:00,1559.2117324720032
1150,2023-02-20 17:00:00,1676.930710325777
1151,2023-02-20 18:00:00,1693.6364765532082
1152,2023-02-20 19:00:00,1529.4946431226901
1153,2023-02-20 20:00:00,1201.0300975373939
1154,2023-02-20 21:00:00,821.2777857205106
1155,2023-02-20 22:00:00,517.8496758306728
1156,2023-02-20 23:00:00,339.6275574493046
1157,2023-02-21 00:00:00,234.79593279284472
1158,2023-02-21 01:00:00,117.3049914678204
1159,2023-02-21 02:00:00,-42.43109128850847
1160,2023-02-21 03:00:00,-186.66807658284733
1161,2023-02-21 04:00:00,-224.24483256216672
1162,2023-02-21 05:00:00,-114.31919857393609
1163,2023-02-21 06:00:00,99.27511129272852
1164,2023-02-21 07:00:00,330.4376305290382
1165,2023-02-21 08:00:00,523.1473589830255
1166,2023-02-21 09:00:00,683.1936455154187
1167,2023-02-21 10:00:00,845.4987361326872
1168,2023-02-21 11:00:00,1019.8144472199458
1169,2023-02-21 12:00:00,1175.7026419674057
1170,2023-02-21 13:00:00,1280.9092474366673
1171,2023-02-21 14:00:00,1346.4526529649215
1172,2023-02-21 15:00:00,1422.037653850621
1173,2023-02-21 16:00:00,1538.4104195190862
1174,2023-02-21 17:00:00,1654.3721387139126
1175,2023-02-21 18:00:00,1669.9560884394032
1176,2023-02-21 19:00:00,1505.3453808367556
1177,2023-02-21 20:00:00,1177.067987767471
1178,2023-02-21 21:00:00,798.1475919645529
1179,2023-02-21 22:00:00,496.1708353358116
1180,2023-02-21 23:00:00,319.98061417963356
1181,2023-02-22 00:00:00,217.7096707322371
1182,2023-02-22 01:00:00,103.24446237372604
1183,2023-02-22 02:00:00,-53.07546432909476
1184,2023-02-22 03:00:00,-193.59015369816234
1185,2023-02-22 04:00:00,-227.23102093596003
1186,2023-02-22 05:00:00,-113.25519653660695
1187,2023-02-22 06:00:00,104.39919797083098
1188,2023-02-22 07:00:00,339.5238852739552
1189,2023-02-22 08:00:00,535.988425204118
1190,2023-02-22 09:00:00,699.4729081982688
1191,2023-02-22 10:00:00,864.7923250586271
1192,2023-02-22 11:00:00,1041.5950475852508
1193,2023-02-22 12:00:00,1199.3450723365054
1194,2023-02-22 13:00:00,1305.697740301059
1195,2023-02-22 14:00:00,1371.5897486439558
1196,2023-02-22 15:00:00,1446.6545956782222
1197,2023-02-22 16:00:00,1561.5789164076791
1198,2023-02-22 17:00:00,1675.1173413199003
1199,2023-02-22 18:00:00,1687.2706069795522
1200,2023-02-22 19:00:00,1518.204157086178
1201,2023-02-22 20:00:00,1184.4438201258579
1202,2023-02-22 21:00:00,799.0271018826287
1203,2023-02-22 22:00:00,489.57065533265336
1204,2023-02-22 23:00:00,304.96357259809383
1205,2023-02-23 00:00:00,193.40074612032458
1206,2023-02-23 01:00:00,68.84628128695067
1207,2023-02-23 02:00:00,-98.26780857742165
1208,2023-02-23 03:00:00,-250.17517703587237
1209,2023-02-23 04:00:00,-295.6880252958633
1210,2023-02-23 05:00:00,-193.93274109227877
1211,2023-02-23 06:00:00,11.2933525711112
1212,2023-02-23 07:00:00,233.93119843248394
1213,2023-02-23 08:00:00,418.00622225967913
1214,2023-02-23 09:00:00,569.3591308470973
1215,2023-02-23 10:00:00,722.9682899521778
1216,2023-02-23 11:00:00,888.6461414375524
1217,2023-02-23 12:00:00,1036.0193379903358
1218,2023-02-23 13:00:00,1132.9023346124684
1219,2023-02-23 14:00:00,1190.3852805553845
1220,2023-02-23 15:00:00,1258.2473798050935
1221,2023-02-23 16:00:00,1367.3112046555666
1222,2023-02-23 17:00:00,1476.4556214138174
1223,2023-02-23 18:00:00,1485.7920823536285
1224,2023-02-23 19:00:00,1315.581546759132
1225,2023-02-23 20:00:00,982.4286399608093
1226,2023-02-23 21:00:00,599.4316095680781
1227,2023-02-23 22:00:00,294.24865967769915
1228,2023-02-23 23:00:00,115.7903248473815
1229,2023-02-24 00:00:00,12.252144001778333
1230,2023-02-24 01:00:00,-102.42237218899754
1231,2023-02-24 02:00:00,-257.84324145173855
1232,2023-02-24 03:00:00,-396.3075248833334
1233,2023-02-24 04:00:00,-426.7118910405122
1234,2023-02-24 05:00:00,-308.2876824380478
1235,2023-02-24 06:00:00,-84.9568408015914
1236,2023-02-24 07:00:00,157.0783611061272
1237,2023-02-24 08:00:00,361.68283693381886
1238,2023-02-24 09:00:00,534.5210043943052
1239,2023-02-24 10:00:00,710.3808861435974
1240,2023-02-24 11:00:00,898.8724342066048
1241,2023-02-24 12:00:00,1069.409735173765
1242,2023-02-24 13:00:00,1189.5868119722775
1243,2023-02-24 14:00:00,1270.2678408702216
1244,2023-02-24 15:00:00,1361.0029249821193
1245,2023-02-24 16:00:00,1492.3848810628333
1246,2023-02-24 17:00:00,1623.0646698528294
1247,2023-02-24 18:00:00,1652.930194846429
1248,2023-02-24 19:00:00,1502.0257028149667
1249,2023-02-24 20:00:00,1186.7483659013853
1250,2023-02-24 21:00:00,820.0005755933123
1251,2023-02-25 00:00:00,191.66218427889612
1252,2023-02-25 01:00:00,85.0797383231893
1253,2023-02-25 02:00:00,-64.60823787599884
1254,2023-02-25 03:00:00,-199.78407246461097
1255,2023-02-25 04:00:00,-229.40626241879795
1256,2023-02-25 05:00:00,-112.74374131387731
1257,2023-02-25 06:00:00,106.2687281873416
1258,2023-02-25 07:00:00,341.4410823205146
1259,2023-02-25 08:00:00,536.6754569247566
1260,2023-02-25 09:00:00,697.698211254114
1261,2023-02-25 10:00:00,859.3834610452761
1262,2023-02-25 12:00:00,1183.4452445146915
1263,2023-02-25 13:00:00,1283.1140257681918
1264,2023-02-25 15:00:00,1408.321316650232
1265,2023-02-25 16:00:00,1514.3969648658003
1266,2023-02-25 17:00:00,1618.5890846767254
1267,2023-02-25 19:00:00,1441.9569002311637
1268,2023-02-25 21:00:00,702.4635457401318
1269,2023-02-25 22:00:00,382.903593458111
1270,2023-02-25 23:00:00,188.36822063723343
1271,2023-02-26 00:00:00,67.14785175994803
1272,2023-02-26 01:00:00,-66.70621686641857
1273,2023-02-26 02:00:00,-242.68422222174604
1274,2023-02-26 03:00:00,-402.9524682627914
1275,2023-02-26 04:00:00,-456.26701207142037
1276,2023-02-26 05:00:00,-361.70994449034924
1277,2023-02-26 06:00:00,-163.04660897272106
1278,2023-02-26 07:00:00,53.6833067461439
1279,2023-02-26 08:00:00,232.51187595215197
1280,2023-02-26 09:00:00,379.2738006998153
1281,2023-02-26 10:00:00,528.9290398678555
1282,2023-02-26 11:00:00,691.2596528752057
1283,2023-02-26 12:00:00,835.8505313548152
1284,2023-02-26 13:00:00,930.4637496389
1285,2023-02-26 14:00:00,986.1273671286858
1286,2023-02-26 15:00:00,1052.5498381756145
1287,2023-02-26 17:00:00,1268.6987791724237
1288,2023-02-26 18:00:00,1277.2418608222747
1289,2023-02-26 19:00:00,1106.2730522214488
1290,2023-02-26 22:00:00,81.93039832556883
1291,2023-02-26 23:00:00,-98.08697406096258
1292,2023-02-27 00:00:00,-125.20015498482576
1293,2023-02-27 01:00:00,-242.3662745591978
1294,2023-02-27 02:00:00,-400.859579433039
1295,2023-02-27 03:00:00,-543.0427931259305
1296,2023-02-27 04:00:00,-577.8687126022614
1297,2023-02-27 05:00:00,-464.6142159083947
1298,2023-02-27 06:00:00,-247.2352678694781
1299,2023-02-27 07:00:00,-11.955885088959121
1300,2023-02-27 08:00:00,185.07998456132054
1301,2023-02-27 09:00:00,349.5412096752101
1302,2023-02-27 10:00:00,516.2338264349162
1303,2023-02-27 11:00:00,694.7994288077875
1304,2023-02-27 12:00:00,854.6972529472384
1305,2023-02-27 13:00:00,963.5796718404873
1306,2023-02-27 14:00:00,1032.381921418637
1307,2023-02-27 15:00:00,1110.7372046622272
1308,2023-02-27 16:00:00,1229.3326377162853
1309,2023-02-27 18:00:00,1363.511771692959
1310,2023-02-27 19:00:00,1199.2624652460595
1311,2023-02-27 20:00:00,870.7005807041603
1312,2023-02-27 21:00:00,490.86099795517623
1313,2023-02-27 23:00:00,9.066165546764296
1314,2023-02-28 00:00:00,-95.8229265319751
1315,2023-02-28 01:00:00,-213.36153568118493
1316,2023-02-28 02:00:00,-373.13555478127387
1317,2023-02-28 03:00:00,-517.4008134522012
1318,2023-02-28 04:00:00,-554.9962487090511
1319,2023-02-28 05:00:00,-445.079769164043
1320,2023-02-28 06:00:00,-231.4851585035617
1321,2023-02-28 07:00:00,-0.3129531448062153
1322,2023-02-28 08:00:00,192.4157764433371
1323,2023-02-28 09:00:00,352.4903085352223
1324,2023-02-28 10:00:00,514.8328182225335
1325,2023-02-28 11:00:00,689.1950507072976
1326,2023-02-28 12:00:00,845.1387976467032
1327,2023-02-28 13:00:00,950.4099143318866
1328,2023-02-28 14:00:00,1016.0267180476042
1329,2023-02-28 15:00:00,1091.6939317840156
1330,2023-02-28 16:00:00,1208.157652399077
1331,2023-02-28 17:00:00,1324.2189958551528
1332,2023-02-28 18:00:00,1339.9111661188686
1333,2023-02-28 19:00:00,1175.4172020962155
1334,2023-03-02 14:00:00,872.4812863057675
1335,2023-03-02 15:00:00,940.7612061905938
1336,2023-03-02 16:00:00,1050.2480227967353
1337,2023-03-02 17:00:00,1159.8205303079603
1338,2023-03-02 18:00:00,1169.5901091302953
1339,2023-03-02 19:00:00,999.8176469334826
1340,2023-03-02 20:00:00,667.1076977380462
1341,2023-03-02 21:00:00,284.5584380223363
1342,2023-03-02 22:00:00,-20.17199882368027
1343,2023-03-02 23:00:00,-198.17314874773297
1344,2023-03-03 00:00:00,-301.24954298642547
1345,2023-03-03 01:00:00,-414.68262129892787
1346,2023-03-03 02:00:00,-568.856643487801
1347,2023-03-03 03:00:00,-706.0687408212082
1348,2023-03-03 04:00:00,-735.2156516866355
1349,2023-03-03 05:00:00,-615.5287880919891
1350,2023-03-03 06:00:00,-390.9301609075128
1351,2023-03-03 07:00:00,-147.6221116878619
1352,2023-03-03 08:00:00,58.26020481489718
1353,2023-03-03 09:00:00,232.38113823821504
1354,2023-03-03 10:00:00,409.5286435791206
1355,2023-03-03 11:00:00,599.3126055857293
1356,2023-03-03 12:00:00,771.147043951631
1357,2023-03-03 13:00:00,892.6259151370726
1358,2023-03-03 14:00:00,974.61332932883
1359,2023-03-03 15:00:00,1066.6593239947294
1360,2023-03-03 17:00:00,1331.3562052717466
1361,2023-03-03 18:00:00,1362.5458269699338
1362,2023-03-03 19:00:00,1212.969698619019
1363,2023-03-03 20:00:00,899.0249289117705
1364,2023-03-03 22:00:00,244.21255846477584
1365,2023-03-03 23:00:00,79.56541100456002
1366,2023-03-04 00:00:00,-90.69020141004671
1367,2023-03-04 01:00:00,-195.91999795821494
1368,2023-03-04 02:00:00,-344.2514920206486
1369,2023-03-04 03:00:00,-478.06707183484195
1370,2023-03-04 04:00:00,-506.32529395390816
1371,2023-03-04 05:00:00,-388.29515101927086
1372,2023-03-04 06:00:00,-167.91146424414978
1373,2023-03-04 07:00:00,68.63564458947326
1374,2023-03-04 08:00:00,265.248253818874
1375,2023-03-04 09:00:00,427.6526657599436
1376,2023-03-04 10:00:00,590.7229397223374
1377,2023-03-04 11:00:00,764.1783804072256
1378,2023-03-04 12:00:00,917.5646483164132
1379,2023-03-04 13:00:00,1018.6282204738848
1380,2023-03-04 14:00:00,1078.4050349429513
1381,2023-03-04 15:00:00,1146.6344788606611
1382,2023-03-04 16:00:00,1254.1141970224066
1383,2023-03-04 17:00:00,1359.7133741055902
1384,2023-03-04 18:00:00,1363.5492401399767
1385,2023-03-04 19:00:00,1185.9040591936239
1386,2023-03-04 20:00:00,843.4192086798947
1387,2023-03-04 21:00:00,449.24490860065043
1388,2023-03-04 22:00:00,131.1061837781997
1389,2023-03-04 23:00:00,-62.0052766330125
1390,2023-03-05 00:00:00,-181.7990964338194
1391,2023-03-05 01:00:00,-314.22402698155383
1392,2023-03-05 02:00:00,-488.77035230124034
1393,2023-03-05 03:00:00,-647.6044227660036
1394,2023-03-05 04:00:00,-699.4823412677747
1395,2023-03-05 05:00:00,-603.4862437986321
1396,2023-03-05 06:00:00,-403.3815183469774
1397,2023-03-05 07:00:00,-185.20789654084547
1398,2023-03-05 08:00:00,-4.9333483494981465
1399,2023-03-05 09:00:00,143.27678569035857
1400,2023-03-05 10:00:00,294.3824224873092
1401,2023-03-05 11:00:00,458.1655801549409
1402,2023-03-05 12:00:00,604.2111096763551
1403,2023-03-05 13:00:00,700.2810453875436
1404,2023-03-05 14:00:00,757.4034073517256
1405,2023-03-05 15:00:00,825.2866112426855
1406,2023-03-05 16:00:00,934.6749559244822
1407,2023-03-05 17:00:00,1044.3628316827687
1408,2023-03-05 18:00:00,1054.372385914849
1409,2023-03-05 19:00:00,884.8718902374808
1410,2023-03-05 20:00:00,552.3713984427109
1411,2023-03-05 21:00:00,169.87423402810828
1412,2023-03-06 00:00:00,-339.2333599652063
1413,2023-03-06 01:00:00,-454.9208427296319
1414,2023-03-06 02:00:00,-611.9339034980014
1415,2023-03-06 03:00:00,-752.6352963498864
1416,2023-03-06 04:00:00,-785.9778481400072
1417,2023-03-06 05:00:00,-671.238466093178
1418,2023-03-06 06:00:00,-452.3731435431396
1419,2023-03-06 07:00:00,-215.60592490726413
1420,2023-03-06 08:00:00,-17.080785187524953
1421,2023-03-06 09:00:00,148.87111779264046
1422,2023-03-06 10:00:00,317.05579445756916
1423,2023-03-06 11:00:00,497.1148137249968
1424,2023-03-06 12:00:00,658.5073873919636
1425,2023-03-06 13:00:00,768.8858647758274
1426,2023-03-06 14:00:00,839.18545883048
1427,2023-03-06 15:00:00,919.0393502460182
1428,2023-03-06 16:00:00,1039.1346335866965
1429,2023-03-06 17:00:00,1158.2267454848634
1430,2023-03-06 18:00:00,1176.317111521572
1431,2023-03-06 19:00:00,1013.5712590183718
1432,2023-03-06 21:00:00,308.1801693850168
1433,2023-03-06 22:00:00,6.181678218495563
1434,2023-03-06 23:00:00,-170.59977652136672
1435,2023-03-07 00:00:00,-273.97977602718606
1436,2023-03-07 01:00:00,-390.00821381378046
1437,2023-03-07 02:00:00,-548.2709974649222
1438,2023-03-07 03:00:00,-691.023970655401
1439,2023-03-07 04:00:00,-727.1060837371879
1440,2023-03-07 05:00:00,-615.6752579861134
1441,2023-03-07 06:00:00,-400.56528909812096
1442,2023-03-07 07:00:00,-167.87672480095466
1443,2023-03-07 08:00:00,26.369353786611782
1444,2023-03-07 09:00:00,187.96221496604585
1445,2023-03-07 10:00:00,351.8240245268023
1446,2023-03-07 11:00:00,527.7065190253486
1447,2023-03-07 12:00:00,685.1714821590595
1448,2023-03-07 13:00:00,791.9647618859616
1449,2023-03-07 14:00:00,859.104668865524
1450,2023-03-07 15:00:00,936.2959200773897
1451,2023-03-07 16:00:00,1054.2846070415922
1452,2023-03-07 17:00:00,1171.871841028748
1453,2023-03-07 18:00:00,1189.09082197117
1454,2023-03-07 19:00:00,1026.124585378232
1455,2023-03-07 20:00:00,699.501026900707
1456,2023-03-07 22:00:00,21.93933185581568
1457,2023-03-08 00:00:00,-253.14982420802994
1458,2023-03-08 01:00:00,-365.9155072756523
1459,2023-03-08 02:00:00,-520.526992757977
1460,2023-03-08 03:00:00,-659.3243979269255
1461,2023-03-08 04:00:00,-691.2392104389914
1462,2023-03-08 05:00:00,-575.5286327679555
1463,2023-03-08 06:00:00,-356.1308578997364
1464,2023-03-08 07:00:00,-119.25423410508188
1465,2023-03-08 08:00:00,78.97072802162052
1466,2023-03-08 09:00:00,244.2240489821338
1467,2023-03-08 10:00:00,411.32065020329696
1468,2023-03-08 11:00:00,589.9088346099691
1469,2023-03-08 12:00:00,749.4525304755822
1470,2023-03-08 13:00:00,857.6070109734285
1471,2023-03-08 14:00:00,925.3089060631451
1472,2023-03-08 15:00:00,1002.1916473719674
1473,2023-03-08 16:00:00,1118.9418038011938
1474,2023-03-10 09:00:00,172.84568234918288
1475,2023-03-10 10:00:00,350.81322231600893
1476,2023-03-10 11:00:00,541.4181071106461
1477,2023-03-10 12:00:00,714.0743848868292
1478,2023-03-10 13:00:00,836.3760408148229
1479,2023-03-10 14:00:00,919.1872140328326
1480,2023-03-10 15:00:00,1012.0579712031711
1481,2023-03-10 17:00:00,1278.4075057896453
1482,2023-03-10 18:00:00,1310.425077775178
1483,2023-03-14 17:00:00,1207.9187705349368
1484,2023-03-14 18:00:00,1226.2083811569946
1485,2023-03-14 19:00:00,1064.3163832221603
1486,2023-03-14 20:00:00,738.7706807072336
1487,2023-03-14 22:00:00,63.375579726108754
1488,2023-03-14 23:00:00,-110.04441713526876
1489,2023-03-15 00:00:00,-209.53242856720158
1490,2023-03-15 01:00:00,-321.2020658916615
1491,2023-03-15 02:00:00,-474.71385140286657
1492,2023-03-15 04:00:00,-643.215691394287
1493,2023-03-15 05:00:00,-526.3944300917572
1494,2023-03-15 06:00:00,-305.88230555963855
1495,2023-03-15 07:00:00,-67.88766476163232
1496,2023-03-15 08:00:00,131.4589823332517
1497,2023-03-15 09:00:00,297.83765618335406
1498,2023-03-15 10:00:00,466.0632774904682
1499,2023-03-15 11:00:00,645.7841477728882
1500,2023-03-15 12:00:00,806.4641931900385
1501,2023-03-15 13:00:00,915.7586841326431
1502,2023-03-15 14:00:00,984.6042470490299
1503,2023-03-15 15:00:00,1062.6343093816672
1504,2023-03-15 16:00:00,1180.5354351082028
1505,2023-03-15 18:00:00,1312.2152199229713
1506,2023-03-15 20:00:00,815.4220300752568
1507,2023-03-15 21:00:00,433.03899473865
1508,2023-03-15 23:00:00,-54.923759476446776
1509,2023-03-16 00:00:00,-163.41963805779665
1510,2023-03-16 01:00:00,-284.89621116148555
1511,2023-03-16 02:00:00,-448.9215379812356
1512,2023-03-16 03:00:00,-597.7293446883118
1513,2023-03-16 04:00:00,-640.1319052916592
1514,2023-03-16 05:00:00,-535.2556804352182
1515,2023-03-16 06:00:00,-326.8980662076001
1516,2023-03-16 07:00:00,-101.11819307722612
1517,2023-03-16 08:00:00,86.10929136988307
1518,2023-03-16 09:00:00,240.62502043294535
1519,2023-03-16 10:00:00,397.40728622299207
1520,2023-03-16 11:00:00,566.2684568256514
1521,2023-03-16 12:00:00,716.8351110011749
1522,2023-03-16 13:00:00,816.9216296860245
1523,2023-03-16 14:00:00,877.6180879252404
1524,2023-03-16 15:00:00,948.7036153554388
1525,2023-03-16 16:00:00,1061.0007097871412
1526,2023-03-16 17:00:00,1173.388162880301
1527,2023-03-16 19:00:00,1019.0291619609136
1528,2023-03-16 20:00:00,689.1481426142991
1529,2023-03-16 22:00:00,7.540262314766096
1530,2023-03-16 23:00:00,-167.6180107471273
1531,2023-03-17 00:00:00,-267.8468894397538
1532,2023-03-17 01:00:00,-379.20293883463773
1533,2023-03-17 02:00:00,-531.2962525561475
1534,2023-03-17 04:00:00,-693.4828291794665
1535,2023-03-17 05:00:00,-571.7042556369929
1536,2023-03-17 06:00:00,-345.01026534627954
1537,2023-03-17 07:00:00,-99.60320764492417
1538,2023-03-17 08:00:00,108.38175435788526
1539,2023-03-17 09:00:00,284.6089614747441
1540,2023-03-17 10:00:00,463.86635933085745
1541,2023-03-17 11:00:00,655.7638228097719
1542,2023-03-17 12:00:00,829.7153611531974
1543,2023-03-17 13:00:00,953.3149198578512
1544,2023-03-20 19:00:00,1248.7399291923844
1545,2023-03-20 20:00:00,923.9946106207001
1546,2023-03-20 21:00:00,547.9731645106062
1547,2023-03-20 22:00:00,248.2874030473024
1548,2023-03-20 23:00:00,73.8189592646172
1549,2023-03-21 00:00:00,-27.247821729349653
1550,2023-03-21 01:00:00,-140.96290798633527
1551,2023-03-21 04:00:00,-471.1206829832813
1552,2023-03-21 05:00:00,-357.37673552075375
1553,2023-03-21 06:00:00,-139.9538969366663
1554,2023-03-21 07:00:00,95.04720554345295
1555,2023-03-21 08:00:00,291.60541052746794
1556,2023-03-21 09:00:00,455.5099052364603
1557,2023-03-21 10:00:00,621.6827735609556
1558,2023-03-21 11:00:00,799.87566934344
1559,2023-03-21 12:00:00,959.6502927648264
1560,2023-03-21 13:00:00,1068.7524075176375
1561,2023-03-21 14:00:00,1138.200239132156
1562,2023-03-21 15:00:00,1217.6984187167632
1563,2023-03-21 16:00:00,1337.9929511017035
1564,2023-03-21 17:00:00,1457.8848601270129
1565,2023-03-22 13:00:00,1189.3263233709483
1566,2023-03-22 14:00:00,1259.2867752605293
1567,2023-03-22 15:00:00,1338.4247905492016
1568,2023-03-22 16:00:00,1457.4268340450335
1569,2023-03-22 17:00:00,1575.0473659785011
1570,2023-03-22 18:00:00,1591.2869525793187
1571,2023-03-22 19:00:00,1426.3108671398595
1572,2023-03-22 20:00:00,1096.6447676701284
1573,2023-03-22 21:00:00,715.3259895336589
1574,2023-03-23 10:00:00,692.7997700040432
1575,2023-03-23 11:00:00,862.609504742509
1576,2023-03-23 12:00:00,1014.1157336054919
1577,2023-03-23 13:00:00,1115.132742152955
1578,2023-03-23 14:00:00,1176.7505103611893
1579,2023-03-23 15:00:00,1248.748073120029
1580,2023-03-23 16:00:00,1361.9478338151669
1581,2023-03-23 17:00:00,1475.2284900467725
1582,2023-03-23 18:00:00,1488.7013255970255
1583,2023-03-23 19:00:00,1322.6271314845683
1584,2023-03-23 20:00:00,993.6103650347084
1585,2023-03-24 10:00:00,779.3540215820985
1586,2023-03-24 11:00:00,971.9587257896421
1587,2023-03-24 12:00:00,1146.606334926073
1588,2023-03-24 13:00:00,1270.890709712385
1589,2023-03-24 14:00:00,1355.6758646180858
1590,2023-03-24 15:00:00,1450.511741404715
1591,2023-03-24 16:00:00,1585.9909959521683
1592,2023-03-24 17:00:00,1720.764428598472
1593,2023-03-24 18:00:00,1754.7197829126212
1594,2023-03-24 19:00:00,1607.9011462484718
1595,2023-03-24 20:00:00,1296.705531847917
1596,2023-03-24 21:00:00,934.0351727931029
1597,2023-03-24 22:00:00,647.3660812936837
1598,2023-03-24 23:00:00,485.44250780304037
1599,2023-03-25 00:00:00,317.9017517453972
1600,2023-03-25 01:00:00,215.37799879052727
1601,2023-03-25 02:00:00,69.74364051757493
1602,2023-03-25 04:00:00,-86.96299308774542
1603,2023-03-25 05:00:00,33.736992689064664
1604,2023-03-25 06:00:00,256.78123512252114
1605,2023-03-25 07:00:00,495.9795178180989
1606,2023-03-25 08:00:00,695.2338245882079
1607,2023-03-25 09:00:00,860.2703633795848
1608,2023-03-25 10:00:00,1025.9630991875817
1609,2023-03-25 11:00:00,1202.0312425339253
1610,2023-03-25 12:00:00,1358.020359881605
1611,2023-03-25 13:00:00,1461.6768343130043
1612,2023-03-25 14:00:00,1524.036510076236
1613,2023-03-25 15:00:00,1594.838680650866
1614,2023-03-25 16:00:00,1704.880897291668
1615,2023-03-25 17:00:00,1813.032251279074
1616,2023-03-25 18:00:00,1819.409879404015
1617,2023-03-25 19:00:00,1644.295952633891
1618,2023-03-25 20:00:00,1304.3317554173193
1619,2023-03-25 21:00:00,912.6674150232079
1620,2023-03-25 22:00:00,597.0278636455516
1621,2023-03-25 23:00:00,406.4046979523
1622,2023-03-26 00:00:00,289.08820191739596
1623,2023-03-26 01:00:00,159.12953207668988
1624,2023-03-26 02:00:00,-12.961687500682729
1625,2023-03-26 03:00:00,-169.3518989134036
1626,2023-03-26 04:00:00,-218.79729656222162
1627,2023-03-26 05:00:00,-120.38010778130865
1628,2023-03-26 06:00:00,82.13418832385787
1629,2023-03-26 07:00:00,302.7057692124604
1630,2023-03-26 08:00:00,485.3665742214321
1631,2023-03-26 09:00:00,635.9511723204089
1632,2023-03-26 10:00:00,789.4193901734536
1633,2023-03-26 11:00:00,955.5531558639912
1634,2023-03-26 12:00:00,1103.9372305784948
1635,2023-03-26 13:00:00,1202.333559099022
1636,2023-03-26 14:00:00,1261.7700721798024
1637,2023-03-26 15:00:00,1331.9550964401417
1638,2023-03-26 16:00:00,1443.6328419239317
1639,2023-03-26 17:00:00,1555.5976103844835
1640,2023-03-26 18:00:00,1567.8714609347912
1641,2023-03-26 19:00:00,1400.6225771818933
1642,2023-03-26 20:00:00,1070.3609252032268
1643,2023-03-26 21:00:00,690.0897409910663
1644,2023-03-26 22:00:00,387.3734077288141
1645,2023-03-26 23:00:00,211.03136300022425
1646,2023-03-27 00:00:00,187.58206001035842
1647,2023-03-27 01:00:00,74.06825044594007
1648,2023-03-27 02:00:00,-80.7844295488726
1649,2023-03-27 03:00:00,-219.33881970036418
1650,2023-03-27 04:00:00,-250.5478322121162
1651,2023-03-27 05:00:00,-133.68845929032523
1652,2023-03-27 06:00:00,87.28322103618666
1653,2023-03-27 07:00:00,326.1430800026801
1654,2023-03-27 08:00:00,526.7470586512513
1655,2023-03-27 09:00:00,694.7639154708418
1656,2023-03-27 10:00:00,864.9995775816681
1657,2023-03-27 11:00:00,1047.095531001187
1658,2023-03-27 12:00:00,1210.510904915408
1659,2023-03-27 13:00:00,1322.8979664468745
1660,2023-03-27 14:00:00,1395.191846721521
1661,2023-03-27 15:00:00,1477.02564497618
1662,2023-03-27 16:00:00,1599.0863747223555
1663,2023-03-27 17:00:00,1720.1293919044851
1664,2023-03-27 18:00:00,1740.1560418469694
1665,2023-03-27 19:00:00,1579.3317719982808
1666,2023-03-27 20:00:00,1254.181305989182
1667,2023-03-27 21:00:00,877.7394265042522
1668,2023-03-27 22:00:00,577.6179391648366
1669,2023-03-27 23:00:00,402.6984716824086
1670,2023-03-28 00:00:00,301.16536510582546
1671,2023-03-28 01:00:00,186.9686485978109
1672,2023-03-28 02:00:00,30.522337694231283
1673,2023-03-28 03:00:00,-110.42948769997975
1674,2023-03-28 04:00:00,-144.72585392111432
1675,2023-03-28 05:00:00,-31.52475774949562
1676,2023-03-28 06:00:00,185.33993009689084
1677,2023-03-28 07:00:00,419.7675872913305
1678,2023-03-28 08:00:00,615.7370586287861
1679,2023-03-28 09:00:00,779.0375388340856
1680,2023-03-28 10:00:00,944.5911205728532
1681,2023-03-28 11:00:00,1121.098951219205
1682,2023-03-28 12:00:00,1279.1734473114807
1683,2023-03-28 13:00:00,1386.5603881558227
1684,2023-03-28 14:00:00,1454.2780162058705
1685,2023-03-28 16:00:00,1650.5653063190634
1686,2023-03-28 17:00:00,1768.682037454129
1687,2023-03-28 18:00:00,1786.4143080555168
1688,2023-03-28 20:00:00,1297.8022083365668
1689,2023-03-28 21:00:00,921.0092112719024
1690,2023-03-28 23:00:00,447.0751316637525
1691,2023-03-29 00:00:00,346.909412410168
1692,2023-03-29 01:00:00,234.54176322324975
1693,2023-03-29 02:00:00,80.31159567747954
1694,2023-03-29 04:00:00,-89.68837725262847
1695,2023-03-29 05:00:00,26.353007083838293
1696,2023-03-29 06:00:00,246.06463239391087
1697,2023-03-29 07:00:00,483.2380918535987
1698,2023-03-29 08:00:00,681.7428169228494
1699,2023-03-29 09:00:00,847.2587708088595
1700,2023-03-29 10:00:00,1014.6008182532744
1701,2023-03-29 11:00:00,1193.4172061357554
1702,2023-03-29 12:00:00,1353.1718073217542
1703,2023-03-29 13:00:00,1461.519840242826
1704,2023-03-29 14:00:00,1529.397880739248
1705,2023-03-29 15:00:00,1606.4393070104784
1706,2023-03-29 16:00:00,1723.330635166845
1707,2023-03-29 17:00:00,1838.8263780304428
1708,2023-03-29 19:00:00,1685.798296884228
1709,2023-03-29 20:00:00,1353.9655159917108
1710,2023-03-29 21:00:00,970.4662062415957
1711,2023-03-29 22:00:00,662.9169092737316
1712,2023-03-29 23:00:00,480.20660716449083
1713,2023-03-30 00:00:00,370.5300836399224
1714,2023-03-30 01:00:00,247.85133664209116
1715,2023-03-30 02:00:00,82.60227338597042
1716,2023-03-30 03:00:00,-67.45086444021854
1717,2023-03-30 04:00:00,-111.1203814814744
1718,2023-03-30 05:00:00,-7.532767549849723
1719,2023-03-30 06:00:00,199.5145536195114
1720,2023-03-30 07:00:00,423.9624254151877
1721,2023-03-30 08:00:00,609.8361756383001
1722,2023-03-30 09:00:00,762.9764144770729
1723,2023-03-30 10:00:00,918.3614124920191
1724,2023-03-30 11:00:00,1085.8035177436916
1725,2023-03-30 13:00:00,1333.553094860788
1726,2023-03-30 14:00:00,1392.7649904454854
1727,2023-03-30 15:00:00,1462.3440931411392
1728,2023-03-30 16:00:00,1573.1128885514986
1729,2023-03-30 17:00:00,1683.9501577361236
1730,2023-03-30 18:00:00,1694.9672691826283
1731,2023-03-30 19:00:00,1526.4250998412022
1732,2023-03-30 21:00:00,813.5747203713074
1733,2023-03-30 22:00:00,510.02280463768057
1734,2023-03-30 23:00:00,333.1829050828769
1735,2023-03-31 00:00:00,231.2504856572632
1736,2023-03-31 01:00:00,118.16898360757295
1737,2023-03-31 02:00:00,-35.6716907582495
1738,2023-03-31 03:00:00,-172.56866899964052
1739,2023-03-31 04:00:00,-201.41868860440673
1740,2023-03-31 05:00:00,-81.4531595120643
1741,2023-03-31 06:00:00,143.40591065692024
1742,2023-03-31 07:00:00,386.95618476149593
1743,2023-03-31 08:00:00,593.0625136135827
1744,2023-03-31 09:00:00,767.3892535741793
1745,2023-03-31 10:00:00,944.724367561731
1746,2023-03-31 11:00:00,1134.6777493728462
1747,2023-03-31 12:00:00,1306.6634288797602
1748,2023-03-31 13:00:00,1428.275373892941
1749,2023-03-31 14:00:00,1510.3777071094164
1750,2023-03-31 15:00:00,1602.5204796065611
1751,2023-03-31 16:00:00,1735.2964576683942
1752,2023-03-31 17:00:00,1867.356553160047
1753,2023-03-31 18:00:00,1898.5886222134418
1754,2023-03-31 19:00:00,1749.036865843383
1755,2023-03-31 20:00:00,1435.0984120016597
1756,2023-03-31 21:00:00,1069.6756095553628
1757,2023-03-31 22:00:00,780.2445875300343
1758,2023-03-31 23:00:00,615.5497142362747
1759,2023-04-01 00:00:00,445.2284079786068
1760,2023-04-01 01:00:00,339.91497435051724
1761,2023-04-01 02:00:00,191.48192583460695
1762,2023-04-01 03:00:00,57.54690113691731
1763,2023-04-01 04:00:00,29.151371727798505
1764,2023-04-01 05:00:00,147.0263740596988
1765,2023-04-01 06:00:00,367.23711708187284
1766,2023-04-01 07:00:00,603.5935102375897
1767,2023-04-01 08:00:00,799.9976641409444
1768,2023-04-01 09:00:00,962.1759144601378
1769,2023-04-01 10:00:00,1125.0023548659576
1770,2023-04-01 11:00:00,1298.1963254760788
1771,2023-04-01 12:00:00,1451.3035232694874
1772,2023-04-01 13:00:00,1552.0704627276073
1773,2023-04-01 14:00:00,1611.5331204234544
1774,2023-04-01 15:00:00,1679.4309230235413
1775,2023-04-01 17:00:00,1891.7942451067847
1776,2023-04-01 18:00:00,1895.2462633706486
1777,2023-04-01 19:00:00,1717.1999182338718
1778,2023-04-01 20:00:00,1374.2966315824028
1779,2023-04-01 22:00:00,661.0951016654685
1780,2023-04-01 23:00:00,467.51366620830186
1781,2023-04-02 00:00:00,347.2327872300739
1782,2023-04-02 01:00:00,214.30376270794113
1783,2023-04-02 02:00:00,39.23635888440913
1784,2023-04-02 03:00:00,-120.1357233736453
1785,2023-04-02 04:00:00,-172.56853478030325
1786,2023-04-02 05:00:00,-77.14415827733956
1787,2023-04-02 06:00:00,122.37207217048126
1788,2023-04-02 07:00:00,339.94047984498184
1789,2023-04-02 08:00:00,519.5931506021766
1790,2023-04-02 09:00:00,667.1648006068958
1791,2023-04-02 10:00:00,817.61540439432
1792,2023-04-02 11:00:00,980.727038560435
1793,2023-04-02 12:00:00,1126.084613452897
1794,2023-04-02 13:00:00,1221.4502236429037
1795,2023-04-02 14:00:00,1277.8519502882218
1796,2023-04-02 15:00:00,1344.9982710207894
1797,2023-04-02 16:00:00,1453.6335474738316
1798,2023-04-02 17:00:00,1562.5522335962335
1799,2023-04-02 18:00:00,1571.7765412278557
1800,2023-04-02 19:00:00,1401.4748072777768
1801,2023-04-02 20:00:00,1068.1571516607014
1802,2023-04-02 21:00:00,684.8269647301404
1803,2023-04-02 22:00:00,379.0487845377943
1804,2023-04-02 23:00:00,199.64220404581465
1805,2023-04-03 00:00:00,173.1258323185475
1806,2023-04-03 01:00:00,56.54257737525177
1807,2023-04-03 02:00:00,-101.38176783543986
1808,2023-04-03 03:00:00,-243.00988583234584
1809,2023-04-03 04:00:00,-277.29453110993654
1810,2023-04-03 05:00:00,-163.51253780873776
1811,2023-04-03 06:00:00,54.38017453776229
1812,2023-04-03 07:00:00,290.15963608824495
1813,2023-04-03 08:00:00,487.6819471077142
1814,2023-04-03 09:00:00,652.6160257252895
1815,2023-04-03 11:00:00,998.7793934022682
1816,2023-04-03 13:00:00,1268.411062744364
1817,2023-04-03 14:00:00,1337.6190181631546
1818,2023-04-03 15:00:00,1416.3667456269884
1819,2023-04-03 16:00:00,1535.3414204207502
1820,2023-04-03 17:00:00,1653.2985605402853
1821,2023-04-03 19:00:00,1506.330369449333
1822,2023-04-03 20:00:00,1178.0955345227928
1823,2023-04-03 22:00:00,495.3660776847646
1824,2023-04-03 23:00:00,317.36521542298806
1825,2023-04-04 00:00:00,212.75203202345983
1826,2023-04-04 01:00:00,95.47672017743889
1827,2023-04-04 02:00:00,-64.0465409264084
1828,2023-04-04 03:00:00,-208.07350763175646
1829,2023-04-04 04:00:00,-245.44304241348073
1830,2023-04-04 05:00:00,-135.31297814376148
1831,2023-04-04 06:00:00,78.48297846583364
1832,2023-04-04 07:00:00,309.84436912099727
1833,2023-04-04 08:00:00,502.75020268980734
1834,2023-04-04 09:00:00,662.9898379850279
1835,2023-04-04 10:00:00,825.4855317756603
1836,2023-04-04 11:00:00,999.9891120643363
1837,2023-04-04 12:00:00,1156.0624545183905
1838,2023-04-04 13:00:00,1261.45149952368
1839,2023-04-04 14:00:00,1327.1746505936378
1840,2023-04-04 15:00:00,1402.9367180407176
1841,2023-04-04 16:00:00,1519.4838871678783
1842,2023-04-04 17:00:00,1635.6173634570505
1843,2023-04-04 18:00:00,1651.3704414471854
1844,2023-04-04 20:00:00,1158.8127853332185
1845,2023-04-04 22:00:00,478.23579407601164
1846,2023-04-04 23:00:00,302.20185005462326
1847,2023-04-05 00:00:00,200.08467800149265
1848,2023-04-05 01:00:00,85.770758703316
1849,2023-04-05 02:00:00,-70.4003369889474
1850,2023-04-05 03:00:00,-210.76862831009657
1851,2023-04-05 04:00:00,-244.26550452947959
1852,2023-04-05 05:00:00,-130.14806941281086
1853,2023-04-05 06:00:00,87.64558308631422
1854,2023-04-05 07:00:00,322.9072040392207
1855,2023-04-05 08:00:00,519.5063824716267
1856,2023-04-05 09:00:00,683.1232388304375
1857,2023-04-05 10:00:00,848.5727947485505
1858,2023-04-05 11:00:00,1025.5034536380713
1859,2023-04-05 12:00:00,1183.3792445036593
1860,2023-04-05 13:00:00,1289.8555415511817
1861,2023-04-05 14:00:00,1355.8690759643735
1862,2023-04-05 15:00:00,1431.053380879937
1863,2023-04-05 16:00:00,1546.0951269040336
1864,2023-04-05 17:00:00,1659.7489809067647
1865,2023-04-05 18:00:00,1672.0157166319316
1866,2023-04-05 19:00:00,1503.0608157151546
1867,2023-04-05 20:00:00,1169.4101453600672
1868,2023-04-05 21:00:00,784.1012508326789
1869,2023-04-05 22:00:00,474.7508253582391
1870,2023-04-05 23:00:00,290.24800206465534
1871,2023-04-06 00:00:00,178.78771517246105
1872,2023-04-06 01:00:00,54.33411256444924
1873,2023-04-06 02:00:00,-112.68074917821559
1874,2023-04-06 03:00:00,-264.4904795993875
1875,2023-04-06 04:00:00,-309.90723520057145
1876,2023-04-06 05:00:00,-208.05735822878432
1877,2023-04-06 06:00:00,-2.7381255197456085
1878,2023-04-06 07:00:00,219.9914525713848
1879,2023-04-06 08:00:00,404.1568494680673
1880,2023-04-06 09:00:00,555.5988202603762
1881,2023-04-06 10:00:00,709.2957797548333
1882,2023-04-06 11:00:00,875.0602195530028
1883,2023-04-06 12:00:00,1022.5188427578018
1884,2023-04-06 13:00:00,1119.4861554855006
1885,2023-04-06 14:00:00,1177.05235878186
1886,2023-04-06 15:00:00,1244.9967091032277
1887,2023-04-06 16:00:00,1354.141831872569
1888,2023-04-06 17:00:00,1463.366647190139
1889,2023-04-06 18:00:00,1472.7826617893163
1890,2023-04-06 19:00:00,1302.6508900519034
1891,2023-04-06 21:00:00,586.656334787051
1892,2023-04-06 23:00:00,103.16794997015813
1893,2023-04-07 00:00:00,-0.29456723255179895
1894,2023-04-07 01:00:00,-114.8938656990922
1895,2023-04-07 02:00:00,-270.23990369291005
1896,2023-04-07 03:00:00,-408.62968227590864
1897,2023-04-07 04:00:00,-438.95980935030866
1898,2023-04-07 05:00:00,-320.4615662084725
1899,2023-04-07 06:00:00,-97.05683277391836
1900,2023-04-07 07:00:00,145.05218055649584
1901,2023-04-07 08:00:00,349.73045034654524
1902,2023-04-07 09:00:00,522.6424577789116
1903,2023-04-07 10:00:00,698.5762895264697
1904,2023-04-07 11:00:00,887.141962179388
1905,2023-04-07 12:00:00,1057.7536273690018
1906,2023-04-07 13:00:00,1178.0053736603295
1907,2023-04-07 14:00:00,1258.761443414033
1908,2023-04-07 15:00:00,1349.5720063525305
1909,2023-04-07 16:00:00,1481.0299463458077
1910,2023-04-07 17:00:00,1611.7862917407265
1911,2023-04-07 18:00:00,1641.7290140850903
1912,2023-04-07 19:00:00,1490.90242870709
1913,2023-04-07 20:00:00,1175.7037767676504
1914,2023-04-07 21:00:00,809.0355192058382
1915,2023-04-07 23:00:00,352.4633853094401
1916,2023-04-08 00:00:00,180.94151406004084
1917,2023-04-08 01:00:00,74.4426953595048
1918,2023-04-08 02:00:00,-75.16045197998301
1919,2023-04-08 03:00:00,-210.25018410009534
1920,2023-04-08 04:00:00,-239.78492558837615
1921,2023-04-08 05:00:00,-123.03353722545398
1922,2023-04-08 06:00:00,96.06929147377787
1923,2023-04-08 07:00:00,331.33357027271495
1924,2023-04-08 08:00:00,526.661508869784
1925,2023-04-08 09:00:00,687.7795407976987
1926,2023-04-08 10:00:00,849.561856313946
1927,2023-04-08 11:00:00,1021.7278908776316
1928,2023-04-08 12:00:00,1173.8234355456843
1929,2023-04-08 15:00:00,1399.0144949615685
1930,2023-04-08 16:00:00,1505.1995214036356
1931,2023-04-08 17:00:00,1609.5033382262784
1932,2023-04-08 18:00:00,1612.0433043004525
1933,2023-04-08 19:00:00,1433.101812162661
1934,2023-04-08 20:00:00,1089.3203673277505
1935,2023-04-08 21:00:00,693.8493176276997
1936,2023-04-08 22:00:00,374.41381520245477
1937,2023-04-08 23:00:00,180.00567621781693
1938,2023-04-09 00:00:00,58.915403479010365
1939,2023-04-09 01:00:00,-74.805628228959
1940,2023-04-09 02:00:00,-250.64757720926582
1941,2023-04-09 03:00:00,-410.7766685446227
1942,2023-04-09 05:00:00,-369.2462241788926
1943,2023-04-09 06:00:00,-170.4339642822406
1944,2023-04-09 07:00:00,46.448291087178404
1945,2023-04-09 08:00:00,225.43269478294405
1946,2023-04-09 09:00:00,372.3540285576164
1947,2023-04-09 10:00:00,522.1723310730849
1948,2023-04-09 11:00:00,684.6697416215561
1949,2023-04-09 12:00:00,829.431231806192
1950,2023-04-09 13:00:00,924.218955992937
1951,2023-04-09 14:00:00,980.0610536775118
1952,2023-04-09 15:00:00,1046.6660593599013
1953,2023-04-09 16:00:00,1154.7783900914053
1954,2023-04-09 17:00:00,1263.1925537360146
1955,2023-04-09 18:00:00,1271.9308145869734
1956,2023-04-09 19:00:00,1101.1615605198717
1957,2023-04-09 20:00:00,767.3949609293486
1958,2023-04-09 23:00:00,-102.35488947117301
1959,2023-04-10 00:00:00,-129.24543581693933
1960,2023-04-10 01:00:00,-246.18406436454507
1961,2023-04-10 02:00:00,-404.4449417184587
1962,2023-04-10 03:00:00,-546.3907114654339
1963,2023-04-10 04:00:00,-580.9740907074747
1964,2023-04-10 05:00:00,-467.4718777031653
1965,2023-04-10 06:00:00,-249.83995761372853
1966,2023-04-10 07:00:00,-14.302267491453222
1967,2023-04-10 08:00:00,182.99732421910267
1968,2023-04-10 09:00:00,347.7277653818742
1969,2023-04-10 10:00:00,514.6951713372355
1970,2023-04-10 11:00:00,693.5412150367215
1971,2023-04-10 12:00:00,853.7252114379648
1972,2023-04-10 13:00:00,962.8996121538648
1973,2023-04-10 14:00:00,1031.999731588639
1974,2023-04-10 15:00:00,1110.6588509468952
1975,2023-04-10 16:00:00,1229.5641644256843
1976,2023-04-10 17:00:00,1347.4712073715734
1977,2023-04-10 18:00:00,1364.3815031695449
1978,2023-04-10 19:00:00,1200.460676005335
1979,2023-04-10 20:00:00,872.2336248807742
1980,2023-04-10 21:00:00,492.73530651337796
1981,2023-04-10 22:00:00,189.57769914238588
1982,2023-04-10 23:00:00,11.642601722911877
1983,2023-04-11 00:00:00,-92.88547488263521
1984,2023-04-11 01:00:00,-210.05633310046642
1985,2023-04-11 02:00:00,-369.45579045079694
1986,2023-04-11 03:00:00,-513.3396015289145
1987,2023-04-11 04:00:00,-550.5466286319916
1988,2023-04-11 05:00:00,-440.2347060142847
1989,2023-04-11 06:00:00,-226.23754334566047
1990,2023-04-11 07:00:00,5.344396573660106
1991,2023-04-11 08:00:00,198.49011654880087
1992,2023-04-11 09:00:00,358.9889677472206
1993,2023-04-11 10:00:00,521.7631977494179
1994,2023-04-11 12:00:00,852.9551092835572
1995,2023-04-11 13:00:00,958.6805806829352
1996,2023-04-11 14:00:00,1024.759426112241
1997,2023-04-11 15:00:00,1100.89643891627
1998,2023-04-11 16:00:00,1217.837785862216
1999,2023-04-11 17:00:00,1334.3846523612604
2000,2023-04-11 18:00:00,1350.570311343194
2001,2023-04-11 19:00:00,1186.577870211615
2002,2023-04-11 21:00:00,480.66626334960665
2003,2023-04-11 23:00:00,3.8516219061898482
2004,2023-04-12 00:00:00,-97.71836480401271
2005,2023-04-12 01:00:00,-211.46610239590746
2006,2023-04-12 02:00:00,-367.0520539285535
2007,2023-04-12 03:00:00,-506.81627404535493
2008,2023-04-12 04:00:00,-539.6901889464029
2009,2023-04-12 05:00:00,-424.9309408398799
2010,2023-04-12 06:00:00,-206.4766636378231
2011,2023-04-12 07:00:00,29.46435227469192
2012,2023-04-12 08:00:00,226.76165297916396
2013,2023-04-12 09:00:00,391.09531445529774
2014,2023-04-12 10:00:00,557.2803123976832
2015,2023-04-12 11:00:00,734.9650027896455
2016,2023-04-12 12:00:00,893.6133657277774
2017,2023-04-12 13:00:00,999.716047105192
2018,2023-04-12 14:00:00,1065.3746349654007
2019,2023-04-12 15:00:00,1140.2226095095607
2020,2023-04-12 16:00:00,1254.9465869501769
2021,2023-04-12 18:00:00,1380.2871000323921
2022,2023-04-12 19:00:00,1211.0697750208767
2023,2023-04-12 22:00:00,182.08224284040762
2024,2023-04-12 23:00:00,-2.6100610138050797
2025,2023-04-13 00:00:00,-114.24175371658202
2026,2023-04-13 01:00:00,-238.84875464245852
2027,2023-04-13 02:00:00,-405.99907589383565
2028,2023-04-13 03:00:00,-557.9263970766269
2029,2023-04-13 04:00:00,-603.4429461337727
2030,2023-04-13 05:00:00,-501.6751381392596
2031,2023-04-13 06:00:00,-296.420324137011
2032,2023-04-13 07:00:00,-73.7375900044608
2033,2023-04-13 08:00:00,110.39846074255456
2034,2023-04-13 09:00:00,261.8285049344645
2035,2023-04-13 10:00:00,415.5308777811438
2036,2023-04-13 11:00:00,581.3179899747865
2037,2023-04-13 12:00:00,728.8164623437247
2038,2023-04-13 14:00:00,883.4808714527385
2039,2023-04-13 15:00:00,951.5160946528376
2040,2023-04-13 16:00:00,1060.7689250012627
2041,2023-04-13 17:00:00,1170.118193871977
2042,2023-04-13 18:00:00,1179.6753179751136
2043,2023-04-13 19:00:00,1009.7012204240482
2044,2023-04-13 20:00:00,676.8004897866235
2045,2023-04-13 21:00:00,294.0713362339852
2046,2023-04-13 23:00:00,-188.9872452127438
2047,2023-04-14 00:00:00,-292.2106774487902
2048,2023-04-14 01:00:00,-406.5548998942413
2049,2023-04-14 02:00:00,-561.6299706562731
2050,2023-04-14 04:00:00,-729.7606735228292
2051,2023-04-14 05:00:00,-610.9444004092666
2052,2023-04-14 06:00:00,-387.20615692853926
2053,2023-04-14 07:00:00,-144.74825915613656
2054,2023-04-14 08:00:00,60.29416266440103
2055,2023-04-14 09:00:00,233.58548178328147
2056,2023-04-14 10:00:00,409.913675838226
2057,2023-04-14 11:00:00,598.8886512580034
2058,2023-04-14 12:00:00,769.9244484669721
2059,2023-04-14 13:00:00,890.6150436880953
2060,2023-04-14 15:00:00,1063.1030703965573
2061,2023-04-14 16:00:00,1195.0433255426367
2062,2023-04-14 17:00:00,1326.2962431771518
2063,2023-04-14 19:00:00,1206.4478246632211
2064,2023-04-14 20:00:00,891.7878068662549
2065,2023-04-14 21:00:00,525.6719643334745
2066,2023-04-14 23:00:00,70.24551604679209
2067,2023-04-15 00:00:00,-100.68333054480718
2068,2023-04-15 01:00:00,-206.5758355443254
2069,2023-04-15 02:00:00,-355.5595054435339
2070,2023-04-15 03:00:00,-490.0167226077924
2071,2023-04-15 04:00:00,-518.9060387396416
2072,2023-04-15 05:00:00,-401.49644265085044
2073,2023-04-15 06:00:00,-181.72275273245805
2074,2023-04-15 07:00:00,54.224911015693124
2075,2023-04-15 08:00:00,250.24862768248886
2076,2023-04-15 09:00:00,412.07469934986057
2077,2023-04-15 10:00:00,574.5771840077114
2078,2023-04-15 11:00:00,747.4753840194335
2079,2023-04-15 12:00:00,900.3149565560075
2080,2023-04-15 13:00:00,1000.8423742170871
2081,2023-04-15 14:00:00,1060.0935696336912
2082,2023-04-15 15:00:00,1127.8079234751635
2083,2023-04-15 16:00:00,1234.7830730187832
2084,2023-04-15 17:00:00,1339.8881943786519
2085,2023-04-15 18:00:00,1343.2405079978896
2086,2023-04-15 19:00:00,1165.1222672967654
2087,2023-04-15 20:00:00,822.174837998738
2088,2023-04-15 21:00:00,427.54842737442186
2089,2023-04-15 23:00:00,-84.57463040839184
2090,2023-04-16 00:00:00,-204.78924287376822
2091,2023-04-16 01:00:00,-337.62455924057076
2092,2023-04-16 02:00:00,-512.5708814969244
2093,2023-04-16 03:00:00,-671.7945790100844
2094,2023-04-16 04:00:00,-724.0517747233066
2095,2023-04-16 05:00:00,-628.424625752662
2096,2023-04-16 06:00:00,-428.6785422204798
2097,2023-04-16 07:00:00,-210.8532789642063
2098,2023-04-16 08:00:00,-30.91683015920762
2099,2023-04-16 09:00:00,116.96543833997248
2100,2023-04-16 10:00:00,267.75341713566513
2101,2023-04-16 11:00:00,431.2290969701339
2102,2023-04-16 12:00:00,576.977300408138
2103,2023-04-16 13:00:00,672.7600323531838
2104,2023-04-16 14:00:00,729.6052823685695
2105,2023-04-16 16:00:00,906.3527553781287
2106,2023-04-16 17:00:00,1015.7936013700887
2107,2023-04-16 18:00:00,1025.5660853477805
2108,2023-04-16 19:00:00,855.8384432762477
2109,2023-04-16 20:00:00,523.1206922947053
2110,2023-04-16 21:00:00,140.41611812605697
2111,2023-04-16 22:00:00,-164.71084760844133
2112,2023-04-16 23:00:00,-343.44072020634576
2113,2023-04-17 00:00:00,-369.2550006503834
2114,2023-04-17 01:00:00,-485.11089278601185
2115,2023-04-17 02:00:00,-642.2827172764405
2116,2023-04-17 03:00:00,-783.1332720409973
2117,2023-04-17 04:00:00,-816.6154287398081
2118,2023-04-17 05:00:00,-702.0061404147009
2119,2023-04-17 06:00:00,-483.26144721824176
2120,2023-04-17 07:00:00,-246.60544137959914
2121,2023-04-17 08:00:00,-48.18214670740235
2122,2023-04-17 09:00:00,117.6772291422053
2123,2023-04-17 10:00:00,285.778645841689
2124,2023-04-17 11:00:00,465.76362054511765
2125,2023-04-17 12:00:00,627.0913122658344
2126,2023-04-17 13:00:00,737.4140166431221
2127,2023-04-17 15:00:00,887.4830631411633
2128,2023-04-17 16:00:00,1007.5495682378987
2129,2023-04-17 17:00:00,1126.6217862952165
2130,2023-04-17 18:00:00,1144.7010843542394
2131,2023-04-17 19:00:00,981.9529302700457
2132,2023-04-17 20:00:00,654.9020667147388
2133,2023-04-17 22:00:00,-25.39156567546388
2134,2023-04-17 23:00:00,-202.14086986389157
2135,2023-04-18 00:00:00,-305.4802637944704
2136,2023-04-18 01:00:00,-421.4597060270344
2137,2023-04-18 02:00:00,-579.665170099845
2138,2023-04-18 04:00:00,-758.3609134605658
2139,2023-04-18 05:00:00,-646.8482007889565
2140,2023-04-18 06:00:00,-431.648293734293
2141,2023-04-18 07:00:00,-198.8618104691377
2142,2023-04-18 08:00:00,-4.509903392447541
2143,2023-04-18 10:00:00,321.1798634396032
2144,2023-04-18 11:00:00,497.19147863224
2145,2023-04-18 12:00:00,654.7931782211822
2146,2023-04-18 13:00:00,761.7307346148878
2147,2023-04-18 14:00:00,829.0223820517708
2148,2023-04-18 15:00:00,906.3727603069892
2149,2023-04-18 16:00:00,1024.5278828528324
2150,2023-04-18 17:00:00,1142.2887821065624
2151,2023-04-18 18:00:00,1159.6885783435757
2152,2023-04-18 19:00:00,996.9102266063505
2153,2023-04-18 20:00:00,670.4815412803191
2154,2023-04-18 22:00:00,-6.669771387904802
2155,2023-04-18 23:00:00,-180.96317711498978
2156,2023-04-19 00:00:00,-281.32158627368153
2157,2023-04-19 01:00:00,-393.85870049404684
2158,2023-04-19 02:00:00,-548.2351324967722
2159,2023-04-19 03:00:00,-686.791086100091
2160,2023-04-19 04:00:00,-718.4581362717668
2161,2023-04-19 05:00:00,-602.4935734868664
2162,2023-04-19 06:00:00,-382.83567946267294
2163,2023-04-19 07:00:00,-145.69289189056553
2164,2023-04-19 08:00:00,52.804188506330775
2165,2023-04-19 09:00:00,218.3354914452052
2166,2023-04-19 10:00:00,385.7158468604557
2167,2023-04-19 11:00:00,564.593465537419
2168,2023-04-19 12:00:00,724.4321829386622
2169,2023-04-19 13:00:00,832.8871787991175
2170,2023-04-19 14:00:00,900.8949889725718
2171,2023-04-19 15:00:00,978.0889503762833
2172,2023-04-19 16:00:00,1095.1555365676954
2173,2023-04-19 17:00:00,1210.8492165048779
2174,2023-04-19 19:00:00,1058.284864899041
2175,2023-04-19 20:00:00,726.7177824048185
2176,2023-04-19 23:00:00,-146.10928766702273
2177,2023-04-20 00:00:00,-255.43045526639435
2178,2023-04-20 01:00:00,-377.73156370566085
2179,2023-04-20 02:00:00,-542.5807609646736
2180,2023-04-20 03:00:00,-692.2118618095296
2181,2023-04-20 04:00:00,-735.4372285595873
2182,2023-04-20 05:00:00,-631.3834099013943
2183,2023-04-20 06:00:00,-423.84788972434444
2184,2023-04-20 07:00:00,-198.88988595735827
2185,2023-04-20 08:00:00,-12.484133370397103
2186,2023-04-20 09:00:00,141.2099144448125
2187,2023-04-20 10:00:00,297.17046307349756
2188,2023-04-20 11:00:00,465.20979442790986
2189,2023-04-20 12:00:00,614.9544014086478
2190,2023-04-20 13:00:00,714.2185794908678
2191,2023-04-20 14:00:00,774.0923186442983
2192,2023-04-20 16:00:00,955.8280285080923
2193,2023-04-20 17:00:00,1067.3911205540319
2194,2023-04-20 18:00:00,1079.155234020386
2195,2023-04-20 19:00:00,911.3811702984999
2196,2023-04-20 20:00:00,580.6733971685485
2197,2023-04-20 22:00:00,-102.59095916288425
2198,2023-04-20 23:00:00,-278.57911711525
2199,2023-04-21 00:00:00,-379.63908620311395
2200,2023-04-21 01:00:00,-491.8275115389656
2201,2023-04-21 02:00:00,-644.7545662518455
2202,2023-04-21 03:00:00,-780.7174664610566
2203,2023-04-21 04:00:00,-808.6130353027243
2204,2023-04-21 05:00:00,-687.6727694563647
2205,2023-04-21 06:00:00,-461.8187643518427
2206,2023-04-21 07:00:00,-217.25344602314362
2207,2023-04-21 08:00:00,-10.112053638482848
2208,2023-04-21 09:00:00,165.2696781979821
2209,2023-04-21 10:00:00,343.6796202948135
2210,2023-04-21 11:00:00,534.7275733315805
2211,2023-04-21 13:00:00,830.5731921014794
2212,2023-04-21 14:00:00,913.8287569308404
2213,2023-04-21 15:00:00,1007.1441214110423
2214,2023-04-21 16:00:00,1141.1119536236415
2215,2023-04-21 17:00:00,1274.383066186997
2216,2023-04-21 19:00:00,1158.5424999537008
2217,2023-04-21 20:00:00,845.8719467298201
2218,2023-04-21 21:00:00,481.73580110487273
2219,2023-04-21 22:00:00,193.61008800284117
2220,2023-04-21 23:00:00,30.239070649703535
2221,2023-04-22 00:00:00,-138.73993862705856
2222,2023-04-22 01:00:00,-242.69274116058705
2223,2023-04-22 02:00:00,-389.7469323402697
2224,2023-04-22 03:00:00,-522.2849822266649
2225,2023-04-22 04:00:00,-549.2655290402558
2226,2023-04-22 05:00:00,-429.9576469169342
2227,2023-04-22 06:00:00,-208.29623838635234
2228,2023-04-22 07:00:00,29.528493626749878
2229,2023-04-22 08:00:00,227.41854650300183
2230,2023-04-22 09:00:00,391.1001418053702
2231,2023-04-22 10:00:00,555.4472582409617
2232,2023-04-22 11:00:00,730.1791201100182
2233,2023-04-22 13:00:00,987.1802181584312
2234,2023-04-22 14:00:00,1048.2317096043776
2235,2023-04-22 15:00:00,1117.735089636198
2236,2023-04-22 16:00:00,1226.4879236579998
2237,2023-04-22 17:00:00,1333.359317160064
2238,2023-04-22 18:00:00,1338.4664212272032
2239,2023-04-22 19:00:00,1162.0914211735792
2240,2023-04-22 20:00:00,820.8756158676147
2241,2023-04-22 23:00:00,-80.749329790091
2242,2023-04-23 00:00:00,-199.2794278729698
2243,2023-04-23 01:00:00,-330.4421616140489
2244,2023-04-23 02:00:00,-503.7278922125961
2245,2023-04-23 03:00:00,-661.3030469196756
2246,2023-04-23 04:00:00,-711.9238053154877
2247,2023-04-23 05:00:00,-614.6723798063481
2248,2023-04-23 06:00:00,-413.3142345559222
2249,2023-04-23 07:00:00,-193.88917712483226
2250,2023-04-23 08:00:00,-12.365253106159798
2251,2023-04-23 09:00:00,137.09212150604026
2252,2023-04-23 10:00:00,289.4427884953916
2253,2023-04-23 11:00:00,454.4686910865489
2254,2023-04-23 12:00:00,601.7546056359979
2255,2023-04-23 13:00:00,699.0624921283197
2256,2023-04-23 14:00:00,757.4202965455256
2257,2023-04-23 15:00:00,826.5363607586523
2258,2023-04-23 16:00:00,937.1549100830111
2259,2023-04-23 17:00:00,1048.070261561418
2260,2023-04-23 18:00:00,1059.3044896134418
2261,2023-04-23 19:00:00,891.0257931668862
2262,2023-04-23 20:00:00,559.7441536310976
2263,2023-04-23 22:00:00,-125.25380218846385
2264,2023-04-23 23:00:00,-302.58626702089714
2265,2023-04-24 00:00:00,-327.0161036109671
2266,2023-04-24 01:00:00,-441.5005449326418
2267,2023-04-24 02:00:00,-597.3139394989748
2268,2023-04-24 04:00:00,-768.9689585246438
2269,2023-04-24 05:00:00,-653.0404567835708
2270,2023-04-24 06:00:00,-432.9896692596012
2271,2023-04-24 07:00:00,-195.0407094533757
2272,2023-04-24 08:00:00,4.662378864221864
2273,2023-04-24 09:00:00,171.78836940078054
2274,2023-04-24 10:00:00,341.14320445122485
2275,2023-04-24 11:00:00,522.3683851362048
2276,2023-04-24 12:00:00,684.9230557323822
2277,2023-04-24 13:00:00,796.4594984235414
2278,2023-04-24 14:00:00,867.9128593263113
2279,2023-04-24 15:00:00,948.9162526305586
2280,2023-04-24 16:00:00,1070.1567067200046
2281,2023-04-24 17:00:00,1190.3895924191113
2282,2023-04-24 18:00:00,1209.616269799472
2283,2023-04-24 19:00:00,1048.0022010497462
2284,2023-04-24 20:00:00,722.0721243974831
2285,2023-04-24 21:00:00,344.8608371708592
2286,2023-04-24 22:00:00,43.980159450913106
2287,2023-04-24 23:00:00,-131.68826661913454
2288,2023-04-25 00:00:00,-233.96008565261354
2289,2023-04-25 01:00:00,-348.88525423480587
2290,2023-04-25 02:00:00,-506.0497426640204
2291,2023-04-25 03:00:00,-647.7094569772125
2292,2023-04-25 04:00:00,-682.7034095136837
2293,2023-04-25 05:00:00,-570.1895832214095
2294,2023-04-25 06:00:00,-354.00183503476364
2295,2023-04-25 07:00:00,-120.24077363436754
2296,2023-04-25 08:00:00,75.0724593192067
2297,2023-04-25 09:00:00,237.7270719550288
2298,2023-04-25 10:00:00,402.6451702551576
2299,2023-04-25 11:00:00,579.5784313091294
2300,2023-04-25 12:00:00,738.0885797596043
2301,2023-04-25 13:00:00,845.9214048812742
2302,2023-04-25 17:00:00,1229.9291055191804
2303,2023-04-25 18:00:00,1248.1585649831497
2304,2023-04-25 19:00:00,1086.1968227678526
2305,2023-04-25 20:00:00,760.5717184846226
2306,2023-04-25 21:00:00,384.3068035394076
2307,2023-04-25 22:00:00,84.98858921394412
2308,2023-04-25 23:00:00,-88.54015787860862
2309,2023-04-26 00:00:00,-188.14682433006828
2310,2023-04-26 01:00:00,-299.94508076380407
2311,2023-04-26 02:00:00,-453.5955077284989
2312,2023-04-26 03:00:00,-591.4382757584849
2313,2023-04-26 04:00:00,-622.4049253969956
2314,2023-04-26 05:00:00,-505.7527115947096
2315,2023-04-26 06:00:00,-285.41987941056686
2316,2023-04-26 07:00:00,-47.61482878710649
2317,2023-04-26 08:00:00,151.53187840323244
2318,2023-04-26 09:00:00,317.70021181737957
2319,2023-04-26 10:00:00,485.70504242315155
2320,2023-04-26 11:00:00,665.1946230984745
2321,2023-04-26 12:00:00,825.6328324767414
2322,2023-04-26 13:00:00,934.6748945216059
2323,2023-04-26 14:00:00,1003.2573903659054
2324,2023-04-26 15:00:00,1081.0137032573896
2325,2023-04-26 16:00:00,1198.6303541034374
2326,2023-04-26 17:00:00,1314.8618602696913
2327,2023-04-26 18:00:00,1329.7088462011898
2328,2023-04-26 19:00:00,1163.3366444557382
2329,2023-04-26 20:00:00,832.2709733779329
2330,2023-04-26 21:00:00,449.5492296170082
2331,2023-04-26 22:00:00,142.78795802350805
2332,2023-04-26 23:00:00,-39.123856390007404
2333,2023-04-27 00:00:00,-147.9914272697447
2334,2023-04-27 01:00:00,-269.8507542958946
2335,2023-04-27 02:00:00,-434.26992818217013
2336,2023-04-27 04:00:00,-626.3013894059868
2337,2023-04-27 05:00:00,-521.8524685667471
2338,2023-04-27 06:00:00,-313.9333658502428
2339,2023-04-27 07:00:00,-88.60323733775067
2340,2023-04-27 08:00:00,98.16324498421909
2341,2023-04-27 09:00:00,252.20669117661964
2342,2023-04-27 10:00:00,408.5053713876496
2343,2023-04-27 11:00:00,576.8716329126291
2344,2023-04-27 12:00:00,726.9320349059217
2345,2023-04-27 13:00:00,826.5009399652577
2346,2023-04-27 14:00:00,886.6684059991221
2347,2023-04-27 15:00:00,957.2135467177404
2348,2023-04-27 16:00:00,1068.9588452315977
2349,2023-04-27 17:00:00,1180.7830797467714
2350,2023-04-27 18:00:00,1192.7976155307042
2351,2023-04-27 19:00:00,1025.2633259466056
2352,2023-04-27 21:00:00,314.4600561095581
2353,2023-04-27 22:00:00,11.2096840811123
2354,2023-04-27 23:00:00,-165.31835369274768
2355,2023-04-28 00:00:00,-266.9285985610941
2356,2023-04-28 01:00:00,-379.67761901396716
2357,2023-04-28 04:00:00,-698.206067099427
2358,2023-04-28 05:00:00,-577.8668932206951
2359,2023-04-28 06:00:00,-352.6239057544899
2360,2023-04-28 07:00:00,-108.67944997962059
2361,2023-04-28 08:00:00,97.83131632932509
2362,2023-04-28 09:00:00,272.5727406047845
2363,2023-04-28 10:00:00,450.3327763161301
2364,2023-04-28 12:00:00,813.1523535360188
2365,2023-04-28 13:00:00,935.2198717695442
2366,2023-04-28 14:00:00,1017.7879736271248
2367,2023-04-28 15:00:00,1110.4066986115856
2368,2023-04-28 16:00:00,1243.668800962764
2369,2023-04-28 17:00:00,1376.2251800265326
2370,2023-04-28 18:00:00,1407.9636789839403
2371,2023-04-28 19:00:00,1258.928485434443
2372,2023-04-28 20:00:00,945.5167134266312
2373,2023-04-28 21:00:00,580.6306975067041
2374,2023-04-28 22:00:00,291.7465518802551
2375,2023-04-28 23:00:00,127.60862952566504
2376,2023-04-29 00:00:00,-42.14566698889348
2377,2023-04-29 01:00:00,-146.88204832855536
2378,2023-04-29 02:00:00,-294.72801876742324
2379,2023-04-29 03:00:00,-428.06595680166856
2380,2023-04-29 04:00:00,-455.85440868362457
2381,2023-04-29 05:00:00,-337.36235617103375
2382,2023-04-29 06:00:00,-116.52460902157327
2383,2023-04-29 07:00:00,120.46872300191035
2384,2023-04-29 08:00:00,317.51973080473226
2385,2023-04-29 09:00:00,480.35472984148646
2386,2023-04-29 10:00:00,643.8477930581803
2387,2023-04-29 11:00:00,817.7182393352427
2388,2023-04-29 13:00:00,1072.974798966471
2389,2023-04-29 14:00:00,1133.143358317463
2390,2023-04-29 15:00:00,1201.7568253079808
2391,2023-04-29 16:00:00,1309.6128614188015
2392,2023-04-29 17:00:00,1415.5806684858112
2393,2023-04-29 18:00:00,1419.777494195262
2394,2023-04-29 19:00:00,1242.4856206978266
2395,2023-04-29 21:00:00,506.51020292398016
2396,2023-04-29 22:00:00,188.7019418699565
2397,2023-04-29 23:00:00,-4.086630223190696
2398,2023-04-30 00:00:00,-123.56511689847957
2399,2023-04-30 01:00:00,-255.68224885809104
2400,2023-04-30 02:00:00,-429.9282890768677
2401,2023-04-30 05:00:00,-543.788189912374
2402,2023-04-30 06:00:00,-343.41301517740294
2403,2023-04-30 07:00:00,-124.97634666857584
2404,2023-04-30 08:00:00,55.55386888944531
2405,2023-04-30 09:00:00,204.01231451326066
2406,2023-04-30 10:00:00,355.358931015327
2407,2023-04-30 11:00:00,519.3757607565749
2408,2023-04-30 12:00:00,665.6476792144304
2409,2023-04-30 13:00:00,761.9367455578708
2410,2023-04-30 14:00:00,819.2710049639604
2411,2023-04-30 15:00:00,887.3588985000783
2412,2023-04-30 16:00:00,996.9447506923427
2413,2023-04-30 17:00:00,1106.8229777507784
2414,2023-04-30 18:00:00,1117.015753253061
2415,2023-04-30 19:00:00,947.6913752429923
2416,2023-04-30 20:00:00,615.3599242003274
2417,2023-04-30 21:00:00,233.02475044544735
2418,2023-04-30 22:00:00,-71.74964855434064
2419,2023-04-30 23:00:00,-250.14372102742664
2420,2023-05-01 00:00:00,-275.638899681107
2421,2023-05-01 01:00:00,-391.1923188442288
2422,2023-05-01 02:00:00,-548.0782285033588
2423,2023-05-01 03:00:00,-688.6593546870558
2424,2023-05-01 04:00:00,-721.8884960171868
2425,2023-05-01 05:00:00,-607.0425313088303
2426,2023-05-01 06:00:00,-388.07742536562864
2427,2023-05-01 07:00:00,-151.2171939177565
2428,2023-05-01 08:00:00,47.39421684551871
2429,2023-05-01 09:00:00,213.4256780400965
2430,2023-05-01 10:00:00,381.68322913343945
2431,2023-05-01 11:00:00,561.8084682103668
2432,2023-05-01 12:00:00,723.2606363222258
2433,2023-05-01 13:00:00,833.6921121318574
2434,2023-05-01 14:00:00,904.0381380235908
2435,2023-05-01 15:00:00,983.9319241757571
2436,2023-05-01 16:00:00,1104.060594737399
2437,2023-05-01 17:00:00,1223.1796159504268
2438,2023-05-01 18:00:00,1241.2904430617969
2439,2023-05-01 19:00:00,1078.558633124377
2440,2023-05-01 21:00:00,373.17649200856795
2441,2023-05-01 22:00:00,71.172966375329
2442,2023-05-01 23:00:00,-105.61982227187582
2443,2023-05-02 00:00:00,-209.0174253363807
2444,2023-05-02 01:00:00,-325.06970654871066
2445,2023-05-02 02:00:00,-483.36254372244366
2446,2023-05-02 03:00:00,-626.1517507831995
2447,2023-05-02 04:00:00,-662.2762483689676
2448,2023-05-02 05:00:00,-550.8939280944505
2449,2023-05-02 06:00:00,-335.83855598960463
2450,2023-05-02 07:00:00,-103.2106502424208
2451,2023-05-02 08:00:00,90.96873754865783
2452,2023-05-02 09:00:00,252.48890515647918
2453,2023-05-02 10:00:00,416.272047738757
2454,2023-05-02 11:00:00,592.0699311159033
2455,2023-05-02 12:00:00,749.444368206251
2456,2023-05-02 13:00:00,856.1412360804743
2457,2023-05-02 14:00:00,923.1788743680349
2458,2023-05-02 15:00:00,1000.2620289531001
2459,2023-05-02 17:00:00,1235.6043877933876
2460,2023-05-02 18:00:00,1252.697960405683
2461,2023-05-02 20:00:00,762.8402359861366
2462,2023-05-02 21:00:00,385.44049789472183
2463,2023-05-02 22:00:00,84.98798207801474
2464,2023-05-02 23:00:00,-89.67446226034372
2465,2023-05-03 00:00:00,-190.41413967212156
2466,2023-05-03 01:00:00,-303.34463930550965
2467,2023-05-03 02:00:00,-458.1264608146239
2468,2023-05-03 03:00:00,-597.0996944194935
2469,2023-05-03 04:00:00,-629.1958009696946
2470,2023-05-03 05:00:00,-513.6719562849898
2471,2023-05-03 06:00:00,-294.46632693707306
2472,2023-05-03 07:00:00,-57.78723499211992
2473,2023-05-03 08:00:00,140.23483497607776
2474,2023-05-03 09:00:00,305.27992921297164
2475,2023-05-03 10:00:00,472.16299469169826
2476,2023-05-03 11:00:00,650.5323596375019
2477,2023-05-03 12:00:00,809.8519773833414
2478,2023-05-03 13:00:00,917.7771459178964
2479,2023-05-03 14:00:00,985.244519758601
2480,2023-05-03 15:00:00,1061.8875548507888
2481,2023-05-03 16:00:00,1178.3928441251342
2482,2023-05-03 17:00:00,1293.5149762848223
2483,2023-05-03 19:00:00,1139.7772570835953
2484,2023-05-03 20:00:00,807.6085958215663
2485,2023-05-03 21:00:00,423.7861278569535
2486,2023-05-03 22:00:00,115.92646586875617
2487,2023-05-03 23:00:00,-67.08133801615077
2488,2023-05-04 00:00:00,-177.04243106058084
2489,2023-05-04 01:00:00,-299.9927472679301
2490,2023-05-04 02:00:00,-465.50031244032425
2491,2023-05-04 03:00:00,-615.7988189512439
2492,2023-05-04 04:00:00,-659.7005065295821
2493,2023-05-04 05:00:00,-556.3318011334127
2494,2023-05-04 06:00:00,-349.4900637070823
2495,2023-05-04 07:00:00,-125.23438914996223
2496,2023-05-04 08:00:00,60.46061096545736
2497,2023-05-04 09:00:00,213.4356063640862
2498,2023-05-04 10:00:00,368.6689260423791
2499,2023-05-04 11:00:00,535.9729754032642
2500,2023-05-04 12:00:00,684.9743709169015
2501,2023-05-04 13:00:00,783.4875317131009
2502,2023-05-04 14:00:00,842.6025714421376
2503,2023-05-04 15:00:00,912.0986587639063
2504,2023-05-04 16:00:00,1022.7983309339013
2505,2023-05-04 17:00:00,1133.5804195345654
2506,2023-05-04 18:00:00,1144.5563423657202
2507,2023-05-04 19:00:00,975.9870245438497
2508,2023-05-04 21:00:00,263.1246552824314
2509,2023-05-04 22:00:00,-40.41201136957352
2510,2023-05-04 23:00:00,-217.2224409340647
2511,2023-05-05 00:00:00,-315.8165584818644
2512,2023-05-05 01:00:00,-428.8400233593584
2513,2023-05-05 02:00:00,-582.6083167147367
2514,2023-05-05 03:00:00,-719.4185315873929
2515,2023-05-05 04:00:00,-748.1673681702255
2516,2023-05-05 05:00:00,-628.0862003527209
2517,2023-05-05 06:00:00,-403.09700095295693
2518,2023-05-05 07:00:00,-159.40207355438997
2519,2023-05-05 08:00:00,46.86346493349947
2520,2023-05-05 09:00:00,221.36400194585394
2521,2023-05-05 10:00:00,398.8875301285457
2522,2023-05-05 11:00:00,589.0439717709542
2523,2023-05-05 12:00:00,761.2473839793647
2524,2023-05-05 13:00:00,883.0917604882841
2525,2023-05-05 14:00:00,965.4412486123751
2526,2023-05-05 15:00:00,1057.8459227947194
2527,2023-05-05 16:00:00,1190.8985713735726
2528,2023-05-05 17:00:00,1323.2501269374823
2529,2023-05-05 18:00:00,1354.7884650886167
2530,2023-05-05 19:00:00,1205.557804961402
2531,2023-05-05 20:00:00,891.9552912995359
2532,2023-05-05 21:00:00,526.8832885341153
2533,2023-05-05 22:00:00,237.81793980585962
2534,2023-05-05 23:00:00,73.50362629985057
2535,2023-05-06 00:00:00,-99.71679091135502
2536,2023-05-06 01:00:00,-204.61985849173243
2537,2023-05-06 02:00:00,-352.62762388911597
2538,2023-05-06 04:00:00,-514.0628317251699
2539,2023-05-06 05:00:00,-395.7177552109092
2540,2023-05-06 06:00:00,-175.02199886156768
2541,2023-05-06 07:00:00,61.83434892326795
2542,2023-05-06 08:00:00,258.7533995672097
2543,2023-05-06 09:00:00,421.46148819718064
2544,2023-05-06 10:00:00,584.8327065997596
2545,2023-05-06 11:00:00,758.5863916406997
2546,2023-05-06 12:00:00,912.268235703735
2547,2023-05-06 13:00:00,1013.6247473174403
2548,2023-05-06 14:00:00,1073.691895744968
2549,2023-05-06 15:00:00,1142.2090989897467
2550,2023-05-06 16:00:00,1249.9740323389176
2551,2023-05-06 17:00:00,1355.8559106287564
2552,2023-05-06 18:00:00,1359.9719936891338
2553,2023-05-06 19:00:00,1182.6045750094736
2554,2023-05-06 20:00:00,840.3950610478039
2555,2023-05-06 21:00:00,446.49370049911886
2556,2023-05-06 22:00:00,128.62554645012096
2557,2023-05-06 23:00:00,-64.21768403454143
2558,2023-05-07 00:00:00,-183.74558725390852
2559,2023-05-07 01:00:00,-315.90688747083686
2560,2023-05-07 02:00:00,-490.1918420233128
2561,2023-05-07 03:00:00,-648.766775025586
2562,2023-05-07 04:00:00,-700.3877634898031
2563,2023-05-07 05:00:00,-604.1369180064835
2564,2023-05-07 06:00:00,-403.7796015719632
2565,2023-05-07 07:00:00,-185.35552123482103
2566,2023-05-07 08:00:00,-4.832622847431139
2567,2023-05-07 09:00:00,143.62377668882755
2568,2023-05-07 10:00:00,294.97361753821906
2569,2023-05-07 11:00:00,458.9989405718193
2570,2023-05-07 12:00:00,605.2846190553341
2571,2023-05-07 13:00:00,701.5927091665881
2572,2023-05-07 14:00:00,758.9512523449343
2573,2023-05-07 15:00:00,827.0686851484274
2574,2023-05-07 16:00:00,936.6893268440372
2575,2023-05-07 17:00:00,1046.6075876599955
2576,2023-05-07 18:00:00,1056.8456344196006
2577,2023-05-07 19:00:00,887.5717576971792
2578,2023-05-07 20:00:00,555.2960297664931
2579,2023-05-07 21:00:00,173.02179201878744
2580,2023-05-07 22:00:00,-131.68646773972523
2581,2023-05-07 23:00:00,-310.00920810062144
2582,2023-05-08 00:00:00,-335.4278728535792
2583,2023-05-08 01:00:00,-450.8996081112109
2584,2023-05-08 02:00:00,-607.6986763408413
2585,2023-05-08 03:00:00,-748.1878167524069
2586,2023-05-08 04:00:00,-781.319841823059
2587,2023-05-08 05:00:00,-666.3716449305953
2588,2023-05-08 06:00:00,-447.29920608774137
2589,2023-05-08 07:00:00,-210.32655692365825
2590,2023-05-08 08:00:00,-11.597660185711902
2591,2023-05-08 09:00:00,154.556338024644
2592,2023-05-08 10:00:00,322.94145931569847
2593,2023-05-08 11:00:00,503.1992832520705
2594,2023-05-08 12:00:00,664.7890317363558
2595,2023-05-08 13:00:00,775.3630636473854
2596,2023-05-08 14:00:00,845.8566009547626
2597,2023-05-08 15:00:00,925.9028328197294
2598,2023-05-08 16:00:00,1046.1888617308875
2599,2023-05-08 17:00:00,1165.4701317009478
2600,2023-05-08 18:00:00,1183.7480751199453
2601,2023-05-08 19:00:00,1021.1882255950327
2602,2023-05-08 20:00:00,694.3153919028578
2603,2023-05-08 21:00:00,316.164440984036
2604,2023-05-08 22:00:00,14.347261678543873
2605,2023-05-08 23:00:00,-162.25443609059585
2606,2023-05-09 00:00:00,-265.4562299669419
2607,2023-05-09 01:00:00,-381.3080105482318
2608,2023-05-09 02:00:00,-539.3956830189109
2609,2023-05-09 03:00:00,-681.975089224577
2610,2023-05-09 04:00:00,-717.8851782418765
2611,2023-05-09 05:00:00,-606.283870645023
2612,2023-05-09 06:00:00,-391.00496193592153
2613,2023-05-09 07:00:00,-158.14900027311114
2614,2023-05-09 08:00:00,36.26293227296219
2615,2023-05-09 09:00:00,198.0201025219867
2616,2023-05-09 10:00:00,362.04467419698904
2617,2023-05-09 11:00:00,538.0883812173247
2618,2023-05-09 12:00:00,695.7130041191422
2619,2023-05-09 13:00:00,802.664387166566
2620,2023-05-09 14:00:00,869.9608367054789
2621,2023-05-09 15:00:00,947.3070649171807
2622,2023-05-09 16:00:00,1065.4491579460844
2623,2023-05-09 17:00:00,1183.1882211485495
2624,2023-05-09 18:00:00,1200.557447990432
2625,2023-05-09 19:00:00,1037.739866969343
2626,2023-05-09 20:00:00,711.2633662020025
2627,2023-05-09 23:00:00,-140.37557506642088
2628,2023-05-10 00:00:00,-240.81540262534782
2629,2023-05-10 01:00:00,-353.4421493994487
2630,2023-05-10 02:00:00,-507.91635300998905
2631,2023-05-10 03:00:00,-646.578141995712
2632,2023-05-10 04:00:00,-678.3590158414377
2633,2023-05-10 05:00:00,-562.5161893240015
2634,2023-05-10 06:00:00,-342.9878682829367
2635,2023-05-10 07:00:00,-105.98241434607735
2636,2023-05-10 08:00:00,92.3696480489516
2637,2023-05-10 09:00:00,257.748325009331
2638,2023-05-10 10:00:00,424.96852308571124
2639,2023-05-10 11:00:00,603.6785298576406
2640,2023-05-10 12:00:00,763.3422576848229
2641,2023-05-10 13:00:00,871.6149633995285
2642,2023-05-10 14:00:00,939.4332600929881
2643,2023-05-10 15:00:00,1016.4305620709583
2644,2023-05-10 16:00:00,1133.293420398146
2645,2023-05-10 17:00:00,1248.7763817044256
2646,2023-05-10 18:00:00,1262.8800988228727
2647,2023-05-10 19:00:00,1095.7699317960514
2648,2023-05-10 20:00:00,763.9716255718783
2649,2023-05-10 21:00:00,380.52260253848226
2650,2023-05-10 23:00:00,-109.5888758802962
2651,2023-05-11 00:00:00,-219.16751281035977
2652,2023-05-11 01:00:00,-341.7324558333471
2653,2023-05-11 02:00:00,-506.8517742813492
2654,2023-05-11 03:00:00,-656.75920419263
2655,2023-05-11 04:00:00,-700.2670290595693
2656,2023-05-11 05:00:00,-596.5017187046719
2657,2023-05-11 06:00:00,-389.2606780267506
2658,2023-05-11 07:00:00,-164.6030459547187
2659,2023-05-11 08:00:00,21.496521833094448
2660,2023-05-11 09:00:00,174.87865090016112
2661,2023-05-11 10:00:00,330.52162602966655
2662,2023-05-11 11:00:00,498.23780836871174
2663,2023-05-11 12:00:00,647.6537700991239
2664,2023-05-11 14:00:00,806.1182255140166
2665,2023-05-11 15:00:00,876.0359128462105
2666,2023-05-11 16:00:00,987.1594409833192
2667,2023-05-11 17:00:00,1098.3675971777895
2668,2023-05-11 18:00:00,1109.7717549485399
2669,2023-05-11 19:00:00,941.6327951727751
2670,2023-05-11 20:00:00,610.5552650590857
2671,2023-05-11 21:00:00,229.63733442951343
2672,2023-05-11 22:00:00,-73.46286998481128
2673,2023-05-11 23:00:00,-249.8348907284494
2674,2023-05-12 00:00:00,-351.2832656065634
2675,2023-05-12 01:00:00,-463.86456027737404
2676,2023-05-12 02:00:00,-617.1888684328305
2677,2023-05-12 03:00:00,-753.5533267690571
2678,2023-05-12 04:00:00,-781.8546790394093
2679,2023-05-12 05:00:00,-661.3243425426685
2680,2023-05-12 06:00:00,-435.88433338920277
2681,2023-05-12 07:00:00,-191.73699831018803
2682,2023-05-12 08:00:00,14.982502785566794
2683,2023-05-12 09:00:00,189.9385145125475
2684,2023-05-12 10:00:00,367.91898683891213
2685,2023-05-12 11:00:00,558.5337995693285
2686,2023-05-12 12:00:00,731.1969675147529
2687,2023-05-12 13:00:00,853.5024423052903
2688,2023-05-12 14:00:00,936.3143293566925
2689,2023-05-12 15:00:00,1028.6415269277188
2690,2023-05-12 16:00:00,1161.6178184238017
2691,2023-05-12 17:00:00,1293.8940958352857
2692,2023-05-12 18:00:00,1325.3581944295363
2693,2023-05-12 19:00:00,1176.0542932493015
2694,2023-05-12 20:00:00,862.3794972298012
2695,2023-05-12 21:00:00,497.2361311530585
2696,2023-05-12 22:00:00,208.10029894024865
2697,2023-05-12 23:00:00,43.716342741517565
2698,2023-05-13 00:00:00,-126.27834632123358
2699,2023-05-13 01:00:00,-231.24949089729535
2700,2023-05-13 02:00:00,-379.3246077634403
2701,2023-05-13 03:00:00,-512.8860884675164
2702,2023-05-13 04:00:00,-540.8924928471347
2703,2023-05-13 05:00:00,-422.6128167351126
2704,2023-05-13 06:00:00,-201.98188449729696
2705,2023-05-13 07:00:00,34.81017900772622
2706,2023-05-13 08:00:00,231.66544909469076
2707,2023-05-13 09:00:00,394.3102251657442
2708,2023-05-13 10:00:00,557.6185636258119
2709,2023-05-13 11:00:00,731.3097663509432
2710,2023-05-13 12:00:00,884.9294911274324
2711,2023-05-13 13:00:00,986.2242122728555
2712,2023-05-13 14:00:00,1046.229865243054
2713,2023-05-13 15:00:00,1114.685834638848
2714,2023-05-13 16:00:00,1222.389762777907
2715,2023-05-13 17:00:00,1328.2108319255192
2716,2023-05-13 18:00:00,1332.2662697906792
2717,2023-05-13 19:00:00,1154.8383381755634
2718,2023-05-13 21:00:00,418.60671006089206
2719,2023-05-13 22:00:00,100.6782542219562
2720,2023-05-13 23:00:00,-92.22526801655522
2721,2023-05-14 00:00:00,-211.81348234704092
2722,2023-05-14 01:00:00,-344.0351419415333
2723,2023-05-14 02:00:00,-518.3805325610288
2724,2023-05-14 03:00:00,-677.016006242081
2725,2023-05-14 04:00:00,-728.6976674434577
2726,2023-05-14 05:00:00,-632.5076536716006
2727,2023-05-14 07:00:00,-213.8485023359849
2728,2023-05-14 08:00:00,-33.38706895015366
2729,2023-05-14 09:00:00,115.00760410775047
2730,2023-05-14 10:00:00,266.2954327062862
2731,2023-05-14 11:00:00,430.258433957099
2732,2023-05-14 12:00:00,576.4814579309732
2733,2023-05-14 13:00:00,672.7265381392567
2734,2023-05-14 14:00:00,730.0216939438458
2735,2023-05-14 15:00:00,798.0753403760518
2736,2023-05-14 16:00:00,907.6317757414524
2737,2023-05-14 17:00:00,1017.4853899140026
2738,2023-05-14 19:00:00,858.3188671017288
2739,2023-05-14 20:00:00,525.9770551441661
2740,2023-05-14 21:00:00,143.63621742651503
2741,2023-05-14 23:00:00,-339.52959951357434
2742,2023-05-15 00:00:00,-365.0165141197281
2743,2023-05-15 01:00:00,-480.55708114864046
2744,2023-05-15 02:00:00,-637.4255780370872
2745,2023-05-15 03:00:00,-777.9847583121805
2746,2023-05-15 04:00:00,-811.1874481475647
2747,2023-05-15 05:00:00,-696.3105539799758
2748,2023-05-15 06:00:00,-477.3100682505037
2749,2023-05-15 07:00:00,-240.41003436663095
2750,2023-05-15 08:00:00,-41.75442619412388
2751,2023-05-15 09:00:00,124.32559966916187
2752,2023-05-15 10:00:00,292.6360550114978
2753,2023-05-15 11:00:00,472.81851023007493
2754,2023-05-15 13:00:00,744.8294115268218
2755,2023-05-15 14:00:00,815.2454234416505
2756,2023-05-15 15:00:00,895.2133971279738
2757,2023-05-15 16:00:00,1015.4204292493866
2758,2023-05-15 17:00:00,1134.621958669942
2759,2023-05-15 18:00:00,1152.8194133220582
2760,2023-05-15 20:00:00,663.2234934662799
2761,2023-05-15 21:00:00,284.9897892006511
2762,2023-05-15 22:00:00,-16.910902706659726
2763,2023-05-15 23:00:00,-193.5968732898341
2764,2023-05-16 00:00:00,-296.8837005411556
2765,2023-05-16 01:00:00,-412.8212746597237
2766,2023-05-16 02:00:00,-570.9954997916966
2767,2023-05-16 03:00:00,-713.6622159705535
2768,2023-05-16 04:00:00,-749.660369796673
2769,2023-05-16 05:00:00,-638.1478786504163
2770,2023-05-16 06:00:00,-422.95853414412113
2771,2023-05-16 07:00:00,-190.192879823353
2772,2023-05-16 08:00:00,4.128007569971487
2773,2023-05-16 09:00:00,165.79340087573564
2774,2023-05-16 10:00:00,329.7254705665582
2775,2023-05-16 11:00:00,505.67595802290816
2776,2023-05-16 13:00:00,770.0634055206515
2777,2023-05-16 15:00:00,914.5147619207762
2778,2023-05-16 16:00:00,1032.560184451839
2779,2023-05-16 17:00:00,1150.2019193834199
2780,2023-05-16 18:00:00,1167.4731726712414
2781,2023-05-16 19:00:00,1004.5569860133
2782,2023-05-16 20:00:00,677.9812614355503
2783,2023-05-16 21:00:00,300.7696124800259
2784,2023-05-16 22:00:00,0.5086124666163414
2785,2023-05-16 23:00:00,-173.95891023948752
2786,2023-05-17 00:00:00,-274.5002806801572
2787,2023-05-17 01:00:00,-387.2291081054673
2788,2023-05-17 02:00:00,-541.8059119114696
2789,2023-05-17 03:00:00,-680.5708017112338
2790,2023-05-17 04:00:00,-712.4552572983857
2791,2023-05-17 05:00:00,-596.716473081508
2792,2023-05-17 06:00:00,-377.29263382396994
2793,2023-05-17 07:00:00,-140.39207931369083
2794,2023-05-17 08:00:00,57.854688499091935
2795,2023-05-17 09:00:00,223.12769894253688
2796,2023-05-17 10:00:00,390.24188251377245
2797,2023-05-17 11:00:00,568.8455514231957
2798,2023-05-17 12:00:00,728.4026433775084
2799,2023-05-17 13:00:00,836.5684412557644
2800,2023-05-17 14:00:00,904.279584894731
2801,2023-05-17 15:00:00,981.1695160524814
2802,2023-05-17 16:00:00,1097.924813924904
2803,2023-05-17 17:00:00,1213.300053997293
2804,2023-05-17 18:00:00,1227.2959186155583
2805,2023-05-17 19:00:00,1060.077798047724
2806,2023-05-17 20:00:00,728.1714681476985
2807,2023-05-17 22:00:00,37.02314425415807
2808,2023-05-17 23:00:00,-145.7132058404818
2809,2023-05-18 00:00:00,-255.39982429541988
2810,2023-05-18 01:00:00,-378.0726542514226
2811,2023-05-18 02:00:00,-543.2997300742782
2812,2023-05-18 03:00:00,-693.3147521769479
2813,2023-05-18 04:00:00,-736.929967750038
2814,2023-05-18 05:00:00,-633.271809685567
2815,2023-05-18 06:00:00,-426.1376452639611
2816,2023-05-18 07:00:00,-201.58657516673884
2817,2023-05-18 08:00:00,-15.593216172729171
2818,2023-05-18 09:00:00,137.6830968215786
2819,2023-05-18 11:00:00,460.8319616672293
2820,2023-05-18 12:00:00,610.1435291185835
2821,2023-05-18 14:00:00,768.4009103389458
2822,2023-05-18 15:00:00,838.216003758492
2823,2023-05-18 16:00:00,949.2376251158507
2824,2023-05-18 17:00:00,1060.3446061997995
2825,2023-05-18 18:00:00,1071.648365637947
2826,2023-05-18 19:00:00,903.4098300319858
2827,2023-05-18 20:00:00,572.2335928997284
2828,2023-05-18 21:00:00,191.21787096173057
2829,2023-05-18 22:00:00,-111.97916157171312
2830,2023-05-18 23:00:00,-288.4469992300378
2831,2023-05-19 00:00:00,-389.99013116236165
2832,2023-05-19 01:00:00,-502.66507385944533
2833,2023-05-19 02:00:00,-656.0818712734031
2834,2023-05-19 03:00:00,-792.5376098125639
2835,2023-05-19 04:00:00,-820.9289823850636
2836,2023-05-19 05:00:00,-700.4873549310696
2837,2023-05-19 06:00:00,-475.1346916397829
2838,2023-05-19 07:00:00,-231.07328681219133
2839,2023-05-19 08:00:00,-24.438247401619265
2840,2023-05-19 09:00:00,150.43482467412787
2841,2023-05-19 10:00:00,328.33393336896324
2842,2023-05-19 11:00:00,518.8690129581998
2843,2023-05-19 12:00:00,691.454133228573
2844,2023-05-19 13:00:00,813.6833012705047
2845,2023-05-19 14:00:00,896.4206784377745
2846,2023-05-19 15:00:00,989.2163539024996
2847,2023-05-19 16:00:00,1122.663131422966
2848,2023-05-19 17:00:00,1255.4119596979817
2849,2023-05-19 18:00:00,1287.3507311178855
2850,2023-05-19 19:00:00,1138.5236823167422
2851,2023-05-19 21:00:00,460.6659961598084
2852,2023-05-19 22:00:00,172.0139048268511
2853,2023-05-19 23:00:00,8.116103690146247
2854,2023-05-20 00:00:00,-161.38995642249438
2855,2023-05-20 01:00:00,-265.86993808223906
2856,2023-05-20 02:00:00,-413.451297577707
2857,2023-05-20 03:00:00,-546.5163655854471
2858,2023-05-20 04:00:00,-574.0236407151324
2859,2023-05-20 05:00:00,-455.2420571893772
2860,2023-05-20 06:00:00,-234.106377402612
2861,2023-05-20 07:00:00,3.1933360875696053
2862,2023-05-20 08:00:00,200.55922128896373
2863,2023-05-20 09:00:00,363.7176405549267
2864,2023-05-20 10:00:00,527.5427136198016
2865,2023-05-20 11:00:00,701.7538059965445
2866,2023-05-20 12:00:00,855.8966393968144
2867,2023-05-20 13:00:00,957.7177523939342
2868,2023-05-20 15:00:00,1087.2422665117874
2869,2023-05-20 16:00:00,1195.482824448472
2870,2023-05-20 17:00:00,1301.8440663807226
2871,2023-05-20 18:00:00,1306.4432856211952
2872,2023-05-20 19:00:00,1129.5628098140307
2873,2023-05-20 20:00:00,787.8440802713474
2874,2023-05-20 21:00:00,394.4373811915643
2875,2023-05-20 22:00:00,77.06780187496634
2876,2023-05-20 23:00:00,-115.27290374851327
2877,2023-05-21 00:00:00,-234.29429442216724
2878,2023-05-21 01:00:00,-365.9450562056527
2879,2023-05-21 02:00:00,-539.7154075405329
2880,2023-05-21 03:00:00,-697.7716329897712
2881,2023-05-21 05:00:00,-652.0918863905517
2882,2023-05-21 06:00:00,-451.2033055098723
2883,2023-05-21 07:00:00,-232.24369162235325
2884,2023-05-21 08:00:00,-51.1809477613665
2885,2023-05-21 09:00:00,97.81965267277474
2886,2023-05-21 10:00:00,249.718093925238
2887,2023-05-21 11:00:00,414.29646162388394
2888,2023-05-21 12:00:00,561.1396744025669
2889,2023-05-21 13:00:00,658.0098344776152
2890,2023-05-21 14:00:00,715.9350298904421
2891,2023-05-21 15:00:00,784.6237444659721
2892,2023-05-21 16:00:00,894.820345326315
2893,2023-05-21 17:00:00,1005.3192911988219
2894,2023-05-21 19:00:00,847.4592059262566
2895,2023-05-21 20:00:00,515.7786375951123
2896,2023-05-21 21:00:00,134.10448525976017
2897,2023-05-21 22:00:00,-169.99871181934486
2898,2023-05-21 23:00:00,-347.71136020202084
2899,2023-05-22 00:00:00,-372.5148510555182
2900,2023-05-22 01:00:00,-487.3662773112742
2901,2023-05-22 02:00:00,-643.5398476918581
2902,2023-05-22 03:00:00,-783.3982471033273
2903,2023-05-22 04:00:00,-815.8942331641961
2904,2023-05-22 05:00:00,-700.3046438493575
2905,2023-05-22 06:00:00,-480.5854032401994
2906,2023-05-22 07:00:00,-242.96048648674423
2907,2023-05-22 08:00:00,-43.57379932917547
2908,2023-05-22 09:00:00,123.24356963784521
2909,2023-05-22 10:00:00,292.2977000621963
2910,2023-05-22 11:00:00,473.23023005332357
2911,2023-05-22 12:00:00,635.500440546866
2912,2023-05-22 13:00:00,746.760749954896
2913,2023-05-22 14:00:00,817.9464402678168
2914,2023-05-22 15:00:00,898.6907611446491
2915,2023-05-22 16:00:00,1019.6808760374067
2916,2023-05-22 17:00:00,1139.6722903811658
2917,2023-05-22 18:00:00,1158.666498479468
2918,2023-05-22 19:00:00,996.8290962528899
2919,2023-05-22 20:00:00,670.6849552599328
2920,2023-05-22 21:00:00,293.26900566757695
2921,2023-05-22 22:00:00,-7.806800101501722
2922,2023-05-22 23:00:00,-183.660688018359
2923,2023-05-23 00:00:00,-286.1081712942978
2924,2023-05-23 01:00:00,-401.1990756467376
2925,2023-05-23 02:00:00,-558.5192410407662
2926,2023-05-23 03:00:00,-700.3244436546452
2927,2023-05-23 04:00:00,-735.4535665765397
2928,2023-05-23 05:00:00,-623.0644639832631
2929,2023-05-23 06:00:00,-406.9908646592103
2930,2023-05-23 07:00:00,-173.3332496752846
2931,2023-05-23 08:00:00,21.88736632572636
2932,2023-05-23 09:00:00,184.4603179202004
2933,2023-05-23 10:00:00,349.3078368998906
2934,2023-05-23 11:00:00,526.1817255735682
2935,2023-05-23 12:00:00,684.6438331802544
2936,2023-05-23 13:00:00,792.4400729529923
2937,2023-05-23 14:00:00,860.5888205237909
2938,2023-05-23 15:00:00,938.7948576097162
2939,2023-05-23 16:00:00,1057.8043401769964
2940,2023-05-23 17:00:00,1176.4184436328715
2941,2023-05-23 18:00:00,1194.6704317674312
2942,2023-05-23 19:00:00,1032.7434036262075
2943,2023-05-23 20:00:00,707.1653180948665
2944,2023-05-23 21:00:00,330.95984505130264
2945,2023-05-23 22:00:00,31.71361366576639
2946,2023-05-23 23:00:00,-141.73049238319254
2947,2023-05-24 00:00:00,-241.23974336156152
2948,2023-05-24 01:00:00,-352.9276942785118
2949,2023-05-24 02:00:00,-506.45481084310313
2950,2023-05-24 03:00:00,-644.1611495384964
2951,2023-05-24 04:00:00,-674.9781376181654
2952,2023-05-24 05:00:00,-558.1629175171588
2953,2023-05-24 06:00:00,-337.6536225941054
2954,2023-05-24 07:00:00,-99.65854188690537
2955,2023-05-24 08:00:00,99.69187282724215
2956,2023-05-24 09:00:00,266.07770043656365
2957,2023-05-24 10:00:00,434.31392036380294
2958,2023-05-24 11:00:00,614.0488930845627
2959,2023-05-24 12:00:00,774.7466039513806
2960,2023-05-24 13:00:00,884.0623828165285
2961,2023-05-24 14:00:00,952.9329158416072
2962,2023-05-24 15:00:00,1030.991690403286
2963,2023-05-24 16:00:00,1148.9253306697485
2964,2023-05-24 17:00:00,1265.4884563706282
2965,2023-05-24 18:00:00,1280.6817934166659
2966,2023-05-24 19:00:00,1114.6707749235975
2967,2023-05-24 20:00:00,783.981218878479
2968,2023-05-24 21:00:00,401.65062064842937
2969,2023-05-24 22:00:00,95.29562286771488
2970,2023-05-24 23:00:00,-86.19469260851838
2971,2023-05-25 00:00:00,-194.62544353145177
2972,2023-05-25 01:00:00,-316.0325346401187
2973,2023-05-25 02:00:00,-479.9839626702005
2974,2023-05-25 03:00:00,-628.7133911785772
2975,2023-05-25 04:00:00,-671.0330313077743
2976,2023-05-25 05:00:00,-566.0692806686143
2977,2023-05-25 06:00:00,-357.6194720835415
2978,2023-05-25 07:00:00,-131.74267258322106
2979,2023-05-25 08:00:00,55.586533880349634
2980,2023-05-25 09:00:00,210.2088444295623
2981,2023-05-25 10:00:00,367.1026151916692
2982,2023-05-25 11:00:00,536.0802784398895
2983,2023-05-25 12:00:00,686.7684773083843
2984,2023-05-25 13:00:00,786.9816572790742
2985,2023-05-25 14:00:00,847.809958112096
2986,2023-05-25 15:00:00,919.0325743324879
2987,2023-05-25 16:00:00,1031.4720687935749
2988,2023-05-25 17:00:00,1144.0072983847028
2989,2023-05-25 18:00:00,1156.7497059675263
2990,2023-05-25 19:00:00,989.9602414419971
2991,2023-05-25 20:00:00,660.2435207519754
2992,2023-05-25 21:00:00,280.6977821078958
2993,2023-05-25 22:00:00,-21.018779708947932
2994,2023-05-25 23:00:00,-195.99563958096223
2995,2023-05-26 00:00:00,-296.03726795591274
2996,2023-05-26 01:00:00,-407.2001635401871
2997,2023-05-26 02:00:00,-559.0943534781104
2998,2023-05-26 03:00:00,-694.0169083053197
2999,2023-05-26 04:00:00,-720.8645060213594
3000,2023-05-26 05:00:00,-598.8684986218968
3001,2023-05-26 06:00:00,-371.9508373332037
3002,2023-05-26 07:00:00,-126.31380446178946
3003,2023-05-26 08:00:00,81.90750406094139
3004,2023-05-26 09:00:00,258.3774963234596
3005,2023-05-26 10:00:00,437.8841853116678
3006,2023-05-26 11:00:00,630.037513328029
3007,2023-05-26 12:00:00,804.2515571862775
3008,2023-05-26 13:00:00,928.120329974488
3009,2023-05-26 14:00:00,1012.5079980563676
3010,2023-05-26 15:00:00,1106.9646545752566
3011,2023-05-26 16:00:00,1242.0831062392801
3012,2023-05-26 17:00:00,1376.5143036644513
3013,2023-05-26 18:00:00,1410.1461401380388
3014,2023-05-26 19:00:00,1263.0228521366166
3015,2023-05-26 20:00:00,951.5416014122868
3016,2023-05-26 21:00:00,588.6047689715717
3017,2023-05-26 22:00:00,301.68851429996334
3018,2023-05-26 23:00:00,139.5372344921302
3019,2023-05-27 00:00:00,-384.1192754735821
3020,2023-05-27 01:00:00,-486.8313837975152
3021,2023-05-27 02:00:00,-632.6342047373969
3022,2023-05-27 03:00:00,-763.9100775778743
3023,2023-05-27 04:00:00,-789.6175106177652
3024,2023-05-27 05:00:00,-669.0254488449336
3025,2023-05-27 06:00:00,-446.3433804014285
3026,2023-05-27 07:00:00,-207.4866022519318
3027,2023-05-27 08:00:00,-8.552989826819612
3028,2023-05-27 09:00:00,156.18380472282342
3029,2023-05-27 10:00:00,321.59788552993587
3030,2023-05-27 11:00:00,497.4086014428574
3031,2023-05-27 12:00:00,653.1616563590978
3032,2023-05-27 13:00:00,756.603569953018
3033,2023-05-27 14:00:00,818.7703222141288
3034,2023-05-27 15:00:00,889.4013414541246
3035,2023-05-27 16:00:00,999.294312859259
3036,2023-05-27 17:00:00,1107.3184607184346
3037,2023-05-27 18:00:00,1113.5910539204435
3038,2023-05-27 19:00:00,938.3943945642732
3039,2023-05-27 20:00:00,598.3698972909237
3040,2023-05-27 21:00:00,206.66781853958878
3041,2023-05-27 22:00:00,-108.98678128758229
3042,2023-05-27 23:00:00,-299.6021782724988
3043,2023-05-28 00:00:00,-60.9803118950872
3044,2023-05-28 01:00:00,-190.88520125161403
3045,2023-05-28 02:00:00,-362.89944776999255
3046,2023-05-28 03:00:00,-519.1893705016237
3047,2023-05-28 04:00:00,-568.5110418785389
3048,2023-05-28 05:00:00,-469.9465683516055
3049,2023-05-28 06:00:00,-267.26130924762265
3050,2023-05-28 07:00:00,-46.49496844561645
3051,2023-05-28 08:00:00,136.3845109203453
3052,2023-05-28 09:00:00,287.2118142056829
3053,2023-05-28 10:00:00,440.9468833031201
3054,2023-05-28 11:00:00,607.3717603540908
3055,2023-05-28 12:00:00,756.0713194192074
3056,2023-05-28 13:00:00,854.8076169549913
3057,2023-05-28 14:00:00,914.6086941794488
3058,2023-05-28 15:00:00,985.1829869476949
3059,2023-05-28 16:00:00,1097.2748133116454
3060,2023-05-28 17:00:00,1209.6785817825482
3061,2023-05-28 18:00:00,1222.4164569429277
3062,2023-05-28 19:00:00,1055.6567266396016
3063,2023-05-28 20:00:00,725.909459834148
3064,2023-05-28 21:00:00,346.1779941931161
3065,2023-05-28 22:00:00,44.02681318723944
3066,2023-05-28 23:00:00,-131.72454661434313
3067,2023-05-29 00:00:00,-503.9241759628212
3068,2023-05-29 01:00:00,-616.7959436758247
3069,2023-05-29 02:00:00,-770.9807602622486
3070,2023-05-29 03:00:00,-908.8413719150913
3071,2023-05-29 04:00:00,-939.3305986303285
3072,2023-05-29 05:00:00,-821.7253418738283
3073,2023-05-29 06:00:00,-599.9815902823607
3074,2023-05-29 07:00:00,-360.32338466768033
3075,2023-05-29 08:00:00,-158.8946975121885
3076,2023-05-29 09:00:00,9.973314763677081
3077,2023-05-29 10:00:00,181.08666291494842
3078,2023-05-29 11:00:00,364.08691506564764
3079,2023-05-29 12:00:00,528.4332811062216
3080,2023-05-29 13:00:00,641.7781073327765
3081,2023-05-29 14:00:00,715.056602553532
3082,2023-05-29 15:00:00,797.901942193103
3083,2023-05-29 16:00:00,921.001214396691
3084,2023-05-29 17:00:00,1043.1098482690852
3085,2023-05-29 18:00:00,1064.2292607042707
3086,2023-05-29 19:00:00,904.5249691919416
3087,2023-05-29 20:00:00,580.5217658330723
3088,2023-05-29 21:00:00,205.2545002396214
3089,2023-05-29 22:00:00,-93.66495666094534
3090,2023-05-29 23:00:00,-267.35491340956287
3091,2023-05-30 00:00:00,-18.26432519568334
3092,2023-05-30 01:00:00,-131.176385539708
3093,2023-05-30 02:00:00,-286.31037839246665
3094,2023-05-30 03:00:00,-425.9221665405789
3095,2023-05-30 04:00:00,-458.85072065967734
3096,2023-05-30 05:00:00,-344.2539835347484
3097,2023-05-30 06:00:00,-125.96577350823554
3098,2023-05-30 07:00:00,109.91333777688237
3099,2023-05-30 08:00:00,307.36224419053906
3100,2023-05-30 09:00:00,472.17018777467524
3101,2023-05-30 10:00:00,639.2593068877743
3102,2023-05-30 11:00:00,818.3813094251016
3103,2023-05-30 12:00:00,979.0979492737406
3104,2023-05-30 13:00:00,1089.1550433710581
3105,2023-05-30 14:00:00,1159.5708701177828
3106,2023-05-30 15:00:00,1240.0501130785751
3107,2023-05-30 16:00:00,1361.3388291338895
3108,2023-05-30 17:00:00,1482.2380937161274
3109,2023-05-30 18:00:00,1502.781069707246
3110,2023-05-30 19:00:00,1343.1507543651064
3111,2023-05-30 20:00:00,1019.8750038920557
3112,2023-05-30 21:00:00,645.9773846025303
3113,2023-05-30 22:00:00,349.0444212163868
3114,2023-05-30 23:00:00,177.91889210831505
3115,2023-05-31 00:00:00,80.73342084057867
3116,2023-05-31 01:00:00,-28.625654617329474
3117,2023-05-31 02:00:00,-179.81890783799554
3118,2023-05-31 03:00:00,-315.1865040053308
3119,2023-05-31 04:00:00,-343.6599798916236
3120,2023-05-31 05:00:00,-224.4965882912893
3121,2023-05-31 06:00:00,-1.6345737050146454
3122,2023-05-31 07:00:00,238.71766286891807
3123,2023-05-31 08:00:00,440.4295569049416
3124,2023-05-31 09:00:00,609.1810737573514
3125,2023-05-31 10:00:00,779.7870785525788
3126,2023-05-31 11:00:00,961.8958166912132
3127,2023-05-31 12:00:00,1124.9711576818995
3128,2023-05-31 13:00:00,1236.6683148361858
3129,2023-05-31 14:00:00,1307.9238569797149
3130,2023-05-31 15:00:00,1388.3711534563463
3131,2023-05-31 16:00:00,1508.6967096663461
3132,2023-05-31 17:00:00,1627.6550258999823
3133,2023-05-31 18:00:00,1645.2467078765394
3134,2023-05-31 19:00:00,1481.6370678638275
3135,2023-05-31 20:00:00,1153.3518023193092
3136,2023-05-31 21:00:00,773.4282844066963
3137,2023-05-31 22:00:00,469.48303389791977
3138,2023-05-31 23:00:00,290.4050091315685
3139,2023-06-01 00:00:00,184.3889682217948
3140,2023-06-01 01:00:00,65.39888163561659
3141,2023-06-01 02:00:00,-96.13337274441119
3142,2023-06-01 03:00:00,-242.44158448272947
3143,2023-06-01 04:00:00,-282.33809131672615
3144,2023-06-01 05:00:00,-174.94941804089012
3145,2023-06-01 06:00:00,35.92697476239687
3146,2023-06-01 07:00:00,264.2318917439727
3147,2023-06-01 08:00:00,453.9906200727439
3148,2023-06-01 09:00:00,611.0437274558312
3149,2023-06-01 10:00:00,770.3694400737372
3150,2023-06-01 11:00:00,941.7800597372775
3151,2023-06-01 12:00:00,1094.9020985927905
3152,2023-06-01 13:00:00,1197.5498706673677
3153,2023-06-01 14:00:00,1260.8133837497442
3154,2023-06-01 15:00:00,1334.4716999423997
3155,2023-06-01 16:00:00,1449.347249201006
3156,2023-06-01 17:00:00,1564.3187550671014
3157,2023-06-01 18:00:00,1579.497526630636
3158,2023-06-01 19:00:00,1415.144379566104
3159,2023-06-01 20:00:00,1087.8637952013432
3160,2023-06-01 21:00:00,710.7538767360081
3161,2023-06-01 22:00:00,411.47268346847864
3162,2023-06-01 23:00:00,238.93060477049335
3163,2023-06-02 00:00:00,141.32303401908416
3164,2023-06-02 01:00:00,32.593335974748015
3165,2023-06-02 02:00:00,-116.86865338216512
3166,2023-06-02 03:00:00,-249.36014177007678
3167,2023-06-02 04:00:00,-273.77794470922026
3168,2023-06-02 05:00:00,-149.3535520184621
3169,2023-06-02 06:00:00,79.99094695772851
3170,2023-06-02 07:00:00,328.05313151919086
3171,2023-06-02 08:00:00,538.6977670621498
3172,2023-06-02 09:00:00,717.5891227545278
3173,2023-06-02 10:00:00,899.5150724154691
3174,2023-06-02 11:00:00,1094.085418953593
3175,2023-06-02 12:00:00,1270.7140995556542
3176,2023-06-02 13:00:00,1396.994987501665
3177,2023-06-02 14:00:00,1483.7921091303767
3178,2023-06-02 15:00:00,1580.6554173960267
3179,2023-06-02 16:00:00,1718.1775786418605
3180,2023-06-02 17:00:00,1855.0094029663894
3181,2023-06-02 18:00:00,1891.0386430018875
3182,2023-06-02 19:00:00,1746.3093944360146
3183,2023-06-02 20:00:00,1437.2186781233563
3184,2023-06-02 21:00:00,1076.6687340646797
3185,2023-06-02 22:00:00,792.1355806518698
3186,2023-06-02 23:00:00,632.3634738029918
3187,2023-06-03 00:00:00,466.989717679616
3188,2023-06-03 01:00:00,366.648501978784
3189,2023-06-03 02:00:00,223.21222154608154
3190,2023-06-03 04:00:00,70.94837487482278
3191,2023-06-03 05:00:00,193.8930726629451
3192,2023-06-03 06:00:00,419.1975734837504
3193,2023-06-03 07:00:00,660.6716605819186
3194,2023-06-03 08:00:00,862.2173166436908
3195,2023-06-03 09:00:00,1029.5607477191368
3196,2023-06-03 10:00:00,1197.5759161782053
3197,2023-06-03 11:00:00,1375.9820292103166
3198,2023-06-03 12:00:00,1534.3246491448408
3199,2023-06-03 13:00:00,1640.3501541925996
3200,2023-06-03 14:00:00,1705.094383017748
3201,2023-06-03 15:00:00,1778.2966227153015
3202,2023-06-03 16:00:00,1890.7544174351901
3203,2023-06-03 17:00:00,2001.3368505649462
3204,2023-06-03 18:00:00,2010.1610502845306
3205,2023-06-03 19:00:00,1837.5091781703402
3206,2023-06-03 20:00:00,1500.0225085482075
3207,2023-06-03 21:00:00,1110.8511577373092
3208,2023-06-03 22:00:00,797.7200462780156
3209,2023-06-03 23:00:00,609.6207584521176
3210,2023-06-04 00:00:00,494.84356499946375
3211,2023-06-04 01:00:00,367.43960851641646
3212,2023-06-04 02:00:00,197.9184983510097
3213,2023-06-04 03:00:00,44.113776926724995
3214,2023-06-04 04:00:00,-2.730766422645729
3215,2023-06-04 05:00:00,98.30262396724697
3216,2023-06-04 06:00:00,303.4484512032434
3217,2023-06-04 07:00:00,526.6668741907736
3218,2023-06-04 08:00:00,711.9898129382232
3219,2023-06-04 09:00:00,865.2518163398368
3220,2023-06-04 10:00:00,1021.4126901859465
3221,2023-06-04 11:00:00,1190.2543409315554
3222,2023-06-04 12:00:00,1341.3615073695405
3223,2023-06-04 13:00:00,1442.49611110931
3224,2023-06-04 14:00:00,1504.686058964734
3225,2023-06-04 15:00:00,1577.6396528312616
3226,2023-06-04 16:00:00,1692.1010772931418
3227,2023-06-04 17:00:00,1806.8646078399518
3228,2023-06-04 18:00:00,1821.9522765498261
3229,2023-06-04 19:00:00,1657.532239252446
3230,2023-06-04 20:00:00,1330.114433434773
3231,2023-06-04 21:00:00,952.7020657886255
3232,2023-06-04 22:00:00,652.8594893923241
3233,2023-06-04 23:00:00,479.406110919668
3234,2023-06-05 00:00:00,458.86035195961995
3235,2023-06-05 01:00:00,348.26493177574775
3236,2023-06-05 02:00:00,196.34545334573295
3237,2023-06-05 03:00:00,60.739042972835705
3238,2023-06-05 04:00:00,32.49275376274181
3239,2023-06-05 05:00:00,152.32955800265768
3240,2023-06-05 06:00:00,376.2933414393974
3241,2023-06-05 07:00:00,618.1599383033044
3242,2023-06-05 08:00:00,821.7852518181405
3243,2023-06-05 09:00:00,992.8380019730357
3244,2023-06-05 10:00:00,1166.124076593182
3245,2023-06-05 11:00:00,1351.2849215950912
3246,2023-06-05 12:00:00,1517.7796253813626
3247,2023-06-05 13:00:00,1633.2604134830804
3248,2023-06-05 14:00:00,1708.6623746853923
3249,2023-06-05 15:00:00,1793.6185651376281
3250,2023-06-05 16:00:00,1918.8159544933349
3251,2023-06-05 17:00:00,2043.009854112648
3252,2023-06-05 18:00:00,2066.201563953622
3253,2023-06-05 19:00:00,1908.5564853644119
3254,2023-06-05 20:00:00,1586.5992951206213
3255,2023-06-05 21:00:00,1213.3647283103564
3256,2023-06-05 22:00:00,916.4645421992838
3257,2023-06-05 23:00:00,744.7803154188498
3258,2023-06-06 00:00:00,127.55061438557982
3259,2023-06-06 01:00:00,16.616867288664935
3260,2023-06-06 02:00:00,-136.5526864554481
3261,2023-06-06 03:00:00,-274.2140189661184
3262,2023-06-06 04:00:00,-305.20620937769286
3263,2023-06-06 05:00:00,-188.68730798082038
3264,2023-06-06 06:00:00,31.508760260133386
3265,2023-06-06 07:00:00,269.2813180342398
3266,2023-06-06 08:00:00,468.6091544772287
3267,2023-06-06 09:00:00,635.2814078535826
3268,2023-06-06 10:00:00,804.2201137066468
3269,2023-06-06 11:00:00,985.1768780910735
3270,2023-06-06 12:00:00,1147.7133540432994
3271,2023-06-06 13:00:00,1259.5752586218596
3272,2023-06-06 14:00:00,1331.780771384596
3273,2023-06-06 15:00:00,1414.034478046599
3274,2023-06-06 16:00:00,1537.0823386661473
3275,2023-06-06 17:00:00,1659.7253328862448
3276,2023-06-06 18:00:00,1681.9965288529932
3277,2023-06-06 19:00:00,1524.0788301307573
3278,2023-06-06 20:00:00,1202.5000002823936
3279,2023-06-06 21:00:00,830.2835140793886
3280,2023-06-06 22:00:00,535.0158057592337
3281,2023-06-06 23:00:00,365.5395643084996
3282,2023-06-07 00:00:00,788.9330497945909
3283,2023-06-07 01:00:00,681.1910634220092
3284,2023-06-07 04:00:00,370.91029311014154
3285,2023-06-07 05:00:00,491.6253529304613
3286,2023-06-07 06:00:00,716.0224738693737
3287,2023-06-07 07:00:00,957.8931745720258
3288,2023-06-07 08:00:00,1161.1068113287972
3289,2023-06-07 09:00:00,1331.343271499023
3290,2023-06-07 10:00:00,1503.4173433504754
3291,2023-06-07 11:00:00,1686.9771966558103
3292,2023-06-07 12:00:00,1851.486626487133
3293,2023-06-07 13:00:00,1964.6007729068047
3294,2023-06-07 14:00:00,2037.2561327313656
3295,2023-06-07 15:00:00,2119.0860044966616
3296,2023-06-07 16:00:00,2240.7768240279493
3297,2023-06-07 17:00:00,2361.083023272149
3298,2023-06-07 18:00:00,2380.0051408598356
3299,2023-06-07 19:00:00,2217.708423220638
3300,2023-06-07 20:00:00,1890.7185021610078
3301,2023-06-07 21:00:00,1512.0726875722562
3302,2023-06-07 22:00:00,1209.3874371409865
3303,2023-06-07 23:00:00,1031.5516484143286
3304,2023-06-08 00:00:00,926.760019991484
3305,2023-06-08 01:00:00,808.9764641319199
3306,2023-06-08 02:00:00,648.6328017730175
3307,2023-06-08 03:00:00,503.4951877254273
3308,2023-06-08 04:00:00,464.7512299245159
3309,2023-06-08 05:00:00,573.2743505609603
3310,2023-06-08 06:00:00,785.2670373411548
3311,2023-06-08 07:00:00,1014.670044537213
3312,2023-06-08 08:00:00,1205.508610271944
3313,2023-06-08 09:00:00,1363.6232545146981
3314,2023-06-08 10:00:00,1523.9921570604247
3315,2023-06-08 11:00:00,1696.4275746711432
3316,2023-06-08 12:00:00,1850.5559757936867
3317,2023-06-08 13:00:00,1954.19163208466
3318,2023-06-08 14:00:00,2018.4245103471533
3319,2023-06-08 15:00:00,2093.033633034676
3320,2023-06-08 16:00:00,2208.8413918210754
3321,2023-06-08 17:00:00,2324.7264733302804
3322,2023-06-08 18:00:00,2340.8001511136367
3323,2023-06-08 19:00:00,2177.323206674435
3324,2023-06-08 20:00:00,1850.9000885325652
3325,2023-06-08 21:00:00,1474.6288684899464
3326,2023-06-08 22:00:00,1176.1675758090655
3327,2023-06-08 23:00:00,1004.4265712170185
3328,2023-06-09 00:00:00,907.6012208403432
3329,2023-06-09 01:00:00,799.6348635669651
3330,2023-06-09 02:00:00,650.917310925626
3331,2023-06-09 03:00:00,519.1513321224288
3332,2023-06-09 04:00:00,495.4400899731079
3333,2023-06-09 05:00:00,620.5520743975899
3334,2023-06-09 06:00:00,850.5651771851872
3335,2023-06-09 07:00:00,1099.2769601838363
3336,2023-06-09 08:00:00,1310.552172744437
3337,2023-06-09 09:00:00,1490.0550693976243
3338,2023-06-09 10:00:00,1672.5735107489693
3339,2023-06-09 11:00:00,1867.7172878892934
3340,2023-06-09 12:00:00,2044.9003276129056
3341,2023-06-09 13:00:00,2171.716494221158
3342,2023-06-09 14:00:00,2259.0298064860676
3343,2023-06-09 15:00:00,2356.3902112242085
3344,2023-06-09 16:00:00,2494.3903700378796
3345,2023-06-09 17:00:00,2631.681089735889
3346,2023-06-09 18:00:00,2668.1501210433266
3347,2023-06-09 19:00:00,2523.841559184084
3348,2023-06-09 20:00:00,2215.1524259628286
3349,2023-06-09 21:00:00,1854.9849637508414
3350,2023-06-09 22:00:00,1570.8151947215613
3351,2023-06-09 23:00:00,1411.3873800044646
3352,2023-06-10 00:00:00,1246.3388303825197
3353,2023-06-10 01:00:00,1146.303743596075
3354,2023-06-10 02:00:00,1003.154523952194
3355,2023-06-10 03:00:00,874.5087016623111
3356,2023-06-10 04:00:00,851.4076394018713
3357,2023-06-10 05:00:00,974.5822645011898
3358,2023-06-10 06:00:00,1200.0976765207065
3359,2023-06-10 07:00:00,1441.7636751990444
3360,2023-06-10 08:00:00,1643.4822611702125
3361,2023-06-10 09:00:00,1810.8747666332474
3362,2023-06-10 10:00:00,1978.9201589549812
3363,2023-06-10 11:00:00,2157.3376676575804
3364,2023-06-10 12:00:00,2315.6728788539062
3365,2023-06-10 13:00:00,2421.672195924094
3366,2023-06-10 14:00:00,2486.3714840951425
3367,2023-06-10 15:00:00,2559.510058424839
3368,2023-06-10 16:00:00,2671.8854924034167
3369,2023-06-10 17:00:00,2782.3669001698645
3370,2023-06-10 18:00:00,2791.071442012864
3371,2023-06-10 19:00:00,2618.2813130172017
3372,2023-06-10 20:00:00,2280.637822391507
3373,2023-06-10 21:00:00,1891.2911227141137
3374,2023-06-10 22:00:00,1577.9661721436673
3375,2023-06-10 23:00:00,1389.6545939653288
3376,2023-06-11 00:00:00,1274.646699271062
3377,2023-06-11 01:00:00,1146.9936723753285
3378,2023-06-11 02:00:00,977.2051657007928
3379,2023-06-11 03:00:00,823.1147660911848
3380,2023-06-11 04:00:00,775.9663086601291
3381,2023-06-11 05:00:00,876.6775961653151
3382,2023-06-11 06:00:00,1081.4831801780076
3383,2023-06-11 07:00:00,1304.3432693780223
3384,2023-06-11 08:00:00,1489.2898348811264
3385,2023-06-11 09:00:00,1642.1574780090552
3386,2023-06-11 10:00:00,1797.9060583062537
3387,2023-06-11 11:00:00,1966.317537278525
3388,2023-06-11 12:00:00,2116.976710085246
3389,2023-06-11 13:00:00,2217.6455559991105
3390,2023-06-11 14:00:00,2279.3520407870283
3391,2023-06-11 15:00:00,2351.804526603401
3392,2023-06-11 16:00:00,2465.74725954102
3393,2023-06-11 17:00:00,2579.9745779140194
3394,2023-06-11 18:00:00,2594.508577857935
3395,2023-06-11 19:00:00,2429.5174805454913
3396,2023-06-11 20:00:00,2101.5112900583276
3397,2023-06-11 21:00:00,1723.493280930626
3398,2023-06-11 22:00:00,1423.0278753273171
3399,2023-06-11 23:00:00,1248.9345502354342
3400,2023-06-12 00:00:00,1227.731798811696
3401,2023-06-12 01:00:00,1116.4624130822594
3402,2023-06-12 02:00:00,963.8520699964872
3403,2023-06-12 03:00:00,827.5379710717731
3404,2023-06-12 04:00:00,798.567245799342
3405,2023-06-12 05:00:00,917.662944049209
3406,2023-06-12 06:00:00,1140.8690303326846
3407,2023-06-12 07:00:00,1381.9614188278083
3408,2023-06-12 08:00:00,1584.7960938612703
3409,2023-06-12 09:00:00,1755.0418576925226
3410,2023-06-12 10:00:00,1927.5046815668845
3411,2023-06-12 11:00:00,2111.826095967505
3412,2023-06-12 12:00:00,2277.465274979247
3413,2023-06-12 13:00:00,2392.074530969222
3414,2023-06-12 14:00:00,2466.589040647862
3415,2023-06-12 15:00:00,2550.6419492147584
3416,2023-06-12 16:00:00,2674.9203164628934
3417,2023-06-12 17:00:00,2798.1795449828296
3418,2023-06-12 18:00:00,2820.4210270461253
3419,2023-06-12 19:00:00,2661.8102573786546
3420,2023-06-12 20:00:00,2338.872007204569
3421,2023-06-12 21:00:00,1964.6411071041732
3422,2023-06-12 22:00:00,1666.7294108788794
3423,2023-06-12 23:00:00,1494.01859472234
3424,2023-06-13 00:00:00,1394.6930484532634
3425,2023-06-13 01:00:00,1282.7028502478065
3426,2023-06-13 02:00:00,1128.4620649365083
3427,2023-06-13 03:00:00,989.7148219913079
3428,2023-06-13 04:00:00,957.6221448564679
3429,2023-06-13 05:00:00,1073.026086789484
3430,2023-06-13 06:00:00,1292.0928273170439
3431,2023-06-13 07:00:00,1528.7217946326211
3432,2023-06-13 08:00:00,1726.8918842240478
3433,2023-06-13 09:00:00,1892.3923416952043
3434,2023-06-13 10:00:00,2060.1453108245732
3435,2023-06-13 11:00:00,2239.9025068496167
3436,2023-06-13 12:00:00,2401.225692808869
3437,2023-06-13 13:00:00,2511.860696717802
3438,2023-06-13 14:00:00,2582.8258099235886
3439,2023-06-13 15:00:00,2663.825730811736
3440,2023-06-13 16:00:00,2785.6065329524595
3441,2023-06-13 17:00:00,2906.969310340606
3442,2023-06-13 18:00:00,2927.9472463050324
3443,2023-06-13 19:00:00,2768.723360401579
3444,2023-06-13 20:00:00,2445.825532998038
3445,2023-06-13 21:00:00,2072.2773564549643
3446,2023-06-13 22:00:00,1775.6653833807718
3447,2023-06-13 23:00:00,1604.8324218951502
3448,2023-06-14 00:00:00,1507.9111271740567
3449,2023-06-14 01:00:00,1398.7878706433407
3450,2023-06-14 02:00:00,1247.8021140349729
3451,2023-06-14 03:00:00,1112.6137293132495
3452,2023-06-14 04:00:00,1084.2912187000427
3453,2023-06-14 05:00:00,1203.5773702291651
3454,2023-06-14 06:00:00,1426.5339820500728
3455,2023-06-14 07:00:00,1666.9526976572254
3456,2023-06-14 08:00:00,1868.7029988318643
3457,2023-06-14 09:00:00,2037.4648990782903
3458,2023-06-14 10:00:00,2208.053313438717
3459,2023-06-14 11:00:00,2390.1165390692154
3460,2023-06-14 12:00:00,2553.118499068045
3461,2023-06-14 13:00:00,2664.714462062045
3462,2023-06-14 14:00:00,2735.8410540416335
3463,2023-06-14 15:00:00,2816.1317032770557
3464,2023-06-14 16:00:00,2936.272975903174
3465,2023-06-14 17:00:00,3055.01943467464
3466,2023-06-14 18:00:00,3072.3717495883443
3467,2023-06-14 19:00:00,2908.4952989459225
3468,2023-06-14 20:00:00,2579.9158469314007
3469,2023-06-14 21:00:00,2199.6708362815325
3470,2023-06-14 22:00:00,1895.376858027936
3471,2023-06-14 23:00:00,1715.9229435111688
3472,2023-06-15 00:00:00,1609.503925564119
3473,2023-06-15 01:00:00,1490.0838511219997
3474,2023-06-15 02:00:00,1328.094676217394
3475,2023-06-15 03:00:00,1181.3026911646518
3476,2023-06-15 04:00:00,1140.8956397784352
3477,2023-06-15 05:00:00,1247.7470805344801
3478,2023-06-15 06:00:00,1458.0596377702393
3479,2023-06-15 07:00:00,1685.7742027448576
3480,2023-06-15 08:00:00,1874.9161509018538
3481,2023-06-15 09:00:00,2031.326139874058
3482,2023-06-15 10:00:00,2189.9824874035007
3483,2023-06-15 11:00:00,2360.697588507452
3484,2023-06-15 12:00:00,2513.098050177055
3485,2023-06-15 13:00:00,2614.9982828727857
3486,2023-06-15 14:00:00,2677.4883924589803
3487,2023-06-15 15:00:00,2750.347540684892
3488,2023-06-15 16:00:00,2864.3982587648616
3489,2023-06-15 17:00:00,2978.5193730500696
3490,2023-06-15 18:00:00,2992.822297035424
3491,2023-06-15 19:00:00,2827.5679523487306
3492,2023-06-15 20:00:00,2499.360927833238
3493,2023-06-15 21:00:00,2121.299435658648
3494,2023-06-15 22:00:00,1821.0416457616723
3495,2023-06-15 23:00:00,1647.498059567532
3496,2023-06-16 00:00:00,1548.864184033213
3497,2023-06-16 01:00:00,1439.0834989860607
3498,2023-06-16 02:00:00,1288.545956978712
3499,2023-06-16 03:00:00,1154.9544683169636
3500,2023-06-16 04:00:00,1129.4123369573547
3501,2023-06-16 05:00:00,1252.6881940309888
3502,2023-06-16 06:00:00,1480.860072549765
3503,2023-06-16 07:00:00,1727.725675590302
3504,2023-06-16 08:00:00,1937.1498937880517
3505,2023-06-16 09:00:00,2114.797122879224
3506,2023-06-16 10:00:00,2295.4553646775635
3507,2023-06-16 11:00:00,2488.734551443008
3508,2023-06-16 12:00:00,2664.0487510894664
3509,2023-06-16 13:00:00,2788.991968961812
3510,2023-06-16 14:00:00,2874.428364796803
3511,2023-06-16 15:00:00,2969.9080262703606
3512,2023-06-16 16:00:00,3106.023755758862
3513,2023-06-16 17:00:00,3241.426500689482
3514,2023-06-16 18:00:00,3276.0041522875417
3515,2023-06-16 19:00:00,3129.8009461232955
3516,2023-06-16 20:00:00,2819.214044185707
3517,2023-06-16 21:00:00,2457.145828832364
3518,2023-06-16 22:00:00,2171.072462054623
3519,2023-06-16 23:00:00,2009.7383445825335
3520,2023-06-17 00:00:00,1842.780926571245
3521,2023-06-17 01:00:00,1740.8345449084811
3522,2023-06-17 02:00:00,1595.771742798914
3523,2023-06-17 03:00:00,1465.2101890948875
3524,2023-06-17 04:00:00,1440.1913848197023
3525,2023-06-17 05:00:00,1561.4463953881732
3526,2023-06-17 06:00:00,1785.0404581247203
3527,2023-06-17 07:00:00,2024.7835102215545
3528,2023-06-17 08:00:00,2224.5776894255114
3529,2023-06-17 09:00:00,2390.1493579360695
3530,2023-06-17 10:00:00,2556.3726353066604
3531,2023-06-17 11:00:00,2732.966886909392
3532,2023-06-17 12:00:00,2889.477834316771
3533,2023-06-17 13:00:00,2993.652015991718
3534,2023-06-17 14:00:00,3056.525431800798
3535,2023-06-17 15:00:00,3127.8375310434517
3536,2023-06-17 16:00:00,3238.3860210040934
3537,2023-06-17 17:00:00,3347.0401491974626
3538,2023-06-17 18:00:00,3353.91720878959
3539,2023-06-17 19:00:00,3179.2995272944277
3540,2023-06-17 20:00:00,2839.8285458451746
3541,2023-06-17 21:00:00,2448.654548470915
3542,2023-06-17 22:00:00,2133.5026242513454
3543,2023-06-17 23:00:00,1943.3645268712737
3544,2023-06-18 00:00:00,1826.5306972844228
3545,2023-06-18 01:00:00,1697.0524491350022
3546,2023-06-18 02:00:00,1525.439563587099
3547,2023-06-18 03:00:00,1369.5257556706817
3548,2023-06-18 04:00:00,1320.5549880951999
3549,2023-06-18 05:00:00,1419.4451906182655
3550,2023-06-18 06:00:00,1622.431041187309
3551,2023-06-18 07:00:00,1843.4728742505567
3552,2023-06-18 08:00:00,2026.6027860636145
3553,2023-06-18 09:00:00,2177.6555024176473
3554,2023-06-18 10:00:00,2331.591006687492
3555,2023-06-18 11:00:00,2498.191383534813
3556,2023-06-18 12:00:00,2647.0415505974097
3557,2023-06-18 13:00:00,2745.9036089142037
3558,2023-06-18 14:00:00,2805.805645342922
3559,2023-06-18 15:00:00,2876.456142391673
3560,2023-06-18 16:00:00,2988.5994657853576
3561,2023-06-18 17:00:00,3101.0300727236126
3562,2023-06-18 18:00:00,3113.7701775107853
3563,2023-06-18 19:00:00,2946.9881186822904
3564,2023-06-18 20:00:00,2617.194016927616
3565,2023-06-18 21:00:00,2237.391262644526
3566,2023-06-18 22:00:00,1935.1443929658078
3567,2023-06-18 23:00:00,1759.2729991708284
3568,2023-06-19 00:00:00,1736.2956878051803
3569,2023-06-19 01:00:00,1623.2553635030383
3570,2023-06-19 02:00:00,1468.8778149531408
3571,2023-06-19 03:00:00,1330.8003545885338
3572,2023-06-19 04:00:00,1300.070221954213
3573,2023-06-19 05:00:00,1417.4105761099847
3574,2023-06-19 06:00:00,1638.8654898697293
3575,2023-06-19 07:00:00,1878.2109848366201
3576,2023-06-19 08:00:00,2079.3031518794924
3577,2023-06-19 09:00:00,2247.810898866119
3578,2023-06-19 10:00:00,2418.5403017549374
3579,2023-06-19 11:00:00,2601.1329948129246
3580,2023-06-19 12:00:00,2765.048254979337
3581,2023-06-19 13:00:00,2877.938496513022
3582,2023-06-19 14:00:00,2950.7389970927334
3583,2023-06-19 15:00:00,3033.083001904571
3584,2023-06-19 16:00:00,3155.657669762306
3585,2023-06-19 17:00:00,3277.218501297255
3586,2023-06-19 18:00:00,3297.766985843119
3587,2023-06-19 19:00:00,3137.4687141827335
3588,2023-06-19 20:00:00,2812.8485525829656
3589,2023-06-19 21:00:00,2436.9414256793034
3590,2023-06-19 22:00:00,2137.3592802868384
3591,2023-06-19 23:00:00,1962.9838845883232
3592,2023-06-20 00:00:00,1861.9997193489899
3593,2023-06-20 01:00:00,1748.3569526653557
3594,2023-06-20 02:00:00,1592.4697382186837
3595,2023-06-20 03:00:00,1452.0822932504586
3596,2023-06-20 04:00:00,1418.3557279591876
3597,2023-06-20 05:00:00,1532.1321812426506
3598,2023-06-20 06:00:00,1749.577917192042
3599,2023-06-20 07:00:00,1984.5924474729445
3600,2023-06-20 08:00:00,2181.154749966112
3601,2023-06-20 09:00:00,2345.054151528673
3602,2023-06-20 10:00:00,2511.212876138086
3603,2023-06-20 11:00:00,2689.3827180524286
3604,2023-06-20 12:00:00,2849.1255182446603
3605,2023-06-20 13:00:00,2958.1871815208274
3606,2023-06-20 14:00:00,3027.586074898255
3607,2023-06-20 15:00:00,3107.026971269923
3608,2023-06-20 16:00:00,3227.2560175688122
3609,2023-06-20 17:00:00,3347.074380020489
3610,2023-06-20 18:00:00,3366.515312992253
3611,2023-06-20 19:00:00,3205.7619059359386
3612,2023-06-20 20:00:00,2881.3421079388445
3613,2023-06-20 21:00:00,2506.279578906405
3614,2023-06-20 22:00:00,2208.1609378011276
3615,2023-06-20 23:00:00,2035.8290579243794
3616,2023-06-21 00:00:00,1937.4166584325476
3617,2023-06-21 01:00:00,1826.8101735401308
3618,2023-06-21 02:00:00,1674.349126569343
3619,2023-06-21 03:00:00,1537.6934498644125
3620,2023-06-21 04:00:00,1507.911704830001
3621,2023-06-21 05:00:00,1625.746737445181
3622,2023-06-21 06:00:00,1847.2604026154597
3623,2023-06-21 07:00:00,2086.244399351685
3624,2023-06-21 08:00:00,2286.5682637312084
3625,2023-06-21 09:00:00,2453.9120623235813
3626,2023-06-21 10:00:00,2623.0907620157877
3627,2023-06-21 11:00:00,2803.7527105552317
3628,2023-06-21 12:00:00,2965.3618804033667
3629,2023-06-21 13:00:00,3075.5735883066645
3630,2023-06-21 14:00:00,3145.324507122624
3631,2023-06-21 15:00:00,3224.2481107669073
3632,2023-06-21 16:00:00,3343.031009724522
3633,2023-06-21 17:00:00,3460.427809895937
3634,2023-06-21 18:00:00,3476.4392231338898
3635,2023-06-21 19:00:00,3311.230668343772
3636,2023-06-21 20:00:00,2981.3279490744753
3637,2023-06-21 21:00:00,2599.7685461502724
3638,2023-06-21 22:00:00,2294.169087436389
3639,2023-06-21 23:00:00,2113.4186397967674
3640,2023-06-22 00:00:00,2005.71207039913
3641,2023-06-22 01:00:00,1885.013459191588
3642,2023-06-22 02:00:00,1721.7547939664728
3643,2023-06-22 03:00:00,1573.7023955230375
3644,2023-06-22 04:00:00,1532.044036902589
3645,2023-06-22 05:00:00,1637.6533045084652
3646,2023-06-22 06:00:00,1846.7328493658151
3647,2023-06-22 07:00:00,2073.2235881273114
3648,2023-06-22 08:00:00,2261.150920362695
3649,2023-06-22 09:00:00,2416.355526554983
3650,2023-06-22 10:00:00,2573.815746032418
3651,2023-06-22 11:00:00,2743.343994111561
3652,2023-06-22 12:00:00,2894.5668968178534
3653,2023-06-22 13:00:00,2995.298882371315
3654,2023-06-22 14:00:00,3056.630073121903
3655,2023-06-22 15:00:00,3128.3396460354506
3656,2023-06-22 16:00:00,3241.2501462614027
3657,2023-06-22 17:00:00,3354.240412839689
3658,2023-06-22 18:00:00,3367.4218706552883
3659,2023-06-22 19:00:00,3201.0554514782225
3660,2023-06-22 20:00:00,2871.7457530220754
3661,2023-06-22 21:00:00,2492.5909950654154
3662,2023-06-22 22:00:00,2191.2493538773942
3663,2023-06-22 23:00:00,2016.6313359760586
3664,2023-06-23 00:00:00,1916.9324521184972
3665,2023-06-23 01:00:00,1806.096184710565
3666,2023-06-23 04:00:00,1493.3148381649578
3667,2023-06-23 05:00:00,1615.5728172616236
3668,2023-06-23 06:00:00,1842.7362377955228
3669,2023-06-23 07:00:00,2088.6027979105697
3670,2023-06-23 08:00:00,2297.037382064707
3671,2023-06-23 09:00:00,2473.704378590232
3672,2023-06-23 10:00:00,2653.391780650147
3673,2023-06-23 11:00:00,2845.7095106701936
3674,2023-06-23 12:00:00,3020.071625424257
3675,2023-06-23 13:00:00,3144.0721179657266
3676,2023-06-23 14:00:00,3228.5751344851515
3677,2023-06-23 15:00:00,3323.1307479139177
3678,2023-06-23 16:00:00,3458.331744665706
3679,2023-06-23 17:00:00,3592.829055001569
3680,2023-06-23 18:00:00,3626.510551780194
3681,2023-06-23 19:00:00,3479.4204510067975
3682,2023-06-23 20:00:00,3167.9558939162725
3683,2023-06-23 21:00:00,2805.019240922554
3684,2023-06-23 22:00:00,2518.08663088965
3685,2023-06-23 23:00:00,2355.9024402379428
3686,2023-06-24 00:00:00,2188.1040936604804
3687,2023-06-24 01:00:00,2085.325901383685
3688,2023-06-24 02:00:00,1939.4403788223303
3689,2023-06-24 03:00:00,1808.0651658593792
3690,2023-06-24 04:00:00,1782.2417334108172
3691,2023-06-24 05:00:00,1902.7011156353626
3692,2023-06-24 06:00:00,2125.508517461737
3693,2023-06-24 07:00:00,2364.4738425594987
3694,2023-06-24 08:00:00,2563.4991940178998
3695,2023-06-24 09:00:00,2728.3108982649983
3696,2023-06-24 10:00:00,2893.783037968409
3697,2023-06-24 11:00:00,3069.5762003554237
3698,2023-06-24 12:00:00,3225.2948963154777
3699,2023-06-24 13:00:00,3328.685624181976
3700,2023-06-24 14:00:00,3390.7843425744823
3701,2023-06-24 15:00:00,3461.330458480046
3702,2023-06-24 16:00:00,3571.1216358113124
3703,2023-06-24 17:00:00,3679.027077613171
3704,2023-06-24 18:00:00,3685.1640315484055
3705,2023-06-24 19:00:00,3509.8147785766023
3706,2023-06-24 20:00:00,3169.6207122006217
3707,2023-06-24 21:00:00,2777.732067842003
3708,2023-06-24 22:00:00,2461.873884902094
3709,2023-06-24 23:00:00,2271.037866374838
3710,2023-06-25 00:00:00,2153.514401527419
3711,2023-06-25 01:00:00,2023.3547512886576
3712,2023-06-25 02:00:00,1851.0686431383187
3713,2023-06-25 03:00:00,1694.4897374184577
3714,2023-06-25 05:00:00,1743.1031275519313
3715,2023-06-25 06:00:00,1945.4479168877947
3716,2023-06-25 07:00:00,2165.856585096097
3717,2023-06-25 08:00:00,2348.3611689432137
3718,2023-06-25 09:00:00,2498.796333801577
3719,2023-06-25 10:00:00,2652.122001701626
3720,2023-06-25 11:00:00,2818.1201950494733
3721,2023-06-25 12:00:00,2966.375768302253
3722,2023-06-25 13:00:00,3064.65075845119
3723,2023-06-25 14:00:00,3123.973187391517
3724,2023-06-25 15:00:00,3194.0514718061368
3725,2023-06-25 16:00:00,3305.6299107202904
3726,2023-06-25 17:00:00,3417.5028937754278
3727,2023-06-25 18:00:00,3429.692566874425
3728,2023-06-25 19:00:00,3262.3671993053376
3729,2023-06-25 20:00:00,2932.0368417121163
3730,2023-06-25 21:00:00,2551.7048135329633
3731,2023-06-25 22:00:00,2248.935580268251
3732,2023-06-25 23:00:00,2072.5486606766244
3733,2023-06-26 00:00:00,2049.062588021894
3734,2023-06-26 01:00:00,1935.5201928611773
3735,2023-06-26 02:00:00,1780.6471890759535
3736,2023-06-26 03:00:00,1642.080813506252
3737,2023-06-26 04:00:00,1610.868229356358
3738,2023-06-26 05:00:00,1727.7325186380356
3739,2023-06-26 06:00:00,1948.7176763678035
3740,2023-06-26 07:00:00,2187.5996456487014
3741,2023-06-26 08:00:00,2388.2344381407593
3742,2023-06-26 09:00:00,2556.2908818344704
3743,2023-06-26 10:00:00,2726.5749721003813
3744,2023-06-26 11:00:00,2908.728261966472
3745,2023-06-26 12:00:00,3072.209946476744
3746,2023-06-26 13:00:00,3184.672357345156
3747,2023-06-26 14:00:00,3257.0506890717706
3748,2023-06-26 15:00:00,3338.9781030353197
3749,2023-06-26 16:00:00,3461.1416736508963
3750,2023-06-26 17:00:00,3582.296816522971
3751,2023-06-26 18:00:00,3602.4449353893683
3752,2023-06-26 19:00:00,3441.7515348570323
3753,2023-06-26 20:00:00,3116.7413944577447
3754,2023-06-26 21:00:00,2740.449351516914
3755,2023-06-26 22:00:00,2440.48726502895
3756,2023-06-26 23:00:00,2265.736814809719
3757,2023-06-27 00:00:00,2164.3823927393414
3758,2023-06-27 01:00:00,2050.374077530098
3759,2023-06-27 02:00:00,1894.1259329852264
3760,2023-06-27 03:00:00,1753.3820859923535
3761,2023-06-27 04:00:00,1719.30355590732
3762,2023-06-27 05:00:00,1832.7323903491483
3763,2023-06-27 06:00:00,2049.8347617040454
3764,2023-06-27 07:00:00,2284.510089447832
3765,2023-06-27 08:00:00,2480.7372588866656
3766,2023-06-27 09:00:00,2644.30550390513
3767,2023-06-27 10:00:00,2810.1369550884156
3768,2023-06-27 11:00:00,2987.9833129292274
3769,2023-06-27 12:00:00,3147.4063242750562
3770,2023-06-27 13:00:00,3256.151799440103
3771,2023-06-27 14:00:00,3325.2380106053915
3772,2023-06-27 15:00:00,3404.3696354926665
3773,2023-06-27 16:00:00,3524.292725557737
3774,2023-06-27 17:00:00,3643.8083512301146
3775,2023-06-27 18:00:00,3662.949670783735
3776,2023-06-27 19:00:00,3501.899677305847
3777,2023-06-27 20:00:00,3177.1862232521703
3778,2023-06-27 21:00:00,2801.832871619696
3779,2023-06-27 22:00:00,2503.426144246737
3780,2023-06-27 23:00:00,2330.8088170660576
3781,2023-06-28 00:00:00,2232.1135116429537
3782,2023-06-28 01:00:00,2121.22656440309
3783,2023-06-28 02:00:00,1968.4874006865618
3784,2023-06-28 03:00:00,1831.5558546810903
3785,2023-06-28 04:00:00,1801.5003894502183
3786,2023-06-28 05:00:00,1919.0637525030547
3787,2023-06-28 06:00:00,2140.307700116976
3788,2023-06-28 07:00:00,2379.0238325509217
3789,2023-06-28 08:00:00,2579.081587010588
3790,2023-06-28 09:00:00,2746.160931111842
3791,2023-06-28 10:00:00,2915.076732668424
3792,2023-06-28 11:00:00,3095.4772402954277
3793,2023-06-28 12:00:00,3256.826327259131
3794,2023-06-28 13:00:00,3366.779211054879
3795,2023-06-28 14:00:00,3436.2724652514535
3796,2023-06-28 15:00:00,3514.9394644460544
3797,2023-06-28 16:00:00,3633.4667198120424
3798,2023-06-28 17:00:00,3750.6087379056553
3799,2023-06-28 18:00:00,3766.366131280778
3800,2023-06-28 19:00:00,3600.9042195485367
3801,2023-06-28 20:00:00,3270.7487070142115
3802,2023-06-28 21:00:00,2888.93697532462
3803,2023-06-28 22:00:00,2583.0855531501143
3804,2023-06-28 23:00:00,2402.083408364507
3805,2023-06-29 00:00:00,2294.1253091383405
3806,2023-06-29 01:00:00,2173.175236579844
3807,2023-06-29 02:00:00,2009.6650796973763
3808,2023-06-29 03:00:00,1861.361060695886
3809,2023-06-29 04:00:00,1819.4508541293717
3810,2023-06-29 05:00:00,1924.8079480759134
3811,2023-06-29 06:00:00,2133.6348953880606
3812,2023-06-29 07:00:00,2359.872514738333
3813,2023-06-29 08:00:00,2547.5461079107936
3814,2023-06-29 09:00:00,2702.496257784357
3815,2023-06-29 10:00:00,2859.7012063154525
3816,2023-06-29 11:00:00,3028.9732716723074
3817,2023-06-29 12:00:00,3179.9389829772563
3818,2023-06-29 13:00:00,3280.4126717773597
3819,2023-06-29 14:00:00,3341.484364046475
3820,2023-06-29 15:00:00,3412.9331406301026
3821,2023-06-29 16:00:00,3525.5814508503177
3822,2023-06-29 17:00:00,3638.3080382191965
3823,2023-06-29 18:00:00,3651.22423241668
3824,2023-06-29 19:00:00,3484.590870325668
3825,2023-06-29 20:00:00,3155.0124550989494
3826,2023-06-29 21:00:00,2775.587112328665
3827,2023-06-29 22:00:00,2473.9729244403034
3828,2023-06-29 23:00:00,2299.0803044845507
3829,2023-06-30 00:00:00,2199.1046701316764
3830,2023-06-30 01:00:00,2087.989411117129
3831,2023-06-30 02:00:00,1936.124389015115
3832,2023-06-30 03:00:00,1801.2124223137957
3833,2023-06-30 04:00:00,1774.3567223619907
3834,2023-06-30 05:00:00,1896.3258268595184
3835,2023-06-30 06:00:00,2123.197674587459
3836,2023-06-30 07:00:00,2368.7698736661137
3837,2023-06-30 08:00:00,2576.9072189404033
3838,2023-06-30 09:00:00,2753.274009644131
3839,2023-06-30 10:00:00,2932.658150347236
3840,2023-06-30 11:00:00,3124.6694753878855
3841,2023-06-30 12:00:00,3298.7219539792586
3842,2023-06-30 13:00:00,3422.4094921272167
3843,2023-06-30 14:00:00,3506.5961495455986
3844,2023-06-30 15:00:00,3600.8319132248116
3845,2023-06-30 16:00:00,3735.7094842066467
3846,2023-06-30 17:00:00,3869.8797079534274
3847,2023-06-30 18:00:00,3903.2303731244247
3848,2023-06-30 19:00:00,3755.8056121068416
3849,2023-06-30 20:00:00,3444.0024831237033
3850,2023-06-30 21:00:00,3080.7232642124545
3851,2023-06-30 22:00:00,2793.4440124729554
3852,2023-06-30 23:00:00,2630.9090232026374
3853,2023-07-01 00:00:00,2462.7556406143353
3854,2023-07-01 01:00:00,2359.6180951352117
3855,2023-07-01 02:00:00,2213.3688230156768
3856,2023-07-01 03:00:00,2081.6253856769654
3857,2023-07-01 04:00:00,2055.429176252254
3858,2023-07-01 05:00:00,2175.511151817983
3859,2023-07-01 06:00:00,2397.936440916049
3860,2023-07-01 07:00:00,2636.514871556511
3861,2023-07-01 08:00:00,2835.1484719042546
3862,2023-07-01 09:00:00,2999.563494172149
3863,2023-07-01 10:00:00,3164.633947576359
3864,2023-07-01 11:00:00,3340.0790867898745
3865,2023-07-01 12:00:00,3495.4445223671382
3866,2023-07-01 13:00:00,3598.4766813909705
3867,2023-07-01 14:00:00,3660.2114520744935
3868,2023-07-01 15:00:00,3730.3881717616177
3869,2023-07-01 16:00:00,3839.804435518962
3870,2023-07-01 17:00:00,3947.3293783562312
3871,2023-07-01 18:00:00,3953.080180714529
3872,2023-07-01 19:00:00,3777.339057161166
3873,2023-07-01 20:00:00,3436.7473356174846
3874,2023-07-01 21:00:00,3044.455186795433
3875,2023-07-01 22:00:00,2728.1875862145016
3876,2023-07-01 23:00:00,2536.936173810461
3877,2023-07-02 00:00:00,2418.991276724877
3878,2023-07-02 01:00:00,2288.40409458039
3879,2023-07-02 02:00:00,2115.6842944455784
3880,2023-07-02 03:00:00,1958.665477128394
3881,2023-07-02 04:00:00,1908.5914910563117
3882,2023-07-02 05:00:00,2006.3801516020305
3883,2023-07-02 06:00:00,2208.266022307604
3884,2023-07-02 07:00:00,2428.2093231598055
3885,2023-07-02 08:00:00,2610.2420359310822
3886,2023-07-02 09:00:00,2760.1987719252065
3887,2023-07-02 10:00:00,2913.039400048053
3888,2023-07-02 11:00:00,3078.545890508948
3889,2023-07-02 12:00:00,3226.3030465216207
3890,2023-07-02 13:00:00,3324.0728547876283
3891,2023-07-02 14:00:00,3382.883287868659
3892,2023-07-02 15:00:00,3452.4427140882217
3893,2023-07-02 16:00:00,3563.495385065661
3894,2023-07-02 17:00:00,3674.835644043372
3895,2023-07-02 18:00:00,3686.485591474612
3896,2023-07-02 19:00:00,3518.613452208703
3897,2023-07-02 20:00:00,3187.7292334391827
3898,2023-07-02 21:00:00,2806.836212154456
3899,2023-07-02 22:00:00,2503.4988124013817
3900,2023-07-02 23:00:00,2326.536512505361
3901,2023-07-03 00:00:00,2302.4678063026963
3902,2023-07-03 01:00:00,2188.335485947104
3903,2023-07-03 02:00:00,2032.865227941148
3904,2023-07-03 03:00:00,1893.6942327718466
3905,2023-07-03 04:00:00,1861.8696283262564
3906,2023-07-03 05:00:00,1978.1144623248379
3907,2023-07-03 06:00:00,2198.472696553175
3908,2023-07-03 07:00:00,2436.7202418999045
3909,2023-07-03 08:00:00,2636.713078919462
3910,2023-07-03 09:00:00,2804.1200054640053
3911,2023-07-03 10:00:00,2973.7469878896254
3912,2023-07-03 11:00:00,3155.2355512389627
3913,2023-07-03 12:00:00,3318.044863645331
3914,2023-07-03 13:00:00,3429.827230975778
3915,2023-07-03 14:00:00,3501.517822951105
3916,2023-07-03 15:00:00,3582.749777250068
3917,2023-07-03 16:00:00,3704.210145648168
3918,2023-07-03 17:00:00,3824.65432221604
3919,2023-07-03 18:00:00,3844.083690206593
3920,2023-07-03 19:00:00,3682.663734846692
3921,2023-07-03 20:00:00,3356.9192173678566
3922,2023-07-03 21:00:00,2979.884957887252
3923,2023-07-03 22:00:00,2679.172799267451
3924,2023-07-03 23:00:00,2503.664406301471
3925,2023-07-04 00:00:00,2401.5441569274926
3926,2023-07-04 01:00:00,2286.762117016756
3927,2023-07-04 02:00:00,2129.732338630852
3928,2023-07-04 03:00:00,1988.1989380046775
3929,2023-07-04 04:00:00,1953.3229249590654
3930,2023-07-04 05:00:00,2065.9463386479324
3931,2023-07-04 06:00:00,2282.2353441280607
3932,2023-07-04 07:00:00,2516.089354626661
3933,2023-07-04 08:00:00,2711.4872502989406
3934,2023-07-04 09:00:00,2874.2182610251048
3935,2023-07-04 10:00:00,3039.204514431638
3936,2023-07-04 11:00:00,3216.197709195141
3937,2023-07-04 12:00:00,3374.759591421385
3938,2023-07-04 13:00:00,3482.6359718399876
3939,2023-07-04 14:00:00,3550.845124095448
3940,2023-07-04 15:00:00,3629.0917285057644
3941,2023-07-04 16:00:00,3748.1218402166
3942,2023-07-04 17:00:00,3866.7365344698824
3943,2023-07-04 18:00:00,3884.9689754283154
3944,2023-07-04 19:00:00,3723.002163182943
3945,2023-07-04 20:00:00,3397.3639583006247
3946,2023-07-04 21:00:00,3021.0779329810716
3947,2023-07-04 22:00:00,2721.7306193661184
3948,2023-07-04 23:00:00,2548.1648047843255
3949,2023-07-05 00:00:00,2448.5131233119528
3950,2023-07-05 01:00:00,2336.6619249502896
3951,2023-07-05 02:00:00,2182.95064973876
3952,2023-07-05 03:00:00,2045.0391476335103
3953,2023-07-05 04:00:00,2013.9958985673402
3954,2023-07-05 05:00:00,2130.563668002378
3955,2023-07-05 06:00:00,2350.8042312507955
3956,2023-07-05 07:00:00,2588.5092086970153
3957,2023-07-05 08:00:00,2787.548058740582
3958,2023-07-05 09:00:00,2953.600771278586
3959,2023-07-05 10:00:00,3121.482237477041
3960,2023-07-05 11:00:00,3300.84073038011
3961,2023-07-05 12:00:00,3461.140148734633
3962,2023-07-05 13:00:00,3570.035736610004
3963,2023-07-05 14:00:00,3638.4640951859647
3964,2023-07-05 15:00:00,3716.05862774483
3965,2023-07-05 16:00:00,3833.5058751936785
3966,2023-07-05 17:00:00,3949.5603748738117
3967,2023-07-05 18:00:00,3964.2227711832843
3968,2023-07-05 19:00:00,3797.6584166034722
3969,2023-07-05 20:00:00,3466.3930493671996
3970,2023-07-05 21:00:00,3083.464086076365
3971,2023-07-05 22:00:00,2776.488091388879
3972,2023-07-05 23:00:00,2594.3540701886486
3973,2023-07-06 00:00:00,2485.2568286979294
3974,2023-07-06 01:00:00,2363.16038706523
3975,2023-07-06 02:00:00,2198.4966743815
3976,2023-07-06 03:00:00,2049.031953924194
3977,2023-07-06 04:00:00,2005.9539423322094
3978,2023-07-06 05:00:00,2110.136170764904
3979,2023-07-06 06:00:00,2317.781236146991
3980,2023-07-06 07:00:00,2542.8300022152675
3981,2023-07-06 08:00:00,2729.3078167953395
3982,2023-07-06 09:00:00,2883.0553097882384
3983,2023-07-06 10:00:00,3039.0507711432756
3984,2023-07-06 11:00:00,3207.106567992178
3985,2023-07-06 12:00:00,3356.849279358953
3986,2023-07-06 13:00:00,3456.0932876794495
3987,2023-07-06 14:00:00,3515.92867073166
3988,2023-07-06 15:00:00,3586.134562126279
3989,2023-07-06 16:00:00,3697.533464875391
3990,2023-07-06 17:00:00,3809.0041771117158
3991,2023-07-06 18:00:00,3820.658084058708
3992,2023-07-06 19:00:00,3652.7560790515354
3993,2023-07-06 20:00:00,3321.902722613832
3994,2023-07-06 21:00:00,2941.1961986019196
3995,2023-07-06 22:00:00,2638.2946485994735
3996,2023-07-06 23:00:00,2462.1085456979536
3997,2023-07-07 00:00:00,2360.8333685050047
3998,2023-07-07 01:00:00,2248.4125685378162
3999,2023-07-07 02:00:00,2095.2360700446457
4000,2023-07-07 03:00:00,1959.0067550260862
4001,2023-07-07 04:00:00,1930.8278992021478
4002,2023-07-07 05:00:00,2051.468105472582
4003,2023-07-07 06:00:00,2277.0053786879553
4004,2023-07-07 07:00:00,2521.2373938137184
4005,2023-07-07 08:00:00,2728.029013380985
4006,2023-07-07 09:00:00,2903.0446051275867
4007,2023-07-07 10:00:00,3081.072142935191
4008,2023-07-07 11:00:00,3271.721531209378
4009,2023-07-07 12:00:00,3444.4068100477275
4010,2023-07-07 13:00:00,3566.7219571027017
4011,2023-07-07 14:00:00,3649.531104522128
4012,2023-07-07 15:00:00,3742.3843124519635
4013,2023-07-07 16:00:00,3875.8743558807737
4014,2023-07-07 17:00:00,4008.6521549235276
4015,2023-07-07 18:00:00,4040.605573643941
4016,2023-07-07 19:00:00,3891.778820553244
4017,2023-07-07 20:00:00,3578.56903071612
4018,2023-07-07 21:00:00,3213.8785596977473
4019,2023-07-07 22:00:00,2925.1835428455743
4020,2023-07-07 23:00:00,2761.2283543783537
4021,2023-07-08 00:00:00,2591.650418102129
4022,2023-07-08 01:00:00,2487.084044710353
4023,2023-07-08 02:00:00,2339.4017513774133
4024,2023-07-08 03:00:00,2206.2211810976387
4025,2023-07-08 04:00:00,2178.5838091995747
4026,2023-07-08 05:00:00,2297.2206756084643
4027,2023-07-08 06:00:00,2518.196992313622
4028,2023-07-08 07:00:00,2755.3226713857907
4029,2023-07-08 08:00:00,2952.499825643438
4030,2023-07-08 09:00:00,3115.454792561002
4031,2023-07-08 10:00:00,3279.061667166062
4032,2023-07-08 11:00:00,3453.03979052305
4033,2023-07-08 12:00:00,3606.9592545206297
4034,2023-07-08 13:00:00,3708.5421306622898
4035,2023-07-08 14:00:00,3768.8243952183143
4036,2023-07-08 15:00:00,3837.5454741206327
4037,2023-07-08 16:00:00,3945.503051540959
4038,2023-07-08 17:00:00,4051.566352082701
4039,2023-07-08 18:00:00,4055.8526462953623
4040,2023-07-08 19:00:00,3878.644239314828
4041,2023-07-08 20:00:00,3536.582550135656
4042,2023-07-08 21:00:00,3142.8178409638904
4043,2023-07-08 22:00:00,2825.0751792997025
4044,2023-07-08 23:00:00,2632.3462974779927
4045,2023-07-09 00:00:00,2512.9216154711603
4046,2023-07-09 01:00:00,2380.852426152405
4047,2023-07-09 02:00:00,2206.648490247382
4048,2023-07-09 03:00:00,2048.1435026202125
4049,2023-07-09 04:00:00,1996.5814061190513
4050,2023-07-09 05:00:00,2092.8801109391597
4051,2023-07-09 06:00:00,2293.274275784952
4052,2023-07-09 07:00:00,2511.724216161584
4053,2023-07-09 08:00:00,2692.262009694503
4054,2023-07-09 09:00:00,2840.722363884286
4055,2023-07-09 10:00:00,2992.0652441252037
4056,2023-07-09 11:00:00,3156.072717430163
4057,2023-07-09 12:00:00,3302.329684116458
4058,2023-07-09 13:00:00,3398.598228261552
4059,2023-07-09 14:00:00,3455.9064200745515
4060,2023-07-09 15:00:00,3523.9627257785137
4061,2023-07-09 16:00:00,3633.5114951588903
4062,2023-07-09 17:00:00,3743.3471698299195
4063,2023-07-09 18:00:00,3753.491948859112
4064,2023-07-09 19:00:00,3584.1141559174707
4065,2023-07-09 20:00:00,3251.723897224902
4066,2023-07-09 21:00:00,2869.3245489641454
4067,2023-07-09 22:00:00,2564.4806345771676
4068,2023-07-09 23:00:00,2386.011731945119
4069,2023-07-10 00:00:00,2360.4364345811737
4070,2023-07-10 01:00:00,2244.7976344992885
4071,2023-07-10 02:00:00,2087.821108168084
4072,2023-07-10 03:00:00,1947.1441561672139
4073,2023-07-10 04:00:00,1913.814006563974
4074,2023-07-10 05:00:00,2028.55380737916
4075,2023-07-10 06:00:00,2247.4076207414946
4076,2023-07-10 07:00:00,2484.151458023558
4077,2023-07-10 08:00:00,2682.6414002301435
4078,2023-07-10 09:00:00,2848.5463457679234
4079,2023-07-10 10:00:00,3016.6723615583387
4080,2023-07-10 11:00:00,3196.6610732691784
4081,2023-07-10 12:00:00,3357.9717496168514
4082,2023-07-10 13:00:00,3468.2567970679183
4083,2023-07-10 14:00:00,3538.451485949285
4084,2023-07-10 15:00:00,3618.189054498977
4085,2023-07-10 16:00:00,3738.156655020368
4086,2023-07-10 17:00:00,3857.1097820599607
4087,2023-07-10 18:00:00,3875.0499192963275
4088,2023-07-10 19:00:00,3712.1426522996358
4089,2023-07-10 20:00:00,3384.912842551028
4090,2023-07-10 21:00:00,3006.3954103445035
4091,2023-07-10 22:00:00,2704.2022985928397
4092,2023-07-10 23:00:00,2527.215272023631
4093,2023-07-11 00:00:00,2423.6188083723846
4094,2023-07-11 01:00:00,2307.363073183769
4095,2023-07-11 02:00:00,2148.8622180099887
4096,2023-07-11 03:00:00,2005.86045842878
4097,2023-07-11 04:00:00,1969.5189034194882
4098,2023-07-11 05:00:00,2080.679691106498
4099,2023-07-11 06:00:00,2295.5090853024108
4100,2023-07-11 07:00:00,2527.9065977908895
4101,2023-07-11 08:00:00,2721.8512070633824
4102,2023-07-11 09:00:00,2883.132241077424
4103,2023-07-11 10:00:00,3046.6719253058714
4104,2023-07-11 11:00:00,3222.2220559951475
4105,2023-07-11 12:00:00,3379.3444766062285
4106,2023-07-11 13:00:00,3485.7850948415453
4107,2023-07-11 14:00:00,3552.562281109128
4108,2023-07-11 15:00:00,3629.38081214327
4109,2023-07-11 16:00:00,3746.986839221002
4110,2023-07-11 17:00:00,3864.181533347181
4111,2023-07-11 18:00:00,3880.998154142222
4112,2023-07-11 19:00:00,3717.6197968072875
4113,2023-07-11 20:00:00,3390.5744165855795
4114,2023-07-11 21:00:00,3012.8856800988856
4115,2023-07-11 22:00:00,2712.1402134463447
4116,2023-07-11 23:00:00,2537.180897539146
4117,2023-07-12 00:00:00,2436.1404596256484
4118,2023-07-12 01:00:00,2322.9053424848616
4119,2023-07-12 02:00:00,2167.815078476176
4120,2023-07-12 03:00:00,2028.5296094589662
4121,2023-07-12 04:00:00,1996.117506815171
4122,2023-07-12 05:00:00,2111.321626998134
4123,2023-07-12 06:00:00,2330.2038358326854
4124,2023-07-12 07:00:00,2566.5558437435
4125,2023-07-12 08:00:00,2764.247198692121
4126,2023-07-12 09:00:00,2928.9579796067114
4127,2023-07-12 10:00:00,3095.503166195365
4128,2023-07-12 11:00:00,3273.5311195168188
4129,2023-07-12 12:00:00,3432.5058258046324
4130,2023-07-12 13:00:00,3540.082616054322
4131,2023-07-12 14:00:00,3607.198177847152
4132,2023-07-12 15:00:00,3683.4860002851374
4133,2023-07-12 16:00:00,3799.6327095275637
4134,2023-07-12 17:00:00,3914.3929275834926
4135,2023-07-12 18:00:00,3927.767382938645
4136,2023-07-12 19:00:00,3759.9215115484512
4137,2023-07-12 20:00:00,3427.3811345239224
4138,2023-07-12 21:00:00,3043.18375065925
4139,2023-07-12 22:00:00,2734.9460062881735
4140,2023-07-12 23:00:00,2551.556987246124
4141,2023-07-13 00:00:00,2441.211580084785
4142,2023-07-13 01:00:00,2317.873884606144
4143,2023-07-13 02:00:00,2151.975908915607
4144,2023-07-13 03:00:00,2001.283994605569
4145,2023-07-13 04:00:00,1956.9859359572342
4146,2023-07-13 05:00:00,2059.9553410699427
4147,2023-07-13 06:00:00,2266.3948831064545
4148,2023-07-13 07:00:00,2490.245501316993
4149,2023-07-13 08:00:00,2675.532618369798
4150,2023-07-13 09:00:00,2828.096938201887
4151,2023-07-13 10:00:00,2982.9168241197744
4152,2023-07-13 11:00:00,3149.8047158408476
4153,2023-07-13 12:00:00,3298.3872642273636
4154,2023-07-13 13:00:00,3396.4789227894735
4155,2023-07-13 14:00:00,3455.1698396058346
4156,2023-07-13 15:00:00,3524.2392178137675
4157,2023-07-13 16:00:00,3634.5096291526256
4158,2023-07-13 17:00:00,3744.8599397110447
4159,2023-07-13 18:00:00,3755.4016018373977
4160,2023-07-13 19:00:00,3586.3955752002826
4161,2023-07-13 20:00:00,3254.4464858349647
4162,2023-07-13 21:00:00,2872.652582285827
4163,2023-07-13 22:00:00,2568.6720699791435
4164,2023-07-13 23:00:00,2391.415485027622
4165,2023-07-14 00:00:00,2289.078368199583
4166,2023-07-14 01:00:00,2175.6042323239226
4167,2023-07-14 02:00:00,2021.383062101622
4168,2023-07-14 03:00:00,1884.1177991114132
4169,2023-07-14 04:00:00,1854.911777791654
4170,2023-07-14 05:00:00,1974.5336588517844
4171,2023-07-14 06:00:00,2199.0615040955227
4172,2023-07-14 07:00:00,2442.293044527511
4173,2023-07-14 08:00:00,2648.0931978229987
4174,2023-07-14 09:00:00,2822.126385954201
4175,2023-07-14 10:00:00,2999.1806361381314
4176,2023-07-14 11:00:00,3188.8659051791883
4177,2023-07-14 12:00:00,3360.596284650198
4178,2023-07-14 13:00:00,3481.965802779526
4179,2023-07-14 14:00:00,3563.8386413060925
4180,2023-07-14 15:00:00,3655.7649090629425
4181,2023-07-14 16:00:00,3788.337428744526
4182,2023-07-14 17:00:00,3920.2071672891666
4183,2023-07-14 18:00:00,3951.2620345330347
4184,2023-07-14 19:00:00,3801.546283859615
4185,2023-07-14 20:00:00,3487.4570942229184
4186,2023-07-14 21:00:00,3121.8968641079227
4187,2023-07-14 22:00:00,2832.3417707948183
4188,2023-07-14 23:00:00,2667.536229467115
4189,2023-07-15 23:00:00,2520.9621327696136
4190,2023-07-16 00:00:00,2400.9167371086023
4191,2023-07-16 01:00:00,2268.237314353659
4192,2023-07-16 02:00:00,2093.43363834725
4193,2023-07-16 03:00:00,1934.3394160577154
4194,2023-07-16 04:00:00,1882.1986013402725
4195,2023-07-16 05:00:00,1977.9291143441367
4196,2023-07-16 06:00:00,2177.765622659468
4197,2023-07-16 07:00:00,2395.6684496216944
4198,2023-07-16 08:00:00,2575.6696796130145
4199,2023-07-16 09:00:00,2723.6040258336025
4200,2023-07-16 10:00:00,2874.4314583091927
4201,2023-07-16 11:00:00,3037.934047624555
4202,2023-07-16 12:00:00,3183.6966965845795
4203,2023-07-16 13:00:00,3279.4814907198447
4204,2023-07-16 14:00:00,3336.3165005989954
4205,2023-07-16 15:00:00,3403.910191758812
4206,2023-07-16 16:00:00,3513.0069122249797
4207,2023-07-16 17:00:00,3622.401100791516
4208,2023-07-16 18:00:00,3632.114952644652
4209,2023-07-16 19:00:00,3462.3167865083506
4210,2023-07-16 20:00:00,3129.516702602311
4211,2023-07-16 21:00:00,2746.718070043683
4212,2023-07-16 22:00:00,2441.4854041514363
4213,2023-07-16 23:00:00,2262.63827362037
4214,2023-07-17 00:00:00,2236.695261744043
4215,2023-07-17 01:00:00,2120.6992492290974
4216,2023-07-17 02:00:00,1963.3760002275635
4217,2023-07-17 03:00:00,1822.3628018916309
4218,2023-07-17 04:00:00,1788.706867880803
4219,2023-07-17 05:00:00,1903.1313307215053
4220,2023-07-17 06:00:00,2121.680236010896
4221,2023-07-17 07:00:00,2358.129577556388
4222,2023-07-17 08:00:00,2556.3354177474525
4223,2023-07-17 09:00:00,2721.966635347513
4224,2023-07-17 10:00:00,2889.8292765990664
4225,2023-07-17 11:00:00,3069.564945465119
4226,2023-07-17 12:00:00,3230.632887911371
4227,2023-07-17 13:00:00,3340.6854866540193
4228,2023-07-17 14:00:00,3410.657987236992
4229,2023-07-17 15:00:00,3490.1836020910405
4230,2023-07-17 16:00:00,3609.949456704163
4231,2023-07-17 17:00:00,3728.711017795539
4232,2023-07-17 18:00:00,3746.469740210252
4233,2023-07-17 19:00:00,3583.3911796761427
4234,2023-07-17 20:00:00,3256.0001668424584
4235,2023-07-17 21:00:00,2877.3315901684196
4236,2023-07-17 22:00:00,2574.997359741545
4237,2023-07-17 23:00:00,2397.879206471836
4238,2023-07-18 00:00:00,2294.161573312119
4239,2023-07-18 01:00:00,2177.7945900192776
4240,2023-07-18 02:00:00,2019.1923714099503
4241,2023-07-18 03:00:00,1876.099095340926
4242,2023-07-18 04:00:00,1839.6758321143357
4243,2023-07-18 05:00:00,1950.7646802162526
4244,2023-07-18 06:00:00,2165.5318628639598
4245,2023-07-18 07:00:00,2397.8768503022447
4246,2023-07-18 08:00:00,2591.778578534292
4247,2023-07-18 09:00:00,2753.0263320953336
4248,2023-07-18 10:00:00,2916.5422921026875
4249,2023-07-18 11:00:00,3092.0782095243353
4250,2023-07-18 12:00:00,3249.195881604015
4251,2023-07-18 13:00:00,3355.6411689415495
4252,2023-07-18 14:00:00,3422.432393902276
4253,2023-07-18 15:00:00,3499.2742842944085
4254,2023-07-18 16:00:00,3616.9129415618927
4255,2023-07-18 17:00:00,3734.149485987558
4256,2023-07-18 18:00:00,3751.0171255899754
4257,2023-07-18 19:00:00,3587.6989030744157
4258,2023-07-18 20:00:00,3260.722720345686
4259,2023-07-18 21:00:00,2883.1121897851235
4260,2023-07-18 22:00:00,2582.453882439211
4261,2023-07-18 23:00:00,2407.5906232435814
4262,2023-07-19 00:00:00,2306.6550827078872
4263,2023-07-19 01:00:00,2193.533645984445
4264,2023-07-19 02:00:00,2038.5657869896331
4265,2023-07-19 03:00:00,1899.4113883200937
4266,2023-07-19 04:00:00,1867.1389612621997
4267,2023-07-19 05:00:00,1982.4913013902717
4268,2023-07-19 06:00:00,2201.530212831495
4269,2023-07-19 07:00:00,2438.04734352392
4270,2023-07-19 08:00:00,2635.91217815108
4271,2023-07-19 09:00:00,2800.8047316095663
4272,2023-07-19 10:00:00,2967.5399187708217
4273,2023-07-19 11:00:00,3145.7660351161157
4274,2023-07-19 12:00:00,3304.94700054617
4275,2023-07-19 13:00:00,3412.73807897389
4276,2023-07-19 14:00:00,3480.075890160937
4277,2023-07-19 15:00:00,3556.5938546548405
4278,2023-07-19 16:00:00,3672.978529359545
4279,2023-07-19 17:00:00,3787.984466286204
4280,2023-07-19 18:00:00,3801.612323238714
4281,2023-07-19 19:00:00,3634.0274647916194
4282,2023-07-19 20:00:00,3301.755639993403
4283,2023-07-19 21:00:00,2917.834274876033
4284,2023-07-19 22:00:00,2609.879942370031
4285,2023-07-19 23:00:00,2426.7816542394153
4286,2023-07-20 00:00:00,2316.734222284856
4287,2023-07-20 01:00:00,2193.701670958552
4288,2023-07-20 02:00:00,2028.1159323573243
4289,2023-07-20 03:00:00,1877.7432714602833
4290,2023-07-20 04:00:00,1833.7714052700846
4291,2023-07-20 05:00:00,1937.0738640766158
4292,2023-07-20 06:00:00,2143.8532425867443
4293,2023-07-20 07:00:00,2368.0504010209256
4294,2023-07-20 08:00:00,2553.690682437374
4295,2023-07-20 09:00:00,2706.614710613042
4296,2023-07-20 10:00:00,2861.800768112394
4297,2023-07-20 11:00:00,3029.061213372858
4298,2023-07-20 12:00:00,3178.022615446431
4299,2023-07-20 13:00:00,3276.49934549578
4300,2023-07-20 14:00:00,3335.581468736003
4301,2023-07-20 15:00:00,3405.0481049265486
4302,2023-07-20 16:00:00,3515.721741948174
4303,2023-07-20 17:00:00,3626.481161517306
4304,2023-07-20 18:00:00,3637.4377311489457
4305,2023-07-20 19:00:00,3468.852325206779
4306,2023-07-20 20:00:00,3137.3294839681957
4307,2023-07-20 21:00:00,2755.967369749561
4308,2023-07-20 22:00:00,2452.424101343453
4309,2023-07-20 23:00:00,2275.6101277820094
4310,2023-07-21 00:00:00,2173.7209023369696
4311,2023-07-21 01:00:00,2060.699849938472
4312,2023-07-21 02:00:00,1906.9368669928012
4313,2023-07-21 03:00:00,1770.1348064034378
4314,2023-07-21 04:00:00,1741.3969135391735
4315,2023-07-21 05:00:00,1861.4917597027033
4316,2023-07-21 06:00:00,2086.497316920362
4317,2023-07-21 07:00:00,2330.2112260788213
4318,2023-07-21 08:00:00,2536.498314393093
4319,2023-07-21 09:00:00,2711.0229130991233
4320,2023-07-21 10:00:00,2888.5729582993886
4321,2023-07-21 11:00:00,3078.7583154251415
4322,2023-07-21 12:00:00,3250.99298438326
4323,2023-07-21 13:00:00,3372.870901451115
4324,2023-07-21 14:00:00,3455.2561561511666
4325,2023-07-21 15:00:00,3547.6987648423205
4326,2023-07-21 16:00:00,3680.7914574993993
4327,2023-07-21 17:00:00,3813.185108102196
4328,2023-07-21 18:00:00,3844.7675333202005
4329,2023-07-21 19:00:00,3695.582893151641
4330,2023-07-21 20:00:00,3382.0282729168052
4331,2023-07-21 21:00:00,3017.005977361708
4332,2023-07-21 22:00:00,2727.9920897869715
4333,2023-07-21 23:00:00,2563.730931242529
4334,2023-07-22 00:00:00,2393.8598712055864
4335,2023-07-22 01:00:00,2289.013164931616
4336,2023-07-22 02:00:00,2141.063272996103
4337,2023-07-22 03:00:00,2007.627780687897
4338,2023-07-22 04:00:00,1979.7481045204042
4339,2023-07-22 05:00:00,2098.15522447076
4340,2023-07-22 06:00:00,2318.914291498836
4341,2023-07-22 07:00:00,2555.8351555418976
4342,2023-07-22 08:00:00,2752.819866213298
4343,2023-07-22 09:00:00,2915.5946966757433
4344,2023-07-22 10:00:00,3079.0336766024784
4345,2023-07-22 11:00:00,3252.8560806223763
4346,2023-07-22 12:00:00,3406.6075387657907
4347,2023-07-22 13:00:00,3508.0344970614588
4348,2023-07-22 14:00:00,3568.172862194301
4349,2023-07-22 15:00:00,3636.761989462176
4350,2023-07-22 16:00:00,3744.5994913752133
4351,2023-07-22 17:00:00,3850.554519878666
4352,2023-07-22 18:00:00,3854.7442718592747
4353,2023-07-22 19:00:00,3677.45097777707
4354,2023-07-22 20:00:00,3335.3159809669523
4355,2023-07-22 21:00:00,2941.4894670429803
4356,2023-07-22 22:00:00,2623.6964258347784
4357,2023-07-22 23:00:00,2430.928511178024
4358,2023-07-23 00:00:00,2311.4760635275343
4359,2023-07-23 01:00:00,2179.390295300266
4360,2023-07-23 02:00:00,2005.1808858277186
4361,2023-07-23 03:00:00,1846.6814476979337
4362,2023-07-23 04:00:00,1795.1358405403566
4363,2023-07-23 05:00:00,1891.4618904415438
4364,2023-07-23 06:00:00,2091.8941710888903
4365,2023-07-23 07:00:00,2310.3929121097653
4366,2023-07-23 08:00:00,2490.9901043778627
4367,2023-07-23 09:00:00,2639.5203677670906
4368,2023-07-23 10:00:00,2790.9435792081317
4369,2023-07-23 11:00:00,2955.0319196029404
4370,2023-07-23 12:00:00,3101.380018832627
4371,2023-07-23 13:00:00,3197.7498699918888
4372,2023-07-23 14:00:00,3255.1694515006793
4373,2023-07-23 15:00:00,3323.3471369935673
4374,2023-07-23 16:00:00,3433.027182876635
4375,2023-07-23 17:00:00,3543.003936609157
4376,2023-07-23 18:00:00,3553.2995023534827
4377,2023-07-23 19:00:00,3384.0821081061235
4378,2023-07-23 20:00:00,3051.861763671538
4379,2023-07-23 21:00:00,2669.6417481036924
4380,2023-07-23 22:00:00,2364.986486978776
4381,2023-07-23 23:00:00,2186.715459603238
4382,2023-07-24 00:00:00,2161.347160232639
4383,2023-07-24 01:00:00,2045.9243809307627
4384,2023-07-24 02:00:00,1889.1727975519518
4385,2023-07-24 03:00:00,1748.7296093632604
4386,2023-07-24 04:00:00,1715.64194253029
4387,2023-07-24 05:00:00,1830.6328424836595
4388,2023-07-24 06:00:00,2049.746268181582
4389,2023-07-24 07:00:00,2286.758127157623
4390,2023-07-24 08:00:00,2485.524396022781
4391,2023-07-24 09:00:00,2651.7138681603724
4392,2023-07-24 10:00:00,2820.13250494768
4393,2023-07-24 11:00:00,3000.4218258852466
4394,2023-07-24 12:00:00,3162.0409929898565
4395,2023-07-24 13:00:00,3272.6423055031073
4396,2023-07-24 14:00:00,3343.160925985031
4397,2023-07-24 15:00:00,3423.2299843917285
4398,2023-07-24 16:00:00,3543.5365242328144
4399,2023-07-24 17:00:00,3662.8359307964024
4400,2023-07-24 18:00:00,3681.1295779946213
4401,2023-07-24 19:00:00,3518.5829411810805
4402,2023-07-24 20:00:00,3191.7207711727283
4403,2023-07-24 21:00:00,2813.5778771543214
4404,2023-07-24 22:00:00,2511.7660904901263
4405,2023-07-24 23:00:00,2335.1670639573886
4406,2023-07-25 00:00:00,2231.965162944563
4407,2023-07-25 01:00:00,2116.110440238147
4408,2023-07-25 02:00:00,1958.0169342840768
4409,2023-07-25 03:00:00,1815.4287471671335
4410,2023-07-25 04:00:00,1779.5068740478614
4411,2023-07-25 05:00:00,1891.0933388617702
4412,2023-07-25 06:00:00,2106.3542909413827
4413,2023-07-25 07:00:00,2339.1891272613775
4414,2023-07-25 08:00:00,2533.576711205546
4415,2023-07-25 09:00:00,2695.306255343535
4416,2023-07-25 10:00:00,2859.299869494404
4417,2023-07-25 11:00:00,3035.3092339851623
4418,2023-07-25 12:00:00,3192.8960760996324
4419,2023-07-25 13:00:00,3299.806187161473
4420,2023-07-25 14:00:00,3367.0578209435266
4421,2023-07-25 15:00:00,3444.3556373796355
4422,2023-07-25 16:00:00,3562.445670706725
4423,2023-07-25 17:00:00,3680.128974753243
4424,2023-07-25 18:00:00,3697.4386917675265
4425,2023-07-25 19:00:00,3534.5577994298737
4426,2023-07-25 20:00:00,3208.014135346195
4427,2023-07-25 21:00:00,2830.83124834015
4428,2023-07-25 22:00:00,2530.5956466334237
4429,2023-07-25 23:00:00,2356.150093102279
4430,2023-07-26 00:00:00,2255.627196944942
4431,2023-07-26 01:00:00,2142.9132827758904
4432,2023-07-26 03:00:00,1849.5904663825459
4433,2023-07-26 04:00:00,1817.7098408426377
4434,2023-07-26 05:00:00,1933.448626223786
4435,2023-07-26 06:00:00,2152.8685700277624
4436,2023-07-26 07:00:00,2389.7612643460666
4437,2023-07-26 08:00:00,2587.9961388253137
4438,2023-07-26 09:00:00,2753.2531541296503
4439,2023-07-26 10:00:00,2920.3471717272378
4440,2023-07-26 11:00:00,3098.9264344946723
4441,2023-07-26 12:00:00,3258.4548105659087
4442,2023-07-26 13:00:00,3366.587512912591
4443,2023-07-26 14:00:00,3434.2611111869296
4444,2023-07-26 15:00:00,3511.1089766728705
4445,2023-07-26 16:00:00,3627.8176178369627
4446,2023-07-26 17:00:00,3743.1415391305877
4447,2023-07-26 18:00:00,3757.0813516154917
4448,2023-07-26 19:00:00,3589.8023740029557
4449,2023-07-26 20:00:00,3257.8303103326407
4450,2023-07-26 21:00:00,2874.2025424955273
4451,2023-07-26 22:00:00,2566.5356001373975
4452,2023-07-26 23:00:00,2383.718452623925
4453,2023-07-27 00:00:00,2273.945870223787
4454,2023-07-27 01:00:00,2151.1818367399346
4455,2023-07-27 02:00:00,1985.858244502886
4456,2023-07-27 03:00:00,1835.7413196120106
4457,2023-07-27 04:00:00,1792.018741084172
4458,2023-07-27 05:00:00,1895.5640020942776
4459,2023-07-27 06:00:00,2102.579661146542
4460,2023-07-27 07:00:00,2327.006543189765
4461,2023-07-27 08:00:00,2512.8699568383754
4462,2023-07-27 09:00:00,2666.010492380102
4463,2023-07-27 10:00:00,2821.4063997762073
4464,2023-07-27 11:00:00,2988.870005809234
4465,2023-07-27 12:00:00,3138.027848713505
4466,2023-07-27 13:00:00,3236.6942698155062
4467,2023-07-27 14:00:00,3295.95930536715
4468,2023-07-27 15:00:00,3365.602047105495
4469,2023-07-27 16:00:00,3476.444955793846
4470,2023-07-27 17:00:00,3587.366786955344
4471,2023-07-27 18:00:00,3598.478882835857
4472,2023-07-27 19:00:00,3430.042093446302
4473,2023-07-27 20:00:00,3098.6609356469176
4474,2023-07-27 21:00:00,2717.433549254967
4475,2023-07-27 22:00:00,2414.018031491524
4476,2023-07-27 23:00:00,2237.324810740002
4477,2023-07-28 00:00:00,2135.5493205697812
4478,2023-07-28 01:00:00,2022.6349671101393
4479,2023-07-28 02:00:00,1868.971628923385
4480,2023-07-28 03:00:00,1732.2621419830648
4481,2023-07-28 04:00:00,1703.6097356658438
4482,2023-07-28 05:00:00,1823.7829662113982
4483,2023-07-28 06:00:00,2048.859791509711
4484,2023-07-28 07:00:00,2292.6378392513166
4485,2023-07-28 08:00:00,2498.981924375492
4486,2023-07-28 09:00:00,2673.556366780419
4487,2023-07-28 10:00:00,2851.1490921592786
4488,2023-07-28 11:00:00,3041.3699564587396
4489,2023-07-28 12:00:00,3213.6329510525843
4490,2023-07-28 13:00:00,3335.532004581019
4491,2023-07-28 14:00:00,3417.931199871044
4492,2023-07-28 15:00:00,3510.3805475147733
4493,2023-07-28 16:00:00,3643.4727726626197
4494,2023-07-28 17:00:00,3775.8587453537707
4495,2023-07-28 18:00:00,3807.426279272299
4496,2023-07-28 19:00:00,3658.219532341317
4497,2023-07-28 20:00:00,3344.635588732463
4498,2023-07-28 21:00:00,2979.5767529553123
4499,2023-07-28 22:00:00,2690.5191089928703
4500,2023-07-28 23:00:00,2526.2069794854224
4501,2023-07-29 00:00:00,2356.2777364337508
4502,2023-07-29 01:00:00,2251.3656384951682
4503,2023-07-29 02:00:00,2103.3431505872813
4504,2023-07-29 03:00:00,1969.8278632251754
4505,2023-07-29 04:00:00,1941.8611990624695
4506,2023-07-29 05:00:00,2060.1741451138546
4507,2023-07-29 06:00:00,2280.831860272812
4508,2023-07-29 07:00:00,2517.644203311591
4509,2023-07-29 08:00:00,2714.5132335615863
4510,2023-07-29 09:00:00,2877.1652347993872
4511,2023-07-29 10:00:00,3040.474248196643
4512,2023-07-29 11:00:00,3214.159560768029
4513,2023-07-29 12:00:00,3367.766815789785
4514,2023-07-29 13:00:00,3469.0424734435246
4515,2023-07-29 14:00:00,3529.0224554080482
4516,2023-07-29 15:00:00,3597.446132865354
4517,2023-07-29 16:00:00,3705.1111350619567
4518,2023-07-29 17:00:00,3810.8866315440255
4519,2023-07-29 18:00:00,3814.889837656441
4520,2023-07-29 19:00:00,3637.403003163915
4521,2023-07-29 20:00:00,3295.067491588382
4522,2023-07-29 21:00:00,2901.0335094726042
4523,2023-07-29 22:00:00,2583.026068555332
4524,2023-07-29 23:00:00,2390.0368453221354
4525,2023-07-30 00:00:00,2270.356203727895
4526,2023-07-30 01:00:00,2138.0353805188256
4527,2023-07-30 02:00:00,1963.5840801789611
4528,2023-07-30 04:00:00,1753.034850149792
4529,2023-07-30 05:00:00,1849.0986605273638
4530,2023-07-30 06:00:00,2049.261974449502
4531,2023-07-30 07:00:00,2267.48505069894
4532,2023-07-30 08:00:00,2447.7999101412715
4533,2023-07-30 09:00:00,2596.041203364481
4534,2023-07-30 10:00:00,2747.1688388165057
4535,2023-07-30 11:00:00,2910.9648264951957
4536,2023-07-30 12:00:00,3057.0140096293394
4537,2023-07-30 13:00:00,3153.0784151509038
4538,2023-07-30 14:00:00,3210.1860560709792
4539,2023-07-30 15:00:00,3278.0453413563264
4540,2023-07-30 16:00:00,3387.4005635043422
4541,2023-07-30 17:00:00,3497.0461067711353
4542,2023-07-30 18:00:00,3507.004112862079
4543,2023-07-30 19:00:00,3337.442848033152
4544,2023-07-30 20:00:00,3004.8723610677935
4545,2023-07-30 21:00:00,2622.295970683911
4546,2023-07-30 22:00:00,2317.2781428496987
4547,2023-07-30 23:00:00,2138.638397943098
4548,2023-07-31 00:00:00,2112.8952719738304
4549,2023-07-31 01:00:00,1997.0915994440443
4550,2023-07-31 02:00:00,1839.9530993177784
4551,2023-07-31 03:00:00,1699.11701464051
4552,2023-07-31 04:00:00,1665.6305159957715
4553,2023-07-31 05:00:00,1780.216693907015
4554,2023-07-31 06:00:00,1998.919553047929
4555,2023-07-31 07:00:00,2235.5150473076487
4556,2023-07-31 08:00:00,2433.8592002630426
4557,2023-07-31 09:00:00,2599.620852947627
4558,2023-07-31 10:00:00,2767.6060149024916
4559,2023-07-31 11:00:00,2947.4562544558753
4560,2023-07-31 12:00:00,3108.6307830315523
4561,2023-07-31 13:00:00,3218.7819498851377
4562,2023-07-31 14:00:00,3288.844968131538
4563,2023-07-31 15:00:00,3368.4530188728218
4564,2023-07-31 16:00:00,3488.293197334897
4565,2023-07-31 17:00:00,3607.120941061912
4566,2023-07-31 18:00:00,3624.937676765333
4567,2023-07-31 19:00:00,3461.9089331447485
4568,2023-07-31 20:00:00,3134.5595148923653
4569,2023-07-31 21:00:00,2755.924285565552
4570,2023-07-31 22:00:00,2453.615131442465
4571,2023-07-31 23:00:00,2276.5137606972207
4572,2023-08-01 00:00:00,2172.8045946079887
4573,2023-08-01 01:00:00,2056.43774233929
4574,2023-08-01 02:00:00,1897.8272991902027
4575,2023-08-01 03:00:00,1754.7174245688352
4576,2023-08-01 04:00:00,1718.2691713957652
4577,2023-08-01 05:00:00,1829.324621843295
4578,2023-08-01 06:00:00,2044.0499838991475
4579,2023-08-01 07:00:00,2276.344713626727
4580,2023-08-01 08:00:00,2470.1877339149496
4581,2023-08-01 09:00:00,2631.3683172657493
4582,2023-08-01 10:00:00,2794.8086338078397
4583,2023-08-01 11:00:00,2970.260424579201
4584,2023-08-01 12:00:00,3127.285477964679
4585,2023-08-01 13:00:00,3233.6296467520397
4586,2023-08-01 14:00:00,3300.3112465430213
4587,2023-08-01 15:00:00,3377.0349994486423
4588,2023-08-01 16:00:00,3494.5470022441987
4589,2023-08-01 17:00:00,3611.6483715981894
4590,2023-08-01 18:00:00,3628.3723129631576
4591,2023-08-01 19:00:00,3464.901867500892
4592,2023-08-01 20:00:00,3137.764936624933
4593,2023-08-01 21:00:00,2759.985133275044
4594,2023-08-01 22:00:00,2459.1490299894595
4595,2023-08-01 23:00:00,2284.0994543636343
4596,2023-08-02 00:00:00,2182.9690804830425
4597,2023-08-02 01:00:00,2069.6442981522237
4598,2023-08-02 02:00:00,1914.4645868952534
4599,2023-08-02 03:00:00,1775.089835983672
4600,2023-08-02 04:00:00,1742.5885643625506
4601,2023-08-02 05:00:00,1857.7035762499818
4602,2023-08-02 06:00:00,2076.496685432742
4603,2023-08-02 07:00:00,2312.7595504896167
4604,2023-08-02 08:00:00,2510.361667749362
4605,2023-08-02 09:00:00,2674.9830647032904
4606,2023-08-02 10:00:00,2841.438669830271
4607,2023-08-02 11:00:00,3019.376793164503
4608,2023-08-02 12:00:00,3178.2613701455225
4609,2023-08-02 13:00:00,3285.747681162329
4610,2023-08-02 14:00:00,3352.772363434513
4611,2023-08-02 15:00:00,3428.968855904179
4612,2023-08-02 16:00:00,3545.0237348026058
4613,2023-08-02 17:00:00,3659.69157243348
4614,2023-08-02 18:00:00,3672.9730478030306
4615,2023-08-02 19:00:00,3505.033547624612
4616,2023-08-02 20:00:00,3172.3988439928294
4617,2023-08-02 21:00:00,2788.106386925521
4618,2023-08-02 22:00:00,2479.7727742156712
4619,2023-08-02 23:00:00,2296.287043408055
4620,2023-08-03 00:00:00,2185.8440329630744
4621,2023-08-03 01:00:00,2062.4077949037473
4622,2023-08-03 02:00:00,1896.4102897588164
4623,2023-08-03 04:00:00,1701.218108212058
4624,2023-08-03 05:00:00,1804.0847403205075
4625,2023-08-03 06:00:00,2010.420334696549
4626,2023-08-03 07:00:00,2234.165784323032
4627,2023-08-03 08:00:00,2419.3464657888208
4628,2023-08-03 09:00:00,2571.803037250374
4629,2023-08-03 10:00:00,2726.513816503081
4630,2023-08-03 11:00:00,2893.2911980100507
4631,2023-08-03 12:00:00,3041.7617876204085
4632,2023-08-03 13:00:00,3139.7399941210774
4633,2023-08-03 14:00:00,3198.315921155044
4634,2023-08-03 15:00:00,3267.268727652597
4635,2023-08-03 16:00:00,3377.42094145326
4636,2023-08-03 17:00:00,3487.6513849905778
4637,2023-08-03 18:00:00,3498.071467260324
4638,2023-08-03 19:00:00,3328.9421048391114
4639,2023-08-03 20:00:00,2996.867880952975
4640,2023-08-03 21:00:00,2614.9470016129203
4641,2023-08-03 22:00:00,2310.837630004589
4642,2023-08-03 23:00:00,2133.4502602614507
4643,2023-08-04 00:00:00,2030.980391470768
4644,2023-08-04 01:00:00,1917.371495059805
4645,2023-08-04 02:00:00,1763.0135146127916
4646,2023-08-04 03:00:00,1625.6093508839456
4647,2023-08-04 04:00:00,1596.2622977589458
4648,2023-08-04 05:00:00,1715.7409757094033
4649,2023-08-04 06:00:00,1940.123406558458
4650,2023-08-04 07:00:00,2183.2072816419686
4651,2023-08-04 08:00:00,2388.8574792469385
4652,2023-08-04 09:00:00,2562.7383822754578
4653,2023-08-04 10:00:00,2739.6379791173977
4654,2023-08-04 11:00:00,2929.1661880748698
4655,2023-08-04 12:00:00,3100.7370625343924
4656,2023-08-04 13:00:00,3221.9445927765682
4657,2023-08-04 14:00:00,3303.6529229250186
4658,2023-08-04 15:00:00,3395.412124492812
4659,2023-08-04 16:00:00,3527.814983146946
4660,2023-08-04 17:00:00,3659.51242906681
4661,2023-08-04 18:00:00,3690.3923356743794
4662,2023-08-04 19:00:00,3540.4989202091974
4663,2023-08-04 20:00:00,3226.229325744173
4664,2023-08-04 21:00:00,2860.4859152717167
4665,2023-08-04 22:00:00,2570.744830809686
4666,2023-08-04 23:00:00,2405.750452553563
4667,2023-08-05 00:00:00,2235.1402096653287
4668,2023-08-05 01:00:00,2129.5484174539642
4669,2023-08-05 02:00:00,1980.8475970284574
4670,2023-08-05 03:00:00,1846.6553946068605
4671,2023-08-05 04:00:00,1818.0132880670396
4672,2023-08-05 05:00:00,1935.6523191220308
4673,2023-08-05 06:00:00,2155.63770088503
4674,2023-08-05 07:00:00,2391.7793458120823
4675,2023-08-05 08:00:00,2587.9793663976116
4676,2023-08-05 09:00:00,2749.9640990462412
4677,2023-08-05 10:00:00,2912.607637024814
4678,2023-08-05 11:00:00,3085.629318879455
4679,2023-08-05 12:00:00,3238.5748388685643
4680,2023-08-05 13:00:00,3339.1907075877134
4681,2023-08-05 14:00:00,3398.5128965541494
4682,2023-08-05 15:00:00,3466.2808262104313
4683,2023-08-05 16:00:00,3573.2921744627733
4684,2023-08-05 17:00:00,3678.4161589424866
4685,2023-08-05 18:00:00,3681.7700424475534
4686,2023-08-05 19:00:00,3503.6361216016303
4687,2023-08-05 20:00:00,3160.655806161398
4688,2023-08-05 21:00:00,2765.9793482796654
4689,2023-08-05 22:00:00,2447.331804657842
4690,2023-08-05 23:00:00,2253.7048961268856
4691,2023-08-06 00:00:00,2133.389030300466
4692,2023-08-06 01:00:00,2000.4354869707217
4693,2023-08-06 02:00:00,1825.3540129819378
4694,2023-08-06 03:00:00,1665.978288576662
4695,2023-08-06 04:00:00,1613.5522411671425
4696,2023-08-06 05:00:00,1708.9937647553215
4697,2023-08-06 06:00:00,1908.537501058152
4698,2023-08-06 07:00:00,2126.1437478040434
4699,2023-08-06 08:00:00,2305.8445641033163
4700,2023-08-06 09:00:00,2453.474638085647
4701,2023-08-06 10:00:00,2603.993915020777
4702,2023-08-06 11:00:00,2767.1844410344315
4703,2023-08-06 12:00:00,2912.631094707522
4704,2023-08-06 13:00:00,3008.095937628083
4705,2023-08-06 14:00:00,3064.6603425036465
4706,2023-08-06 15:00:00,3131.9792962100614
4707,2023-08-06 16:00:00,3240.7971238469454
4708,2023-08-06 17:00:00,3349.9082415464436
4709,2023-08-06 18:00:00,3359.3348220942316
4710,2023-08-06 19:00:00,3189.2451620854963
4711,2023-08-06 20:00:00,2856.1493398651724
4712,2023-08-06 21:00:00,2473.050702940481
4713,2023-08-06 22:00:00,2167.5137452768367
4714,2023-08-06 23:00:00,1988.3580144771715
4715,2023-08-07 00:00:00,1962.1020729764691
4716,2023-08-07 01:00:00,1845.788780911092
4717,2023-08-07 02:00:00,1688.1438820816848
4718,2023-08-07 03:00:00,1546.8046435619217
4719,2023-08-07 04:00:00,1512.8182591661393
4720,2023-08-07 05:00:00,1626.9078418130493
4721,2023-08-07 06:00:00,1845.1174177834587
4722,2023-08-07 07:00:00,2081.222961734939
4723,2023-08-07 08:00:00,2279.0805171930697
4724,2023-08-07 09:00:00,2444.3589443109367
4725,2023-08-07 10:00:00,2611.864270928174
4726,2023-08-07 11:00:00,2791.2380828244045
4727,2023-08-07 12:00:00,2951.9396080296747
4728,2023-08-07 13:00:00,3061.6212115878607
4729,2023-08-07 14:00:00,3131.2181215394576
4730,2023-08-07 15:00:00,3210.3635330607603
4731,2023-08-07 16:00:00,3329.7445546236986
4732,2023-08-07 17:00:00,3448.1166361450983
4733,2023-08-07 18:00:00,3465.4812158503537
4734,2023-08-07 19:00:00,3302.0038331176042
4735,2023-08-07 20:00:00,2974.2093024001488
4736,2023-08-07 21:00:00,2595.132496237007
4737,2023-08-07 22:00:00,2292.385308961748
4738,2023-08-07 23:00:00,2114.849455946622
4739,2023-08-08 00:00:00,2010.709364814289
4740,2023-08-08 01:00:00,1893.9151501760653
4741,2023-08-08 02:00:00,1734.880911929031
4742,2023-08-08 03:00:00,1591.3508131895467
4743,2023-08-08 04:00:00,1554.485909715506
4744,2023-08-08 05:00:00,1665.1282856367015
4745,2023-08-08 06:00:00,1879.444150016739
4746,2023-08-08 07:00:00,2111.3329591188917
4747,2023-08-08 08:00:00,2304.773635144955
4748,2023-08-08 09:00:00,2465.5554490311697
4749,2023-08-08 10:00:00,2628.600568456994
4750,2023-08-08 11:00:00,2803.66073113272
4751,2023-08-08 12:00:00,2960.297721208678
4752,2023-08-08 13:00:00,3066.2573863897833
4753,2023-08-08 14:00:00,3132.558036274774
4754,2023-08-08 15:00:00,3208.904386109866
4755,2023-08-08 16:00:00,3326.042524908298
4756,2023-08-08 17:00:00,3442.7735606944457
4757,2023-08-08 18:00:00,3459.1306893942046
4758,2023-08-08 19:00:00,3295.296941751797
4759,2023-08-08 20:00:00,2967.800207911528
4760,2023-08-08 21:00:00,2589.6640885636734
4761,2023-08-08 22:00:00,2288.4751432487546
4762,2023-08-08 23:00:00,2113.076185588128
4763,2023-08-09 00:00:00,2011.5998748628506
4764,2023-08-09 01:00:00,1897.9325851255148
4765,2023-08-09 02:00:00,1742.4137793552309
4766,2023-08-09 03:00:00,1602.703329343507
4767,2023-08-09 04:00:00,1569.869735697424
4768,2023-08-09 05:00:00,1684.6557834243783
4769,2023-08-09 06:00:00,1903.123266218104
4770,2023-08-09 07:00:00,2139.0638217056494
4771,2023-08-09 08:00:00,2336.3469243824966
4772,2023-08-09 09:00:00,2500.6525790480646
4773,2023-08-09 10:00:00,2666.795690622622
4774,2023-08-09 11:00:00,2844.424544724764
4775,2023-08-09 12:00:00,3003.003051498046
4776,2023-08-09 13:00:00,3110.1864652083327
4777,2023-08-09 14:00:00,3176.9113960702275
4778,2023-08-09 15:00:00,3252.8112551864156
4779,2023-08-09 16:00:00,3368.572590090063
4780,2023-08-09 17:00:00,3482.94994354285
4781,2023-08-09 18:00:00,3495.9439641688678
4782,2023-08-09 19:00:00,3327.7200074544594
4783,2023-08-09 20:00:00,2994.8038134385292
4784,2023-08-09 21:00:00,2610.2327992451956
4785,2023-08-09 22:00:00,2301.6235289444626
4786,2023-08-09 23:00:00,2117.8650055282737
4787,2023-08-10 00:00:00,2007.1520321010219
4788,2023-08-10 01:00:00,1883.4486244828815
4789,2023-08-10 02:00:00,1717.1867062150607
4790,2023-08-10 03:00:00,1566.132533744565
4791,2023-08-10 04:00:00,1521.4738156729427
4792,2023-08-10 05:00:00,1624.0840738742147
4793,2023-08-10 06:00:00,1830.1658947433773
4794,2023-08-10 07:00:00,2053.6601302383433
4795,2023-08-10 08:00:00,2238.5921151610464
4796,2023-08-10 09:00:00,2390.8024651136902
4797,2023-08-10 10:00:00,2545.2694545325826
4798,2023-08-10 11:00:00,2711.8054337692956
4799,2023-08-10 12:00:00,2860.036963791121
4800,2023-08-10 13:00:00,2957.7784077447054
4801,2023-08-10 14:00:00,3016.1198228655876
4802,2023-08-10 15:00:00,3084.840320940715
4803,2023-08-10 16:00:00,3194.7623819185123
4804,2023-08-10 17:00:00,3304.7647796143215
4805,2023-08-10 18:00:00,3314.9588736431106
4806,2023-08-10 19:00:00,3145.605530502493
4807,2023-08-10 20:00:00,2813.309282616954
4808,2023-08-10 21:00:00,2431.168284460915
4809,2023-08-10 22:00:00,2126.840647006149
4810,2023-08-10 23:00:00,1949.2368114548344
4811,2023-08-11 00:00:00,1846.5522232648377
4812,2023-08-11 01:00:00,1732.7302995544776
4813,2023-08-11 02:00:00,1578.1609289168055
4814,2023-08-11 03:00:00,1440.5469564461166
4815,2023-08-11 04:00:00,1410.9916196814481
4816,2023-08-11 05:00:00,1530.2634821162846
4817,2023-08-11 06:00:00,1754.440507922975
4818,2023-08-11 07:00:00,1997.320330146272
4819,2023-08-11 08:00:00,2202.767768139437
4820,2023-08-11 09:00:00,2376.4471452610233
4821,2023-08-11 10:00:00,2553.14638970513
4822,2023-08-11 11:00:00,2742.475358978363
4823,2023-08-11 12:00:00,2913.8480450667266
4824,2023-08-11 13:00:00,3034.8583762452336
4825,2023-08-11 14:00:00,3116.3704340409536
4826,2023-08-11 15:00:00,3207.9342267825386
4827,2023-08-11 16:00:00,3340.142476395731
4828,2023-08-11 17:00:00,3471.646048722129
4829,2023-08-11 18:00:00,3502.3327523067633
4830,2023-08-11 19:00:00,3352.246738959893
4831,2023-08-11 20:00:00,3037.785085785855
4832,2023-08-11 21:00:00,2671.8500892722855
4833,2023-08-11 22:00:00,2381.917824364581
4834,2023-08-11 23:00:00,2216.7326037623725
4835,2023-08-12 00:00:00,2045.9317885486291
4836,2023-08-12 01:00:00,1940.1496254871206
4837,2023-08-12 02:00:00,1791.2585666259497
4838,2023-08-12 03:00:00,1656.8761886843038
4839,2023-08-12 04:00:00,1628.043899527212
4840,2023-08-12 05:00:00,1745.4926704246411
4841,2023-08-12 06:00:00,1965.287643577947
4842,2023-08-12 07:00:00,2201.2386600908744
4843,2023-08-12 08:00:00,2397.247760668522
4844,2023-08-12 09:00:00,2559.0412095215447
4845,2023-08-12 10:00:00,2721.493027281504
4846,2023-08-12 11:00:00,2894.322479467227
4847,2023-08-12 12:00:00,3047.0751869204955
4848,2023-08-12 13:00:00,3147.4975864279877
4849,2023-08-12 14:00:00,3206.625575324284
4850,2023-08-12 15:00:00,3274.1984994995264
4851,2023-08-12 16:00:00,3381.013961969387
4852,2023-08-12 17:00:00,3485.9411051042534
4853,2023-08-12 18:00:00,3489.0971161239954
4854,2023-08-12 19:00:00,3310.764215745991
4855,2023-08-12 20:00:00,2967.58373751238
4856,2023-08-12 21:00:00,2572.7058570331274
4857,2023-08-12 22:00:00,2253.8555542063295
4858,2023-08-12 23:00:00,2060.024472757385
4859,2023-08-13 00:00:00,1939.502942921537
4860,2023-08-13 01:00:00,1806.3421668554452
4861,2023-08-13 02:00:00,1631.051813526888
4862,2023-08-13 03:00:00,1471.465485024309
4863,2023-08-13 04:00:00,1418.8270304178996
4864,2023-08-13 05:00:00,1514.0542651386552
4865,2023-08-13 06:00:00,1713.3817520932407
4866,2023-08-13 07:00:00,1930.769710070905
4867,2023-08-13 08:00:00,2110.250118972599
4868,2023-08-13 09:00:00,2257.65758759533
4869,2023-08-13 10:00:00,2407.9519817017517
4870,2023-08-13 11:00:00,2570.9152677501
4871,2023-08-13 12:00:00,2716.132244527037
4872,2023-08-13 13:00:00,2811.3648936677046
4873,2023-08-13 14:00:00,2867.6411820498447
4874,2023-08-13 15:00:00,2934.6694716362767
4875,2023-08-13 16:00:00,3043.1940070669084
4876,2023-08-13 17:00:00,3152.009123924081
4877,2023-08-13 18:00:00,3161.1369143822662
4878,2023-08-13 19:00:00,2990.7455943492196
4879,2023-08-13 20:00:00,2657.345161424146
4880,2023-08-13 21:00:00,2273.938882351399
4881,2023-08-13 22:00:00,1968.0911702860585
4882,2023-08-13 23:00:00,1788.6214920070133
4883,2023-08-14 00:00:00,1762.0483291135363
4884,2023-08-14 01:00:00,1645.4144609360428
4885,2023-08-14 02:00:00,1487.4455504512914
4886,2023-08-14 03:00:00,1345.7787839621944
4887,2023-08-14 04:00:00,1311.461274545502
4888,2023-08-14 05:00:00,1425.2160544357082
4889,2023-08-14 06:00:00,1643.0870692836643
4890,2023-08-14 07:00:00,1878.8502132001863
4891,2023-08-14 08:00:00,2076.3614492625215
4892,2023-08-14 09:00:00,2241.2895572456964
4893,2023-08-14 10:00:00,2408.4404847421224
4894,2023-08-14 11:00:00,2587.4557373876914
4895,2023-08-14 12:00:00,2747.794463259337
4896,2023-08-14 13:00:00,2857.108947494237
4897,2023-08-14 14:00:00,2926.334338464886
4898,2023-08-14 15:00:00,3005.103751814311
4899,2023-08-14 16:00:00,3124.104216666451
4900,2023-08-14 17:00:00,3242.0911037799087
4901,2023-08-14 18:00:00,3259.065772435584
4902,2023-08-14 19:00:00,3095.193683273432
4903,2023-08-14 20:00:00,2766.9995722256704
4904,2023-08-14 21:00:00,2387.518233575153
4905,2023-08-14 22:00:00,2084.361483641926
4906,2023-08-14 23:00:00,1906.410959999665
4907,2023-08-15 00:00:00,1957.0870496203672
4908,2023-08-15 01:00:00,1839.8677163160319
4909,2023-08-15 02:00:00,1680.4030198685891
4910,2023-08-15 03:00:00,1536.4370468043358
4911,2023-08-15 04:00:00,1499.1307766083733
4912,2023-08-15 05:00:00,1609.3262174718986
4913,2023-08-15 06:00:00,1823.1895028492659
4914,2023-08-15 07:00:00,2054.6200137648457
4915,2023-08-15 08:00:00,2247.5965975527533
4916,2023-08-15 09:00:00,2407.9084506378367
4917,2023-08-15 10:00:00,2570.4776665947375
4918,2023-08-15 11:00:00,2745.055909425355
4919,2023-08-15 12:00:00,2901.2048899910687
4920,2023-08-15 13:00:00,3006.6703831069563
4921,2023-08-15 14:00:00,3072.470625952381
4922,2023-08-15 15:00:00,3148.310261777108
4923,2023-08-15 16:00:00,3264.935308061489
4924,2023-08-15 17:00:00,3381.146801764434
4925,2023-08-15 18:00:00,3396.9778682366045
4926,2023-08-15 19:00:00,3232.6114681301165
4927,2023-08-15 20:00:00,2904.5754219904434
4928,2023-08-15 21:00:00,2525.8932614488012
4929,2023-08-15 22:00:00,2224.151477491975
4930,2023-08-15 23:00:00,2048.192815728033
4931,2023-08-16 00:00:00,1790.9138311666354
4932,2023-08-16 01:00:00,1676.6729045692077
4933,2023-08-16 02:00:00,1520.5733957636305
4934,2023-08-16 03:00:00,1380.275110792214
4935,2023-08-16 04:00:00,1346.8464850800024
4936,2023-08-16 05:00:00,1461.0302390867155
4937,2023-08-16 06:00:00,1678.8881025461303
4938,2023-08-16 07:00:00,1914.2116497412294
4939,2023-08-16 08:00:00,2110.8702925115617
4940,2023-08-16 09:00:00,2274.5439735606196
4941,2023-08-16 10:00:00,2440.0475364342233
4942,2023-08-16 11:00:00,2617.0292060093498
4943,2023-08-16 12:00:00,2774.9528323775958
4944,2023-08-16 13:00:00,2881.4736104335902
4945,2023-08-16 14:00:00,2947.528091714943
4946,2023-08-16 15:00:00,3022.749629360722
4947,2023-08-16 16:00:00,3137.824713640745
4948,2023-08-16 17:00:00,3251.5078308089896
4949,2023-08-16 18:00:00,3263.7995736840353
4950,2023-08-16 19:00:00,3094.8652427164825
4951,2023-08-16 20:00:00,2761.230523659996
4952,2023-08-16 21:00:00,2375.9327801208833
4953,2023-08-16 22:00:00,2066.58852341766
4954,2023-08-16 23:00:00,1882.0867045898424
4955,2023-08-17 00:00:00,1770.622075574532
4956,2023-08-17 01:00:00,1646.1586018329758
4957,2023-08-17 02:00:00,1479.1281573637038
4958,2023-08-17 03:00:00,1327.296949887222
4959,2023-08-17 04:00:00,1281.8526401268587
4960,2023-08-17 05:00:00,1383.668702891266
4961,2023-08-17 06:00:00,1588.9476783929438
4962,2023-08-17 07:00:00,1811.6303732474032
4963,2023-08-17 08:00:00,1995.742077782032
4964,2023-08-17 09:00:00,2147.123364023936
4965,2023-08-17 10:00:00,2300.752463694292
4966,2023-08-17 11:00:00,2466.4416853352554
4967,2023-08-17 12:00:00,2613.8175490048375
4968,2023-08-17 13:00:00,2710.694377873025
4969,2023-08-17 14:00:00,2768.162190083665
4970,2023-08-17 15:00:00,2836.0000592870183
4971,2023-08-17 16:00:00,2945.0304282160737
4972,2023-08-17 17:00:00,3054.132034436564
4973,2023-08-17 18:00:00,3063.4162022409305
4974,2023-08-17 19:00:00,2893.1437637834197
4975,2023-08-17 20:00:00,2559.919218109778
4976,2023-08-17 21:00:00,2176.8406872929995
4977,2023-08-17 22:00:00,1871.5662508766795
4978,2023-08-17 23:00:00,1693.006319642754
4979,2023-08-18 00:00:00,1589.3563096167547
4980,2023-08-18 01:00:00,1474.559609494153
4981,2023-08-18 02:00:00,1319.0060804616426
4982,2023-08-18 03:00:00,1180.398541220503
4983,2023-08-18 04:00:00,1149.8402039597888
4984,2023-08-18 05:00:00,1268.0996078293792
4985,2023-08-18 06:00:00,1491.254693731139
4986,2023-08-18 07:00:00,1733.1030724670002
4987,2023-08-18 08:00:00,1937.5095422073018
4988,2023-08-18 09:00:00,2110.1384061863782
4989,2023-08-18 10:00:00,2285.777573552253
4990,2023-08-18 11:00:00,2474.0368838231657
4991,2023-08-18 12:00:00,2644.3303120865075
4992,2023-08-18 13:00:00,2764.251770801805
4993,2023-08-18 14:00:00,2844.6653267692245
4994,2023-08-18 15:00:00,2935.120974696299
4995,2023-08-18 16:00:00,3066.2114239722573
4996,2023-08-18 17:00:00,3196.5875290352697
4997,2023-08-18 18:00:00,3226.1370881296984
4998,2023-08-18 19:00:00,3074.9042438703113
4999,2023-08-18 20:00:00,2759.286065310297
5000,2023-08-18 21:00:00,2392.1848420096417
5001,2023-08-18 22:00:00,2101.076643112287
5002,2023-08-18 23:00:00,1934.7057766617186
5003,2023-08-19 00:00:00,1762.70960024016
5004,2023-08-19 01:00:00,1655.722358232091
5005,2023-08-19 02:00:00,1505.6165014790622
5006,2023-08-19 03:00:00,1370.0096066474389
5007,2023-08-19 04:00:00,1339.9430827072615
5008,2023-08-19 05:00:00,1456.1479032034676
5009,2023-08-19 06:00:00,1674.6892137717227
5010,2023-08-19 07:00:00,1909.3768601348245
5011,2023-08-19 08:00:00,2104.11288878352
5012,2023-08-19 09:00:00,2264.6235709000116
5013,2023-08-19 10:00:00,2425.782935270022
5014,2023-08-19 11:00:00,2597.310256758665
5015,2023-08-19 12:00:00,2748.7511667231483
5016,2023-08-19 13:00:00,2847.8521136922695
5017,2023-08-19 14:00:00,2905.6490079057476
5018,2023-08-19 15:00:00,2971.8812093796355
5019,2023-08-19 16:00:00,3077.3463364451795
5020,2023-08-19 17:00:00,3180.9135479957367
5021,2023-08-19 18:00:00,3182.7000489819034
5022,2023-08-19 19:00:00,3002.98807905304
5023,2023-08-19 20:00:00,2658.41899190559
5024,2023-08-19 21:00:00,2262.142984508227
5025,2023-08-19 22:00:00,1941.8850593321836
5026,2023-08-19 23:00:00,1746.6368838884116
5027,2023-08-20 00:00:00,1624.68881342915
5028,2023-08-20 01:00:00,1490.0920763233194
5029,2023-08-20 02:00:00,1313.3563689951552
5030,2023-08-20 03:00:00,1152.3153221955708
5031,2023-08-20 04:00:00,1098.212814885856
5032,2023-08-20 05:00:00,1191.9666936091273
5033,2023-08-20 06:00:00,1389.811553606156
5034,2023-08-20 07:00:00,1605.7076472289486
5035,2023-08-20 08:00:00,1783.6869891599642
5036,2023-08-20 09:00:00,1929.5842241990226
5037,2023-08-20 10:00:00,2078.359255368951
5038,2023-08-20 11:00:00,2239.794087570382
5039,2023-08-20 12:00:00,2383.4735592671523
5040,2023-08-20 13:00:00,2477.159693019543
5041,2023-08-20 14:00:00,2531.905059474325
5042,2023-08-20 15:00:00,2597.393446271509
5043,2023-08-20 16:00:00,2704.3691427194453
5044,2023-08-20 17:00:00,2811.626530290991
5045,2023-08-20 18:00:00,2819.187748274865
5046,2023-08-20 19:00:00,2647.2210609084873
5047,2023-08-20 20:00:00,2312.236515348068
5048,2023-08-20 21:00:00,1927.23742910614
5049,2023-08-20 22:00:00,1619.7882673235063
5050,2023-08-20 23:00:00,1438.708549973609
5051,2023-08-21 00:00:00,1410.5168130833158
5052,2023-08-21 01:00:00,1292.2558915882996
5053,2023-08-21 02:00:00,1132.6515053144797
5054,2023-08-21 03:00:00,989.3408985947424
5055,2023-08-21 04:00:00,953.3712437536362
5056,2023-08-21 05:00:00,1065.465633470818
5057,2023-08-21 06:00:00,1281.6680750391133
5058,2023-08-21 07:00:00,1515.7545254154224
5059,2023-08-21 08:00:00,1711.5810117055066
5060,2023-08-21 09:00:00,1874.8163789111054
5061,2023-08-21 10:00:00,2040.266641037278
5062,2023-08-21 11:00:00,2217.5733713208556
5063,2023-08-21 12:00:00,2376.1957866014036
5064,2023-08-21 13:00:00,2483.7862419858034
5065,2023-08-21 14:00:00,2551.279956956583
5066,2023-08-21 15:00:00,2628.3101194711135
5067,2023-08-21 16:00:00,2745.5638320987755
5068,2023-08-21 17:00:00,2861.7965402238606
5069,2023-08-21 18:00:00,2877.009678909584
5070,2023-08-21 19:00:00,2711.3687857161794
5071,2023-08-21 20:00:00,2381.3986746719143
5072,2023-08-21 21:00:00,2000.1342192624081
5073,2023-08-21 22:00:00,1695.1873161837598
5074,2023-08-21 23:00:00,1515.4396844955313
5075,2023-08-22 00:00:00,1409.0757569905454
5076,2023-08-22 01:00:00,1290.0456548253262
5077,2023-08-22 02:00:00,1128.7634858451318
5078,2023-08-22 03:00:00,982.9734225558554
5079,2023-08-22 04:00:00,943.8365315084061
5080,2023-08-22 05:00:00,1052.1949090903458
5081,2023-08-22 06:00:00,1264.2147780268388
5082,2023-08-22 07:00:00,1493.7956097064853
5083,2023-08-22 08:00:00,1684.9163429062742
5084,2023-08-22 09:00:00,1843.3662665882791
5085,2023-08-22 10:00:00,2004.0675679098263
5086,2023-08-22 11:00:00,2176.7720055294676
5087,2023-08-22 12:00:00,2331.0413860281687
5088,2023-08-22 13:00:00,2434.6215809831174
5089,2023-08-22 14:00:00,2498.5309253807313
5090,2023-08-22 15:00:00,2572.4741613074957
5091,2023-08-22 16:00:00,2687.1974061279284
5092,2023-08-22 17:00:00,2801.50179768016
5093,2023-08-22 18:00:00,2815.4205632264875
5094,2023-08-22 19:00:00,2649.136766332759
5095,2023-08-22 20:00:00,2319.178331462931
5096,2023-08-22 21:00:00,1938.568895134831
5097,2023-08-22 22:00:00,1634.8950542345233
5098,2023-08-22 23:00:00,1456.9996612358948
5099,2023-08-23 00:00:00,1353.0154157528455
5100,2023-08-23 01:00:00,1236.828733751677
5101,2023-08-23 02:00:00,1078.779121591614
5102,2023-08-23 03:00:00,936.5264959975766
5103,2023-08-23 04:00:00,901.1394039932367
5104,2023-08-23 05:00:00,1013.3606785854753
5105,2023-08-23 06:00:00,1229.2521629534654
5106,2023-08-23 07:00:00,1462.6055457360285
5107,2023-08-23 08:00:00,1657.2903540213472
5108,2023-08-23 09:00:00,1818.9866466707097
5109,2023-08-23 10:00:00,1982.5093842263195
5110,2023-08-23 11:00:00,2157.5069094864075
5111,2023-08-23 12:00:00,2313.4431912665614
5112,2023-08-23 13:00:00,2417.9735440699114
5113,2023-08-23 14:00:00,2482.0346398742518
5114,2023-08-23 15:00:00,2555.259953083191
5115,2023-08-23 16:00:00,2668.33609607167
5116,2023-08-23 17:00:00,2780.01767798026
5117,2023-08-23 18:00:00,2790.305415333999
5118,2023-08-23 19:00:00,2619.364733075943
5119,2023-08-23 20:00:00,2283.7214422367315
5120,2023-08-23 21:00:00,1896.4130324486384
5121,2023-08-23 22:00:00,1585.0561418412804
5122,2023-08-23 23:00:00,1398.5398489996114
5123,2023-08-24 00:00:00,1285.0590341386192
5124,2023-08-24 01:00:00,1158.5777917309076
5125,2023-08-24 02:00:00,989.5281255011631
5126,2023-08-24 03:00:00,835.6763736034549
5127,2023-08-24 04:00:00,788.2103278690595
5128,2023-08-24 05:00:00,888.0035949247733
5129,2023-08-24 06:00:00,1091.25884745195
5130,2023-08-24 07:00:00,1311.9170251980556
5131,2023-08-24 08:00:00,1494.003552266306
5132,2023-08-24 09:00:00,1643.3591351127588
5133,2023-08-24 10:00:00,1794.9621404877907
5134,2023-08-24 11:00:00,1958.6250125772178
5135,2023-08-24 12:00:00,2103.9744077214423
5136,2023-08-24 13:00:00,2198.824785906525
5137,2023-08-24 14:00:00,2254.266302702093
5138,2023-08-24 15:00:00,2320.0781697335137
5139,2023-08-24 16:00:00,2427.0829682852063
5140,2023-08-24 17:00:00,2534.1595749776507
5141,2023-08-24 18:00:00,2541.4194537165904
5142,2023-08-24 19:00:00,2369.1235767843727
5143,2023-08-24 20:00:00,2033.8765838006013
5144,2023-08-24 21:00:00,1648.7767379965433
5145,2023-08-24 22:00:00,1341.482260486312
5146,2023-08-24 23:00:00,1160.9037041026786
5147,2023-08-25 00:00:00,1055.2366273692908
5148,2023-08-25 01:00:00,938.424561938621
5149,2023-08-25 02:00:00,780.8575123536717
5150,2023-08-25 03:00:00,640.2384411028913
5151,2023-08-25 04:00:00,607.6707045588647
5152,2023-08-25 05:00:00,723.9229864435792
5153,2023-08-25 06:00:00,945.0733725941187
5154,2023-08-25 07:00:00,1184.9196191195772
5155,2023-08-25 08:00:00,1387.3266698540365
5156,2023-08-25 09:00:00,1557.9589740032802
5157,2023-08-25 10:00:00,1731.6045870279434
5158,2023-08-25 11:00:00,1917.8734950601522
5159,2023-08-25 12:00:00,2086.1798201024194
5160,2023-08-25 13:00:00,2204.117621787981
5161,2023-08-25 14:00:00,2282.551114387358
5162,2023-08-25 15:00:00,2371.030440309607
5163,2023-08-25 16:00:00,2500.1484568923165
5164,2023-08-25 17:00:00,2628.556166744188
5165,2023-08-25 18:00:00,2656.1415165037265
5166,2023-08-25 19:00:00,2502.948797366446
5167,2023-08-25 20:00:00,2185.3752271658213
5168,2023-08-25 21:00:00,1816.3232443500792
5169,2023-08-25 22:00:00,1523.2690672163683
5170,2023-08-25 23:00:00,1354.9571530233231
5171,2023-08-26 00:00:00,1181.0250087186082
5172,2023-08-26 01:00:00,1072.1070281714378
5173,2023-08-26 02:00:00,920.0758117997202
5174,2023-08-26 03:00:00,782.549085940152
5175,2023-08-26 04:00:00,750.5684093032354
5176,2023-08-26 05:00:00,864.8649052335036
5177,2023-08-26 06:00:00,1081.5038692008327
5178,2023-08-26 07:00:00,1314.2952968017114
5179,2023-08-26 08:00:00,1507.1413844251824
5180,2023-08-26 09:00:00,1665.7685531278184
5181,2023-08-26 10:00:00,1825.0509815759451
5182,2023-08-26 11:00:00,1994.7080944834622
5183,2023-08-26 12:00:00,2144.285673020302
5184,2023-08-26 13:00:00,2241.5303154491994
5185,2023-08-26 14:00:00,2297.4780817078713
5186,2023-08-26 15:00:00,2361.8684814019575
5187,2023-08-26 16:00:00,2465.4992823599655
5188,2023-08-26 17:00:00,2567.239792857382
5189,2023-08-26 18:00:00,2567.207367107652
5190,2023-08-26 19:00:00,2385.6843938754605
5191,2023-08-26 20:00:00,2039.312375804692
5192,2023-08-26 21:00:00,1641.2416586658385
5193,2023-08-26 22:00:00,1319.1973935288065
5194,2023-08-26 23:00:00,1122.171396307196
5195,2023-08-27 00:00:00,998.4541704395252
5196,2023-08-27 01:00:00,862.0970922699569
5197,2023-08-27 02:00:00,683.610005929948
5198,2023-08-27 03:00:00,520.826689639426
5199,2023-08-27 04:00:00,464.9911695521936
5200,2023-08-27 06:00:00,753.152240184619
5201,2023-08-27 07:00:00,967.3439713917103
5202,2023-08-27 08:00:00,1143.6287934009324
5203,2023-08-27 09:00:00,1287.8414966185526
5204,2023-08-27 10:00:00,1434.94212934056
5205,2023-08-27 11:00:00,1594.7128413620876
5206,2023-08-27 12:00:00,1736.7386156505102
5207,2023-08-27 13:00:00,1828.7816188940135
5208,2023-08-27 14:00:00,1881.870003779859
5209,2023-08-27 15:00:00,1945.712318905972
5210,2023-08-27 16:00:00,2051.0529963073145
5211,2023-08-27 17:00:00,2156.6865597681735
5212,2023-08-27 18:00:00,2162.63529036595
5213,2023-08-27 19:00:00,1989.0675936785249
5214,2023-08-27 20:00:00,1652.4936576959885
5215,2023-08-27 21:00:00,1265.9169402540526
5216,2023-08-27 22:00:00,956.9020462816576
5217,2023-08-27 23:00:00,774.2686350138006
5218,2023-08-28 00:00:00,744.5353811761531
5219,2023-08-28 01:00:00,624.7452578394567
5220,2023-08-28 02:00:00,463.62412238501736
5221,2023-08-28 03:00:00,318.8093561030038
5222,2023-08-28 04:00:00,281.34826767676986
5223,2023-08-28 05:00:00,391.96408549983073
5224,2023-08-28 06:00:00,606.7009519705801
5225,2023-08-28 07:00:00,839.3349584851486
5226,2023-08-28 08:00:00,1033.7222659310023
5227,2023-08-28 09:00:00,1195.5318524119484
5228,2023-08-28 10:00:00,1359.5698643580497
5229,2023-08-28 11:00:00,1535.4780067121535
5230,2023-08-28 12:00:00,1692.7156273140765
5231,2023-08-28 13:00:00,1798.9352115395136
5232,2023-08-28 14:00:00,1865.0721083955682
5233,2023-08-28 15:00:00,1940.7596346146413
5234,2023-08-28 16:00:00,2056.685020758461
5235,2023-08-28 17:00:00,2171.603839443415
5236,2023-08-28 18:00:00,2185.5176521616054
5237,2023-08-28 19:00:00,2018.5921220832042
5238,2023-08-28 20:00:00,1687.3521880435121
5239,2023-08-28 21:00:00,1304.8328475207632
5240,2023-08-28 22:00:00,998.6461202620396
5241,2023-08-28 23:00:00,817.6738476634187
5242,2023-08-29 00:00:00,710.1005838895962
5243,2023-08-29 01:00:00,589.8765706187992
5244,2023-08-29 02:00:00,427.4160352943619
5245,2023-08-29 03:00:00,280.4632691527167
5246,2023-08-29 04:00:00,240.17945654272796
5247,2023-08-29 05:00:00,347.4068106954604
5248,2023-08-29 06:00:00,558.3116702714065
5249,2023-08-29 07:00:00,786.7936216174799
5250,2023-08-29 08:00:00,976.8317175090392
5251,2023-08-29 09:00:00,1134.2153599245678
5252,2023-08-29 10:00:00,1293.8668480578451
5253,2023-08-29 11:00:00,1465.5380515896475
5254,2023-08-29 12:00:00,1618.7908871179366
5255,2023-08-29 13:00:00,1721.371335210471
5256,2023-08-29 14:00:00,1784.2978388067754
5257,2023-08-29 15:00:00,1857.2752469048892
5258,2023-08-29 16:00:00,1971.0497827100403
5259,2023-08-29 17:00:00,2084.422688856484
5260,2023-08-29 18:00:00,2097.427296292874
5261,2023-08-29 19:00:00,1930.2467712015991
5262,2023-08-29 20:00:00,1599.40913955673
5263,2023-08-29 21:00:00,1217.938138275921
5264,2023-08-29 22:00:00,913.4204635124753
5265,2023-08-29 23:00:00,734.699065888563
5266,2023-08-30 00:00:00,629.9067420140447
5267,2023-08-30 01:00:00,512.9300037009793
5268,2023-08-30 02:00:00,354.1084520014688
5269,2023-08-30 03:00:00,211.10209712202365
5270,2023-08-30 04:00:00,174.97957844554924
5271,2023-08-30 05:00:00,286.48382008926654
5272,2023-08-30 06:00:00,501.67675516203917
5273,2023-08-30 07:00:00,734.35016105791
5274,2023-08-30 08:00:00,928.3736523207765
5275,2023-08-30 09:00:00,1089.4273740925762
5276,2023-08-30 10:00:00,1252.3263719427628
5277,2023-08-30 11:00:00,1426.7190724515767
5278,2023-08-30 12:00:00,1582.06952694368
5279,2023-08-30 13:00:00,1686.0331311831153
5280,2023-08-30 14:00:00,1749.5466371330622
5281,2023-08-30 15:00:00,1822.2435978795143
5282,2023-08-30 16:00:00,1934.8107032019045
5283,2023-08-30 17:00:00,2046.002638341163
5284,2023-08-30 18:00:00,2055.8201946155154
5285,2023-08-30 19:00:00,1884.4288704395087
5286,2023-08-30 20:00:00,1548.3545489985875
5287,2023-08-30 21:00:00,1160.6347907400666
5288,2023-08-30 22:00:00,848.8863032693308
5289,2023-08-30 23:00:00,661.9982332942479
5290,2023-08-31 00:00:00,548.1655278139033
5291,2023-08-31 01:00:00,421.35234669437136
5292,2023-08-31 02:00:00,251.99075771140497
5293,2023-08-31 03:00:00,97.8471616752651
5294,2023-08-31 04:00:00,50.10941169720736
5295,2023-08-31 05:00:00,149.6511742902771
5296,2023-08-31 06:00:00,352.67518062287616
5297,2023-08-31 07:00:00,573.1224275295885
5298,2023-08-31 08:00:00,755.0183947839209
5299,2023-08-31 09:00:00,904.2038431008916
5300,2023-08-31 10:00:00,1055.657192064993
5301,2023-08-31 11:00:00,1219.190937272606
5302,2023-08-31 12:00:00,1364.4317850190769
5303,2023-08-31 13:00:00,1459.1942438389185
5304,2023-08-31 14:00:00,1514.5685163705161
5305,2023-08-31 15:00:00,1580.3338598796836
5306,2023-08-31 16:00:00,1687.3128998219104
5307,2023-08-31 17:00:00,1794.3845555304897
5308,2023-08-31 18:00:00,1801.6603321630653
5309,2023-08-31 19:00:00,1629.4012417563154
5310,2023-08-31 20:00:00,1294.2119622482141
5311,2023-08-31 21:00:00,909.1907936790989
5312,2023-08-31 22:00:00,601.9959925054195
5313,2023-08-31 23:00:00,421.53814535551817
5314,2023-09-01 00:00:00,316.0128431492707
5315,2023-09-01 01:00:00,199.36364835907807
5316,2023-09-01 02:00:00,41.98059488393662
5317,2023-09-01 03:00:00,-98.43332695370793
5318,2023-09-01 04:00:00,-130.77473444900363
5319,2023-09-01 05:00:00,-14.274919063200542
5320,2023-09-01 06:00:00,207.14422833941256
5321,2023-09-01 07:00:00,447.2804856533262
5322,2023-09-01 08:00:00,649.9988169659421
5323,2023-09-01 09:00:00,820.9636902209185
5324,2023-09-01 10:00:00,994.9631780845264
5325,2023-09-01 11:00:00,1181.6072823703719
5326,2023-09-01 12:00:00,1350.3101392091926
5327,2023-09-01 13:00:00,1468.6658208590216
5328,2023-09-01 14:00:00,1547.538552650104
5329,2023-09-01 15:00:00,1636.4784865288334
5330,2023-09-01 16:00:00,1766.0784878209904
5331,2023-09-01 17:00:00,1894.9895655832318
5332,2023-09-01 18:00:00,1923.0996713599618
5333,2023-09-01 19:00:00,1770.453099702805
5334,2023-09-01 20:00:00,1453.4470702618112
5335,2023-09-01 21:00:00,1084.9840217489777
5336,2023-09-01 22:00:00,792.5401711770387
5337,2023-09-01 23:00:00,624.859972975591
5338,2023-09-02 00:00:00,451.5809296922847
5339,2023-09-02 01:00:00,343.3374292766569
5340,2023-09-02 02:00:00,192.00206466563603
5341,2023-09-02 04:00:00,23.950442868820545
5342,2023-09-02 05:00:00,139.00684501907367
5343,2023-09-02 06:00:00,356.42704138682495
5344,2023-09-02 07:00:00,590.02101231817
5345,2023-09-02 08:00:00,783.6909374511947
5346,2023-09-02 09:00:00,943.1632194833944
5347,2023-09-02 10:00:00,1103.3120171999742
5348,2023-09-02 11:00:00,1273.8567338865275
5349,2023-09-02 12:00:00,1424.3431277450509
5350,2023-09-02 13:00:00,1522.5177725194992
5351,2023-09-02 14:00:00,1579.4167020874677
5352,2023-09-02 15:00:00,1644.7793984490581
5353,2023-09-02 16:00:00,1749.403600305306
5354,2023-09-02 17:00:00,1852.1585852426138
5355,2023-09-02 18:00:00,1853.1616752670918
5356,2023-09-02 19:00:00,1672.695225400691
5357,2023-09-02 20:00:00,1327.4007030187306
5358,2023-09-02 21:00:00,930.428417075635
5359,2023-09-02 22:00:00,609.5034803295016
5360,2023-09-02 23:00:00,413.61766884142787
5361,2023-09-03 00:00:00,291.06144467931676
5362,2023-09-03 01:00:00,155.88614130486516
5363,2023-09-03 02:00:00,-21.39844154562593
5364,2023-09-03 03:00:00,-182.9585715503326
5365,2023-09-03 05:00:00,-144.25559229371632
5366,2023-09-03 06:00:00,53.160152968177314
5367,2023-09-03 07:00:00,268.6573125171307
5368,2023-09-03 08:00:00,446.2679936133378
5369,2023-09-03 09:00:00,591.8269318310561
5370,2023-09-03 10:00:00,740.2941190630305
5371,2023-09-03 11:00:00,901.4516472795524
5372,2023-09-03 12:00:00,1044.8844401469205
5373,2023-09-03 13:00:00,1138.3546035785914
5374,2023-09-03 14:00:00,1192.8902280266157
5375,2023-09-03 15:00:00,1258.1997983929743
5376,2023-09-03 16:00:00,1365.027681584807
5377,2023-09-03 17:00:00,1472.2110977102784
5378,2023-09-03 18:00:00,1479.729413394892
5379,2023-09-03 19:00:00,1307.7509648861799
5380,2023-09-03 20:00:00,972.7858693574889
5381,2023-09-03 21:00:00,587.8375124824065
5382,2023-09-03 22:00:00,280.4704255727595
5383,2023-09-03 23:00:00,99.50419284060641
5384,2023-09-04 00:00:00,71.45741257961437
5385,2023-09-04 01:00:00,-46.6270199607182
5386,2023-09-04 02:00:00,-206.02332661046185
5387,2023-09-04 03:00:00,-349.09420667207064
5388,2023-09-04 04:00:00,-384.79243344634745
5389,2023-09-04 05:00:00,-272.39486186919316
5390,2023-09-04 06:00:00,-55.8574342499125
5391,2023-09-04 07:00:00,178.5958547484291
5392,2023-09-04 08:00:00,374.82107860186125
5393,2023-09-04 09:00:00,538.4871266868777
5394,2023-09-04 10:00:00,704.4000553422711
5395,2023-09-04 11:00:00,882.2014781123019
5396,2023-09-04 12:00:00,1041.3506501257668
5397,2023-09-04 13:00:00,1149.4999627333814
5398,2023-09-04 14:00:00,1217.5846696191784
5399,2023-09-04 15:00:00,1295.23799089669
5400,2023-09-04 16:00:00,1413.147059244458
5401,2023-09-04 17:00:00,1530.067348094528
5402,2023-09-04 18:00:00,1546.000318509091
5403,2023-09-04 19:00:00,1381.1115319675605
5404,2023-09-04 20:00:00,1051.9258243676304
5405,2023-09-04 21:00:00,671.4780890113358
5406,2023-09-04 22:00:00,367.38024023897185
5407,2023-09-04 23:00:00,188.51401282414093
5408,2023-09-05 00:00:00,83.06385309687845
5409,2023-09-05 01:00:00,-35.020106312396734
5410,2023-09-05 02:00:00,-195.3237481708569
5411,2023-09-05 03:00:00,-340.1028926540313
5412,2023-09-05 04:00:00,-378.1964679906792
5413,2023-09-05 05:00:00,-268.76237468334546
5414,2023-09-05 06:00:00,-55.63438897343809
5415,2023-09-05 07:00:00,175.08695946123294
5416,2023-09-05 08:00:00,367.38060624380296
5417,2023-09-05 09:00:00,527.0358350619609
5418,2023-09-05 10:00:00,688.9748257239376
5419,2023-09-05 11:00:00,862.9493274221729
5420,2023-09-05 12:00:00,1018.5211351867574
5421,2023-09-05 13:00:00,1123.4361069160448
5422,2023-09-05 14:00:00,1188.7125618476787
5423,2023-09-05 15:00:00,1264.055224199758
5424,2023-09-05 16:00:00,1380.210191360524
5425,2023-09-05 17:00:00,1495.9785791125714
5426,2023-09-05 18:00:00,1511.393590541732
5427,2023-09-05 19:00:00,1346.638262949469
5428,2023-09-05 20:00:00,1018.2404924205512
5429,2023-09-05 21:00:00,639.223885024321
5430,2023-09-05 22:00:00,337.17500506957003
5431,2023-09-05 23:00:00,160.93667037592905
5432,2023-09-06 00:00:00,58.6415437953777
5433,2023-09-06 01:00:00,-55.82399753546716
5434,2023-09-06 02:00:00,-212.1204881978571
5435,2023-09-06 03:00:00,-352.5880545110076
5436,2023-09-06 04:00:00,-386.15819452700316
5437,2023-09-06 05:00:00,-272.08812246162233
5438,2023-09-06 06:00:00,-54.316044386225826
5439,2023-09-06 07:00:00,180.949676997542
5440,2023-09-06 08:00:00,377.5785153350548
5441,2023-09-06 09:00:00,541.2504739841381
5442,2023-09-06 10:00:00,706.7804559604225
5443,2023-09-06 11:00:00,883.8167444141208
5444,2023-09-06 12:00:00,1041.82324648066
5445,2023-09-06 13:00:00,1148.4552129193994
5446,2023-09-06 14:00:00,1214.6492499386334
5447,2023-09-06 15:00:00,1290.0387640895556
5448,2023-09-06 16:00:00,1405.3102978712404
5449,2023-09-06 17:00:00,1519.2183885055076
5450,2023-09-06 18:00:00,1531.7636785810478
5451,2023-09-06 19:00:00,1363.1115170609153
5452,2023-09-06 20:00:00,1029.7876369763987
5453,2023-09-06 21:00:00,644.8294479611513
5454,2023-09-06 22:00:00,335.8535061192913
5455,2023-09-06 23:00:00,151.74880600455015
5456,2023-09-07 00:00:00,40.710141817917446
5457,2023-09-07 01:00:00,-83.29847998317891
5458,2023-09-07 02:00:00,-249.845145674682
5459,2023-09-07 03:00:00,-401.16360907800834
5460,2023-09-07 04:00:00,-446.06617230695673
5461,2023-09-07 05:00:00,-343.6793246446971
5462,2023-09-07 06:00:00,-137.800491289038
5463,2023-09-07 07:00:00,85.511167695078
5464,2023-09-07 08:00:00,270.2809746560538
5465,2023-09-07 09:00:00,422.34953234543764
5466,2023-09-07 10:00:00,576.6951018972753
5467,2023-09-07 11:00:00,743.1300199648299
5468,2023-09-07 12:00:00,891.2808334304315
5469,2023-09-07 13:00:00,988.9618909325853
5470,2023-09-07 14:00:00,1047.2632347970728
5471,2023-09-07 15:00:00,1115.9639615358094
5472,2023-09-07 16:00:00,1225.8865354177926
5473,2023-09-07 17:00:00,1335.9097141990637
5474,2023-09-07 18:00:00,1346.1448410697078
5475,2023-09-07 19:00:00,1176.8527657290228
5476,2023-09-07 20:00:00,844.6380033965553
5477,2023-09-07 21:00:00,462.59869108067767
5478,2023-09-07 22:00:00,158.39292184197356
5479,2023-09-07 23:00:00,-19.068881381840782
5480,2023-09-08 00:00:00,-121.59129167537085
5481,2023-09-08 01:00:00,-235.23091084914913
5482,2023-09-08 02:00:00,-389.59786958502707
5483,2023-09-08 03:00:00,-526.9893423658401
5484,2023-09-08 04:00:00,-556.3021115495221
5485,2023-09-08 05:00:00,-436.76763391191315
5486,2023-09-08 06:00:00,-212.3079658120488
5487,2023-09-08 07:00:00,30.874504925421277
5488,2023-09-08 08:00:00,236.64457648977393
5489,2023-09-08 09:00:00,410.66655075060015
5490,2023-09-08 10:00:00,587.7283341559137
5491,2023-09-08 11:00:00,777.439762141965
5492,2023-09-08 12:00:00,949.2148043456586
5493,2023-09-08 13:00:00,1070.6473664140638
5494,2023-09-08 14:00:00,1152.6015069654404
5495,2023-09-08 15:00:00,1244.6272111597225
5496,2023-09-08 16:00:00,1377.317177446026
5497,2023-09-08 17:00:00,1509.3222479821393
5498,2023-09-08 18:00:00,1540.5302073384041
5499,2023-09-08 19:00:00,1390.985183088469
5500,2023-09-08 20:00:00,1077.0842278877335
5501,2023-09-08 21:00:00,711.7296134593861
5502,2023-09-08 22:00:00,422.39738983462223
5503,2023-09-08 23:00:00,257.8318445066402
5504,2023-09-09 00:00:00,87.67031312488672
5505,2023-09-09 01:00:00,-17.452983195075973
5506,2023-09-09 02:00:00,-165.66561827274361
5507,2023-09-09 03:00:00,-299.35004147849565
5508,2023-09-09 04:00:00,-327.46487125847403
5509,2023-09-09 05:00:00,-209.27916284570694
5510,2023-09-09 06:00:00,11.272199222458482
5511,2023-09-09 07:00:00,247.99902916469244
5512,2023-09-09 08:00:00,444.8033405738085
5513,2023-09-09 09:00:00,607.4113703324276
5514,2023-09-09 10:00:00,770.6971115853644
5515,2023-09-09 11:00:00,944.3798022113522
5516,2023-09-09 12:00:00,1098.0050351690772
5517,2023-09-09 13:00:00,1199.3192192317945
5518,2023-09-09 14:00:00,1259.3582235405281
5519,2023-09-09 15:00:00,1327.8613656248529
5520,2023-09-09 16:00:00,1435.6262199772293
5521,2023-09-09 17:00:00,1541.5219002868223
5522,2023-09-09 18:00:00,1545.6655649390127
5523,2023-09-09 19:00:00,1368.3394056682748
5524,2023-09-09 20:00:00,1026.1847268885267
5525,2023-09-09 21:00:00,632.3516749390853
5526,2023-09-09 22:00:00,314.56520030753995
5527,2023-09-09 23:00:00,121.81691717305863
5528,2023-09-10 00:00:00,2.397126095239088
5529,2023-09-10 01:00:00,-129.6430005710964
5530,2023-09-10 02:00:00,-303.7938237824424
5531,2023-09-10 03:00:00,-462.2217714914416
5532,2023-09-10 04:00:00,-513.6830247894593
5533,2023-09-10 06:00:00,-216.71756015514643
5534,2023-09-10 07:00:00,1.9038786046274367
5535,2023-09-10 08:00:00,182.63646706438533
5536,2023-09-10 09:00:00,331.31478335648796
5537,2023-09-10 10:00:00,482.8986624577226
5538,2023-09-10 11:00:00,647.1700399315521
5539,2023-09-10 12:00:00,793.7136836203871
5540,2023-09-10 13:00:00,890.2915441201319
5541,2023-09-10 14:00:00,947.9315571646135
5542,2023-09-10 15:00:00,1016.34205350764
5543,2023-09-10 16:00:00,1126.2672465162505
5544,2023-09-10 17:00:00,1236.5014404241824
5545,2023-09-10 18:00:00,1247.0666959559621
5546,2023-09-10 19:00:00,1078.131197551258
5547,2023-09-10 20:00:00,746.2049112208533
5548,2023-09-10 21:00:00,364.29107212657914
5549,2023-09-10 22:00:00,59.95406173578765
5550,2023-09-10 23:00:00,-117.98668490971903
5551,2023-09-11 00:00:00,-143.01271797565943
5552,2023-09-11 01:00:00,-258.0812900002469
5553,2023-09-11 02:00:00,-414.46676985532565
5554,2023-09-11 03:00:00,-554.5320031771735
5555,2023-09-11 04:00:00,-587.2299088551997
5556,2023-09-11 05:00:00,-471.8374866667975
5557,2023-09-11 06:00:00,-252.3108230034196
5558,2023-09-11 07:00:00,-14.874055831484498
5559,2023-09-11 08:00:00,184.32874579454764
5560,2023-09-11 09:00:00,350.96632952267134
5561,2023-09-11 10:00:00,519.8446107671564
5562,2023-09-11 11:00:00,700.605062968046
5563,2023-09-11 12:00:00,862.7068019601093
5564,2023-09-11 13:00:00,973.8020806655175
5565,2023-09-11 14:00:00,1044.8260151606446
5566,2023-09-11 15:00:00,1125.4116888292103
5567,2023-09-11 16:00:00,1246.2460984788593
5568,2023-09-11 17:00:00,1366.0845825524377
5569,2023-09-11 18:00:00,1384.9284680160376
5570,2023-09-11 19:00:00,1222.9431831454654
5571,2023-09-11 20:00:00,896.6534315766869
5572,2023-09-11 21:00:00,519.0939751742073
5573,2023-09-11 22:00:00,217.87659790419744
5574,2023-09-11 23:00:00,41.882905010854074
5575,2023-09-12 00:00:00,-60.70278571860092
5576,2023-09-12 01:00:00,-175.93046926305382
5577,2023-09-12 02:00:00,-333.38615500779997
5578,2023-09-12 03:00:00,-475.325788785576
5579,2023-09-12 04:00:00,-510.5884234904872
5580,2023-09-12 05:00:00,-398.3320832976417
5581,2023-09-12 06:00:00,-182.39066711983895
5582,2023-09-12 07:00:00,51.13517370027063
5583,2023-09-12 08:00:00,246.22425417269727
5584,2023-09-12 09:00:00,408.66573835062354
5585,2023-09-12 10:00:00,573.3816874801468
5586,2023-09-12 11:00:00,750.1237332341034
5587,2023-09-12 12:00:00,908.4535541550302
5588,2023-09-12 13:00:00,1016.1168927493513
5589,2023-09-12 14:00:00,1084.131953899513
5590,2023-09-12 15:00:00,1162.2033485693548
5591,2023-09-12 16:00:00,1281.077061964514
5592,2023-09-12 17:00:00,1399.5540987806723
5593,2023-09-12 18:00:00,1417.6675521199481
5594,2023-09-12 19:00:00,1255.6003504001912
5595,2023-09-12 20:00:00,929.8802819467701
5596,2023-09-12 21:00:00,553.5308461845641
5597,2023-09-12 22:00:00,254.13850190575687
5598,2023-09-12 23:00:00,80.54596254310616
5599,2023-09-13 00:00:00,-19.11421227611862
5600,2023-09-13 01:00:00,-130.95574752421703
5601,2023-09-13 02:00:00,-284.63927870586735
5602,2023-09-13 03:00:00,-422.5050319235853
5603,2023-09-13 04:00:00,-453.48460383613195
5604,2023-09-13 05:00:00,-336.83530609626507
5605,2023-09-13 06:00:00,-116.49544103704454
5606,2023-09-13 07:00:00,121.32653357092669
5607,2023-09-13 08:00:00,320.4999974709624
5608,2023-09-13 09:00:00,486.70486136743716
5609,2023-09-13 10:00:00,654.7559367542646
5610,2023-09-13 11:00:00,834.3014165096768
5611,2023-09-13 12:00:00,994.8051186907381
5612,2023-09-13 13:00:00,1103.9222062214806
5613,2023-09-13 14:00:00,1172.5891986483568
5614,2023-09-13 15:00:00,1250.4394171183112
5615,2023-09-13 16:00:00,1368.159319952545
5616,2023-09-13 17:00:00,1484.5033614347262
5617,2023-09-13 18:00:00,1499.4721024234286
5618,2023-09-13 19:00:00,1333.2308114236082
5619,2023-09-13 20:00:00,1002.3051422502757
5620,2023-09-13 21:00:00,619.7324265524388
5621,2023-09-13 22:00:00,313.1291437283424
5622,2023-09-13 23:00:00,131.38421286961324
5623,2023-09-14 00:00:00,22.69235397224419
5624,2023-09-14 01:00:00,-98.9824994412409
5625,2023-09-14 02:00:00,-263.20850531558204
5626,2023-09-14 03:00:00,-412.21948786531397
5627,2023-09-14 04:00:00,-454.82781834554623
5628,2023-09-14 05:00:00,-350.1600538757121
5629,2023-09-14 06:00:00,-142.01368623214555
5630,2023-09-14 07:00:00,83.55205922699544
5631,2023-09-14 08:00:00,270.5624408351713
5632,2023-09-14 09:00:00,424.85799863392145
5633,2023-09-14 10:00:00,581.4169323075542
5634,2023-09-14 11:00:00,750.0515183587954
5635,2023-09-14 12:00:00,900.3882448191152
5636,2023-09-14 13:00:00,1000.2414027582535
5637,2023-09-14 14:00:00,1060.7009782288005
5638,2023-09-14 15:00:00,1131.5460127606211
5639,2023-09-14 16:00:00,1243.598916952618
5640,2023-09-14 17:00:00,1355.7383961587702
5641,2023-09-14 18:00:00,1368.0757425012027
5642,2023-09-14 19:00:00,1200.8717558776361
5643,2023-09-14 20:00:00,870.7309030304148
5644,2023-09-14 21:00:00,490.75127378105896
5645,2023-09-14 22:00:00,188.59091526355007
5646,2023-09-14 23:00:00,13.160205877766131
5647,2023-09-15 00:00:00,-87.34547077044017
5648,2023-09-15 01:00:00,-198.98275847747183
5649,2023-09-15 02:00:00,-351.361828611748
5650,2023-09-15 03:00:00,-486.7798950362303
5651,2023-09-15 04:00:00,-514.1337782108634
5652,2023-09-15 05:00:00,-392.65497168586467
5653,2023-09-15 06:00:00,-166.2655673176278
5654,2023-09-15 07:00:00,78.83201287519667
5655,2023-09-15 08:00:00,286.5025341782731
5656,2023-09-15 09:00:00,462.41026687511345
5657,2023-09-15 10:00:00,641.3430870899742
5658,2023-09-15 11:00:00,832.9108012436667
5659,2023-09-15 12:00:00,1006.5273512509003
5660,2023-09-15 13:00:00,1129.7866163198714
5661,2023-09-15 14:00:00,1213.5526299180851
5662,2023-09-15 15:00:00,1307.3753533334288
5663,2023-09-15 16:00:00,1441.8474624483483
5664,2023-09-15 17:00:00,1575.6197781013593
5665,2023-09-15 18:00:00,1608.5800648453478
5666,2023-09-15 19:00:00,1460.7724315064609
5667,2023-09-15 20:00:00,1148.5939132708484
5668,2023-09-15 21:00:00,784.9467656438449
5669,2023-09-15 22:00:00,497.30702373110483
5670,2023-09-15 23:00:00,334.4189613522186
5671,2023-09-16 00:00:00,165.91990174136353
5672,2023-09-16 01:00:00,62.44405486168694
5673,2023-09-16 02:00:00,-84.13616299527814
5674,2023-09-16 03:00:00,-216.20320986921433
5675,2023-09-16 04:00:00,-242.7157115925447
5676,2023-09-16 05:00:00,-122.94272954846063
5677,2023-09-16 06:00:00,99.18084679665844
5678,2023-09-16 07:00:00,337.46482798638283
5679,2023-09-16 08:00:00,535.8112251609398
5680,2023-09-16 09:00:00,699.9462739708629
5681,2023-09-16 10:00:00,864.7439675912083
5682,2023-09-16 11:00:00,1039.9235450856254
5683,2023-09-16 12:00:00,1195.0306018644876
5684,2023-09-16 13:00:00,1297.8115503200972
5685,2023-09-16 14:00:00,1359.3022644637426
5686,2023-09-16 15:00:00,1429.242067851247
5687,2023-09-16 16:00:00,1538.4285422141452
5688,2023-09-16 17:00:00,1645.730809663731
5689,2023-09-16 18:00:00,1651.266038199759
5690,2023-09-16 19:00:00,1475.3164303412773
5691,2023-09-16 20:00:00,1134.5233024462188
5692,2023-09-16 21:00:00,742.0368139937241
5693,2023-09-16 22:00:00,425.58192974818525
5694,2023-09-16 23:00:00,234.15027932564107
5695,2023-09-17 00:00:00,116.03217986626882
5696,2023-09-17 01:00:00,-14.721178533398529
5697,2023-09-17 02:00:00,-187.6001379796018
5698,2023-09-17 03:00:00,-344.77110642599104
5699,2023-09-17 04:00:00,-394.9902438477108
5700,2023-09-17 05:00:00,-297.33974286302066
5701,2023-09-17 06:00:00,-95.58504758278909
5702,2023-09-17 07:00:00,124.23405471149248
5703,2023-09-17 08:00:00,306.1495388859974
5704,2023-09-17 09:00:00,455.9960096870619
5705,2023-09-17 10:00:00,608.7333298075597
5706,2023-09-17 11:00:00,774.1434635950127
5707,2023-09-17 12:00:00,921.8112087514938
5708,2023-09-17 13:00:00,1019.4985467681593
5709,2023-09-17 14:00:00,1078.2334453539574
5710,2023-09-17 15:00:00,1147.7242682739425
5711,2023-09-17 16:00:00,1258.7152629298378
5712,2023-09-17 17:00:00,1370.0007686284348
5713,2023-09-17 18:00:00,1381.6338594811346
5714,2023-09-17 19:00:00,1213.7517359100518
5715,2023-09-17 20:00:00,882.8644020848947
5716,2023-09-17 21:00:00,501.9751323281933
5717,2023-09-17 22:00:00,198.64834825698568
5718,2023-09-17 23:00:00,21.70352599474481
5719,2023-09-18 00:00:00,-2.3408424992380787
5720,2023-09-18 01:00:00,-116.44196670506562
5721,2023-09-18 02:00:00,-271.87417150095894
5722,2023-09-18 03:00:00,-411.00025756320093
5723,2023-09-18 04:00:00,-442.77309788931
5724,2023-09-18 05:00:00,-326.46964543649705
5725,2023-09-18 06:00:00,-106.045938865352
5726,2023-09-18 07:00:00,132.27393250490525
5727,2023-09-18 08:00:00,332.34594918021907
5728,2023-09-18 09:00:00,499.8389092320516
5729,2023-09-18 10:00:00,669.5587794010087
5730,2023-09-18 11:00:00,851.1470853201491
5731,2023-09-18 12:00:00,1014.0629958868251
5732,2023-09-18 13:00:00,1125.9588179183816
5733,2023-09-18 14:00:00,1197.7697222596987
5734,2023-09-18 15:00:00,1279.1288478776253
5735,2023-09-18 16:00:00,1400.7232479921777
5736,2023-09-18 17:00:00,1521.3083182711055
5737,2023-09-18 18:00:00,1540.8854437222346
5738,2023-09-18 19:00:00,1379.6201114473733
5739,2023-09-18 20:00:00,1054.037084685182
5740,2023-09-18 21:00:00,677.1711857023696
5741,2023-09-18 22:00:00,376.6342596136584
5742,2023-09-18 23:00:00,201.30797357589557
5743,2023-09-19 00:00:00,99.37670800674849
5744,2023-09-19 01:00:00,-15.209468655018426
5745,2023-09-19 02:00:00,-172.03650170072194
5746,2023-09-19 03:00:00,-313.3602721324386
5747,2023-09-19 04:00:00,-348.0197673303588
5748,2023-09-19 05:00:00,-235.17294523274566
5749,2023-09-19 06:00:00,-18.653637856048817
5750,2023-09-19 07:00:00,215.43757102543265
5751,2023-09-19 08:00:00,411.0795646666779
5752,2023-09-19 09:00:00,574.0615759920171
5753,2023-09-19 10:00:00,739.3057357728449
5754,2023-09-19 11:00:00,916.563745854472
5755,2023-09-19 12:00:00,1075.3973555251796
5756,2023-09-19 13:00:00,1183.5523786772758
5757,2023-09-19 14:00:00,1252.0470921643564
5758,2023-09-19 15:00:00,1330.5861795102742
5759,2023-09-19 16:00:00,1449.9156990435977
5760,2023-09-19 17:00:00,1568.8367291694942
5761,2023-09-19 18:00:00,1587.3824372222723
5762,2023-09-19 19:00:00,1425.7358264125573
5763,2023-09-19 20:00:00,1100.4247603834071
5764,2023-09-19 21:00:00,724.4728143977266
5765,2023-09-19 22:00:00,425.46652358291146
5766,2023-09-19 23:00:00,252.24867821668593
5767,2023-09-20 00:00:00,152.95191524689042
5768,2023-09-20 01:00:00,41.4625874988284
5769,2023-09-20 02:00:00,-111.87986227075436
5770,2023-09-20 03:00:00,-249.41558145573651
5771,2023-09-20 04:00:00,-280.07608755595203
5772,2023-09-20 05:00:00,-163.11861266092595
5773,2023-09-20 06:00:00,57.518620906910805
5774,2023-09-20 07:00:00,295.62723577305013
5775,2023-09-20 08:00:00,495.07669247660624
5776,2023-09-20 09:00:00,661.5469828980761
5777,2023-09-20 10:00:00,829.8530000914054
5778,2023-09-20 11:00:00,1009.6430188366476
5779,2023-09-20 12:00:00,1170.3809394538107
5780,2023-09-20 13:00:00,1279.7220074627116
5781,2023-09-20 14:00:00,1348.602825330526
5782,2023-09-20 15:00:00,1426.6567974430977
5783,2023-09-20 16:00:00,1544.570465654334
5784,2023-09-20 17:00:00,1661.0983680919098
5785,2023-09-20 18:00:00,1676.2411497100165
5786,2023-09-20 19:00:00,1510.1641634141663
5787,2023-09-20 20:00:00,1179.393147609851
5788,2023-09-20 21:00:00,796.9655188767326
5789,2023-09-20 22:00:00,490.49784170523236
5790,2023-09-20 23:00:00,308.8791205313447
5791,2023-09-21 00:00:00,200.30416089728922
5792,2023-09-21 01:00:00,78.7369820746866
5793,2023-09-21 02:00:00,-85.39048794141057
5794,2023-09-21 03:00:00,-234.3119872549708
5795,2023-09-21 04:00:00,-276.83980083005963
5796,2023-09-21 05:00:00,-172.10039937007247
5797,2023-09-21 06:00:00,36.1088119414033
5798,2023-09-21 07:00:00,261.7286944489932
5799,2023-09-21 08:00:00,448.78459331494
5800,2023-09-21 09:00:00,603.1171355165179
5801,2023-09-21 10:00:00,759.7046077802398
5802,2023-09-21 11:00:00,928.3593737253641
5803,2023-09-21 12:00:00,1078.7080085815812
5804,2023-09-21 13:00:00,1178.5648906802269
5805,2023-09-21 14:00:00,1239.0200933864303
5806,2023-09-21 15:00:00,1309.8527455879691
5807,2023-09-21 16:00:00,1421.8853452608826
5808,2023-09-21 17:00:00,1533.9966851785634
5809,2023-09-21 18:00:00,1546.2981448638257
5810,2023-09-21 19:00:00,1379.050611630159
5811,2023-09-21 20:00:00,1048.8586396400042
5812,2023-09-21 21:00:00,668.8204060239323
5813,2023-09-21 22:00:00,366.5940453105764
5814,2023-09-21 23:00:00,191.0900231703919
5815,2023-09-22 00:00:00,90.50381045786649
5816,2023-09-22 01:00:00,-21.221149484777243
5817,2023-09-22 02:00:00,-173.69494092228737
5818,2023-09-22 03:00:00,-309.2146907240654
5819,2023-09-22 04:00:00,-336.67713245367025
5820,2023-09-22 05:00:00,-215.3136728727423
5821,2023-09-22 06:00:00,10.953682821328485
5822,2023-09-22 07:00:00,255.92259914821747
5823,2023-09-22 08:00:00,463.4579277787695
5824,2023-09-22 09:00:00,639.2240252352389
5825,2023-09-22 10:00:00,818.0088537170602
5826,2023-09-22 11:00:00,1009.4223055504773
5827,2023-09-22 12:00:00,1182.8784083552448
5828,2023-09-22 13:00:00,1305.9711268775552
5829,2023-09-22 14:00:00,1389.5645798939422
5830,2023-09-22 15:00:00,1483.2088138028257
5831,2023-09-22 16:00:00,1617.4965893649285
5832,2023-09-22 17:00:00,1751.0788120650536
5833,2023-09-22 18:00:00,1783.8433308608226
5834,2023-09-22 19:00:00,1635.8343387251325
5835,2023-09-22 20:00:00,1323.4489547322767
5836,2023-09-22 21:00:00,959.5895180007645
5837,2023-09-22 22:00:00,671.7321469639741
5838,2023-09-22 23:00:00,508.6211984728154
5839,2023-09-23 00:00:00,339.89407850856907
5840,2023-09-23 01:00:00,236.1850794399091
5841,2023-09-23 02:00:00,89.36669967542359
5842,2023-09-23 03:00:00,-42.943437060795205
5843,2023-09-23 04:00:00,-69.70387516503948
5844,2023-09-23 05:00:00,49.816405051150724
5845,2023-09-23 06:00:00,271.6825948820051
5846,2023-09-23 07:00:00,509.7045851993823
5847,2023-09-23 08:00:00,707.7844671343424
5848,2023-09-23 09:00:00,871.6485559401681
5849,2023-09-23 10:00:00,1036.1709239988754
5850,2023-09-23 11:00:00,1211.0708891847885
5851,2023-09-23 12:00:00,1365.8941252892778
5852,2023-09-23 13:00:00,1468.3871226982353
5853,2023-09-23 14:00:00,1529.5858329583828
5854,2023-09-23 15:00:00,1599.229656746945
5855,2023-09-23 16:00:00,1708.1162524529996
5856,2023-09-23 17:00:00,1815.1148184293215
5857,2023-09-23 18:00:00,1820.342598410601
5858,2023-09-23 19:00:00,1644.0818702081528
5859,2023-09-23 20:00:00,1302.9740249993752
5860,2023-09-23 21:00:00,910.1692965909335
5861,2023-09-23 22:00:00,593.3927235842569
5862,2023-09-23 23:00:00,401.6360089287499
5863,2023-09-24 00:00:00,283.18954260697797
5864,2023-09-24 01:00:00,152.10458701835427
5865,2023-09-24 02:00:00,-21.109128136403086
5866,2023-09-24 03:00:00,-178.61793955005143
5867,2023-09-24 04:00:00,-229.1779364645092
5868,2023-09-24 05:00:00,-131.87124130984807
5869,2023-09-24 06:00:00,69.53677143688196
5870,2023-09-24 07:00:00,289.0063835788397
5871,2023-09-24 08:00:00,470.56963849350103
5872,2023-09-24 09:00:00,620.0612088769808
5873,2023-09-24 10:00:00,772.4410247905182
5874,2023-09-24 11:00:00,937.4911173727519
5875,2023-09-24 12:00:00,1084.796350507623
5876,2023-09-24 13:00:00,1182.1187713025683
5877,2023-09-24 14:00:00,1240.4864124519415
5878,2023-09-24 15:00:00,1309.6077021162205
5879,2023-09-24 16:00:00,1420.2269514685368
5880,2023-09-24 17:00:00,1531.1385629704178
5881,2023-09-24 18:00:00,1542.3646959795408
5882,2023-09-24 19:00:00,1374.0736339254668
5883,2023-09-24 20:00:00,1042.7754421997915
5884,2023-09-24 21:00:00,661.4734557027482
5885,2023-09-24 22:00:00,357.7321559279969
5886,2023-09-24 23:00:00,180.37107832481382
5887,2023-09-25 00:00:00,155.90877344382363
5888,2023-09-25 01:00:00,41.38808976074472
5889,2023-09-25 02:00:00,-114.46524034087783
5890,2023-09-25 03:00:00,-254.01396090487606
5891,2023-09-25 04:00:00,-286.21088901565673
5892,2023-09-25 05:00:00,-170.3329223721279
5893,2023-09-25 06:00:00,49.66395492298817
5894,2023-09-25 07:00:00,287.5557074199441
5895,2023-09-25 08:00:00,487.1983687937829
5896,2023-09-25 09:00:00,654.2607896086505
5897,2023-09-25 10:00:00,823.5489883619844
5898,2023-09-25 11:00:00,1004.7045417549718
5899,2023-09-25 12:00:00,1167.186669041973
5900,2023-09-25 13:00:00,1278.6477266786874
5901,2023-09-25 14:00:00,1350.0229344306417
5902,2023-09-25 15:00:00,1430.94547945862
5903,2023-09-25 16:00:00,1552.102462470529
5904,2023-09-25 17:00:00,1672.2493258654174
5905,2023-09-25 18:00:00,1691.3875006698738
5906,2023-09-25 19:00:00,1529.682519266851
5907,2023-09-25 20:00:00,1203.6591894440867
5908,2023-09-25 21:00:00,826.352377255861
5909,2023-09-25 22:00:00,525.3739708907924
5910,2023-09-25 23:00:00,349.6056798186219
5911,2023-09-26 00:00:00,247.23192602032623
5912,2023-09-26 01:00:00,132.2028187536372
5913,2023-09-26 02:00:00,-25.06754719846745
5914,2023-09-26 03:00:00,-166.8350135428149
5915,2023-09-26 04:00:00,-201.9385290958096
5916,2023-09-26 05:00:00,-89.53601399018345
5917,2023-09-26 06:00:00,126.53873677748996
5918,2023-09-26 07:00:00,360.18517574985475
5919,2023-09-26 08:00:00,555.3822216529911
5920,2023-09-26 09:00:00,717.9191421889988
5921,2023-09-26 10:00:00,882.7181021044295
5922,2023-09-26 11:00:00,1059.5308364643183
5923,2023-09-26 12:00:00,1217.9191270158376
5924,2023-09-26 13:00:00,1325.6288193345379
5925,2023-09-26 14:00:00,1393.6782211896223
5926,2023-09-26 15:00:00,1471.7720462475058
5927,2023-09-26 16:00:00,1590.6563822253524
5928,2023-09-26 17:00:00,1709.1323361214463
5929,2023-09-26 18:00:00,1727.2331031101787
5930,2023-09-26 19:00:00,1565.1417134679132
5931,2023-09-26 20:00:00,1239.3860571374546
5932,2023-09-26 21:00:00,862.9897348899846
5933,2023-09-26 22:00:00,563.539306618077
5934,2023-09-26 23:00:00,389.87758658030987
5935,2023-09-27 00:00:00,290.1372349308648
5936,2023-09-27 01:00:00,178.20462693922673
5937,2023-09-27 02:00:00,24.419227036510208
5938,2023-09-27 03:00:00,-113.55909126061454
5939,2023-09-27 04:00:00,-144.66182532565813
5940,2023-09-27 05:00:00,-28.146187863170752
5941,2023-09-27 06:00:00,192.04961740576334
5942,2023-09-27 07:00:00,429.71723094953825
5943,2023-09-27 08:00:00,628.72613038217
5944,2023-09-27 09:00:00,794.7563239201854
5945,2023-09-27 10:00:00,962.6227201621775
5946,2023-09-27 11:00:00,1141.9736086845446
5947,2023-09-27 12:00:00,1302.272903881975
5948,2023-09-27 13:00:00,1411.175864539338
5949,2023-09-27 14:00:00,1479.6191056709783
5950,2023-09-27 15:00:00,1557.2360434467869
5951,2023-09-27 16:00:00,1674.7132307764302
5952,2023-09-27 17:00:00,1790.805216064317
5953,2023-09-27 18:00:00,1805.5126538312722
5954,2023-09-27 19:00:00,1639.0009057865072
5955,2023-09-27 20:00:00,1307.795718413589
5956,2023-09-27 21:00:00,924.9345156306886
5957,2023-09-27 22:00:00,618.0338685477547
5958,2023-09-27 23:00:00,435.9827874369312
5959,2023-09-28 00:00:00,68.64862942526237
5960,2023-09-28 01:00:00,-53.349674585199395
5961,2023-09-28 02:00:00,-217.90764650614534
5962,2023-09-28 03:00:00,-367.2590214434854
5963,2023-09-28 04:00:00,-410.2160820817153
5964,2023-09-28 05:00:00,-305.90529755153864
5965,2023-09-28 06:00:00,-98.12407218090286
5966,2023-09-28 07:00:00,127.06845554087833
5967,2023-09-28 08:00:00,313.6976302521638
5968,2023-09-28 09:00:00,467.60407768816515
5969,2023-09-28 10:00:00,623.7660826626845
5970,2023-09-28 11:00:00,791.9960061919763
5971,2023-09-28 12:00:00,941.9204202284049
5972,2023-09-28 13:00:00,1041.3536991264064
5973,2023-09-28 14:00:00,1101.3859116345131
5974,2023-09-28 15:00:00,1171.7961813346437
5975,2023-09-28 16:00:00,1283.407000239877
5976,2023-09-28 17:00:00,1395.0971545011662
5977,2023-09-28 18:00:00,1406.9780163734692
5978,2023-09-28 19:00:00,1239.3104652501393
5979,2023-09-28 20:00:00,908.6990467168803
5980,2023-09-28 21:00:00,528.2419287182765
5981,2023-09-28 22:00:00,225.5972359433727
5982,2023-09-28 23:00:00,49.67542360127881
5983,2023-09-29 00:00:00,-352.40869494180004
5984,2023-09-29 01:00:00,-464.5503952264105
5985,2023-09-29 02:00:00,-617.4404202405664
5986,2023-09-29 03:00:00,-753.3759097531115
5987,2023-09-29 04:00:00,-781.2536108601422
5988,2023-09-29 05:00:00,-660.3049444048628
5989,2023-09-29 06:00:00,-434.45193029028434
5990,2023-09-29 07:00:00,-189.89691928170004
5991,2023-09-29 08:00:00,17.22492450022692
5992,2023-09-29 09:00:00,192.57794110543028
5993,2023-09-29 10:00:00,370.9500757757063
5994,2023-09-29 11:00:00,561.9512033049539
5995,2023-09-29 12:00:00,734.99533323691
5996,2023-09-29 13:00:00,857.6764116793457
5997,2023-09-29 14:00:00,940.8585382624228
5998,2023-09-29 15:00:00,1034.0917396899506
5999,2023-09-29 16:00:00,1167.9687565101322
6000,2023-09-29 17:00:00,1301.1404734764606
6001,2023-09-29 18:00:00,1333.4947183209722
6002,2023-09-29 19:00:00,1185.075662274036
6003,2023-09-29 20:00:00,872.2804021703854
6004,2023-09-29 21:00:00,508.01125441993395
6005,2023-09-29 22:00:00,219.74431425244506
6006,2023-09-29 23:00:00,56.22391484492584
6007,2023-09-30 00:00:00,-39.418323564830786
6008,2023-09-30 01:00:00,-143.53660998838694
6009,2023-09-30 02:00:00,-290.76423267959893
6010,2023-09-30 03:00:00,-423.4835933977631
6011,2023-09-30 04:00:00,-450.65326246420426
6012,2023-09-30 05:00:00,-331.54224654131656
6013,2023-09-30 06:00:00,-110.08538111522512
6014,2023-09-30 07:00:00,127.52719750171401
6015,2023-09-30 08:00:00,325.1975528523992
6016,2023-09-30 09:00:00,488.65197222217284
6017,2023-09-30 10:00:00,652.7644995911988
6018,2023-09-30 11:00:00,827.2544240901176
6019,2023-09-30 12:00:00,981.6673903771715
6020,2023-09-30 13:00:00,1083.7498593648431
6021,2023-09-30 14:00:00,1144.5377527331061
6022,2023-09-30 15:00:00,1213.770440971868
6023,2023-09-30 16:00:00,1322.2455519325415
6024,2023-09-30 17:00:00,1428.8322531000808
6025,2023-09-30 18:00:00,1433.6477570216414
6026,2023-09-30 19:00:00,1256.9743100055637
6027,2023-09-30 20:00:00,915.4532714207527
6028,2023-09-30 21:00:00,522.2348429693576
6029,2023-09-30 22:00:00,205.04403084826313
6030,2023-09-30 23:00:00,12.872505337220062
6031,2023-10-01 00:00:00,379.92448506823536
6032,2023-10-01 01:00:00,248.423476029333
6033,2023-10-01 02:00:00,74.79303605893597
6034,2023-10-01 03:00:00,-83.13320525310517
6035,2023-10-01 05:00:00,-37.22361805908906
6036,2023-10-01 06:00:00,163.76464496648987
6037,2023-10-01 08:00:00,563.9554511636753
6038,2023-10-01 09:00:00,713.0246405999942
6039,2023-10-01 10:00:00,864.9811283795487
6040,2023-10-01 11:00:00,1029.6069102762797
6041,2023-10-01 12:00:00,1176.4868146538022
6042,2023-10-01 13:00:00,1273.3828529407165
6043,2023-10-01 14:00:00,1331.3230220021737
6044,2023-10-01 15:00:00,1400.015714037744
6045,2023-10-01 16:00:00,1510.205204114815
6046,2023-10-01 17:00:00,1620.6858584917343
6047,2023-10-01 18:00:00,1631.4798002008138
6048,2023-10-01 19:00:00,1462.7552762329442
6049,2023-10-01 20:00:00,1131.0560050850506
6050,2023-10-01 21:00:00,749.3515693212908
6051,2023-10-01 22:00:00,445.2064137653384
6052,2023-10-01 23:00:00,267.4400371423367
6053,2023-10-02 00:00:00,95.3632608953492
6054,2023-10-02 01:00:00,-19.56571869112753
6055,2023-10-02 02:00:00,-175.8288984233917
6056,2023-10-02 03:00:00,-315.7890592432408
6057,2023-10-02 04:00:00,-348.39905514779133
6058,2023-10-02 05:00:00,-232.93582077327687
6059,2023-10-02 06:00:00,-13.355377142568841
6060,2023-10-02 07:00:00,224.11820337063708
6061,2023-10-02 08:00:00,423.340917538607
6062,2023-10-02 09:00:00,589.9815790465944
6063,2023-10-02 10:00:00,758.8461695611749
6064,2023-10-02 11:00:00,939.576228980157
6065,2023-10-02 12:00:00,1101.6309398210608
6066,2023-10-02 13:00:00,1212.6626218623587
6067,2023-10-02 14:00:00,1283.606458263714
6068,2023-10-02 15:00:00,1364.0955996674136
6069,2023-10-02 16:00:00,1484.8171103390334
6070,2023-10-02 17:00:00,1604.526396363006
6071,2023-10-02 18:00:00,1623.2248525285743
6072,2023-10-02 19:00:00,1461.0779751208227
6073,2023-10-02 20:00:00,1134.6105359519954
6074,2023-10-02 21:00:00,756.8573652396186
6075,2023-10-02 22:00:00,455.4303154691239
6076,2023-10-02 23:00:00,279.2110605779061
6077,2023-10-03 00:00:00,83.25315628705707
6078,2023-10-03 01:00:00,-32.23166158913145
6079,2023-10-03 02:00:00,-189.96016416686678
6080,2023-10-03 03:00:00,-332.1882279899859
6081,2023-10-03 04:00:00,-367.7548364954995
6082,2023-10-03 05:00:00,-255.8179442582082
6083,2023-10-03 06:00:00,-40.21138046646746
6084,2023-10-03 07:00:00,192.96427343547384
6085,2023-10-03 08:00:00,387.6879024267014
6086,2023-10-03 09:00:00,549.748740697647
6087,2023-10-03 10:00:00,714.0689197720678
6088,2023-10-03 11:00:00,890.400141703235
6089,2023-10-03 12:00:00,1048.3041555112081
6090,2023-10-03 13:00:00,1155.5267743399943
6091,2023-10-03 14:00:00,1223.0862738101027
6092,2023-10-03 15:00:00,1300.6873357142363
6093,2023-10-03 16:00:00,1419.076016215158
6094,2023-10-03 17:00:00,1537.0533910657884
6095,2023-10-03 18:00:00,1554.652624516676
6096,2023-10-03 19:00:00,1392.056716244562
6097,2023-10-03 20:00:00,1065.793525937694
6098,2023-10-03 21:00:00,688.8866244529474
6099,2023-10-03 22:00:00,388.9225421209653
6100,2023-10-03 23:00:00,214.7440639956035
6101,2023-10-04 00:00:00,354.822344615244
6102,2023-10-04 01:00:00,242.36668437985998
6103,2023-10-04 02:00:00,88.05504286909773
6104,2023-10-04 03:00:00,-50.45273408079488
6105,2023-10-04 04:00:00,-82.0881711111264
6106,2023-10-04 05:00:00,33.891492211718926
6107,2023-10-04 06:00:00,253.54802571864323
6108,2023-10-04 07:00:00,490.6730438649879
6109,2023-10-04 08:00:00,689.1359986690092
6110,2023-10-04 09:00:00,854.6168732030959
6111,2023-10-04 10:00:00,1021.9305513654788
6112,2023-10-04 11:00:00,1200.7252984916881
6113,2023-10-04 12:00:00,1360.4650051815838
6114,2023-10-04 13:00:00,1468.8049069203716
6115,2023-10-04 14:00:00,1536.681595872
6116,2023-10-04 15:00:00,1613.728465871222
6117,2023-10-04 16:00:00,1730.6320479502692
6118,2023-10-04 17:00:00,1846.1468691543278
6119,2023-10-04 18:00:00,1860.2735631513715
6120,2023-10-04 19:00:00,1693.1774712890683
6121,2023-10-04 20:00:00,1361.3843202386915
6122,2023-10-04 21:00:00,977.9315146127664
6123,2023-10-04 22:00:00,670.4356067503091
6124,2023-10-04 23:00:00,487.7855886863401
6125,2023-10-05 00:00:00,378.17625347527746
6126,2023-10-05 01:00:00,255.5716076682258
6127,2023-10-05 02:00:00,90.40356639028447
6128,2023-10-05 03:00:00,-59.561621483288036
6129,2023-10-05 04:00:00,-103.13625407501081
6130,2023-10-05 05:00:00,0.5531846195113275
6131,2023-10-05 06:00:00,207.70927598767915
6132,2023-10-05 07:00:00,432.27286785059147
6133,2023-10-05 08:00:00,618.2692917431309
6134,2023-10-05 09:00:00,771.5391609035127
6135,2023-10-05 10:00:00,927.0607482532796
6136,2023-10-05 11:00:00,1094.646403532792
6137,2023-10-05 12:00:00,1243.9226880146807
6138,2023-10-05 13:00:00,1342.7039660301361
6139,2023-10-05 14:00:00,1402.0802968995984
6140,2023-10-05 15:00:00,1471.8307954321383
6141,2023-10-05 16:00:00,1582.777945494312
6142,2023-10-05 17:00:00,1693.8005257365694
6143,2023-10-05 18:00:00,1705.0099015654307
6144,2023-10-05 19:00:00,1536.6669461697697
6145,2023-10-05 20:00:00,1205.37619960194
6146,2023-10-05 21:00:00,824.2358249261321
6147,2023-10-05 22:00:00,520.9039426201749
6148,2023-10-05 23:00:00,344.2910043581918
6149,2023-10-06 00:00:00,242.59246702392423
6150,2023-10-06 01:00:00,129.75176010895132
6151,2023-10-06 02:00:00,-23.841214471779054
6152,2023-10-06 03:00:00,-160.4835973050736
6153,2023-10-06 04:00:00,-189.07213560060637
6154,2023-10-06 05:00:00,-68.8382496234714
6155,2023-10-06 06:00:00,156.2960419993831
6156,2023-10-06 07:00:00,400.12839048532146
6157,2023-10-06 08:00:00,606.5236343977674
6158,2023-10-06 09:00:00,781.1461172035672
6159,2023-10-06 10:00:00,958.7837882331011
6160,2023-10-06 11:00:00,1149.0465271508663
6161,2023-10-06 12:00:00,1321.3483490217304
6162,2023-10-06 13:00:00,1443.2832062414736
6163,2023-10-06 14:00:00,1525.7152054432154
6164,2023-10-06 15:00:00,1618.1943810600442
6165,2023-10-06 16:00:00,1751.3134821202605
6166,2023-10-06 17:00:00,1883.723402562587
6167,2023-10-06 18:00:00,1915.3119800617733
6168,2023-10-06 19:00:00,1766.123396527787
6169,2023-10-06 20:00:00,1452.554760221243
6170,2023-10-06 21:00:00,1087.5083997037016
6171,2023-10-06 22:00:00,798.4604231272617
6172,2023-10-06 23:00:00,634.155177330461
6173,2023-10-07 00:00:00,464.23005855327733
6174,2023-10-07 01:00:00,359.31934974942953
6175,2023-10-07 02:00:00,211.2955401822769
6176,2023-10-07 03:00:00,77.77624476909054
6177,2023-10-07 04:00:00,49.80291060468853
6178,2023-10-07 05:00:00,168.10654922665123
6179,2023-10-07 06:00:00,388.7523440890105
6180,2023-10-07 07:00:00,625.5501785855247
6181,2023-10-07 08:00:00,822.4021367215549
6182,2023-10-07 09:00:00,985.0345270283567
6183,2023-10-07 10:00:00,1148.3214154649577
6184,2023-10-07 11:00:00,1321.9821139119915
6185,2023-10-07 12:00:00,1475.5622905783196
6186,2023-10-07 13:00:00,1576.8084306352887
6187,2023-10-07 14:00:00,1636.75648082135
6188,2023-10-07 15:00:00,1705.1458374322183
6189,2023-10-07 16:00:00,1812.7741549285533
6190,2023-10-07 17:00:00,1918.5106281111389
6191,2023-10-07 18:00:00,1922.4724976480247
6192,2023-10-07 19:00:00,1744.9420387404994
6193,2023-10-07 20:00:00,1402.5606403536203
6194,2023-10-07 21:00:00,1008.4785346271021
6195,2023-10-07 22:00:00,690.4207589223206
6196,2023-10-07 23:00:00,497.37901544715794
6197,2023-10-08 00:00:00,377.6436939173254
6198,2023-10-08 01:00:00,245.26605697480375
6199,2023-10-08 02:00:00,70.7558350692151
6200,2023-10-08 03:00:00,-88.0533072323133
6201,2023-10-08 04:00:00,-139.91745739622468
6202,2023-10-08 05:00:00,-43.9187355501585
6203,2023-10-08 06:00:00,156.1774866814932
6204,2023-10-08 07:00:00,374.33149447835115
6205,2023-10-08 08:00:00,554.5753351455945
6206,2023-10-08 09:00:00,702.7436858812996
6207,2023-10-08 10:00:00,853.7964817945801
6208,2023-10-08 11:00:00,1017.5157596407563
6209,2023-10-08 12:00:00,1163.4863895116478
6210,2023-10-08 13:00:00,1259.4704252974743
6211,2023-10-08 14:00:00,1316.495907064355
6212,2023-10-08 15:00:00,1384.2712709430748
6213,2023-10-08 16:00:00,1493.5408366837923
6214,2023-10-08 17:00:00,1603.0990159288733
6215,2023-10-08 18:00:00,1612.96797784121
6216,2023-10-08 19:00:00,1443.3160162625395
6217,2023-10-08 20:00:00,1110.653207663741
6218,2023-10-08 21:00:00,727.9828985639595
6219,2023-10-08 22:00:00,422.86958283737204
6220,2023-10-08 23:00:00,244.1328088890753
6221,2023-10-09 00:00:00,39.60736808556238
6222,2023-10-09 01:00:00,-76.29633123236397
6223,2023-10-09 02:00:00,-233.5363145292203
6224,2023-10-09 04:00:00,-408.0661191862599
6225,2023-10-09 05:00:00,-293.58562209813607
6226,2023-10-09 06:00:00,-74.98978544527897
6227,2023-10-09 07:00:00,161.49737364489016
6228,2023-10-09 08:00:00,359.7319078791097
6229,2023-10-09 09:00:00,525.3826875179662
6230,2023-10-09 10:00:00,693.2557514908609
6231,2023-10-09 11:00:00,872.9926976138379
6232,2023-10-09 12:00:00,1034.0527669823102
6233,2023-10-09 13:00:00,1144.0883385860457
6234,2023-10-09 14:00:00,1214.0346554691591
6235,2023-10-09 15:00:00,1293.524928779939
6236,2023-10-09 16:00:00,1413.246283930472
6237,2023-10-09 17:00:00,1531.9541887792661
6238,2023-10-09 18:00:00,1549.6501005247944
6239,2023-10-09 19:00:00,1386.4995784713378
6240,2023-10-09 20:00:00,1059.027458054289
6241,2023-10-09 21:00:00,680.2686337469182
6242,2023-10-09 22:00:00,377.8350228736449
6243,2023-10-09 23:00:00,200.60836480949558
6244,2023-10-10 00:00:00,275.45688497868116
6245,2023-10-10 01:00:00,158.9631784624833
6246,2023-10-10 02:00:00,0.22514499989898695
6247,2023-10-10 03:00:00,-143.01302418640188
6248,2023-10-10 04:00:00,-179.5902442084544
6249,2023-10-10 05:00:00,-68.66440076583177
6250,2023-10-10 06:00:00,145.9307464054687
6251,2023-10-10 07:00:00,378.0946858153397
6252,2023-10-10 08:00:00,571.8063729775428
6253,2023-10-10 09:00:00,732.8551131151394
6254,2023-10-10 10:00:00,896.1631093256956
6255,2023-10-10 11:00:00,1071.4821357494336
6256,2023-10-10 12:00:00,1228.3740140007078
6257,2023-10-10 13:00:00,1334.584630324625
6258,2023-10-10 14:00:00,1401.1323339296143
6259,2023-10-10 15:00:00,1477.721880687798
6260,2023-10-10 16:00:00,1595.0994013110878
6261,2023-10-10 17:00:00,1712.0660466057666
6262,2023-10-10 18:00:00,1728.6550562991904
6263,2023-10-10 19:00:00,1565.0495060249366
6264,2023-10-10 20:00:00,1237.7773318608654
6265,2023-10-10 21:00:00,859.8621815165983
6266,2023-10-10 22:00:00,558.8906625903763
6267,2023-10-10 23:00:00,383.705637831922
6268,2023-10-11 00:00:00,282.4398166858585
6269,2023-10-11 01:00:00,168.97962448875822
6270,2023-10-11 02:00:00,13.664576524892396
6271,2023-10-11 03:00:00,-125.8454020525672
6272,2023-10-11 04:00:00,-158.48175619114915
6273,2023-10-11 05:00:00,-43.50164538788539
6274,2023-10-11 06:00:00,175.1567806140896
6275,2023-10-11 07:00:00,411.285217057958
6276,2023-10-11 08:00:00,608.7531971140836
6277,2023-10-11 09:00:00,773.2407853132341
6278,2023-10-11 10:00:00,939.5629473648894
6279,2023-10-11 11:00:00,1117.3680307316993
6280,2023-10-11 12:00:00,1276.1200084557809
6281,2023-10-11 13:00:00,1383.4741987498771
6282,2023-10-11 14:00:00,1450.3672768253791
6283,2023-10-11 15:00:00,1526.4327198296387
6284,2023-10-11 16:00:00,1642.357142387687
6285,2023-10-11 17:00:00,1756.8951553971353
6286,2023-10-11 18:00:00,1770.0474766564819
6287,2023-10-11 19:00:00,1601.9795318637177
6288,2023-10-11 20:00:00,1269.2171322810952
6289,2023-10-11 21:00:00,884.797767380142
6290,2023-10-11 22:00:00,576.3380744743084
6291,2023-10-11 23:00:00,392.72713091134324
6292,2023-10-12 00:00:00,282.15981517197923
6293,2023-10-12 01:00:00,158.60021945151283
6294,2023-10-12 02:00:00,-7.519655329916105
6295,2023-10-12 03:00:00,-158.4334742958517
6296,2023-10-12 04:00:00,-202.95344942417728
6297,2023-10-12 05:00:00,-100.2059784376629
6298,2023-10-12 06:00:00,106.01160649423244
6299,2023-10-12 07:00:00,329.64023974317803
6300,2023-10-12 08:00:00,514.7053395182074
6301,2023-10-12 09:00:00,667.047605837512
6302,2023-10-12 10:00:00,821.6453985091393
6303,2023-10-12 11:00:00,988.3111542339249
6304,2023-10-12 12:00:00,1136.6715213314676
6305,2023-10-12 13:00:00,1234.5409512428892
6306,2023-10-12 14:00:00,1293.0095904538127
6307,2023-10-12 15:00:00,1361.8566409881312
6308,2023-10-12 16:00:00,1471.9046739507532
6309,2023-10-12 17:00:00,1582.032555279308
6310,2023-10-12 18:00:00,1592.3517376523173
6311,2023-10-12 19:00:00,1423.1231815539704
6312,2023-10-12 20:00:00,1090.95151432079
6313,2023-10-12 21:00:00,708.9349862842449
6314,2023-10-12 22:00:00,404.73180515082197
6315,2023-10-12 23:00:00,227.252509799486
6316,2023-10-13 00:00:00,124.69264425983529
6317,2023-10-13 01:00:00,10.995725111080745
6318,2023-10-13 02:00:00,-143.44825870244648
6319,2023-10-13 03:00:00,-280.9363608644346
6320,2023-10-13 04:00:00,-310.3652417041131
6321,2023-10-13 05:00:00,-190.9662347726577
6322,2023-10-13 06:00:00,33.33872792807713
6323,2023-10-13 07:00:00,276.34738415409686
6324,2023-10-13 08:00:00,481.92465878957626
6325,2023-10-13 09:00:00,655.7349815312572
6326,2023-10-13 10:00:00,832.5663877797236
6327,2023-10-13 11:00:00,1022.0288430821759
6328,2023-10-13 12:00:00,1193.5364482224616
6329,2023-10-13 13:00:00,1314.6832411150158
6330,2023-10-13 14:00:00,1396.3334137263741
6331,2023-10-13 15:00:00,1488.0370855917565
6332,2023-10-13 16:00:00,1620.3870906204234
6333,2023-10-13 17:00:00,1752.0344074250847
6334,2023-10-13 18:00:00,1782.8669580732546
6335,2023-10-13 19:00:00,1632.9290086371627
6336,2023-10-13 20:00:00,1318.617751268129
6337,2023-10-13 21:00:00,952.8355981416496
6338,2023-10-13 22:00:00,663.0587407286114
6339,2023-10-13 23:00:00,498.03160889832327
6340,2023-10-14 00:00:00,327.39168160469376
6341,2023-10-14 01:00:00,221.77332419799973
6342,2023-10-14 02:00:00,73.04910800869541
6343,2023-10-14 03:00:00,-61.16327032460727
6344,2023-10-14 04:00:00,-89.82228232710801
6345,2023-10-14 05:00:00,27.803164530176574
6346,2023-10-14 06:00:00,247.77833434883354
6347,2023-10-14 07:00:00,483.91319076601565
6348,2023-10-14 08:00:00,680.1098976399871
6349,2023-10-14 09:00:00,842.0948429468081
6350,2023-10-14 10:00:00,1004.7421716840128
6351,2023-10-14 11:00:00,1177.7712743275633
6352,2023-10-14 12:00:00,1330.7278972538045
6353,2023-10-14 13:00:00,1431.3586033508645
6354,2023-10-14 14:00:00,1490.6994166133077
6355,2023-10-14 15:00:00,1558.4898101239921
6356,2023-10-14 16:00:00,1665.5275146446577
6357,2023-10-14 17:00:00,1770.6818008063885
6358,2023-10-14 18:00:00,1774.0699845838274
6359,2023-10-14 19:00:00,1595.9744159718107
6360,2023-10-14 20:00:00,1253.0365582348138
6361,2023-10-14 21:00:00,858.4067172560508
6362,2023-10-14 22:00:00,539.8100036179295
6363,2023-10-14 23:00:00,346.2381921365832
6364,2023-10-15 00:00:00,225.98174467452145
6365,2023-10-15 01:00:00,93.09199536320048
6366,2023-10-15 02:00:00,-81.92125439985382
6367,2023-10-15 03:00:00,-241.22426971039175
6368,2023-10-15 04:00:00,-293.5730682919529
6369,2023-10-15 05:00:00,-198.04970114558404
6370,2023-10-15 06:00:00,1.5805286067443234
6371,2023-10-15 07:00:00,219.27797401837432
6372,2023-10-15 08:00:00,399.07474962021814
6373,2023-10-15 09:00:00,546.8055991873289
6374,2023-10-15 10:00:00,697.4305237437295
6375,2023-10-15 11:00:00,860.7316252928252
6376,2023-10-15 12:00:00,1006.2938384742959
6377,2023-10-15 13:00:00,1101.8792810653297
6378,2023-10-15 14:00:00,1158.5160562911506
6379,2023-10-15 15:00:00,1225.9126627496225
6380,2023-10-15 16:00:00,1334.8134819302068
6381,2023-10-15 17:00:00,1444.0129864897542
6382,2023-10-15 18:00:00,1453.533405867126
6383,2023-10-15 19:00:00,1283.543093432238
6384,2023-10-15 20:00:00,950.5521844339114
6385,2023-10-15 21:00:00,567.5946738933645
6386,2023-10-15 22:00:00,262.2045210592098
6387,2023-10-15 23:00:00,83.20133079183604
6388,2023-10-16 00:00:00,57.103722917580505
6389,2023-10-16 01:00:00,-59.0453849590063
6390,2023-10-16 02:00:00,-216.52019143809443
6391,2023-10-16 03:00:00,-357.6833717246808
6392,2023-10-16 04:00:00,-391.48767422396793
6393,2023-10-16 05:00:00,-277.20992808763924
6394,2023-10-16 06:00:00,-58.80604905223824
6395,2023-10-16 07:00:00,177.49999563857475
6396,2023-10-16 08:00:00,375.5643077377208
6397,2023-10-16 09:00:00,541.0558056432046
6398,2023-10-16 10:00:00,708.780575578885
6399,2023-10-16 11:00:00,888.3802617684559
6400,2023-10-16 12:00:00,1049.3141508077574
6401,2023-10-16 13:00:00,1159.2346663159392
6402,2023-10-16 14:00:00,1229.0770950342205
6403,2023-10-16 15:00:00,1308.4746909121627
6404,2023-10-16 16:00:00,1428.1146212329047
6405,2023-10-16 17:00:00,1546.7523948004687
6406,2023-10-16 18:00:00,1564.389508825119
6407,2023-10-16 19:00:00,1401.1915616746157
6408,2023-10-16 20:00:00,1073.6834269074714
6409,2023-10-16 21:00:00,694.9000361562696
6410,2023-10-16 22:00:00,392.4533429414905
6411,2023-10-16 23:00:00,215.22512185901806
6412,2023-10-17 00:00:00,111.39985979435957
6413,2023-10-17 01:00:00,-5.072269321783779
6414,2023-10-17 02:00:00,-163.77710626457497
6415,2023-10-17 03:00:00,-306.9704285388757
6416,2023-10-17 05:00:00,-232.49704002262075
6417,2023-10-17 06:00:00,-17.821917155782742
6418,2023-10-17 07:00:00,214.43376336194046
6419,2023-10-17 08:00:00,408.24898322994295
6420,2023-10-17 09:00:00,569.4130728727306
6421,2023-10-17 10:00:00,732.8482594849522
6422,2023-10-17 11:00:00,908.3063403018328
6423,2023-10-17 12:00:00,1065.3491589725563
6424,2023-10-17 13:00:00,1171.7226227239837
6425,2023-10-17 14:00:00,1238.445100674584
6426,2023-10-17 15:00:00,1315.2213675535559
6427,2023-10-17 16:00:00,1432.7975718653177
6428,2023-10-17 17:00:00,1549.9748811082927
6429,2023-10-17 18:00:00,1566.7865506413648
6430,2023-10-17 19:00:00,1403.4156706562235
6431,2023-10-17 20:00:00,1076.390190641685
6432,2023-10-17 21:00:00,698.7337706975162
6433,2023-10-17 22:00:00,398.0330296788761
6434,2023-10-17 23:00:00,223.1308404915012
6435,2023-10-18 00:00:00,122.1599216243275
6436,2023-10-18 01:00:00,9.006706355708047
6437,2023-10-18 02:00:00,-145.98928320452353
6438,2023-10-18 03:00:00,-285.1681161908631
6439,2023-10-18 04:00:00,-317.46123297810135
6440,2023-10-18 05:00:00,-202.12578959104377
6441,2023-10-18 06:00:00,16.90006655328328
6442,2023-10-18 07:00:00,253.40803189651655
6443,2023-10-18 08:00:00,451.2676396665656
6444,2023-10-18 09:00:00,616.1589533377551
6445,2023-10-18 10:00:00,782.8969363886767
6446,2023-10-18 11:00:00,961.1299329261275
6447,2023-10-18 12:00:00,1120.3219114893925
6448,2023-10-18 13:00:00,1228.1281846363104
6449,2023-10-18 14:00:00,1295.4854207722233
6450,2023-10-18 15:00:00,1372.0270890797692
6451,2023-10-18 16:00:00,1488.4397950834843
6452,2023-10-18 17:00:00,1603.4781393924318
6453,2023-10-18 18:00:00,1617.1428283783484
6454,2023-10-18 19:00:00,1449.5992751461265
6455,2023-10-18 20:00:00,1117.373277207003
6456,2023-10-18 21:00:00,733.5023090972272
6457,2023-10-18 22:00:00,425.60299205535006
6458,2023-10-18 23:00:00,242.56438617474777
6459,2023-10-19 00:00:00,132.58135151127473
6460,2023-10-19 01:00:00,9.617960657798392
6461,2023-10-19 02:00:00,-155.89380621309508
6462,2023-10-19 03:00:00,-306.1876361560427
6463,2023-10-19 04:00:00,-350.07576427231
6464,2023-10-19 05:00:00,-246.68461252902932
6465,2023-10-19 06:00:00,-39.8115385652311
6466,2023-10-19 07:00:00,184.4843653756614
6467,2023-10-19 08:00:00,370.2284897052243
6468,2023-10-19 09:00:00,523.2615054920343
6469,2023-10-19 10:00:00,678.561742395048
6470,2023-10-19 11:00:00,845.9416058065519
6471,2023-10-19 12:00:00,995.0277115722531
6472,2023-10-19 13:00:00,1093.6344774809415
6473,2023-10-19 14:00:00,1152.852015198353
6474,2023-10-19 15:00:00,1222.4594907528779
6475,2023-10-19 16:00:00,1333.2794381046012
6476,2023-10-19 17:00:00,1444.19068485288
6477,2023-10-19 18:00:00,1455.3046441906301
6478,2023-10-19 19:00:00,1286.8822359480305
6479,2023-10-19 20:00:00,955.5280456492608
6480,2023-10-19 21:00:00,574.3402806331193
6481,2023-10-19 22:00:00,270.9771044808373
6482,2023-10-19 23:00:00,94.34901077419532
6483,2023-10-20 00:00:00,-7.348502914084406
6484,2023-10-20 01:00:00,-120.17196760738764
6485,2023-10-20 02:00:00,-273.73144311587725
6486,2023-10-20 03:00:00,-410.32403302157616
6487,2023-10-20 04:00:00,-438.8464487165803
6488,2023-10-20 05:00:00,-318.53007594105304
6489,2023-10-20 06:00:00,-93.29690000529563
6490,2023-10-20 07:00:00,150.65076234579234
6491,2023-10-20 08:00:00,357.17778040069135
6492,2023-10-20 09:00:00,531.9485271128557
6493,2023-10-20 10:00:00,709.7509800502073
6494,2023-10-20 11:00:00,900.1950457393018
6495,2023-10-20 12:00:00,1072.694764874683
6496,2023-10-20 13:00:00,1194.84411413153
6497,2023-10-20 14:00:00,1277.5072231532413
6498,2023-10-20 15:00:00,1370.234148023747
6499,2023-10-20 16:00:00,1503.6176581009893
6500,2023-10-20 17:00:00,1636.3086663426989
6501,2023-10-20 18:00:00,1668.195028080497
6502,2023-10-20 19:00:00,1519.320941542779
6503,2023-10-20 20:00:00,1206.0835299479902
6504,2023-10-20 21:00:00,841.385135477637
6505,2023-10-20 22:00:00,552.701878513898
6506,2023-10-20 23:00:00,388.77811676906674
6507,2023-10-21 00:00:00,219.2512559686445
6508,2023-10-21 01:00:00,114.7555871952246
6509,2023-10-21 02:00:00,-32.836393576525026
6510,2023-10-21 03:00:00,-165.90706609212822
6511,2023-10-21 04:00:00,-193.4149793119081
6512,2023-10-21 05:00:00,-74.62911917917776
6513,2023-10-21 06:00:00,146.5156988936941
6514,2023-10-21 07:00:00,383.8293580107243
6515,2023-10-21 08:00:00,581.213940486743
6516,2023-10-21 09:00:00,744.3957517139198
6517,2023-10-21 10:00:00,908.2488531173715
6518,2023-10-21 11:00:00,1082.4925505939393
6519,2023-10-21 12:00:00,1236.6725049519903
6520,2023-10-21 13:00:00,1338.5351925013724
6521,2023-10-21 14:00:00,1399.1165497054578
6522,2023-10-21 15:00:00,1468.1559611333369
6523,2023-10-21 16:00:00,1576.4510680519081
6524,2023-10-21 17:00:00,1682.8710506486
6525,2023-10-21 18:00:00,1687.5331335065903
6526,2023-10-21 19:00:00,1510.719574279674
6527,2023-10-21 20:00:00,1169.0717429399326
6528,2023-10-21 21:00:00,775.7398511775181
6529,2023-10-21 22:00:00,458.44891443832074
6530,2023-10-21 23:00:00,266.19061149324637
6531,2023-10-22 00:00:00,147.25530724814067
6532,2023-10-22 01:00:00,15.69423801053486
6533,2023-10-22 02:00:00,-157.98289360217282
6534,2023-10-22 03:00:00,-315.9424522693739
6535,2023-10-22 04:00:00,-366.94055621488815
6536,2023-10-22 05:00:00,-270.0593577924488
6537,2023-10-22 06:00:00,-69.06426234261576
6538,2023-10-22 07:00:00,150.00498013488647
6539,2023-10-22 08:00:00,331.1803802868686
6540,2023-10-22 09:00:00,480.29657715338396
6541,2023-10-22 10:00:00,632.3134662214507
6542,2023-10-22 11:00:00,797.0130431431315
6543,2023-10-22 12:00:00,943.980135411086
6544,2023-10-22 13:00:00,1040.976752844159
6545,2023-10-22 14:00:00,1099.0308899573347
6546,2023-10-22 15:00:00,1167.8509358440012
6547,2023-10-22 16:00:00,1278.181161733689
6548,2023-10-22 17:00:00,1388.8159292663167
6549,2023-10-22 18:00:00,1399.777356136618
6550,2023-10-22 19:00:00,1231.2336832219182
6551,2023-10-22 20:00:00,899.6949325520069
6552,2023-10-22 21:00:00,518.1643947467779
6553,2023-10-22 22:00:00,214.20650628566406
6554,2023-10-22 23:00:00,36.64075671044931
6555,2023-10-24 10:00:00,738.9184258614392
6556,2023-10-24 11:00:00,915.9185679029933
6557,2023-10-24 12:00:00,1074.50397354685
6558,2023-10-24 13:00:00,1182.4204168721055
6559,2023-10-24 14:00:00,1250.6861336536385
6560,2023-10-24 15:00:00,1329.0057650567853
6561,2023-10-24 16:00:00,1448.1253258140268
6562,2023-10-24 17:00:00,1566.8458494768017
6563,2023-10-24 18:00:00,1585.2004572591027
6564,2023-10-24 19:00:00,1423.372105062668
6565,2023-10-24 20:00:00,1097.8886079323793
6566,2023-10-24 21:00:00,721.773491389391
6567,2023-10-24 22:00:00,422.61323957717127
6568,2023-10-24 23:00:00,249.25059059347865
6569,2023-10-25 00:00:00,149.81812801445693
6570,2023-10-25 01:00:00,38.20215012506991
6571,2023-10-25 02:00:00,-115.25795602602398
6572,2023-10-25 03:00:00,-252.90239469414394
6573,2023-10-25 04:00:00,-283.6627414076393
6574,2023-10-25 05:00:00,-166.79628739768754
6575,2023-10-25 06:00:00,53.75868472531269
6576,2023-10-25 07:00:00,291.7937361884407
6577,2023-10-25 08:00:00,491.1782650216477
6578,2023-10-25 09:00:00,657.5921995218926
6579,2023-10-25 10:00:00,825.8503680424365
6580,2023-10-25 11:00:00,1005.6009795970303
6581,2023-10-25 12:00:00,1166.3078677110962
6582,2023-10-25 13:00:00,1275.6262100025747
6583,2023-10-25 14:00:00,1344.4925400266588
6584,2023-10-25 15:00:00,1422.5401922312526
6585,2023-10-25 16:00:00,1540.4556375061711
6586,2023-10-25 17:00:00,1656.9933419897118
6587,2023-10-25 18:00:00,1672.1538776954333
6588,2023-10-25 19:00:00,1506.1025235525376
6589,2023-10-25 20:00:00,1175.3649430873045
6590,2023-10-25 21:00:00,792.9784769497093
6591,2023-10-25 22:00:00,486.5596128192405
6592,2023-10-25 23:00:00,304.99727736161213
6593,2023-10-26 00:00:00,196.48619746658383
6594,2023-10-26 01:00:00,74.9903127766458
6595,2023-10-26 02:00:00,-89.05852921111962
6596,2023-10-26 03:00:00,-237.89414796297692
6597,2023-10-26 04:00:00,-280.32891070503285
6598,2023-10-26 05:00:00,-175.48937125510315
6599,2023-10-26 06:00:00,32.82698123614603
6600,2023-10-26 07:00:00,258.56092330633993
6601,2023-10-26 08:00:00,445.73771453382574
6602,2023-10-26 09:00:00,600.1978954326453
6603,2023-10-26 10:00:00,756.9196655190044
6604,2023-10-26 11:00:00,925.7153004108796
6605,2023-10-26 12:00:00,1076.2112865493298
6606,2023-10-26 13:00:00,1176.221912753834
6607,2023-10-26 14:00:00,1236.837162103681
6608,2023-10-26 15:00:00,1307.8360724942625
6609,2023-10-26 16:00:00,1420.0410501814033
6610,2023-10-26 17:00:00,1532.330795519001
6611,2023-10-26 18:00:00,1544.8165949273932
6612,2023-10-26 19:00:00,1377.7592419370087
6613,2023-10-26 20:00:00,1047.7631962804421
6614,2023-10-26 21:00:00,667.9265400018834
6615,2023-10-26 22:00:00,365.907311912514
6616,2023-10-26 23:00:00,190.61588135175847
6617,2023-10-27 00:00:00,90.24762221518438
6618,2023-10-27 01:00:00,-21.2541196667092
6619,2023-10-27 02:00:00,-173.49952665016764
6620,2023-10-27 03:00:00,-308.78582429574857
6621,2023-10-27 04:00:00,-336.00984536812
6622,2023-10-27 05:00:00,-214.40309637260953
6623,2023-10-27 06:00:00,12.112317237400646
6624,2023-10-27 07:00:00,257.33395921506866
6625,2023-10-27 08:00:00,465.1265799861617
6626,2023-10-27 09:00:00,641.1544343088876
6627,2023-10-27 10:00:00,820.205382227453
6628,2023-10-27 11:00:00,1011.8892134336214
6629,2023-10-27 12:00:00,1185.6198524578924
6630,2023-10-27 13:00:00,1308.9911605925538
6631,2023-10-27 14:00:00,1392.8671527264596
6632,2023-10-27 15:00:00,1486.7977709850963
6633,2023-10-27 16:00:00,1621.375671483673
6634,2023-10-27 17:00:00,1755.2516547381965
6635,2023-10-27 18:00:00,1788.3134643481053
6636,2023-10-27 19:00:00,1640.6051876307133
6637,2023-10-27 20:00:00,1328.5238376794746
6638,2023-10-27 21:00:00,964.9716473534703
6639,2023-10-27 22:00:00,677.4246285280333
6640,2023-10-27 23:00:00,514.6270312315555
6641,2023-10-28 00:00:00,346.21615436546085
6642,2023-10-28 01:00:00,242.82618300612205
6643,2023-10-28 02:00:00,96.32950801582389
6644,2023-10-28 03:00:00,-35.65635460939795
6645,2023-10-28 04:00:00,-62.09005719607737
6646,2023-10-28 05:00:00,57.75931183913645
6647,2023-10-28 06:00:00,279.9568355142211
6648,2023-10-28 07:00:00,518.3122962879545
6649,2023-10-28 08:00:00,716.7276767477227
6650,2023-10-28 09:00:00,880.9291835041853
6651,2023-10-28 10:00:00,1045.7907801480826
6652,2023-10-28 11:00:00,1221.031675706532
6653,2023-10-28 12:00:00,1376.1974350689945
6654,2023-10-28 13:00:00,1479.0344396376718
6655,2023-10-28 14:00:00,1540.578531928302
6656,2023-10-28 15:00:00,1610.569003583929
6657,2023-10-28 16:00:00,1719.8034039449271
6658,2023-10-28 17:00:00,1827.1508222910193
6659,2023-10-28 18:00:00,1832.7283933490087
6660,2023-10-28 19:00:00,1656.8182859210215
6661,2023-10-28 20:00:00,1316.0617822133302
6662,2023-10-28 21:00:00,923.609007195199
6663,2023-10-28 22:00:00,607.1848906105024
6664,2023-10-28 23:00:00,415.7810267086375
6665,2023-10-29 00:00:00,297.6876968844942
6666,2023-10-29 01:00:00,166.95605504952556
6667,2023-10-29 02:00:00,-5.904277463462705
6668,2023-10-29 03:00:00,-163.05974550672585
6669,2023-10-29 04:00:00,-213.26654637000644
6670,2023-10-29 05:00:00,-115.60691031330722
6671,2023-10-29 06:00:00,86.15368053616211
6672,2023-10-29 07:00:00,305.97540054536034
6673,2023-10-29 08:00:00,487.890185879711
6674,2023-10-29 09:00:00,637.7326022826282
6675,2023-10-29 10:00:00,790.4624730903311
6676,2023-10-29 11:00:00,955.8617229986652
6677,2023-10-29 12:00:00,1103.5151097348148
6678,2023-10-29 13:00:00,1201.1845745448968
6679,2023-10-29 14:00:00,1259.8980445743155
6680,2023-10-29 15:00:00,1329.3638427564522
6681,2023-10-29 16:00:00,1440.3261753957108
6682,2023-10-29 17:00:00,1551.5793404055378
6683,2023-10-29 18:00:00,1563.1453930071152
6684,2023-10-29 19:00:00,1395.1925128405232
6685,2023-10-29 20:00:00,1064.2306619494952
6686,2023-10-29 21:00:00,683.2630722039962
6687,2023-10-29 22:00:00,379.8541226168496
6688,2023-10-29 23:00:00,202.82324652102034
6689,2023-10-30 00:00:00,178.68889279504853
6690,2023-10-30 01:00:00,64.49380873569643
6691,2023-10-30 02:00:00,-91.03637396361219
6692,2023-10-30 03:00:00,-230.26449958294353
6693,2023-10-30 04:00:00,-262.1434849095605
6694,2023-10-30 05:00:00,-145.95032681614407
6695,2023-10-30 06:00:00,74.35889191041882
6696,2023-10-30 07:00:00,312.56003773986606
6697,2023-10-30 08:00:00,512.5090467950051
6698,2023-10-30 09:00:00,679.8746726313743
6699,2023-10-30 10:00:00,849.4628373647464
6700,2023-10-30 11:00:00,1030.9150219185954
6701,2023-10-30 12:00:00,1193.6903503343108
6702,2023-10-30 13:00:00,1305.4410845093971
6703,2023-10-30 14:00:00,1377.1023502926855
6704,2023-10-30 15:00:00,1458.3072415559877
6705,2023-10-30 16:00:00,1579.7427663795484
6706,2023-10-30 17:00:00,1700.1642752303578
6707,2023-10-30 18:00:00,1719.5731078565354
6708,2023-10-30 19:00:00,1558.1347060822095
6709,2023-10-30 20:00:00,1232.3737878399652
6710,2023-10-30 21:00:00,855.3251300527409
6711,2023-10-30 22:00:00,554.6005324959423
6712,2023-10-30 23:00:00,379.0816169849893
6713,2023-10-31 00:00:00,276.9527185928121
6714,2023-10-31 01:00:00,162.16386044095765
6715,2023-10-31 02:00:00,5.1290519587632275
6716,2023-10-31 03:00:00,-136.40763313268323
6717,2023-10-31 04:00:00,-171.28522740506733
6718,2023-10-31 05:00:00,-58.66173397422472
6719,2023-10-31 06:00:00,157.6289700727781
6720,2023-10-31 07:00:00,391.4862559480698
6721,2023-10-31 08:00:00,586.9254154681247
6722,2023-10-31 09:00:00,749.6992094765817
6723,2023-10-31 10:00:00,914.7297239978699
6724,2023-10-31 11:00:00,1091.7686162304335
6725,2023-10-31 12:00:00,1250.3775909936176
6726,2023-10-31 13:00:00,1358.3024177938719
6727,2023-10-31 14:00:00,1426.5613292456364
6728,2023-10-31 15:00:00,1504.8589647779297
6729,2023-10-31 16:00:00,1623.9413387985996
6730,2023-10-31 17:00:00,1742.6094859363122
6731,2023-10-31 18:00:00,1760.8965299266101
6732,2023-10-31 19:00:00,1598.985430576266
6733,2023-10-31 20:00:00,1273.404008286035
6734,2023-10-31 21:00:00,897.1757953298118
6735,2023-10-31 22:00:00,597.8872840376447
6736,2023-10-31 23:00:00,424.3812220595595
6737,2023-11-01 00:00:00,324.79020401075877
6738,2023-11-01 01:00:00,213.00054060243315
6739,2023-11-01 02:00:00,59.35163270667446
6740,2023-11-01 03:00:00,-78.49670867397559
6741,2023-11-01 04:00:00,-109.47604240158478
6742,2023-11-01 05:00:00,7.156358372315793
6743,2023-11-01 06:00:00,227.46223051846027
6744,2023-11-01 07:00:00,465.23315616252
6745,2023-11-01 08:00:00,664.3385556521498
6746,2023-11-01 09:00:00,830.458380982141
6747,2023-11-01 10:00:00,998.407485626157
6748,2023-11-01 11:00:00,1177.8341051163316
6749,2023-11-01 12:00:00,1338.2021009006905
6750,2023-11-01 13:00:00,1447.1666798987872
6751,2023-11-01 14:00:00,1515.6644063905778
6752,2023-11-01 15:00:00,1593.328646920745
6753,2023-11-01 16:00:00,1710.8459058719504
6754,2023-11-01 17:00:00,1826.970684258839
6755,2023-11-01 18:00:00,1841.703590367403
6756,2023-11-01 19:00:00,1675.2099407677479
6757,2023-11-01 20:00:00,1344.0154379982525
6758,2023-11-01 21:00:00,961.1574631176863
6759,2023-11-01 22:00:00,654.252545565959
6760,2023-11-01 23:00:00,472.18965515042265
6761,2023-11-02 00:00:00,363.1635632181801
6762,2023-11-02 01:00:00,241.13825531115708
6763,2023-11-02 02:00:00,76.54562610871929
6764,2023-11-02 03:00:00,-72.84809528478073
6765,2023-11-02 04:00:00,-115.85522621430646
6766,2023-11-02 05:00:00,-11.602269230559273
6767,2023-11-02 06:00:00,196.11333907973693
6768,2023-11-02 07:00:00,421.2324291687042
6769,2023-11-02 08:00:00,607.7803158612909
6770,2023-11-02 09:00:00,761.5975962164089
6771,2023-11-02 10:00:00,917.6625276285745
6772,2023-11-02 11:00:00,1085.787444900094
6773,2023-11-02 12:00:00,1235.5988949659943
6774,2023-11-02 13:00:00,1334.9112284166013
6775,2023-11-02 14:00:00,1394.814491428394
6776,2023-11-02 15:00:00,1465.0877862567424
6777,2023-11-02 16:00:00,1576.5535848056004
6778,2023-11-02 17:00:00,1688.0906543494252
6779,2023-11-02 18:00:00,1699.8103495053401
6780,2023-11-02 19:00:00,1531.9735332563398
6781,2023-11-02 20:00:00,1201.1847360300628
6782,2023-11-02 21:00:00,820.5421118426924
6783,2023-11-02 22:00:00,517.7037726964406
6784,2023-11-02 23:00:00,341.5801623610385
6785,2023-11-03 00:00:00,240.3667303846812
6786,2023-11-03 01:00:00,128.00689949040446
6787,2023-11-03 02:00:00,-25.109434601535384
6788,2023-11-03 03:00:00,-161.27941815136847
6789,2023-11-03 04:00:00,-189.39980343126757
6790,2023-11-03 05:00:00,-68.70201526333112
6791,2023-11-03 06:00:00,156.89192375312763
6792,2023-11-03 07:00:00,401.1796614086653
6793,2023-11-03 08:00:00,608.0260333299893
6794,2023-11-03 09:00:00,783.0953806511145
6795,2023-11-03 10:00:00,961.1756508931584
6796,2023-11-03 11:00:00,1151.8767224045682
6797,2023-11-03 12:00:00,1324.6126094947203
6798,2023-11-03 13:00:00,1446.9772643417157
6799,2023-11-03 14:00:00,1529.8347938575944
6800,2023-11-03 15:00:00,1622.7352332733717
6801,2023-11-03 16:00:00,1756.2713329328717
6802,2023-11-03 17:00:00,1889.0939886255328
6803,2023-11-03 18:00:00,1921.0910403312773
6804,2023-11-03 19:00:00,1772.3066728210822
6805,2023-11-03 20:00:00,1459.1379976440348
6806,2023-11-03 21:00:00,1094.4873472476888
6807,2023-11-03 22:00:00,805.8308340682105
6808,2023-11-03 23:00:00,641.9128097481299
6809,2023-11-04 00:00:00,472.3706758144583
6810,2023-11-04 01:00:00,367.83872097806415
6811,2023-11-04 02:00:00,220.18944073639375
6812,2023-11-04 03:00:00,87.04045669994206
6813,2023-11-04 04:00:00,59.43322314815356
6814,2023-11-04 05:00:00,178.09875921042095
6815,2023-11-04 06:00:00,399.1022564356246
6816,2023-11-04 07:00:00,636.2536067390905
6817,2023-11-04 08:00:00,833.4549031036734
6818,2023-11-04 09:00:00,996.432463455881
6819,2023-11-04 10:00:00,1160.060363624245
6820,2023-11-04 11:00:00,1334.0579257600577
6821,2023-11-04 12:00:00,1487.9708287749224
6822,2023-11-04 13:00:00,1589.5455689694327
6823,2023-11-04 14:00:00,1649.8181046224654
6824,2023-11-04 15:00:00,1718.5278439996837
6825,2023-11-04 16:00:00,1826.4724538954358
6826,2023-11-04 17:00:00,1932.5211418988717
6827,2023-11-04 18:00:00,1936.791161838213
6828,2023-11-04 19:00:00,1759.56480244374
6829,2023-11-04 20:00:00,1417.4834666593663
6830,2023-11-04 21:00:00,1023.6974009079361
6831,2023-11-04 22:00:00,705.931657250951
6832,2023-11-04 23:00:00,513.177952962921
6833,2023-11-05 00:00:00,393.72669322452407
6834,2023-11-05 01:00:00,261.6291564471369
6835,2023-11-05 02:00:00,87.39508922320437
6836,2023-11-05 03:00:00,-71.14182735933046
6837,2023-11-05 05:00:00,-26.474523434315728
6838,2023-11-05 06:00:00,173.88224002212718
6839,2023-11-05 07:00:00,392.29292946539897
6840,2023-11-05 08:00:00,572.7896103736816
6841,2023-11-05 09:00:00,721.2069784317944
6842,2023-11-05 10:00:00,872.5049875508513
6843,2023-11-05 11:00:00,1036.4656935934013
6844,2023-11-05 12:00:00,1182.6739860599569
6845,2023-11-05 13:00:00,1278.8919385459728
6846,2023-11-05 14:00:00,1336.1476111137529
6847,2023-11-05 15:00:00,1404.1494601742322
6848,2023-11-05 16:00:00,1513.6418260360924
6849,2023-11-05 17:00:00,1623.419141173089
6850,2023-11-05 18:00:00,1633.5035958486176
6851,2023-11-05 19:00:00,1464.0635052679636
6852,2023-11-05 20:00:00,1131.6089675231074
6853,2023-11-05 21:00:00,749.1433510058203
6854,2023-11-05 22:00:00,444.2311717048218
6855,2023-11-05 23:00:00,265.6920003855068
6856,2023-11-06 00:00:00,240.04442378428993
6857,2023-11-06 01:00:00,124.33132747822066
6858,2023-11-06 02:00:00,-32.72151815204593
6859,2023-11-06 03:00:00,-173.47681831255676
6860,2023-11-06 04:00:00,-206.88735032770728
6861,2023-11-06 05:00:00,-92.22997127720987
6862,2023-11-06 06:00:00,126.53937626184815
6863,2023-11-06 07:00:00,363.1966992280116
6864,2023-11-06 08:00:00,561.5980745783515
6865,2023-11-06 09:00:00,727.4123969909767
6866,2023-11-06 10:00:00,895.4457300365211
6867,2023-11-06 11:00:00,1075.3396963188695
6868,2023-11-06 12:00:00,1236.5535618459496
6869,2023-11-06 13:00:00,1346.7397307494148
6870,2023-11-06 14:00:00,1416.8334713303448
6871,2023-11-06 15:00:00,1496.468020139687
6872,2023-11-06 16:00:00,1616.3305281361513
6873,2023-11-06 17:00:00,1735.17648889392
6874,2023-11-06 18:00:00,1753.0073853982976
6875,2023-11-06 19:00:00,1589.9888029043316
6876,2023-11-06 20:00:00,1262.645602928717
6877,2023-11-06 21:00:00,884.012706105103
6878,2023-11-06 22:00:00,581.7020560453827
6879,2023-11-06 23:00:00,404.5954185039602
6880,2023-11-07 00:00:00,300.87727260302063
6881,2023-11-07 01:00:00,184.49778556602558
6882,2023-11-07 02:00:00,25.871111014791154
6883,2023-11-07 03:00:00,-117.25853310280232
6884,2023-11-07 04:00:00,-153.73003508832414
6885,2023-11-07 05:00:00,-42.70125376812129
6886,2023-11-07 06:00:00,171.99407806523664
6887,2023-11-07 07:00:00,404.25547591609615
6888,2023-11-07 08:00:00,598.061922320343
6889,2023-11-07 09:00:00,759.2027496393976
6890,2023-11-07 10:00:00,922.6001880650501
6891,2023-11-07 11:00:00,1098.0060389036414
6892,2023-11-07 12:00:00,1254.9821509819535
6893,2023-11-07 13:00:00,1361.274437754851
6894,2023-11-07 14:00:00,1427.9012756449983
6895,2023-11-07 15:00:00,1504.567447790396
6896,2023-11-07 16:00:00,1622.019112159143
6897,2023-11-07 17:00:00,1739.0574467935537
6898,2023-11-07 18:00:00,1755.715718679367
6899,2023-11-07 19:00:00,1592.1770306895485
6900,2023-11-07 20:00:00,1264.9693461075767
6901,2023-11-07 21:00:00,887.1163398958056
6902,2023-11-07 22:00:00,586.2046467709229
6903,2023-11-07 23:00:00,411.07715665067644
6904,2023-11-08 00:00:00,309.8666061061235
6905,2023-11-08 01:00:00,196.4594475372807
6906,2023-11-08 02:00:00,41.19522323089532
6907,2023-11-08 03:00:00,-98.26611466804547
6908,2023-11-08 04:00:00,-130.85598420154054
6909,2023-11-08 05:00:00,-15.831518017270739
6910,2023-11-08 06:00:00,202.86916092332223
6911,2023-11-08 07:00:00,439.0377745740936
6912,2023-11-08 08:00:00,636.5438827391765
6913,2023-11-08 09:00:00,801.0675765010561
6914,2023-11-08 10:00:00,967.4238480325774
6915,2023-11-08 11:00:00,1145.2610711663708
6916,2023-11-08 12:00:00,1304.0432452174937
6917,2023-11-08 13:00:00,1411.425714570842
6918,2023-11-08 14:00:00,1478.3451805027646
6919,2023-11-08 15:00:00,1554.4351461139433
6920,2023-11-08 16:00:00,1670.3822518647078
6921,2023-11-08 17:00:00,1784.9411343662473
6922,2023-11-08 18:00:00,1798.1125370066275
6923,2023-11-08 19:00:00,1630.0619109432364
6924,2023-11-08 20:00:00,1297.3150927863073
6925,2023-11-08 21:00:00,912.9095971242359
6926,2023-11-08 22:00:00,604.4620863779477
6927,2023-11-08 23:00:00,420.86166276899957
6928,2023-11-09 00:00:00,310.3032294997405
6929,2023-11-09 01:00:00,186.75090335202898
6930,2023-11-09 02:00:00,20.636709681911213
6931,2023-11-09 03:00:00,-130.27299240179008
6932,2023-11-09 04:00:00,-174.79039079698498
6933,2023-11-09 05:00:00,-72.04185928978194
6934,2023-11-09 06:00:00,134.17529364326384
6935,2023-11-09 07:00:00,357.8020259509244
6936,2023-11-09 08:00:00,542.8637791976499
6937,2023-11-09 09:00:00,695.2012765633243
6938,2023-11-09 10:00:00,849.7929008133408
6939,2023-11-09 11:00:00,1016.4511114608051
6940,2023-11-09 12:00:00,1164.8025793693444
6941,2023-11-09 13:00:00,1262.6617783556733
6942,2023-11-09 14:00:00,1321.1188770640401
6943,2023-11-09 15:00:00,1389.9530994528673
6944,2023-11-09 16:00:00,1499.9870383721207
6945,2023-11-09 17:00:00,1610.0995812337026
6946,2023-11-09 18:00:00,1620.4022020129566
6947,2023-11-09 19:00:00,1451.1558822408733
6948,2023-11-09 20:00:00,1118.9652700798952
6949,2023-11-09 21:00:00,736.9286364267293
6950,2023-11-09 22:00:00,432.70420935634445
6951,2023-11-09 23:00:00,255.20254783929119
6952,2023-11-10 00:00:00,152.6192157603641
6953,2023-11-10 01:00:00,38.89774931036456
6954,2023-11-10 02:00:00,-115.5718432078922
6955,2023-11-10 03:00:00,-253.08659636371362
6956,2023-11-10 04:00:00,-282.5431516635034
6957,2023-11-10 05:00:00,-163.17282405311613
6958,2023-11-10 06:00:00,61.102472797518686
6959,2023-11-10 07:00:00,304.0804946755503
6960,2023-11-10 08:00:00,509.62618425087044
6961,2023-11-10 09:00:00,683.4039887662856
6962,2023-11-10 10:00:00,860.2019608513125
6963,2023-11-10 11:00:00,1049.6300829929496
6964,2023-11-10 12:00:00,1221.1024726901453
6965,2023-11-10 13:00:00,1342.2131842520823
6966,2023-11-10 14:00:00,1423.826425754062
6967,2023-11-10 15:00:00,1515.4923325586926
6968,2023-11-10 16:00:00,1647.803754136073
6969,2023-11-10 17:00:00,1779.411684336904
6970,2023-11-10 18:00:00,1810.2040601791823
6971,2023-11-10 19:00:00,1660.2251624152339
6972,2023-11-10 20:00:00,1345.8721975158394
6973,2023-11-10 21:00:00,980.0475917643623
6974,2023-11-10 22:00:00,690.2275503884599
6975,2023-11-10 23:00:00,525.1565166742093
6976,2023-11-11 00:00:00,354.471982762479
6977,2023-11-11 01:00:00,248.80832683414258
6978,2023-11-11 02:00:00,100.0381327543168
6979,2023-11-11 03:00:00,-34.2208906141896
6980,2023-11-11 04:00:00,-62.92720288702354
6981,2023-11-11 05:00:00,54.65030006013098
6982,2023-11-11 06:00:00,274.5768936085582
6983,2023-11-11 07:00:00,510.66255235922404
6984,2023-11-11 08:00:00,706.8094508172217
6985,2023-11-11 09:00:00,868.743987284918
6986,2023-11-11 10:00:00,1031.3403167659098
6987,2023-11-11 11:00:00,1204.3178394188901
6988,2023-11-11 12:00:00,1357.2223109809233
6989,2023-11-11 13:00:00,1457.800303377123
6990,2023-11-11 14:00:00,1517.0878493116177
6991,2023-11-11 15:00:00,1584.8244302629153
6992,2023-11-11 16:00:00,1691.8077850422096
6993,2023-11-11 17:00:00,1796.9071920111173
6994,2023-11-11 18:00:00,1800.239974559419
6995,2023-11-11 19:00:00,1622.0884897460164
6996,2023-11-11 20:00:00,1279.0942076098165
6997,2023-11-11 21:00:00,884.4074404041286
6998,2023-11-11 22:00:00,565.7533048019511
6999,2023-11-11 23:00:00,372.12358141666755
7000,2023-11-12 00:00:00,251.80873750743916
7001,2023-11-12 01:00:00,118.86011230520333
7002,2023-11-12 02:00:00,-56.212488049188764
7003,2023-11-12 03:00:00,-215.57532418554473
7004,2023-11-12 04:00:00,-267.9844097637362
7005,2023-11-12 05:00:00,-172.5217919921154
7006,2023-11-12 06:00:00,27.047229426205917
7007,2023-11-12 07:00:00,244.68301064108442
7008,2023-11-12 08:00:00,424.41766899697217
7009,2023-11-12 09:00:00,572.0859506714924
7010,2023-11-12 10:00:00,722.647858813477
7011,2023-11-12 11:00:00,885.8854972022682
7012,2023-11-12 12:00:00,1031.383801947574
7013,2023-11-12 13:00:00,1126.9048919181023
7014,2023-11-12 14:00:00,1183.4768711603572
7015,2023-11-12 15:00:00,1250.8082387258596
7016,2023-11-12 16:00:00,1359.6433762440486
7017,2023-11-12 17:00:00,1468.7767561787452
7018,2023-11-12 18:00:00,1478.2306074634657
7019,2023-11-12 19:00:00,1308.1732826287707
7020,2023-11-12 20:00:00,975.1149157494035
7021,2023-11-12 21:00:00,592.0589098841189
7022,2023-11-12 22:00:00,286.5698143297631
7023,2023-11-12 23:00:00,107.46723182082933
7024,2023-11-13 00:00:00,81.26977971392307
7025,2023-11-13 01:00:00,-34.97962711818211
7026,2023-11-13 02:00:00,-192.55519037856496
7027,2023-11-13 03:00:00,-333.81958868566016
7028,2023-11-13 04:00:00,-367.7255741313112
7029,2023-11-13 05:00:00,-253.54997991349734
7030,2023-11-13 06:00:00,-35.248726089609676
7031,2023-11-13 07:00:00,200.95421545284108
7032,2023-11-13 08:00:00,398.91494149143136
7033,2023-11-13 09:00:00,564.302365186083
7034,2023-11-13 10:00:00,731.92256718793
7035,2023-11-13 11:00:00,911.4171858648373
7036,2023-11-13 12:00:00,1072.245501619717
7037,2023-11-13 13:00:00,1182.0599316305386
7038,2023-11-13 14:00:00,1251.79575587715
7039,2023-11-13 15:00:00,1331.0862212420093
7040,2023-11-13 16:00:00,1450.6184876571633
7041,2023-11-13 17:00:00,1569.148056313564
7042,2023-11-13 18:00:00,1586.6764164701988
7043,2023-11-13 19:00:00,1423.3691582938327
7044,2023-11-13 20:00:00,1095.7511468508649
7045,2023-11-13 21:00:00,716.8573050008841
7046,2023-11-13 22:00:00,414.2995772113544
7047,2023-11-13 23:00:00,236.95972874889821
7048,2023-11-14 00:00:00,133.02223689699238
7049,2023-11-14 01:00:00,16.43726571510456
7050,2023-11-14 02:00:00,-142.38103570885386
7051,2023-11-14 03:00:00,-285.6884552830097
7052,2023-11-14 04:00:00,-322.3238885085183
7053,2023-11-14 05:00:00,-211.44520274516464
7054,2023-11-14 06:00:00,3.1138593335899287
7055,2023-11-14 07:00:00,235.25280203514112
7056,2023-11-14 08:00:00,428.95059537434315
7057,2023-11-14 09:00:00,590.0385423546988
7058,2023-11-14 10:00:00,753.3969364337828
7059,2023-11-14 11:00:00,928.777562488303
7060,2023-11-14 12:00:00,1085.742251607063
7061,2023-11-14 13:00:00,1192.0368981693223
7062,2023-11-14 14:00:00,1258.6798582466727
7063,2023-11-14 15:00:00,1335.3758932968249
7064,2023-11-14 16:00:00,1452.871138312747
7065,2023-11-14 17:00:00,1569.9667470581962
7066,2023-11-14 18:00:00,1586.6959609687397
7067,2023-11-14 19:00:00,1423.2418560506253
7068,2023-11-14 20:00:00,1096.1323674386815
7069,2023-11-14 21:00:00,718.3911406879413
7070,2023-11-14 22:00:00,417.6047798125305
7071,2023-11-14 23:00:00,242.616142760251
7072,2023-11-15 00:00:00,141.5579328670382
7073,2023-11-15 01:00:00,28.316568036770136
7074,2023-11-15 02:00:00,-126.76844519443833
7075,2023-11-15 03:00:00,-266.0371916870318
7076,2023-11-15 04:00:00,-298.4211277280576
7077,2023-11-15 05:00:00,-183.17742545113362
7078,2023-11-15 06:00:00,35.755751456436045
7079,2023-11-15 07:00:00,272.1700829990462
7080,2023-11-15 08:00:00,469.9350858082325
7081,2023-11-15 09:00:00,634.7308065745837
7082,2023-11-15 10:00:00,801.3721918831654
7083,2023-11-15 11:00:00,979.5075687540526
7084,2023-11-15 12:00:00,1138.6008885076544
7085,2023-11-15 13:00:00,1246.307446338472
7086,2023-11-15 14:00:00,1313.5638931466724
7087,2023-11-15 15:00:00,1390.003680486982
7088,2023-11-15 16:00:00,1506.3133960864584
7089,2023-11-15 17:00:00,1621.247622689809
7090,2023-11-15 18:00:00,1634.8070486279507
7091,2023-11-15 19:00:00,1467.1570688754985
7092,2023-11-15 20:00:00,1134.8234627136699
7093,2023-11-15 21:00:00,750.8436862678506
7094,2023-11-15 22:00:00,442.83434236165607
7095,2023-11-15 23:00:00,259.6844725130692
7096,2023-11-16 00:00:00,149.58891810346393
7097,2023-11-16 01:00:00,26.51173299196232
7098,2023-11-16 02:00:00,-139.1151214793087
7099,2023-11-16 03:00:00,-289.5253513081346
7100,2023-11-16 04:00:00,-333.53121056229713
7101,2023-11-16 05:00:00,-230.259140295596
7102,2023-11-16 06:00:00,-23.506517280860436
7103,2023-11-16 07:00:00,200.66754706249398
7104,2023-11-16 08:00:00,386.2884238914103
7105,2023-11-16 09:00:00,539.1967649327731
7106,2023-11-16 10:00:00,694.370880518136
7107,2023-11-16 11:00:00,861.6231566440907
7108,2023-11-16 12:00:00,1010.580189693706
7109,2023-11-16 13:00:00,1109.0563779902654
7110,2023-11-16 14:00:00,1168.1418137080261
7111,2023-11-16 15:00:00,1237.6156433383667
7112,2023-11-16 16:00:00,1348.30038129792
7113,2023-11-16 17:00:00,1459.074835623795
7114,2023-11-16 18:00:00,1470.0503999383566
7115,2023-11-16 19:00:00,1301.4879744971565
7116,2023-11-16 20:00:00,969.9921252516683
7117,2023-11-16 21:00:00,588.6610399705294
7118,2023-11-16 22:00:00,285.152862675106
7119,2023-11-16 23:00:00,108.37806740055333
7120,2023-11-17 00:00:00,6.532132193764369
7121,2023-11-17 01:00:00,-106.44149346844318
7122,2023-11-17 02:00:00,-260.15288886473036
7123,2023-11-17 03:00:00,-396.8991770108176
7124,2023-11-17 04:00:00,-425.5770886938652
7125,2023-11-17 05:00:00,-305.4180290062538
7126,2023-11-17 06:00:00,-80.34400255733141
7127,2023-11-17 07:00:00,163.44265466204624
7128,2023-11-17 08:00:00,369.80679274550084
7129,2023-11-17 09:00:00,544.4127655607126
7130,2023-11-17 10:00:00,722.048531592634
7131,2023-11-17 11:00:00,912.3239783947391
7132,2023-11-17 12:00:00,1084.6531277821828
7133,2023-11-17 13:00:00,1206.6299376284046
7134,2023-11-17 14:00:00,1289.1185188293584
7135,2023-11-17 15:00:00,1381.6689088621297
7136,2023-11-17 16:00:00,1514.8738585593278
7137,2023-11-17 17:00:00,1647.3842624728975
7138,2023-11-17 18:00:00,1679.087957599066
7139,2023-11-17 19:00:00,1530.029123993672
7140,2023-11-17 20:00:00,1216.6048667775617
7141,2023-11-17 21:00:00,851.7175102160415
7142,2023-11-17 22:00:00,562.843156874267
7143,2023-11-17 23:00:00,398.72614673814667
7144,2023-11-18 00:00:00,229.0038680478536
7145,2023-11-18 01:00:00,124.31059444217124
7146,2023-11-18 02:00:00,-23.481195320052294
7147,2023-11-18 03:00:00,-156.75389808946915
7148,2023-11-18 04:00:00,-184.46607975610524
7149,2023-11-18 05:00:00,-65.88674303408958
7150,2023-11-18 06:00:00,155.0492800697371
7151,2023-11-18 07:00:00,392.1518562389094
7152,2023-11-18 08:00:00,589.3230515284133
7153,2023-11-18 09:00:00,752.2891552870356
7154,2023-11-18 10:00:00,915.9242130644186
7155,2023-11-18 11:00:00,1089.947515084881
7156,2023-11-18 12:00:00,1243.9047066580501
7157,2023-11-18 13:00:00,1345.5422488523834
7158,2023-11-18 14:00:00,1405.896063036702
7159,2023-11-18 15:00:00,1474.7055189395264
7160,2023-11-18 16:00:00,1582.7682431882772
7161,2023-11-18 17:00:00,1688.9534015526062
7162,2023-11-18 18:00:00,1693.3782044383875
7163,2023-11-18 19:00:00,1516.3248955259246
7164,2023-11-18 20:00:00,1174.4348311164586
7165,2023-11-18 21:00:00,780.8582093584074
7166,2023-11-18 22:00:00,463.3200324744277
7167,2023-11-18 23:00:00,270.81196629729186
7168,2023-11-19 00:00:00,151.62436297176652
7169,2023-11-19 01:00:00,19.808446326533783
7170,2023-11-19 02:00:00,-154.12609319986754
7171,2023-11-19 03:00:00,-312.34563223205225
7172,2023-11-19 04:00:00,-363.6063006806056
7173,2023-11-19 05:00:00,-266.9902622669983
7174,2023-11-19 06:00:00,-66.26293345087805
7175,2023-11-19 07:00:00,152.5359249363012
7176,2023-11-19 08:00:00,333.4383130335352
7177,2023-11-19 09:00:00,482.2788596152381
7178,2023-11-19 10:00:00,634.0174502251857
7179,2023-11-19 11:00:00,798.4360709013567
7180,2023-11-19 12:00:00,945.1195397740505
7181,2023-11-19 13:00:00,1041.82985764734
7182,2023-11-19 14:00:00,1099.595010326197
7183,2023-11-19 15:00:00,1168.123378514384
7184,2023-11-19 16:00:00,1278.1592253704841
7185,2023-11-19 17:00:00,1388.4969047900427
7186,2023-11-19 18:00:00,1399.158527054812
7187,2023-11-19 19:00:00,1230.312325964314
7188,2023-11-19 20:00:00,898.4683168089841
7189,2023-11-19 21:00:00,516.6297838104156
7190,2023-11-19 22:00:00,212.36115739368728
7191,2023-11-19 23:00:00,34.48192139474911
7192,2023-11-20 00:00:00,9.510574280710557
7193,2023-11-20 01:00:00,-105.51008799118745
7194,2023-11-20 02:00:00,-261.85438599128105
7195,2023-11-20 03:00:00,-401.88511719647863
7196,2023-11-20 04:00:00,-434.5551525049763
7197,2023-11-20 05:00:00,-319.1414438691575
7198,2023-11-20 06:00:00,-99.60003003343016
7199,2023-11-20 07:00:00,137.84499851503267
7200,2023-11-20 08:00:00,337.04962003675644
7201,2023-11-20 09:00:00,503.6826292898886
7202,2023-11-20 10:00:00,672.5499886407741
7203,2023-11-20 11:00:00,853.2932182957613
7204,2023-11-20 12:00:00,1015.3714806762343
7205,2023-11-20 13:00:00,1126.4370750839857
7206,2023-11-20 14:00:00,1197.425163819326
7207,2023-11-20 15:00:00,1277.9688762645103
7208,2023-11-20 16:00:00,1398.755255063632
7209,2023-11-20 17:00:00,1518.5396842895289
7210,2023-11-20 18:00:00,1537.3235363300732
7211,2023-11-20 19:00:00,1375.2722847220725
7212,2023-11-20 20:00:00,1048.9106780890825
7213,2023-11-20 21:00:00,671.2735231763278
7214,2023-11-20 22:00:00,369.9726485738132
7215,2023-11-20 23:00:00,193.889703948811
7216,2023-11-21 00:00:00,91.20905127826322
7217,2023-11-21 01:00:00,-24.119260374670233
7218,2023-11-21 02:00:00,-181.68119660183118
7219,2023-11-21 03:00:00,-323.7326596560581
7220,2023-11-21 04:00:00,-359.1126590636019
7221,2023-11-21 05:00:00,-246.9791758265228
7222,2023-11-21 06:00:00,-31.166065914836537
7223,2023-11-21 07:00:00,202.22606206204807
7224,2023-11-21 08:00:00,397.17606558634947
7225,2023-11-21 09:00:00,559.4731510391418
7226,2023-11-21 10:00:00,724.0394217099301
7227,2023-11-21 11:00:00,900.6265511137209
7228,2023-11-21 12:00:00,1058.7962594163027
7229,2023-11-21 13:00:00,1166.2943305144913
7230,2023-11-21 14:00:00,1234.1390104549491
7231,2023-11-21 15:00:00,1312.0349511345005
7232,2023-11-21 16:00:00,1430.7281784816691
7233,2023-11-21 17:00:00,1549.0197376603282
7234,2023-11-21 18:00:00,1566.9427620267343
7235,2023-11-21 19:00:00,1404.6802200156578
7236,2023-11-21 20:00:00,1078.7599397413544
7237,2023-11-21 21:00:00,702.2054601637723
7238,2023-11-21 22:00:00,402.60327940676984
7239,2023-11-21 23:00:00,228.79614998128798
7240,2023-11-22 00:00:00,128.91667037421405
7241,2023-11-22 01:00:00,16.85115420836307
7242,2023-11-22 02:00:00,-137.0609956514739
7243,2023-11-22 03:00:00,-275.1599671500581
7244,2023-11-22 04:00:00,-306.3773190660535
7245,2023-11-22 05:00:00,-189.97032538083616
7246,2023-11-22 06:00:00,30.122748980394576
7247,2023-11-22 07:00:00,267.69348342640234
7248,2023-11-22 08:00:00,466.6112946355894
7249,2023-11-22 09:00:00,632.5561300264532
7250,2023-11-22 10:00:00,800.3428375447584
7251,2023-11-22 11:00:00,979.6196462699021
7252,2023-11-22 12:00:00,1139.8504102655404
7253,2023-11-22 13:00:00,1248.6903281623452
7254,2023-11-22 14:00:00,1317.0759550022362
7255,2023-11-22 15:00:00,1394.6406471909684
7256,2023-11-22 16:00:00,1512.0708980502275
7257,2023-11-22 17:00:00,1628.1211966218043
7258,2023-11-22 18:00:00,1642.7921382961886
7259,2023-11-22 19:00:00,1476.2490258535654
7260,2023-11-22 20:00:00,1145.0175471441416
7261,2023-11-22 21:00:00,762.1350676123366
7262,2023-11-22 22:00:00,455.21810020144517
7263,2023-11-22 23:00:00,273.1555973215005
7264,2023-11-23 00:00:00,164.1423120345749
7265,2023-11-23 01:00:00,42.14221068905739
7266,2023-11-23 02:00:00,-122.41283207521539
7267,2023-11-23 03:00:00,-271.75660813548063
7268,2023-11-23 04:00:00,-314.70145663333335
7269,2023-11-23 05:00:00,-210.37390284355993
7270,2023-11-23 06:00:00,-2.571406904092811
7271,2023-11-23 07:00:00,222.6468372022108
7272,2023-11-23 08:00:00,409.30611896035003
7273,2023-11-23 09:00:00,563.2470092790418
7274,2023-11-23 10:00:00,719.4477385458569
7275,2023-11-23 11:00:00,887.7206136828763
7276,2023-11-23 12:00:00,1037.6921528895596
7277,2023-11-23 13:00:00,1137.176677212392
7278,2023-11-23 14:00:00,1197.264202413753
7279,2023-11-23 15:00:00,1267.733799502761
7280,2023-11-23 16:00:00,1379.4079083099605
7281,2023-11-23 17:00:00,1491.1652632360172
7282,2023-11-23 18:00:00,1503.1171851512456
7283,2023-11-23 19:00:00,1335.5245025160968
7284,2023-11-23 20:00:00,1004.9917104032997
7285,2023-11-23 21:00:00,624.6169266739109
7286,2023-11-23 22:00:00,322.05822636885523
7287,2023-11-23 23:00:00,146.22601550215106
7288,2023-11-24 00:00:00,45.31570505466577
7289,2023-11-24 01:00:00,-66.72932157670817
7290,2023-11-24 02:00:00,-219.51920880906243
7291,2023-11-24 03:00:00,-355.3511437983503
7292,2023-11-24 04:00:00,-383.12192049839916
7293,2023-11-24 05:00:00,-262.06300617859085
7294,2023-11-24 06:00:00,-36.096466646658854
7295,2023-11-24 07:00:00,208.57530191630022
7296,2023-11-24 08:00:00,415.8170904230104
7297,2023-11-24 09:00:00,591.2931945395766
7298,2023-11-24 10:00:00,769.7915155782346
7299,2023-11-24 11:00:00,960.9218849281655
7300,2023-11-24 12:00:00,1134.0982692628895
7301,2023-11-24 13:00:00,1256.9145723178785
7302,2023-11-24 14:00:00,1340.2348519022596
7303,2023-11-24 15:00:00,1433.6090934191527
7304,2023-11-24 16:00:00,1567.629996663151
7305,2023-11-24 17:00:00,1700.9484061763917
7306,2023-11-24 18:00:00,1733.4521100208824
7307,2023-11-24 19:00:00,1585.1852403136818
7308,2023-11-24 20:00:00,1272.5448553010758
7309,2023-11-24 21:00:00,908.4332334581742
7310,2023-11-24 22:00:00,620.3264325146339
7311,2023-11-24 23:00:00,456.96874879970983
7312,2023-11-25 00:00:00,287.9975278682334
7313,2023-11-25 01:00:00,184.04700178503495
7314,2023-11-25 02:00:00,36.98960872880751
7315,2023-11-25 03:00:00,-95.55708759087324
7316,2023-11-25 04:00:00,-122.5516914799716
7317,2023-11-25 05:00:00,-3.2632429894879635
7318,2023-11-25 06:00:00,218.37338959723596
7319,2023-11-25 07:00:00,456.16803776746156
7320,2023-11-25 08:00:00,654.0227334632824
7321,2023-11-25 09:00:00,817.6637329693987
7322,2023-11-25 10:00:00,981.965049866359
7323,2023-11-25 11:00:00,1156.645943481015
7324,2023-11-25 12:00:00,1311.2520293094717
7325,2023-11-25 13:00:00,1413.5297396635474
7326,2023-11-25 14:00:00,1474.5149682659705
7327,2023-11-25 15:00:00,1543.9470582588856
7328,2023-11-25 16:00:00,1652.6236107679422
7329,2023-11-25 17:00:00,1759.4137671410433
7330,2023-11-25 18:00:00,1764.434714451479
7331,2023-11-25 19:00:00,1587.9686741220885
7332,2023-11-25 20:00:00,1246.6569812656664
7333,2023-11-25 21:00:00,853.6498139511934
7334,2023-11-25 22:00:00,536.6721553813375
7335,2023-11-25 23:00:00,344.7156534533108
7336,2023-11-26 00:00:00,226.07064345370532
7337,2023-11-26 01:00:00,94.78833344791778
7338,2023-11-26 02:00:00,-78.62160082440573
7339,2023-11-26 03:00:00,-236.32554963253315
7340,2023-11-26 04:00:00,-287.0796554003335
7341,2023-11-26 05:00:00,-189.96609332790015
7342,2023-11-26 06:00:00,11.24970971612359
7343,2023-11-26 07:00:00,230.52798361260727
7344,2023-11-26 08:00:00,411.900720221399
7345,2023-11-26 09:00:00,561.2025411317919
7346,2023-11-26 10:00:00,713.3933257838889
7347,2023-11-26 11:00:00,878.255055154989
7348,2023-11-26 12:00:00,1025.3725433930767
7349,2023-11-26 13:00:00,1122.5077883711904
7350,2023-11-26 14:00:00,1180.6887740320094
7351,2023-11-26 15:00:00,1249.623880262064
7352,2023-11-26 16:00:00,1360.0573704523072
7353,2023-11-26 17:00:00,1470.7835998062933
7354,2023-11-26 18:00:00,1481.8246809285924
7355,2023-11-26 19:00:00,1313.3488510083428
7356,2023-11-26 20:00:00,981.8661297627514
7357,2023-11-26 21:00:00,600.3798068778995
7358,2023-11-26 22:00:00,296.4543192712108
7359,2023-11-26 23:00:00,118.90915831361333
7360,2023-11-27 00:00:00,94.26283102996288
7361,2023-11-27 01:00:00,-20.441857040768525
7362,2023-11-27 02:00:00,-176.4792158638465
7363,2023-11-27 03:00:00,-316.2120312983425
7364,2023-11-27 04:00:00,-348.59316160133267
7365,2023-11-27 05:00:00,-232.89954509920742
7366,2023-11-27 06:00:00,-13.087205878559615
7367,2023-11-27 07:00:00,224.61978121339646
7368,2023-11-27 08:00:00,424.0774110770633
7369,2023-11-27 09:00:00,590.9544960987056
7370,2023-11-27 10:00:00,760.0570172697671
7371,2023-11-27 11:00:00,941.0265143859526
7372,2023-11-27 12:00:00,1103.322170445109
7373,2023-11-27 13:00:00,1214.596306293447
7374,2023-11-27 14:00:00,1285.7841067391892
7375,2023-11-27 15:00:00,1366.518724639278
7376,2023-11-27 16:00:00,1487.4872270521657
7377,2023-11-27 17:00:00,1607.44502344144
7378,2023-11-27 18:00:00,1626.3935125022012
7379,2023-11-27 19:00:00,1464.498195021293
7380,2023-11-27 20:00:00,1138.2838478242325
7381,2023-11-27 21:00:00,760.7853067690085
7382,2023-11-27 22:00:00,459.6144304847081
7383,2023-11-27 23:00:00,283.6528995537367
7384,2023-11-28 00:00:00,181.08510784686942
7385,2023-11-28 01:00:00,65.86113717061723
7386,2023-11-28 02:00:00,-91.60494441187498
7387,2023-11-28 03:00:00,-233.56900461817733
7388,2023-11-28 04:00:00,-268.8700175408285
7389,2023-11-28 05:00:00,-156.6659279042573
7390,2023-11-28 06:00:00,59.20944550220787
7391,2023-11-28 07:00:00,292.655532088355
7392,2023-11-28 08:00:00,487.65122821586715
7393,2023-11-28 09:00:00,650.0427201958029
7394,2023-11-28 10:00:00,814.6953382764548
7395,2023-11-28 11:00:00,991.3607975628365
7396,2023-11-28 12:00:00,1149.6008606454393
7397,2023-11-28 13:00:00,1257.1613546591975
7398,2023-11-28 14:00:00,1325.0605696976327
7399,2023-11-28 15:00:00,1403.0032025108017
7400,2023-11-28 16:00:00,1521.7353246621817
7401,2023-11-28 17:00:00,1640.0580277617564
7402,2023-11-28 18:00:00,1658.0044923600763
7403,2023-11-28 19:00:00,1495.7577348767973
7404,2023-11-28 20:00:00,1169.845632167819
7405,2023-11-28 21:00:00,793.29177269063
7406,2023-11-28 22:00:00,493.6827048018466
7407,2023-11-28 23:00:00,319.8612320016854
7408,2023-11-29 00:00:00,219.9600044631523
7409,2023-11-29 01:00:00,107.86538825205051
7410,2023-11-29 02:00:00,-46.0831606336298
7411,2023-11-29 03:00:00,-184.22577629139968
7412,2023-11-29 04:00:00,-215.4939629796828
7413,2023-11-29 05:00:00,-99.14493945536938
7414,2023-11-29 06:00:00,120.883085257744
7415,2023-11-29 07:00:00,358.3817471180905
7416,2023-11-29 08:00:00,557.2205200597286
7417,2023-11-29 09:00:00,723.0794093329471
7418,2023-11-29 10:00:00,890.7733214075205
7419,2023-11-29 11:00:00,1069.9505445074608
7420,2023-11-29 12:00:00,1230.0749924468748
7421,2023-11-29 13:00:00,1338.8019242445728
7422,2023-11-29 14:00:00,1407.0679559082091
7423,2023-11-29 15:00:00,1484.5065054171323
7424,2023-11-29 16:00:00,1601.8041282425086
7425,2023-11-29 17:00:00,1717.7153761516117
7426,2023-11-29 18:00:00,1732.2409078262235
7427,2023-11-29 19:00:00,1565.5460898870392
7428,2023-11-29 20:00:00,1234.1566745771124
7429,2023-11-29 21:00:00,851.1100922623765
7430,2023-11-29 22:00:00,544.0229213327332
7431,2023-11-29 23:00:00,361.7841801540428
7432,2023-11-30 00:00:00,252.58868826803968
7433,2023-11-30 01:00:00,130.40047896729277
7434,2023-11-30 02:00:00,-34.348505650675264
7435,2023-11-30 03:00:00,-183.89198955024548
7436,2023-11-30 04:00:00,-227.04224348685776
7437,2023-11-30 05:00:00,-122.92572389859592
7438,2023-11-30 06:00:00,84.66017835534191
7439,2023-11-30 07:00:00,309.65633900858325
7440,2023-11-30 08:00:00,496.08811766780696
7441,2023-11-30 09:00:00,649.7961558239674
7442,2023-11-30 10:00:00,805.7587547835456
7443,2023-11-30 11:00:00,973.7882928268224
7444,2023-11-30 12:00:00,1123.5113598609878
7445,2023-11-30 13:00:00,1222.7423490440033
7446,2023-11-30 14:00:00,1282.5713485768892
7447,2023-11-30 15:00:00,1352.7775022792239
7448,2023-11-30 16:00:00,1464.1833231186126
7449,2023-11-30 17:00:00,1575.6676189628981
7450,2023-11-30 18:00:00,1587.3417844701075
7451,2023-11-30 19:00:00,1419.4667221981597
7452,2023-11-30 20:00:00,1088.6470015819716
7453,2023-11-30 21:00:00,707.980815184868
7454,2023-11-30 22:00:00,405.1263129829216
7455,2023-11-30 23:00:00,228.99397619354517
7456,2023-12-01 00:00:00,127.77929127339056
7457,2023-12-01 01:00:00,15.425717306584716
7458,2023-12-01 02:00:00,-137.67681417678884
7459,2023-12-01 03:00:00,-273.8254141863323
7460,2023-12-01 04:00:00,-301.91680030916444
7461,2023-12-01 05:00:00,-181.18236325396475
7462,2023-12-01 06:00:00,44.455907917659516
7463,2023-12-01 07:00:00,288.7956939534897
7464,2023-12-01 08:00:00,495.70186285100954
7465,2023-12-01 09:00:00,670.8387875224857
7466,2023-12-01 10:00:00,848.9944466680388
7467,2023-12-01 11:00:00,1039.7787492023763
7468,2023-12-01 12:00:00,1212.6057394283166
7469,2023-12-01 13:00:00,1335.0693988482892
7470,2023-12-01 14:00:00,1418.0338631144627
7471,2023-12-01 15:00:00,1511.049195575686
7472,2023-12-01 16:00:00,1644.7081740433491
7473,2023-12-01 17:00:00,1777.6617211452
7474,2023-12-01 18:00:00,1809.7977030866696
7475,2023-12-01 19:00:00,1661.1603301696769
7476,2023-12-01 20:00:00,1348.1467388703409
7477,2023-12-01 21:00:00,983.6592858938652
7478,2023-12-01 22:00:00,695.1741072419939
7479,2023-12-01 23:00:00,531.4355774970566
7480,2023-12-02 00:00:00,362.08112046475117
7481,2023-12-02 01:00:00,257.74504642786917
7482,2023-12-02 02:00:00,110.29987178278488
7483,2023-12-02 03:00:00,-22.636761610121994
7484,2023-12-02 04:00:00,-50.02337996341245
7485,2023-12-02 05:00:00,68.87105473103482
7486,2023-12-02 06:00:00,290.11175214786607
7487,2023-12-02 07:00:00,527.508621658683
7488,2023-12-02 08:00:00,724.9637729881766
7489,2023-12-02 09:00:00,888.2035401185377
7490,2023-12-02 10:00:00,1052.1020141827378
7491,2023-12-02 11:00:00,1226.3785319466294
7492,2023-12-02 12:00:00,1380.57878621211
7493,2023-12-02 13:00:00,1482.449286442074
7494,2023-12-02 14:00:00,1543.026003353226
7495,2023-12-02 15:00:00,1612.0483569075643
7496,2023-12-02 16:00:00,1720.3140248881014
7497,2023-12-02 17:00:00,1826.6922250845823
7498,2023-12-02 18:00:00,1831.3002208304822
7499,2023-12-02 19:00:00,1654.4203095935738
7500,2023-12-02 20:00:00,1312.6939023167126
7501,2023-12-02 21:00:00,919.271252644907
7502,2023-12-02 22:00:00,601.8774191474826
7503,2023-12-02 23:00:00,409.50412481796457
7504,2023-12-03 00:00:00,290.44177977774734
7505,2023-12-03 01:00:00,158.7416666601433
7506,2023-12-03 02:00:00,-15.086464508349053
7507,2023-12-03 03:00:00,-173.20892999775018
7508,2023-12-03 04:00:00,-224.38179855343847
7509,2023-12-03 05:00:00,-127.68717198642224
7510,2023-12-03 06:00:00,73.10959591435328
7511,2023-12-03 07:00:00,291.9688077340111
7512,2023-12-03 08:00:00,472.9225277252407
7513,2023-12-03 09:00:00,621.8054495282211
7514,2023-12-03 10:00:00,773.5775242684722
7515,2023-12-03 11:00:00,938.020804217738
7516,2023-12-03 12:00:00,1084.7201744687147
7517,2023-12-03 13:00:00,1181.4377034389997
7518,2023-12-03 14:00:00,1239.20144522003
7519,2023-12-03 15:00:00,1307.719849435806
7520,2023-12-03 16:00:00,1417.737248818278
7521,2023-12-03 17:00:00,1528.0480674600353
7522,2023-12-03 18:00:00,1538.6744864384827
7523,2023-12-03 19:00:00,1369.7848109713177
7524,2023-12-03 20:00:00,1037.8891283561113
7525,2023-12-03 21:00:00,655.9907953818889
7526,2023-12-03 22:00:00,351.6543156235065
7527,2023-12-03 23:00:00,173.69924662098424
7528,2023-12-04 00:00:00,148.6441610742678
7529,2023-12-04 01:00:00,33.53192971250181
7530,2023-12-04 02:00:00,-122.91169274423964
7531,2023-12-04 03:00:00,-263.04942797715603
7532,2023-12-04 04:00:00,-295.8340706024892
7533,2023-12-04 05:00:00,-180.54249580900373
7534,2023-12-04 06:00:00,38.869334900316375
7535,2023-12-04 07:00:00,276.17740872220804
7536,2023-12-04 08:00:00,475.23778204350606
7537,2023-12-04 09:00:00,641.7193281996026
7538,2023-12-04 10:00:00,810.4280885312194
7539,2023-12-04 11:00:00,991.0056626246285
7540,2023-12-04 12:00:00,1152.9112926871446
7541,2023-12-04 13:00:00,1263.797358178445
7542,2023-12-04 14:00:00,1334.5991019184817
7543,2023-12-04 15:00:00,1414.9497341817118
7544,2023-12-04 16:00:00,1535.5363788257694
7545,2023-12-04 17:00:00,1655.114501479466
7546,2023-12-04 18:00:00,1673.685556399692
7547,2023-12-04 19:00:00,1511.4150992835976
7548,2023-12-04 20:00:00,1184.8279612351012
7549,2023-12-04 21:00:00,806.9590317397408
7550,2023-12-04 22:00:00,505.42022239805635
7551,2023-12-04 23:00:00,329.0932661058704
7552,2023-12-05 00:00:00,226.16260836895265
7553,2023-12-05 01:00:00,110.57838198554582
7554,2023-12-05 02:00:00,-47.245294726817235
7555,2023-12-05 03:00:00,-189.56423985586812
7556,2023-12-05 04:00:00,-225.2173785915096
7557,2023-12-05 05:00:00,-113.36260744459096
7558,2023-12-05 06:00:00,102.16630229114521
7559,2023-12-05 07:00:00,335.26882682549643
7560,2023-12-05 08:00:00,529.9239086082008
7561,2023-12-05 09:00:00,691.9208390876204
7562,2023-12-05 10:00:00,856.1818067597217
7563,2023-12-05 11:00:00,1032.4585704276558
7564,2023-12-05 12:00:00,1190.3129356470358
7565,2023-12-05 13:00:00,1297.4907717510239
7566,2023-12-05 14:00:00,1365.0104103176109
7567,2023-12-05 15:00:00,1442.576588802672
7568,2023-12-05 16:00:00,1560.9354187242836
7569,2023-12-05 17:00:00,1678.8880308806552
7570,2023-12-05 18:00:00,1696.4676442530304
7571,2023-12-05 19:00:00,1533.8573129103418
7572,2023-12-05 20:00:00,1207.5849505712558
7573,2023-12-05 21:00:00,830.6741818004382
7574,2023-12-05 22:00:00,530.7115902560718
7575,2023-12-05 23:00:00,356.54001395477053
7576,2023-12-06 00:00:00,256.2921367873727
7577,2023-12-06 01:00:00,143.8543577617195
7578,2023-12-06 02:00:00,-10.433835014288604
7579,2023-12-06 03:00:00,-148.91254431208765
7580,2023-12-06 04:00:00,-180.51324387756642
7581,2023-12-06 05:00:00,-64.49312276602754
7582,2023-12-06 06:00:00,155.2096388642698
7583,2023-12-06 07:00:00,392.3867050746561
7584,2023-12-06 08:00:00,590.9075770209699
7585,2023-12-06 09:00:00,756.4522863707914
7586,2023-12-06 10:00:00,923.8357651831022
7587,2023-12-06 11:00:00,1102.7063264740818
7588,2023-12-06 12:00:00,1262.527907963905
7589,2023-12-06 13:00:00,1370.9557917628879
7590,2023-12-06 14:00:00,1438.9266161499095
7591,2023-12-06 15:00:00,1516.0738205179753
7592,2023-12-06 16:00:00,1633.0839809134302
7593,2023-12-06 17:00:00,1748.7116688320627
7594,2023-12-06 18:00:00,1762.9575618513236
7595,2023-12-06 19:00:00,1595.9870446270752
7596,2023-12-06 20:00:00,1264.325886581973
7597,2023-12-06 21:00:00,881.0115344338251
7598,2023-12-06 22:00:00,573.6605820537792
7599,2023-12-06 23:00:00,391.1620624391497
7600,2023-12-07 00:00:00,281.71080890306797
7601,2023-12-07 01:00:00,159.27086767477755
7602,2023-12-07 02:00:00,-5.725807097597709
7603,2023-12-07 03:00:00,-155.51292816588244
7604,2023-12-07 04:00:00,-198.90275593679223
7605,2023-12-07 05:00:00,-95.02173735625684
7606,2023-12-07 06:00:00,112.3327453371013
7607,2023-12-07 07:00:00,337.10157565038634
7608,2023-12-07 08:00:00,523.3101201102861
7609,2023-12-07 09:00:00,676.799026243079
7610,2023-12-07 10:00:00,832.5466005497196
7611,2023-12-07 11:00:00,1000.3652256315587
7612,2023-12-07 12:00:00,1149.8814948947659
7613,2023-12-07 13:00:00,1248.909804065768
7614,2023-12-07 14:00:00,1308.5402431194475
7615,2023-12-07 15:00:00,1378.5519567574515
7616,2023-12-07 16:00:00,1489.7674579954455
7617,2023-12-07 17:00:00,1601.0655538609
7618,2023-12-07 18:00:00,1612.557637338401
7619,2023-12-07 19:00:00,1444.5046084570445
7620,2023-12-07 20:00:00,1113.5110332487702
7621,2023-12-07 21:00:00,732.6751000550967
7622,2023-12-07 22:00:00,429.6549537453405
7623,2023-12-07 23:00:00,253.36106960378623
7624,2023-12-08 00:00:00,151.9889272919455
7625,2023-12-08 01:00:00,39.48197825910776
7626,2023-12-08 02:00:00,-113.76985444251079
7627,2023-12-08 03:00:00,-250.06369114915918
7628,2023-12-08 04:00:00,-278.2962596000966
7629,2023-12-08 05:00:00,-157.69896152173732
7630,2023-12-08 06:00:00,67.80620220266348
7631,2023-12-08 07:00:00,312.01689964572245
7632,2023-12-08 08:00:00,518.7979853048981
7633,2023-12-08 09:00:00,693.8138177619253
7634,2023-12-08 10:00:00,871.8523605726601
7635,2023-12-08 11:00:00,1062.5235066690486
7636,2023-12-08 12:00:00,1235.2412835627947
7637,2023-12-08 13:00:00,1357.599655146551
7638,2023-12-08 14:00:00,1440.4627386468762
7639,2023-12-08 15:00:00,1533.3805781868477
7640,2023-12-08 16:00:00,1666.9459315274614
7641,2023-12-08 17:00:00,1799.8097004734213
7642,2023-12-08 18:00:00,1831.859729576884
7643,2023-12-08 19:00:00,1683.1402067117294
7644,2023-12-08 20:00:00,1370.048245148392
7645,2023-12-08 21:00:00,1005.4861775316515
7646,2023-12-08 22:00:00,716.930115112911
7647,2023-12-08 23:00:00,553.1244068916195
7648,2023-12-09 00:00:00,383.70645032413887
7649,2023-12-09 01:00:00,279.3105285779785
7650,2023-12-09 02:00:00,131.80913017049514
7651,2023-12-09 03:00:00,-1.1801316819416172
7652,2023-12-09 04:00:00,-28.615812579433964
7653,2023-12-09 05:00:00,90.23309532282437
7654,2023-12-09 06:00:00,311.4317708210948
7655,2023-12-09 07:00:00,548.7900916345261
7656,2023-12-09 08:00:00,746.2101351582478
7657,2023-12-09 09:00:00,909.4182022333963
7658,2023-12-09 10:00:00,1073.288350190099
7659,2023-12-09 11:00:00,1247.5398812446454
7660,2023-12-09 12:00:00,1401.718452945304
7661,2023-12-09 13:00:00,1503.570538790787
7662,2023-12-09 14:00:00,1564.1320728298017
7663,2023-12-09 15:00:00,1633.1424376644702
7664,2023-12-09 16:00:00,1741.3992730162845
7665,2023-12-09 17:00:00,1847.771757952255
7666,2023-12-09 18:00:00,1852.3771163768968
7667,2023-12-09 19:00:00,1675.4976056766745
7668,2023-12-09 20:00:00,1333.7745960435427
7669,2023-12-09 21:00:00,940.3582997135222
7670,2023-12-09 22:00:00,622.97373318301
7671,2023-12-09 23:00:00,430.61257674443607
7672,2023-12-10 00:00:00,311.56519716674603
7673,2023-12-10 01:00:00,179.88283310272845
7674,2023-12-10 02:00:00,6.075189976141161
7675,2023-12-10 03:00:00,-152.02409371372704
7676,2023-12-10 04:00:00,-203.17113253509683
7677,2023-12-10 05:00:00,-106.44807475873051
7678,2023-12-10 06:00:00,94.37967880788466
7679,2023-12-10 07:00:00,313.27238311651416
7680,2023-12-10 08:00:00,494.26205421146676
7681,2023-12-10 09:00:00,643.1833369479815
7682,2023-12-10 10:00:00,794.9961331085633
7683,2023-12-10 11:00:00,959.4824450540159
7684,2023-12-10 12:00:00,1106.2271073990687
7685,2023-12-10 13:00:00,1202.9921375862407
7686,2023-12-10 14:00:00,1260.8055381464465
7687,2023-12-10 15:00:00,1329.375706637131
7688,2023-12-10 16:00:00,1439.4469231927828
7689,2023-12-10 17:00:00,1549.8135588295336
7690,2023-12-10 18:00:00,1560.4977409970384
7691,2023-12-10 19:00:00,1391.6677208172393
7692,2023-12-10 20:00:00,1059.8335310048299
7693,2023-12-10 21:00:00,677.9984732810365
7694,2023-12-10 22:00:00,373.72699568328767
7695,2023-12-10 23:00:00,195.83859974609243
7696,2023-12-11 00:00:00,170.85180173303826
7697,2023-12-11 01:00:00,55.809415456399364
7698,2023-12-11 02:00:00,-100.56286168091034
7699,2023-12-11 03:00:00,-240.6278091282757
7700,2023-12-11 04:00:00,-273.3382796773471
7701,2023-12-11 05:00:00,-157.97120710492547
7702,2023-12-11 06:00:00,61.51738809498232
7703,2023-12-11 07:00:00,298.9034337440942
7704,2023-12-11 08:00:00,498.04292646115505
7705,2023-12-11 09:00:00,664.6046794470465
7706,2023-12-11 10:00:00,833.3946735430399
7707,2023-12-11 11:00:00,1014.054447485264
7708,2023-12-11 12:00:00,1176.0431822675057
7709,2023-12-11 13:00:00,1287.0131958279617
7710,2023-12-11 14:00:00,1357.8996691110713
7711,2023-12-11 15:00:00,1438.3357502159197
7712,2023-12-11 16:00:00,1559.0085005072096
7713,2023-12-11 17:00:00,1678.6733228217731
7714,2023-12-11 18:00:00,1697.331608350762
7715,2023-12-11 19:00:00,1535.1488494202017
7716,2023-12-11 20:00:00,1208.6498135164945
7717,2023-12-11 21:00:00,830.8693262572018
7718,2023-12-11 22:00:00,529.4192350436648
7719,2023-12-11 23:00:00,353.1812084493447
7720,2023-12-12 00:00:00,250.33962736361252
7721,2023-12-12 01:00:00,134.84455974001958
7722,2023-12-12 02:00:00,-22.889941135353638
7723,2023-12-12 03:00:00,-165.1197585972553
7724,2023-12-12 04:00:00,-200.6838832672135
7725,2023-12-12 05:00:00,-88.74027727108785
7726,2023-12-12 06:00:00,126.87722230823708
7727,2023-12-12 07:00:00,360.0680257346728
7728,2023-12-12 08:00:00,554.8110093555482
7729,2023-12-12 09:00:00,716.9788444998369
7730,2023-12-12 10:00:00,881.4104447848581
7731,2023-12-12 11:00:00,1057.8575029807146
7732,2023-12-12 12:00:00,1215.8817584787726
7733,2023-12-12 13:00:00,1323.229014382622
7734,2023-12-12 14:00:00,1390.9175359152985
7735,2023-12-12 15:00:00,1468.6519941225597
7736,2023-12-12 16:00:00,1587.178434029368
7737,2023-12-12 17:00:00,1705.2979198850096
7738,2023-12-12 18:00:00,1723.0436040744114
7739,2023-12-12 19:00:00,1560.598474025163
7740,2023-12-12 20:00:00,1234.4903767955163
7741,2023-12-12 21:00:00,857.7428702645881
7742,2023-12-12 22:00:00,557.9424713967627
7743,2023-12-12 23:00:00,383.93195151177827
7744,2023-12-13 00:00:00,283.8439278347299
7745,2023-12-13 01:00:00,171.56473270029394
7746,2023-12-13 02:00:00,17.433787615311246
7747,2023-12-13 03:00:00,-120.88907680740022
7748,2023-12-13 04:00:00,-152.33540081062426
7749,2023-12-13 05:00:00,-36.1624399227978
7750,2023-12-13 06:00:00,183.69155930490274
7751,2023-12-13 07:00:00,421.01819463304366
7752,2023-12-13 08:00:00,619.6869009948841
7753,2023-12-13 09:00:00,785.3776439685438
7754,2023-12-13 10:00:00,952.9052896048755
7755,2023-12-13 11:00:00,1131.9180850591365
7756,2023-12-13 12:00:00,1291.8799023206661
7757,2023-12-13 13:00:00,1400.445957909123
7758,2023-12-13 14:00:00,1468.5528246852473
7759,2023-12-13 15:00:00,1545.8338767594596
7760,2023-12-13 16:00:00,1662.9756251081162
7761,2023-12-13 17:00:00,1778.7325763098484
7762,2023-12-13 18:00:00,1793.1053432405095
7763,2023-12-13 19:00:00,1626.259246058109
7764,2023-12-13 20:00:00,1294.7199899078737
7765,2023-12-13 21:00:00,911.5249574371721
7766,2023-12-13 22:00:00,604.2906787101524
7767,2023-12-13 23:00:00,421.9061231499884
7768,2023-12-14 00:00:00,312.5660607479948
7769,2023-12-14 01:00:00,190.23447468551566
7770,2023-12-14 02:00:00,25.343256338155243
7771,2023-12-14 03:00:00,-124.3413695270641
7772,2023-12-14 04:00:00,-167.6317255212652
7773,2023-12-14 05:00:00,-63.654320459877454
7774,2023-12-14 06:00:00,143.79340184354385
7775,2023-12-14 07:00:00,368.6522636533302
7776,2023-12-14 08:00:00,554.947570583594
7777,2023-12-14 09:00:00,708.5199096134534
7778,2023-12-14 10:00:00,864.3475270244032
7779,2023-12-14 11:00:00,1032.2427455736988
7780,2023-12-14 12:00:00,1181.8320992043273
7781,2023-12-14 13:00:00,1280.9299245553468
7782,2023-12-14 14:00:00,1340.6262529058154
7783,2023-12-14 15:00:00,1410.7001706699268
7784,2023-12-14 16:00:00,1521.9741329872759
7785,2023-12-14 17:00:00,1633.3268894185726
7786,2023-12-14 18:00:00,1644.8697759285265
7787,2023-12-14 19:00:00,1476.8636359458392
7788,2023-12-14 20:00:00,1145.9129793821526
7789,2023-12-14 21:00:00,765.1159388767662
7790,2023-12-14 22:00:00,462.1306041121774
7791,2023-12-14 23:00:00,285.8673955902153
7792,2023-12-15 00:00:00,184.52173875452763
7793,2023-12-15 01:00:00,72.03703128099818
7794,2023-12-15 02:00:00,-81.19685703533679
7795,2023-12-15 03:00:00,-217.47709927179272
7796,2023-12-15 04:00:00,-245.70047540865562
7797,2023-12-15 05:00:00,-125.0984388560504
7798,2023-12-15 06:00:00,100.40695833633137
7799,2023-12-15 07:00:00,344.61333362538926
7800,2023-12-15 08:00:00,551.3854914420401
7801,2023-12-15 09:00:00,726.3877408857612
7802,2023-12-15 10:00:00,904.4079965709739
7803,2023-12-15 11:00:00,1095.0561030830786
7804,2023-12-15 12:00:00,1267.7460401771389
7805,2023-12-15 13:00:00,1390.0717245788603
7806,2023-12-15 14:00:00,1472.8972269524813
7807,2023-12-15 15:00:00,1565.7725454657698
7808,2023-12-15 16:00:00,1699.2903925619528
7809,2023-12-15 17:00:00,1832.1016253272146
7810,2023-12-15 18:00:00,1864.094044247567
7811,2023-12-15 19:00:00,1715.3117937717147
7812,2023-12-15 20:00:00,1402.1519443981088
7813,2023-12-15 21:00:00,1037.516786639165
7814,2023-12-15 22:00:00,748.8823903029745
7815,2023-12-15 23:00:00,584.9930636112776
7816,2023-12-16 00:00:00,415.4861638972401
7817,2023-12-16 01:00:00,310.9959349276763
7818,2023-12-16 02:00:00,163.39482649331566
7819,2023-12-16 03:00:00,30.30041379701302
7820,2023-12-16 04:00:00,2.75410390498746
7821,2023-12-16 05:00:00,121.48686808293186
7822,2023-12-16 06:00:00,342.56384923444443
7823,2023-12-16 07:00:00,579.7948899342341
7824,2023-12-16 08:00:00,777.0820331581058
7825,2023-12-16 09:00:00,940.1515460710399
7826,2023-12-16 10:00:00,1103.8774530747353
7827,2023-12-16 11:00:00,1277.9790242101433
7828,2023-12-16 12:00:00,1432.0018856152199
7829,2023-12-16 13:00:00,1533.6924801215969
7830,2023-12-16 14:00:00,1594.0867119155666
7831,2023-12-16 15:00:00,1662.9239344911487
7832,2023-12-16 16:00:00,1771.0017592508152
7833,2023-12-16 17:00:00,1877.189337729573
7834,2023-12-16 18:00:00,1881.6038671032795
7835,2023-12-16 19:00:00,1704.527578823056
7836,2023-12-16 20:00:00,1362.6018179379055
7837,2023-12-16 21:00:00,968.9767723811419
7838,2023-12-16 22:00:00,651.3774351398247
7839,2023-12-16 23:00:00,458.795463823324
7840,2023-12-17 00:00:00,339.5212033370537
7841,2023-12-17 01:00:00,207.60587132188834
7842,2023-12-17 02:00:00,33.55915299757382
7843,2023-12-17 03:00:00,-124.7853324809189
7844,2023-12-17 04:00:00,-176.18371818775165
7845,2023-12-17 05:00:00,-79.71817004769593
7846,2023-12-17 06:00:00,120.84589431875739
7847,2023-12-17 07:00:00,339.4687139215421
7848,2023-12-17 08:00:00,520.1822897211841
7849,2023-12-17 09:00:00,668.8212523706867
7850,2023-12-17 10:00:00,820.3454902800863
7851,2023-12-17 11:00:00,984.5369933461448
7852,2023-12-17 12:00:00,1130.9805845880305
7853,2023-12-17 13:00:00,1227.4382707191521
7854,2023-12-17 14:00:00,1284.9380444512526
7855,2023-12-17 15:00:00,1353.1882943843284
7856,2023-12-17 16:00:00,1462.9332926170546
7857,2023-12-17 17:00:00,1572.9674029816745
7858,2023-12-17 18:00:00,1583.3127466788078
7859,2023-12-17 19:00:00,1414.13756947873
7860,2023-12-17 20:00:00,1081.951899578374
7861,2023-12-17 21:00:00,699.7590352020427
7862,2023-12-17 22:00:00,395.1234217174623
7863,2023-12-17 23:00:00,216.86455892029
7864,2023-12-18 00:00:00,191.50096223936282
7865,2023-12-18 01:00:00,76.07544559346863
7866,2023-12-18 02:00:00,-80.68629262657936
7867,2023-12-18 03:00:00,-221.14702994021962
7868,2023-12-18 04:00:00,-254.25961629457868
7869,2023-12-18 05:00:00,-139.30098169853642
7870,2023-12-18 06:00:00,79.77285803631014
7871,2023-12-18 07:00:00,316.73783634797957
7872,2023-12-18 08:00:00,515.4499564089934
7873,2023-12-18 09:00:00,681.5780388755793
7874,2023-12-18 10:00:00,849.9280729925686
7875,2023-12-18 11:00:00,1030.1416068254166
7876,2023-12-18 12:00:00,1191.677831632131
7877,2023-12-18 13:00:00,1302.1890765276153
7878,2023-12-18 14:00:00,1372.6105345941437
7879,2023-12-18 15:00:00,1452.5753669811627
7880,2023-12-18 16:00:00,1572.7706490422431
7881,2023-12-18 17:00:00,1691.9517985345215
7882,2023-12-18 18:00:00,1710.1202225121963
7883,2023-12-18 19:00:00,1547.4414300905169
7884,2023-12-18 20:00:00,1220.4402064899557
7885,2023-12-18 21:00:00,842.1513959341997
7886,2023-12-18 22:00:00,540.186865475019
7887,2023-12-18 23:00:00,363.4283041861232
7888,2023-12-19 00:00:00,260.06011441456735
7889,2023-12-19 01:00:00,144.03238648656523
7890,2023-12-19 02:00:00,-14.240802978560055
7891,2023-12-19 03:00:00,-157.01531307941212
7892,2023-12-19 04:00:00,-193.13010925633563
7893,2023-12-19 05:00:00,-81.74312753502971
7894,2023-12-19 06:00:00,133.3118220291733
7895,2023-12-19 07:00:00,365.934177652328
7896,2023-12-19 08:00:00,560.1028445576105
7897,2023-12-19 09:00:00,721.607077748901
7898,2023-12-19 10:00:00,885.3690300739913
7899,2023-12-19 11:00:00,1061.1404254774714
7900,2023-12-19 12:00:00,1218.4830354484686
7901,2023-12-19 13:00:00,1325.1426960986225
7902,2023-12-19 14:00:00,1392.1377065693948
7903,2023-12-19 15:00:00,1469.1727727362472
7904,2023-12-19 16:00:00,1586.993975349059
7905,2023-12-19 17:00:00,1704.402415308881
7906,2023-12-19 18:00:00,1721.4312825245484
7907,2023-12-19 19:00:00,1558.2636028640081
7908,2023-12-19 20:00:00,1231.4272627167084
7909,2023-12-19 21:00:00,853.9458601853962
7910,2023-12-19 22:00:00,553.4059533365436
7911,2023-12-19 23:00:00,378.6503554919468
7912,2023-12-20 00:00:00,277.81172674986976
7913,2023-12-20 01:00:00,164.7764431997004
7914,2023-12-20 02:00:00,9.883970979885419
7915,2023-12-20 03:00:00,-129.2058137994713
7916,2023-12-20 04:00:00,-161.42440500646234
7917,2023-12-20 05:00:00,-46.029010964501026
7918,2023-12-20 06:00:00,173.04216990494675
7919,2023-12-20 07:00:00,409.58078427065715
7920,2023-12-20 08:00:00,607.4563168674927
7921,2023-12-20 09:00:00,772.348783898575
7922,2023-12-20 10:00:00,939.073102931649
7923,2023-12-20 11:00:00,1117.2775733994756
7924,2023-12-20 12:00:00,1276.4261204490467
7925,2023-12-20 13:00:00,1384.1740145733954
7926,2023-12-20 14:00:00,1451.4578834246322
7927,2023-12-20 15:00:00,1527.9111567278549
7928,2023-12-20 16:00:00,1644.2204018605544
7929,2023-12-20 17:00:00,1759.1401826699646
7930,2023-12-20 18:00:00,1772.671170017656
7931,2023-12-20 19:00:00,1604.9787428968152
7932,2023-12-20 20:00:00,1272.5886660633291
7933,2023-12-20 21:00:00,888.5383825597846
7934,2023-12-20 22:00:00,580.4444836122009
7935,2023-12-20 23:00:00,397.19600059076254
7936,2023-12-21 00:00:00,286.98776618894135
7937,2023-12-21 01:00:00,163.78382705257482
7938,2023-12-21 02:00:00,-1.9838612233861
7939,2023-12-21 03:00:00,-152.54900891453656
7940,2023-12-21 04:00:00,-196.72387291842153
7941,2023-12-21 05:00:00,-93.63489563446552
7942,2023-12-21 06:00:00,112.92054630100967
7943,2023-12-21 07:00:00,336.8833430258526
7944,2023-12-21 08:00:00,522.2788687464288
7945,2023-12-21 09:00:00,674.9477797366725
7946,2023-12-21 10:00:00,829.8683922804386
7947,2023-12-21 11:00:00,996.8530998157955
7948,2023-12-21 12:00:00,1145.5285076578482
7949,2023-12-21 13:00:00,1243.7090244920778
7950,2023-12-21 14:00:00,1302.484754310937
7951,2023-12-21 15:00:00,1371.6348569059603
7952,2023-12-21 16:00:00,1481.9818614393832
7953,2023-12-21 17:00:00,1592.4045921584695
7954,2023-12-21 18:00:00,1603.0144603283927
7955,2023-12-21 19:00:00,1434.072385324263
7956,2023-12-21 20:00:00,1102.182953622328
7957,2023-12-21 21:00:00,720.4443750598543
7958,2023-12-21 22:00:00,416.5148170378777
7959,2023-12-21 23:00:00,239.30477849541873
7960,2023-12-22 00:00:00,137.00976383386515
7961,2023-12-22 01:00:00,23.573250271499944
7962,2023-12-22 02:00:00,-130.61481229341143
7963,2023-12-22 03:00:00,-267.8515162351797
7964,2023-12-22 04:00:00,-297.03356030446156
7965,2023-12-22 05:00:00,-177.39231613033007
7966,2023-12-22 06:00:00,47.150246552527676
7967,2023-12-22 07:00:00,290.39182805013473
7968,2023-12-22 08:00:00,496.1973161520475
7969,2023-12-22 09:00:00,670.2311038316213
7970,2023-12-22 10:00:00,847.2811900760643
7971,2023-12-22 11:00:00,1036.957504338365
7972,2023-12-22 12:00:00,1208.6741117068252
7973,2023-12-22 13:00:00,1330.0250147389672
7974,2023-12-22 14:00:00,1411.8743703673854
7975,2023-12-22 15:00:00,1503.7722634969145
7976,2023-12-22 16:00:00,1636.3114937443875
7977,2023-12-22 17:00:00,1768.1430058047774
7978,2023-12-22 18:00:00,1799.1546881984682
7979,2023-12-22 19:00:00,1649.3907738188013
7980,2023-12-22 20:00:00,1335.248422020656
7981,2023-12-22 21:00:00,969.6300125601394
7982,2023-12-22 22:00:00,680.011704875278
7983,2023-12-22 23:00:00,515.1378971863155
7984,2023-12-23 00:00:00,344.6460372081938
7985,2023-12-23 01:00:00,239.17045941266178
7986,2023-12-23 02:00:00,90.58370467915273
7987,2023-12-23 03:00:00,-43.49656042545564
7988,2023-12-23 04:00:00,-72.0288370819253
7989,2023-12-23 05:00:00,45.71793800070577
7990,2023-12-23 06:00:00,265.80900004729654
7991,2023-12-23 07:00:00,502.05428430585044
7992,2023-12-23 08:00:00,698.3559266162687
7993,2023-12-23 09:00:00,860.4402873388888
7994,2023-12-23 10:00:00,1023.1814843069895
7995,2023-12-23 11:00:00,1196.2988812833123
7996,2023-12-23 12:00:00,1349.3381982917442
7997,2023-12-23 13:00:00,1450.0459723467386
7998,2023-12-23 14:00:00,1509.4582019927016
7999,2023-12-23 15:00:00,1577.3143353102728
8000,2023-12-23 16:00:00,1684.412078471903
8001,2023-12-23 17:00:00,1789.6206779700415
8002,2023-12-23 18:00:00,1793.0574261135196
8003,2023-12-23 19:00:00,1615.0046496412915
8004,2023-12-23 20:00:00,1272.1037890549612
8005,2023-12-23 21:00:00,877.5051278683618
8006,2023-12-23 22:00:00,558.9337547826053
8007,2023-12-23 23:00:00,365.3814232326251
8008,2023-12-24 00:00:00,245.1385740748322
8009,2023-12-24 01:00:00,112.25652096891992
8010,2023-12-24 02:00:00,-62.75495473693758
8011,2023-12-24 03:00:00,-222.06213770072839
8012,2023-12-24 04:00:00,-274.4210647416168
8013,2023-12-24 05:00:00,-178.91380548075927
8014,2023-12-24 06:00:00,20.694318802468047
8015,2023-12-24 07:00:00,238.3636434918548
8016,2023-12-24 08:00:00,418.1262659322222
8017,2023-12-24 09:00:00,565.8169131705938
8018,2023-12-24 10:00:00,716.3955700047277
8019,2023-12-24 11:00:00,879.6443226929116
8020,2023-12-24 12:00:00,1025.148090620863
8021,2023-12-24 13:00:00,1120.668976779832
8022,2023-12-24 14:00:00,1177.2350701319542
8023,2023-12-24 15:00:00,1244.5548554697064
8024,2023-12-24 16:00:00,1353.3727010008665
8025,2023-12-24 17:00:00,1462.483066583426
8026,2023-12-24 18:00:00,1471.9081693464516
8027,2023-12-24 19:00:00,1301.8163508821676
8028,2023-12-24 20:00:00,968.717735090712
8029,2023-12-24 21:00:00,585.6157157528844
8030,2023-12-24 22:00:00,280.0748336887334
8031,2023-12-24 23:00:00,100.91468391902174
8032,2023-12-25 00:00:00,207.74837549717392
8033,2023-12-25 01:00:00,91.42982029695395
8034,2023-12-25 02:00:00,-66.22069007089902
8035,2023-12-25 03:00:00,-207.56583858027983
8036,2023-12-25 04:00:00,-241.55838086286582
8037,2023-12-25 05:00:00,-127.47515280890207
8038,2023-12-25 06:00:00,90.72792363585882
8039,2023-12-25 07:00:00,326.8268755353302
8040,2023-12-25 08:00:00,524.6777994263375
8041,2023-12-25 09:00:00,689.9496090816504
8042,2023-12-25 10:00:00,857.4483865546433
8043,2023-12-25 11:00:00,1036.8157724439266
8044,2023-12-25 12:00:00,1197.5110502412217
8045,2023-12-25 13:00:00,1307.1866409772792
8046,2023-12-25 14:00:00,1376.7778293263664
8047,2023-12-25 15:00:00,1455.9178676898348
8048,2023-12-25 16:00:00,1575.2939223449687
8049,2023-12-25 17:00:00,1693.6615015875157
8050,2023-12-25 18:00:00,1711.0221026604631
8051,2023-12-25 19:00:00,1547.5413244842298
8052,2023-12-25 20:00:00,1219.7440416991249
8053,2023-12-25 21:00:00,840.6651875242878
8054,2023-12-25 22:00:00,537.9167176252349
8055,2023-12-25 23:00:00,360.38040924720735
8056,2023-12-26 00:00:00,123.14625399497885
8057,2023-12-26 01:00:00,6.353426450653046
8058,2023-12-26 02:00:00,-152.67840840674313
8059,2023-12-26 03:00:00,-296.20502329044956
8060,2023-12-26 04:00:00,-333.0652977825322
8061,2023-12-26 05:00:00,-222.41708246432165
8062,2023-12-26 06:00:00,-8.094102498725874
8063,2023-12-26 07:00:00,223.80316471591354
8064,2023-12-26 08:00:00,417.2537083148531
8065,2023-12-26 09:00:00,578.1475626205959
8066,2023-12-26 10:00:00,741.3065872374023
8067,2023-12-26 11:00:00,916.482588966603
8068,2023-12-26 12:00:00,1073.2374215993705
8069,2023-12-26 13:00:00,1179.317002970296
8070,2023-12-26 14:00:00,1245.7397133628076
8071,2023-12-26 15:00:00,1322.2103391999294
8072,2023-12-26 16:00:00,1439.4750411919065
8073,2023-12-26 17:00:00,1556.3349995638903
8074,2023-12-26 18:00:00,1572.823482943365
8075,2023-12-26 19:00:00,1409.123595282534
8076,2023-12-26 20:00:00,1081.7633004184424
8077,2023-12-26 21:00:00,703.76627322836
8078,2023-12-26 22:00:00,402.71914792080304
8079,2023-12-26 23:00:00,227.46481327408998
8080,2023-12-27 00:00:00,126.13600415848424
8081,2023-12-27 01:00:00,12.61917075257412
8082,2023-12-27 02:00:00,-142.7461474159959
8083,2023-12-27 03:00:00,-282.3000015530869
8084,2023-12-27 04:00:00,-314.9738135766877
8085,2023-12-27 05:00:00,-200.0247205634248
8086,2023-12-27 06:00:00,18.60914955838456
8087,2023-12-27 07:00:00,254.71951321021294
8088,2023-12-27 08:00:00,452.17592411394764
8089,2023-12-27 09:00:00,616.6584667421413
8090,2023-12-27 10:00:00,782.9821260938554
8091,2023-12-27 11:00:00,960.7952682929302
8092,2023-12-27 12:00:00,1119.5618843771972
8093,2023-12-27 13:00:00,1226.9373099534669
8094,2023-12-27 14:00:00,1293.8582369431292
8095,2023-12-27 15:00:00,1369.9581585524188
8096,2023-12-27 16:00:00,1485.9237048091154
8097,2023-12-27 17:00:00,1600.5095013770856
8098,2023-12-27 18:00:00,1613.7162801072143
8099,2023-12-27 19:00:00,1445.7094801228002
8100,2023-12-27 20:00:00,1113.0149254479193
8101,2023-12-27 21:00:00,728.6701175528326
8102,2023-12-27 22:00:00,420.29170520236784
8103,2023-12-27 23:00:00,236.7687764310626
8104,2023-12-28 00:00:00,126.29621970420772
8105,2023-12-28 01:00:00,2.838136567847414
8106,2023-12-28 02:00:00,-163.17346341350998
8107,2023-12-28 03:00:00,-313.9722374333326
8108,2023-12-28 04:00:00,-358.3703902293759
8109,2023-12-28 05:00:00,-255.4943129605798
8110,2023-12-28 06:00:00,-49.14133196500529
8111,2023-12-28 07:00:00,174.6294922706728
8112,2023-12-28 08:00:00,359.8435823902956
8113,2023-12-28 09:00:00,512.3416421344069
8114,2023-12-28 10:00:00,667.1020343134135
8115,2023-12-28 11:00:00,833.9371979248599
8116,2023-12-28 12:00:00,982.4737828801051
8117,2023-12-28 13:00:00,1080.5262414622607
8118,2023-12-28 14:00:00,1139.1847203139093
8119,2023-12-28 15:00:00,1208.2284208657845
8120,2023-12-28 16:00:00,1318.4799129314226
8121,2023-12-28 17:00:00,1428.8180604044342
8122,2023-12-28 18:00:00,1439.354313217289
8123,2023-12-28 19:00:00,1270.3496283686263
8124,2023-12-28 20:00:00,938.4086289482167
8125,2023-12-28 21:00:00,556.6295604084012
8126,2023-12-28 22:00:00,252.6706247189756
8127,2023-12-28 23:00:00,75.44235435963651
8128,2023-12-29 00:00:00,-26.859713769420352
8129,2023-12-29 01:00:00,-140.2920709720932
8130,2023-12-29 02:00:00,-294.46473694638485
8131,2023-12-29 03:00:00,-431.6747746951652
8132,2023-12-29 04:00:00,-460.81885465925984
8133,2023-12-29 05:00:00,-341.12832121048103
8134,2023-12-29 06:00:00,-116.52511790999205
8135,2023-12-29 07:00:00,126.78848067017282
8136,2023-12-29 08:00:00,332.6773863753574
8137,2023-12-29 09:00:00,506.8060151358995
8138,2023-12-29 10:00:00,683.9623878325247
8139,2023-12-29 11:00:00,873.7564547245146
8140,2023-12-29 12:00:00,1045.6023006210944
8141,2023-12-29 13:00:00,1167.0939466934028
8142,2023-12-29 14:00:00,1249.0955674212937
8143,2023-12-29 15:00:00,1341.157264138515
8144,2023-12-29 16:00:00,1473.8718517966201
8145,2023-12-29 17:00:00,1605.8902893187715
8146,2023-12-29 18:00:00,1637.1004783595126
8147,2023-12-29 19:00:00,1487.5466638251369
8148,2023-12-29 20:00:00,1173.6260159663334
8149,2023-12-29 21:00:00,808.24092434369
8150,2023-12-29 22:00:00,518.8675570652393
8151,2023-12-29 23:00:00,354.25031990654827
8152,2023-12-30 00:00:00,184.02666701335454
8153,2023-12-30 01:00:00,78.83093818721818
8154,2023-12-30 02:00:00,-69.46432151810745
8155,2023-12-30 03:00:00,-203.24144246529892
8156,2023-12-30 04:00:00,-231.4589238978054
8157,2023-12-30 05:00:00,-113.38570171667055
8158,2023-12-30 06:00:00,107.04345897985422
8159,2023-12-30 07:00:00,343.63849198269907
8160,2023-12-30 08:00:00,540.3015305600986
8161,2023-12-30 09:00:00,702.7589313310868
8162,2023-12-30 10:00:00,865.8848073104807
8163,2023-12-30 11:00:00,1039.3985162474635
8164,2023-12-30 12:00:00,1192.845771055055
8165,2023-12-30 13:00:00,1293.9731004886655
8166,2023-12-30 14:00:00,1353.8164937095432
8167,2023-12-30 15:00:00,1422.1153882648002
8168,2023-12-30 16:00:00,1529.6674786590477
8169,2023-12-30 17:00:00,1635.3419986025633
8170,2023-12-30 18:00:00,1639.2562264571825
8171,2023-12-30 19:00:00,1461.692473901005
8172,2023-12-30 20:00:00,1119.292165234327
8173,2023-12-30 21:00:00,725.2055666426058
8174,2023-12-30 22:00:00,407.1577483493597
8175,2023-12-30 23:00:00,214.14044420021594
8176,2023-12-31 00:00:00,94.44407431938936
8177,2023-12-31 01:00:00,-37.880069490737924
8178,2023-12-31 02:00:00,-212.32222886377718
8179,2023-12-31 03:00:00,-371.04871257545625
8180,2023-12-31 04:00:00,-422.8155826672998
8181,2023-12-31 05:00:00,-326.7049351389593
8182,2023-12-31 06:00:00,-126.48211873304689
8183,2023-12-31 07:00:00,91.81317332953103
8184,2023-12-31 08:00:00,272.21300867810487
8185,2023-12-31 09:00:00,420.5520835279509
8186,2023-12-31 10:00:00,571.7903507421477
8187,2023-12-31 11:00:00,735.7098635215043
8188,2023-12-31 12:00:00,881.8955070963793
8189,2023-12-31 13:00:00,978.1093491960762
8190,2023-12-31 14:00:00,1035.379442415032
8191,2023-12-31 15:00:00,1103.4142340985595
8192,2023-12-31 16:00:00,1212.9580538773835
8193,2023-12-31 17:00:00,1322.8053219820513
8194,2023-12-31 18:00:00,1332.978214797461
8195,2023-12-31 19:00:00,1163.645032087266
8196,2023-12-31 20:00:00,831.3158548666853
8197,2023-12-31 21:00:00,448.9940329368985
8198,2023-12-31 22:00:00,144.24406206111473
8199,2023-12-31 23:00:00,-34.11450885324234
8200,2024-01-01 00:00:00,-46.86528095460142
8201,2024-01-01 01:00:00,-162.3610645806424
8202,2024-01-01 02:00:00,-319.17828043287204
8203,2024-01-01 03:00:00,-459.67966183972896
8204,2024-01-01 04:00:00,-492.81801581970217
8205,2024-01-01 05:00:00,-377.87023071679016
8206,2024-01-01 06:00:00,-158.79228193669076
8207,2024-01-01 07:00:00,78.19180307294772
8208,2024-01-01 08:00:00,276.9380653166182
8209,2024-01-01 09:00:00,443.11536201263857
8210,2024-01-01 10:00:00,611.5297176548496
8211,2024-01-01 11:00:00,791.8227142561834
8212,2024-01-01 12:00:00,953.4535757300491
8213,2024-01-01 13:00:00,1064.074662527413
8214,2024-01-01 14:00:00,1134.6211977491912
8215,2024-01-01 15:00:00,1214.7263712426502
8216,2024-01-01 16:00:00,1335.077285736882
8217,2024-01-01 17:00:00,1454.4293850321092
8218,2024-01-01 18:00:00,1472.7841008783048
8219,2024-01-01 19:00:00,1310.3069657624478
8220,2024-01-01 20:00:00,983.5227869322689
8221,2024-01-01 21:00:00,605.4664292699617
8222,2024-01-01 22:00:00,303.74977915139425
8223,2024-01-01 23:00:00,127.25454362145797
8224,2024-01-02 00:00:00,11.467306139209427
8225,2024-01-02 01:00:00,-104.26615678548478
8226,2024-01-02 02:00:00,-262.22959013271077
8227,2024-01-02 03:00:00,-404.67884049088946
8228,2024-01-02 04:00:00,-440.4528622057687
8229,2024-01-02 05:00:00,-328.70958153576066
8230,2024-01-02 06:00:00,-113.28280016899737
8231,2024-01-02 07:00:00,119.72692707841833
8232,2024-01-02 08:00:00,314.29851106073977
8233,2024-01-02 09:00:00,476.22121096833706
8234,2024-01-02 10:00:00,640.417182464148
8235,2024-01-02 11:00:00,816.6381509552098
8236,2024-01-02 12:00:00,974.445887931394
8237,2024-01-02 13:00:00,1081.5862281714674
8238,2024-01-02 14:00:00,1149.0774680469044
8239,2024-01-02 15:00:00,1226.6243092827006
8240,2024-01-02 16:00:00,1344.9728270841538
8241,2024-01-02 17:00:00,1462.9241153847872
8242,2024-01-02 18:00:00,1480.5113557436882
8243,2024-01-02 19:00:00,1317.9175642676746
8244,2024-01-02 20:00:00,991.6706161972393
8245,2024-01-02 21:00:00,614.7940970538301
8246,2024-01-02 22:00:00,314.8745509487256
8247,2024-01-02 23:00:00,140.75477582429903
8248,2024-01-03 00:00:00,40.56741501096337
8249,2024-01-03 01:00:00,-71.80117359682356
8250,2024-01-03 02:00:00,-226.0115434294844
8251,2024-01-03 03:00:00,-364.4038393651924
8252,2024-01-03 04:00:00,-395.90957766847714
8253,2024-01-03 05:00:00,-279.78599044056455
8254,2024-01-03 06:00:00,-59.97130129929553
8255,2024-01-03 07:00:00,177.32610983962923
8256,2024-01-03 08:00:00,375.97569970730376
8257,2024-01-03 09:00:00,541.6574551592311
8258,2024-01-03 10:00:00,709.1862629539015
8259,2024-01-03 11:00:00,888.2103903657387
8260,2024-01-03 12:00:00,1048.1937289663829
8261,2024-01-03 13:00:00,1156.7915143306193
8262,2024-01-03 14:00:00,1224.9403377427861
8263,2024-01-03 15:00:00,1302.2735912134167
8264,2024-01-03 16:00:00,1419.477803032039
8265,2024-01-03 17:00:00,1535.3074965419112
8266,2024-01-03 18:00:00,1549.7633007638342
8267,2024-01-03 19:00:00,1383.0105514663348
8268,2024-01-03 20:00:00,1051.5749687665468
8269,2024-01-03 21:00:00,668.493949787591
8270,2024-01-03 22:00:00,361.38403841043294
8271,2024-01-03 23:00:00,179.13421731159627
8272,2024-01-04 00:00:00,69.93926915027191
8273,2024-01-04 01:00:00,-52.23681082254723
8274,2024-01-04 02:00:00,-216.96211975352617
8275,2024-01-04 03:00:00,-366.4704219995966
8276,2024-01-04 04:00:00,-409.57402987566957
8277,2024-01-04 05:00:00,-305.39944253150543
8278,2024-01-04 06:00:00,-97.74409469592865
8279,2024-01-04 07:00:00,127.33284437096495
8280,2024-01-04 08:00:00,313.8566881581544
8281,2024-01-04 09:00:00,467.6680308936868
8282,2024-01-04 10:00:00,623.7451255225265
8283,2024-01-04 11:00:00,791.9003008443616
8284,2024-01-04 12:00:00,941.760096223622
8285,2024-01-04 13:00:00,1041.1388531165778
8286,2024-01-04 14:00:00,1101.1266070029747
8287,2024-01-04 15:00:00,1171.5024478834985
8288,2024-01-04 16:00:00,1283.088833851303
8289,2024-01-04 17:00:00,1394.7645168165661
8290,2024-01-04 18:00:00,1406.640834479973
8291,2024-01-04 19:00:00,1238.9786313574573
8292,2024-01-04 20:00:00,908.3824178632583
8293,2024-01-04 21:00:00,527.95032645948
8294,2024-01-04 22:00:00,225.34044605776734
8295,2024-01-04 23:00:00,49.463195798913944
8296,2024-01-05 00:00:00,-51.48600090750347
8297,2024-01-05 01:00:00,-163.5637490399904
8298,2024-01-05 02:00:00,-316.3801820899647
8299,2024-01-05 03:00:00,-452.232477019146
8300,2024-01-05 04:00:00,-480.0174183616367
8301,2024-01-05 05:00:00,-358.9664646727384
8302,2024-01-05 06:00:00,-133.00167381662982
8303,2024-01-05 07:00:00,111.67456524417275
8304,2024-01-05 08:00:00,318.92704988452573
8305,2024-01-05 09:00:00,494.4200815185941
8306,2024-01-05 10:00:00,672.9415664324415
8307,2024-01-05 11:00:00,864.1013402665125
8308,2024-01-05 12:00:00,1037.3133731888668
8309,2024-01-05 13:00:00,1160.1715717102384
8310,2024-01-05 14:00:00,1243.5399956512042
8311,2024-01-05 15:00:00,1336.968631693283
8312,2024-01-05 16:00:00,1471.050180182894
8313,2024-01-05 17:00:00,1604.4354854435742
8314,2024-01-05 18:00:00,1637.0123346057726
8315,2024-01-05 19:00:00,1488.8248581092598
8316,2024-01-05 20:00:00,1176.2701118203022
8317,2024-01-05 21:00:00,812.2503709860882
8318,2024-01-05 22:00:00,524.2416895293086
8319,2024-01-05 23:00:00,360.9883591441342
8320,2024-01-06 00:00:00,192.12772001665064
8321,2024-01-06 01:00:00,88.29399813867667
8322,2024-01-06 02:00:00,-58.6403750927318
8323,2024-01-06 03:00:00,-191.05784352433102
8324,2024-01-06 04:00:00,-217.91701972335431
8325,2024-01-06 05:00:00,-98.48695270517385
8326,2024-01-06 06:00:00,123.2974795434975
8327,2024-01-06 07:00:00,361.2460980902646
8328,2024-01-06 08:00:00,559.2609237447422
8329,2024-01-06 09:00:00,723.0682009220675
8330,2024-01-06 10:00:00,887.5419306616512
8331,2024-01-06 11:00:00,1062.4013590196896
8332,2024-01-06 12:00:00,1217.1920875030132
8333,2024-01-06 13:00:00,1319.6605337487595
8334,2024-01-06 14:00:00,1380.8425761088488
8335,2024-01-06 15:00:00,1450.4775416354641
8336,2024-01-06 16:00:00,1559.3630146846933
8337,2024-01-06 17:00:00,1666.3681191510868
8338,2024-01-06 18:00:00,1671.6100239369248
8339,2024-01-06 19:00:00,1495.370931639116
8340,2024-01-06 20:00:00,1154.2921578624628
8341,2024-01-06 21:00:00,761.5238604676747
8342,2024-01-06 22:00:00,444.7910017936241
8343,2024-01-06 23:00:00,253.08520820149613
8344,2024-01-07 00:00:00,134.69679276311
8345,2024-01-07 01:00:00,3.6769406770621345
8346,2024-01-07 02:00:00,-169.46469583830162
8347,2024-01-07 03:00:00,-326.89453123129476
8348,2024-01-07 04:00:00,-377.3687327588249
8349,2024-01-07 05:00:00,-279.9695011110143
8350,2024-01-07 06:00:00,-78.46228923779677
8351,2024-01-07 07:00:00,141.113105954405
8352,2024-01-07 08:00:00,322.7886489336448
8353,2024-01-07 09:00:00,472.39893331452765
8354,2024-01-07 10:00:00,624.9038098845565
8355,2024-01-07 11:00:00,790.0852303469444
8356,2024-01-07 12:00:00,937.5279790121449
8357,2024-01-07 13:00:00,1034.9940232737583
8358,2024-01-07 14:00:00,1093.5113159884183
8359,2024-01-07 15:00:00,1162.7882053728156
8360,2024-01-07 16:00:00,1273.568922566573
8361,2024-01-07 17:00:00,1384.6477899109468
8362,2024-01-07 18:00:00,1396.0468865852326
8363,2024-01-07 19:00:00,1227.9344157702922
8364,2024-01-07 20:00:00,896.820362585673
8365,2024-01-07 21:00:00,515.7079816308591
8366,2024-01-07 22:00:00,212.16167407005543
8367,2024-01-07 23:00:00,35.00089504613129
8368,2024-01-08 00:00:00,10.744114791228071
8369,2024-01-08 01:00:00,-103.56589847792804
8370,2024-01-08 02:00:00,-259.20349262956256
8371,2024-01-08 03:00:00,-398.5314918856087
8372,2024-01-08 04:00:00,-430.5027934396203
8373,2024-01-08 05:00:00,-314.3943750366277
8374,2024-01-08 06:00:00,-94.16230071637585
8375,2024-01-08 07:00:00,143.96931423262947
8376,2024-01-08 08:00:00,343.85642378242704
8377,2024-01-08 09:00:00,511.16779889699137
8378,2024-01-08 10:00:00,680.7093786528061
8379,2024-01-08 11:00:00,862.1226604672859
8380,2024-01-08 12:00:00,1024.8667844993556
8381,2024-01-08 13:00:00,1136.5940282718784
8382,2024-01-08 14:00:00,1208.2395328426005
8383,2024-01-08 15:00:00,1289.4364068619475
8384,2024-01-08 16:00:00,1410.8716727417016
8385,2024-01-08 17:00:00,1531.30069484773
8386,2024-01-08 18:00:00,1550.724826400194
8387,2024-01-08 19:00:00,1389.3095222501988
8388,2024-01-08 20:00:00,1063.5795129126366
8389,2024-01-08 21:00:00,686.569587486041
8390,2024-01-08 22:00:00,385.8915574714961
8391,2024-01-08 23:00:00,210.42705598434645
8392,2024-01-09 00:00:00,108.3604289611427
8393,2024-01-09 01:00:00,-6.358290025294195
8394,2024-01-09 02:00:00,-163.31508155266079
8395,2024-01-09 03:00:00,-304.7658623147728
8396,2024-01-09 04:00:00,-339.5496557298005
8397,2024-01-09 05:00:00,-226.82445617213398
8398,2024-01-09 06:00:00,-10.424132463021124
8399,2024-01-09 07:00:00,223.5506945213856
8400,2024-01-09 08:00:00,419.0788705163412
8401,2024-01-09 09:00:00,582.1807707193672
8402,2024-01-09 10:00:00,747.5480283203398
8403,2024-01-09 11:00:00,924.9323075552907
8404,2024-01-09 12:00:00,1083.8953197927658
8405,2024-01-09 13:00:00,1192.1828407167868
8406,2024-01-09 14:00:00,1260.8131086930937
8407,2024-01-09 15:00:00,1339.4907684838163
8408,2024-01-09 16:00:00,1458.961839406228
8409,2024-01-09 17:00:00,1578.027360582294
8410,2024-01-09 18:00:00,1596.7204598540648
8411,2024-01-09 19:00:00,1435.2241006938589
8412,2024-01-09 20:00:00,1110.066106795813
8413,2024-01-09 21:00:00,734.2700132649435
8414,2024-01-09 22:00:00,435.42231488682694
8415,2024-01-09 23:00:00,262.3657613984961
8416,2024-01-10 00:00:00,163.23294904401405
8417,2024-01-10 01:00:00,51.91018978077
8418,2024-01-10 02:00:00,-101.2631146545333
8419,2024-01-10 03:00:00,-238.62715281164446
8420,2024-01-10 04:00:00,-269.1134834868766
8421,2024-01-10 05:00:00,-151.97938015997022
8422,2024-01-10 06:00:00,68.83689331849735
8423,2024-01-10 07:00:00,307.12691797132794
8424,2024-01-10 08:00:00,506.7601126453866
8425,2024-01-10 09:00:00,673.4164274571827
8426,2024-01-10 10:00:00,841.9107136217259
8427,2024-01-10 11:00:00,1021.8912040372254
8428,2024-01-10 12:00:00,1182.8217571246696
8429,2024-01-10 13:00:00,1292.3575764267036
8430,2024-01-10 14:00:00,1361.435222449865
8431,2024-01-10 15:00:00,1439.6880576050312
8432,2024-01-10 16:00:00,1557.8025817775206
8433,2024-01-10 17:00:00,1674.5332911206704
8434,2024-01-10 18:00:00,1689.8807886765246
8435,2024-01-10 19:00:00,1524.0103854379352
8436,2024-01-10 20:00:00,1193.4477779707781
8437,2024-01-10 21:00:00,811.2303410770041
8438,2024-01-10 22:00:00,504.9745975299357
8439,2024-01-10 23:00:00,323.5695100908964
8440,2024-01-11 00:00:00,215.20984280098662
8441,2024-01-11 01:00:00,93.85957347687554
8442,2024-01-11 02:00:00,-70.04941121294644
8443,2024-01-11 03:00:00,-218.75089057975265
8444,2024-01-11 04:00:00,-261.0571906383112
8445,2024-01-11 05:00:00,-156.09482302582614
8446,2024-01-11 06:00:00,52.33876631844896
8447,2024-01-11 07:00:00,278.18439814827184
8448,2024-01-11 08:00:00,465.4673772192529
8449,2024-01-11 09:00:00,620.0282902733595
8450,2024-01-11 10:00:00,776.8453840286893
8451,2024-01-11 11:00:00,945.7309822964038
8452,2024-01-11 12:00:00,1096.311620715252
8453,2024-01-11 13:00:00,1196.4016382663672
8454,2024-01-11 14:00:00,1257.0910692080568
8455,2024-01-11 15:00:00,1328.1590035793943
8456,2024-01-11 16:00:00,1440.427900757242
8457,2024-01-11 17:00:00,1552.7765152158581
8458,2024-01-11 18:00:00,1565.3161884474775
8459,2024-01-11 19:00:00,1398.3077700377316
8460,2024-01-11 20:00:00,1068.3557767231682
8461,2024-01-11 21:00:00,688.558348547626
8462,2024-01-11 22:00:00,386.5735832499844
8463,2024-01-11 23:00:00,211.31191007696236
8464,2024-01-12 00:00:00,110.96876376705927
8465,2024-01-12 01:00:00,-0.5124480356610093
8466,2024-01-12 02:00:00,-152.74184496686928
8467,2024-01-12 03:00:00,-288.01658887410906
8468,2024-01-12 04:00:00,-315.23344792045964
8469,2024-01-12 05:00:00,-193.623863053837
8470,2024-01-12 06:00:00,32.89012674408241
8471,2024-01-12 07:00:00,278.1061526106864
8472,2024-01-12 08:00:00,485.88903332656207
8473,2024-01-12 09:00:00,661.9030928748874
8474,2024-01-12 10:00:00,840.9362614186704
8475,2024-01-12 11:00:00,1032.5983996877044
8476,2024-01-12 12:00:00,1206.3035041891949
8477,2024-01-12 13:00:00,1329.645509007197
8478,2024-01-12 14:00:00,1413.4885027682271
8479,2024-01-12 15:00:00,1507.3825021989512
8480,2024-01-12 16:00:00,1641.9202389019326
8481,2024-01-12 17:00:00,1775.7525897154076
8482,2024-01-12 18:00:00,1808.7673754707403
8483,2024-01-12 19:00:00,1661.008761552815
8484,2024-01-12 20:00:00,1348.873839984047
8485,2024-01-12 21:00:00,985.2649233824421
8486,2024-01-12 22:00:00,697.6581042416714
8487,2024-01-12 23:00:00,534.797714044148
8488,2024-01-13 00:00:00,366.3211339609761
8489,2024-01-13 01:00:00,262.8626321670886
8490,2024-01-13 02:00:00,116.2946834393124
8491,2024-01-13 03:00:00,-15.765111505933078
8492,2024-01-13 04:00:00,-42.275319473960394
8493,2024-01-13 05:00:00,77.4950574367175
8494,2024-01-13 06:00:00,299.6111893614775
8495,2024-01-13 07:00:00,537.8829466421748
8496,2024-01-13 08:00:00,736.2124005227574
8497,2024-01-13 09:00:00,900.3258470555664
8498,2024-01-13 10:00:00,1065.0973400166038
8499,2024-01-13 11:00:00,1240.2461793834025
8500,2024-01-13 12:00:00,1395.318021702381
8501,2024-01-13 13:00:00,1498.0593408388095
8502,2024-01-13 14:00:00,1559.5060724521027
8503,2024-01-13 15:00:00,1629.3976020560403
8504,2024-01-13 16:00:00,1738.5315735800043
8505,2024-01-13 17:00:00,1845.777171625802
8506,2024-01-13 18:00:00,1851.2516268861816
8507,2024-01-13 19:00:00,1675.237204879074
8508,2024-01-13 20:00:00,1334.375285168294
8509,2024-01-13 21:00:00,941.8160907521892
8510,2024-01-13 22:00:00,625.2846501254319
8511,2024-01-13 23:00:00,433.7726568921725
8512,2024-01-14 00:00:00,315.5704924529597
8513,2024-01-14 01:00:00,184.72941136980455
8514,2024-01-14 02:00:00,11.759136304257709
8515,2024-01-14 03:00:00,-145.50667571853
8516,2024-01-14 04:00:00,-195.82411943545026
8517,2024-01-14 05:00:00,-98.27532198710105
8518,2024-01-14 06:00:00,103.37433824633558
8519,2024-01-14 07:00:00,323.0851399505781
8520,2024-01-14 08:00:00,504.88912418665586
8521,2024-01-14 09:00:00,654.6209621640168
8522,2024-01-14 10:00:00,807.2405832584986
8523,2024-01-14 11:00:00,972.5300187469308
8524,2024-01-14 12:00:00,1120.0741334722945
8525,2024-01-14 13:00:00,1217.6349763534263
8526,2024-01-14 14:00:00,1276.2405827018142
8527,2024-01-14 15:00:00,1345.5993841559307
8528,2024-01-14 16:00:00,1456.4556962066167
8529,2024-01-14 17:00:00,1567.6039264795024
8530,2024-01-14 18:00:00,1579.0662403603496
8531,2024-01-14 19:00:00,1411.0109281459431
8532,2024-01-14 20:00:00,1079.9480629794343
8533,2024-01-14 21:00:00,698.8809883709297
8534,2024-01-14 22:00:00,395.3741952821306
8535,2024-01-14 23:00:00,218.24722951889964
8536,2024-01-15 00:00:00,194.01865287056432
8537,2024-01-15 01:00:00,79.73132589547276
8538,2024-01-15 02:00:00,-75.88900600022203
8539,2024-01-15 03:00:00,-215.20507299156668
8540,2024-01-15 04:00:00,-247.16967738060885
8541,2024-01-15 05:00:00,-131.05970120618417
8542,2024-01-15 06:00:00,89.16888799046637
8543,2024-01-15 07:00:00,327.29207222487844
8544,2024-01-15 08:00:00,527.1659035428313
8545,2024-01-15 09:00:00,694.4592517607778
8546,2024-01-15 10:00:00,863.9781555669742
8547,2024-01-15 11:00:00,1045.364212744144
8548,2024-01-15 12:00:00,1208.076664537896
8549,2024-01-15 13:00:00,1319.7678903136593
8550,2024-01-15 14:00:00,1391.3731336608312
8551,2024-01-15 15:00:00,1472.525606484784
8552,2024-01-15 16:00:00,1593.9124351369398
8553,2024-01-15 17:00:00,1714.2890886071818
8554,2024-01-15 18:00:00,1733.6570254146156
8555,2024-01-15 19:00:00,1572.1818063615196
8556,2024-01-15 20:00:00,1246.3882685728042
8557,2024-01-15 21:00:00,869.3113083842322
8558,2024-01-15 22:00:00,568.562845161276
8559,2024-01-15 23:00:00,393.0246204910295
8560,2024-01-16 00:00:00,290.88108939888536
8561,2024-01-16 01:00:00,176.08239510919555
8562,2024-01-16 02:00:00,19.042667298216543
8563,2024-01-16 03:00:00,-122.49389992655142
8564,2024-01-16 04:00:00,-157.3662186211941
8565,2024-01-16 05:00:00,-44.732171270588424
8566,2024-01-16 06:00:00,171.5744857570345
8567,2024-01-16 07:00:00,405.4532445013483
8568,2024-01-16 08:00:00,600.883064144638
8569,2024-01-16 09:00:00,763.6532537547087
8570,2024-01-16 10:00:00,928.6860203898724
8571,2024-01-16 11:00:00,1105.733142315571
8572,2024-01-16 12:00:00,1264.3564454164161
8573,2024-01-16 13:00:00,1372.3018203227834
8574,2024-01-16 14:00:00,1440.5876207912652
8575,2024-01-16 15:00:00,1518.9186073656897
8576,2024-01-16 16:00:00,1638.0409155811242
8577,2024-01-16 17:00:00,1756.7557011399283
8578,2024-01-16 18:00:00,1775.096208860142
8579,2024-01-16 19:00:00,1613.245519552545
8580,2024-01-16 20:00:00,1287.7315746067723
8581,2024-01-16 21:00:00,911.5780271418001
8582,2024-01-16 22:00:00,612.3714903104502
8583,2024-01-16 23:00:00,438.95483251661267
8584,2024-01-17 00:00:00,339.46076896483646
8585,2024-01-17 01:00:00,227.77573086701022
8586,2024-01-17 02:00:00,74.23923948637503
8587,2024-01-17 03:00:00,-63.48877393734506
8588,2024-01-17 04:00:00,-94.3397481819461
8589,2024-01-17 05:00:00,22.429163547873713
8590,2024-01-17 06:00:00,242.8798178795879
8591,2024-01-17 07:00:00,480.80391652220135
8592,2024-01-17 08:00:00,680.070999195994
8593,2024-01-17 09:00:00,846.3611370914929
8594,2024-01-17 10:00:00,1014.4893026303577
8595,2024-01-17 11:00:00,1194.10385008724
8596,2024-01-17 12:00:00,1354.6687593956199
8597,2024-01-17 13:00:00,1463.8393557314864
8598,2024-01-17 14:00:00,1532.5523213433444
8599,2024-01-17 15:00:00,1610.4411404814045
8600,2024-01-17 16:00:00,1728.1924349627207
8601,2024-01-17 17:00:00,1844.5608229177255
8602,2024-01-17 18:00:00,1859.547029439756
8603,2024-01-17 19:00:00,1693.316487609521
8604,2024-01-17 20:00:00,1362.3950161128755
8605,2024-01-17 21:00:00,979.8201118658109
8606,2024-01-17 22:00:00,673.2084197815193
8607,2024-01-17 23:00:00,491.4490247340758
8608,2024-01-18 00:00:00,382.73681284432575
8609,2024-01-18 01:00:00,261.03588398252384
8610,2024-01-18 02:00:00,96.77824678263596
8611,2024-01-18 03:00:00,-52.269756118178975
8612,2024-01-18 04:00:00,-94.9203289213524
8613,2024-01-18 05:00:00,9.700138489739402
8614,2024-01-18 06:00:00,217.79432179766206
8615,2024-01-18 07:00:00,443.3031632590755
8616,2024-01-18 08:00:00,630.2520889895334
8617,2024-01-18 09:00:00,784.4818069576668
8618,2024-01-18 10:00:00,940.9706849165264
8619,2024-01-18 11:00:00,1109.5311675438838
8620,2024-01-18 12:00:00,1259.7899111565332
8621,2024-01-18 13:00:00,1359.5613752004215
8622,2024-01-18 14:00:00,1419.9357141786165
8623,2024-01-18 15:00:00,1490.6921381357374
8624,2024-01-18 16:00:00,1602.653226221938
8625,2024-01-18 17:00:00,1714.6978523984812
8626,2024-01-18 18:00:00,1726.9374773861446
8627,2024-01-18 19:00:00,1559.633069706088
8628,2024-01-18 20:00:00,1229.3892647327073
8629,2024-01-18 21:00:00,849.3043208090999
8630,2024-01-18 22:00:00,547.0364536739293
8631,2024-01-18 23:00:00,371.4962102130668
8632,2024-01-19 00:00:00,270.8791424449437
8633,2024-01-19 01:00:00,159.12877492923644
8634,2024-01-19 02:00:00,6.635104561838034
8635,2024-01-19 03:00:00,-128.8989143666272
8636,2024-01-19 04:00:00,-156.36993430989241
8637,2024-01-19 05:00:00,-35.00928090061029
8638,2024-01-19 06:00:00,191.26112171531838
8639,2024-01-19 07:00:00,436.2390191342063
8640,2024-01-19 08:00:00,643.7893440415025
8641,2024-01-19 09:00:00,819.5765339055049
8642,2024-01-19 10:00:00,998.3886318614883
8643,2024-01-19 11:00:00,1189.8356111504509
8644,2024-01-19 12:00:00,1363.3315802168852
8645,2024-01-19 13:00:00,1486.4705845772155
8646,2024-01-19 14:00:00,1570.116823765469
8647,2024-01-19 15:00:00,1663.8204248431591
8648,2024-01-19 16:00:00,1798.1742291849334
8649,2024-01-19 17:00:00,1931.8292228185765
8650,2024-01-19 18:00:00,1964.6733351866142
8651,2024-01-19 19:00:00,1816.750839665495
8652,2024-01-19 20:00:00,1504.4589356473102
8653,2024-01-19 21:00:00,1140.7000425132237
8654,2024-01-19 22:00:00,852.9503588582738
8655,2024-01-19 23:00:00,689.9543216172866
8656,2024-01-20 00:00:00,521.3494167382877
8657,2024-01-20 01:00:00,417.7700165202216
8658,2024-01-20 02:00:00,271.0886991395896
8659,2024-01-20 03:00:00,138.92316803131462
8660,2024-01-20 04:00:00,112.31495838788533
8661,2024-01-20 05:00:00,231.99516938255022
8662,2024-01-20 06:00:00,454.0290716748997
8663,2024-01-20 07:00:00,692.2266353883844
8664,2024-01-20 08:00:00,890.490030797496
8665,2024-01-20 09:00:00,1054.5456521848023
8666,2024-01-20 10:00:00,1219.2676507905974
8667,2024-01-20 11:00:00,1394.3754232421002
8668,2024-01-20 12:00:00,1549.4147219844108
8669,2024-01-20 13:00:00,1652.1321158631933
8670,2024-01-20 14:00:00,1713.5636347699801
8671,2024-01-20 15:00:00,1783.44875756975
8672,2024-01-20 16:00:00,1892.5852207190098
8673,2024-01-20 17:00:00,1999.842300444905
8674,2024-01-20 18:00:00,2005.3373182244536
8675,2024-01-20 19:00:00,1829.3526294622948
8676,2024-01-20 20:00:00,1488.529702699003
8677,2024-01-20 21:00:00,1096.0188490343457
8678,2024-01-20 22:00:00,779.545184124224
8679,2024-01-20 23:00:00,588.1004878128036
8680,2024-01-21 00:00:00,469.97522679704866
8681,2024-01-21 01:00:00,339.2207400085016
8682,2024-01-21 02:00:00,166.3468334933625
8683,2024-01-21 03:00:00,9.187246712065189
8684,2024-01-21 04:00:00,-41.0140336191464
8685,2024-01-21 05:00:00,56.66094582758478
8686,2024-01-21 06:00:00,258.4468861302548
8687,2024-01-21 07:00:00,478.3041444405693
8688,2024-01-21 08:00:00,660.264839275036
8689,2024-01-21 09:00:00,810.1637182530949
8690,2024-01-21 10:00:00,962.9607861407312
8691,2024-01-21 11:00:00,1128.4381485585627
8692,2024-01-21 12:00:00,1276.1807436454442
8693,2024-01-21 13:00:00,1373.9506925343699
8694,2024-01-21 14:00:00,1432.7761017110086
8695,2024-01-21 15:00:00,1502.3654728882047
8696,2024-01-21 16:00:00,1613.463190548937
8697,2024-01-21 17:00:00,1724.8637302127424
8698,2024-01-21 18:00:00,1736.5893240670252
8699,2024-01-21 19:00:00,1568.80832808489
8700,2024-01-21 20:00:00,1238.030879983541
8701,2024-01-21 21:00:00,857.260386650913
8702,2024-01-21 22:00:00,554.0614014055068
8703,2024-01-21 23:00:00,377.2535311817139
8704,2024-01-23 23:00:00,627.447585736857
8705,2024-01-24 00:00:00,528.8750783377974
8706,2024-01-24 01:00:00,418.1243501976537
8707,2024-01-24 02:00:00,265.53491820941053
8708,2024-01-24 03:00:00,128.76670787637158
8709,2024-01-24 04:00:00,98.88827333293762
8710,2024-01-24 05:00:00,216.6424528996813
8711,2024-01-24 06:00:00,438.09109339437487
8712,2024-01-24 07:00:00,677.0258853352025
8713,2024-01-24 08:00:00,877.3163558937032
8714,2024-01-24 09:00:00,1044.6425623462846
8715,2024-01-24 10:00:00,1213.8194618504406
8716,2024-01-24 11:00:00,1394.4953920369762
8717,2024-01-24 12:00:00,1556.1343148465455
8718,2024-01-24 13:00:00,1666.3915360990898
8719,2024-01-24 14:00:00,1736.2037173250155
8720,2024-01-24 15:00:00,1815.2043207076194
8721,2024-01-24 16:00:00,1934.0799446216656
8722,2024-01-24 17:00:00,2051.5851824246975
8723,2024-01-24 18:00:00,2067.720733072134
8724,2024-01-24 19:00:00,1902.6520021435224
8725,2024-01-24 20:00:00,1572.9047794909513
8726,2024-01-24 21:00:00,1191.5165318628112
8727,2024-01-24 22:00:00,886.1038725754148
8728,2024-01-24 23:00:00,705.5558536803364
8729,2024-01-25 00:00:00,598.0673270743648
8730,2024-01-25 01:00:00,477.60235705521404
8731,2024-01-25 02:00:00,314.59291536975024
8732,2024-01-25 03:00:00,166.80530643039742
8733,2024-01-25 04:00:00,125.42728648069306
8734,2024-01-25 05:00:00,231.33242475508428
8735,2024-01-25 06:00:00,440.72335472877467
8736,2024-01-25 07:00:00,667.5409751364879
8737,2024-01-25 08:00:00,855.8106672488949
8738,2024-01-25 09:00:00,1011.3730928815169
8739,2024-01-25 10:00:00,1169.2065723254123
8740,2024-01-25 11:00:00,1339.123501496324
8741,2024-01-25 12:00:00,1490.7504866300667
8742,2024-01-25 13:00:00,1591.9019358261414
8743,2024-01-25 14:00:00,1653.667950918292
8744,2024-01-25 15:00:00,1725.8276880166545
8745,2024-01-25 16:00:00,1839.203671042862
8746,2024-01-25 17:00:00,1952.674717454625
8747,2024-01-25 18:00:00,1966.3522302003553
8748,2024-01-25 19:00:00,1800.4971187518904
8749,2024-01-25 20:00:00,1471.713958186245
8750,2024-01-25 21:00:00,1093.1009452820895
8751,2024-01-25 22:00:00,792.3162329639783
8752,2024-01-25 23:00:00,618.2703040527958
8753,2024-01-26 00:00:00,519.1586452806785
8754,2024-01-26 01:00:00,408.92471465779
8755,2024-01-26 02:00:00,257.95844134060417
8756,2024-01-26 03:00:00,123.96271060112826
8757,2024-01-26 04:00:00,98.04079981862469
8758,2024-01-26 05:00:00,220.9613119423575
8759,2024-01-26 06:00:00,448.80225021283036
8760,2024-01-26 07:00:00,695.3612864260074
8761,2024-01-26 08:00:00,904.5032782664742
8762,2024-01-26 09:00:00,1081.892587025075
8763,2024-01-26 10:00:00,1262.3171784851822
8764,2024-01-26 11:00:00,1455.3869473727057
8765,2024-01-26 12:00:00,1630.5159224383515
8766,2024-01-26 13:00:00,1755.2980683739343
8767,2024-01-26 14:00:00,1840.5975027386264
8768,2024-01-26 15:00:00,1935.964269466512
8769,2024-01-26 16:00:00,2071.9911256868213
8770,2024-01-26 17:00:00,2207.32897205635
8771,2024-01-26 18:00:00,2241.865651536258
8772,2024-01-26 19:00:00,2095.645349910023
8773,2024-01-26 20:00:00,1785.065177886492
8774,2024-01-26 21:00:00,1423.0274650675146
8775,2024-01-26 22:00:00,1137.0083191906874
8776,2024-01-26 23:00:00,975.7520852537128
8777,2024-01-27 00:00:00,808.8961562269521
8778,2024-01-27 01:00:00,707.0748103421155
8779,2024-01-27 02:00:00,562.160530696075
8780,2024-01-27 03:00:00,431.7709245856754
8781,2024-01-27 04:00:00,406.94743004831525
8782,2024-01-27 05:00:00,528.4210480807917
8783,2024-01-27 06:00:00,752.2569501551674
8784,2024-01-27 07:00:00,992.2650062151654
8785,2024-01-27 08:00:00,1192.3472853553435
8786,2024-01-27 09:00:00,1358.2300797061366
8787,2024-01-27 10:00:00,1524.787437383689
8788,2024-01-27 11:00:00,1701.7386509353441
8789,2024-01-27 12:00:00,1858.6293677575218
8790,2024-01-27 13:00:00,1963.2060507373642
8791,2024-01-27 14:00:00,2026.504622844722
8792,2024-01-27 15:00:00,2098.2644551365884
8793,2024-01-27 16:00:00,2209.2831753214614
8794,2024-01-27 17:00:00,2318.4299499953063
8795,2024-01-27 18:00:00,2325.821990119761
8796,2024-01-27 19:00:00,2151.741539685138
8797,2024-01-27 20:00:00,1812.8299549869314
8798,2024-01-27 21:00:00,1422.2374339815644
8799,2024-01-27 22:00:00,1107.6889783871375
8800,2024-01-27 23:00:00,918.1762531966666
8801,2024-01-28 00:00:00,801.9896095252409
8802,2024-01-28 01:00:00,673.1802698535008
8803,2024-01-28 02:00:00,502.25792299176805
8804,2024-01-28 03:00:00,347.05619037882275
8805,2024-01-28 04:00:00,298.81893991335323
8806,2024-01-28 05:00:00,398.4640053669034
8807,2024-01-28 06:00:00,602.2259674887348
8808,2024-01-28 07:00:00,824.0650623618001
8809,2024-01-28 08:00:00,1008.0132866984097
8810,2024-01-28 09:00:00,1159.905265615083
8811,2024-01-28 10:00:00,1314.7008806392657
8812,2024-01-28 11:00:00,1482.1821134710865
8813,2024-01-28 12:00:00,1631.9337776502855
8814,2024-01-28 13:00:00,1731.7178690326332
8815,2024-01-28 14:00:00,1792.562368168219
8816,2024-01-28 15:00:00,1864.1756501829282
8817,2024-01-28 16:00:00,1977.3019723573161
8818,2024-01-28 17:00:00,2090.735682356723
8819,2024-01-28 18:00:00,2104.498883925608
8820,2024-01-28 19:00:00,1938.7598039920022
8821,2024-01-28 20:00:00,1610.0284506473333
8822,2024-01-28 21:00:00,1231.3081005643364
8823,2024-01-28 22:00:00,930.1631763100904
8824,2024-01-28 23:00:00,755.4131535164179
8825,2024-01-29 00:00:00,733.5765220989656
8826,2024-01-29 01:00:00,621.6960691283007
8827,2024-01-29 02:00:00,468.49746479247483
8828,2024-01-29 03:00:00,331.6179020658424
8829,2024-01-29 04:00:00,302.1045000873378
8830,2024-01-29 05:00:00,420.6802966608918
8831,2024-01-29 06:00:00,643.3892423966984
8832,2024-01-29 07:00:00,884.0072358126906
8833,2024-01-29 08:00:00,1086.3902438688626
8834,2024-01-29 09:00:00,1256.2070496040824
8835,2024-01-29 10:00:00,1428.263603338332
8836,2024-01-29 11:00:00,1612.2014128554995
8837,2024-01-29 12:00:00,1777.479627806234
8838,2024-01-29 13:00:00,1891.7505343492824
8839,2024-01-29 14:00:00,1965.9492812717463
8840,2024-01-29 15:00:00,2049.708984090983
8841,2024-01-29 16:00:00,2173.7166711939117
8842,2024-01-29 17:00:00,2296.7277120346916
8843,2024-01-29 18:00:00,2318.7434640205474
8844,2024-01-29 19:00:00,2159.9293853044946
8845,2024-01-29 20:00:00,1836.8102088161488
8846,2024-01-29 21:00:00,1462.4207251396047
8847,2024-01-29 22:00:00,1164.3727463768819
8848,2024-01-29 23:00:00,991.547905331483
8849,2024-01-30 00:00:00,892.1305467233636
8850,2024-01-30 01:00:00,780.0707019779766
8851,2024-01-30 02:00:00,625.7823874842318
8852,2024-01-30 03:00:00,487.0096825772025
8853,2024-01-30 04:00:00,454.91355895229367
8854,2024-01-30 05:00:00,570.3360164134524
8855,2024-01-30 06:00:00,789.4431794431773
8856,2024-01-30 07:00:00,1026.1344194725007
8857,2024-01-30 08:00:00,1224.3885736388816
8858,2024-01-30 09:00:00,1389.9948275869722
8859,2024-01-30 10:00:00,1557.8752634874577
8860,2024-01-30 11:00:00,1737.7815333417054
8861,2024-01-30 12:00:00,1899.2753353823555
8862,2024-01-30 13:00:00,2010.10243122799
8863,2024-01-30 14:00:00,2081.28104421932
8864,2024-01-30 15:00:00,2162.515803150326
8865,2024-01-30 16:00:00,2284.552710463943
8866,2024-01-30 17:00:00,2406.19278745489
8867,2024-01-30 18:00:00,2427.4691431701926
8868,2024-01-30 19:00:00,2268.564721390054
8869,2024-01-30 20:00:00,1946.0073251125632
8870,2024-01-30 21:00:00,1572.8204678738493
8871,2024-01-30 22:00:00,1276.5906218988223
8872,2024-01-30 23:00:00,1106.1605134332224
8873,2024-01-31 00:00:00,1009.6627142636395
8874,2024-01-31 01:00:00,900.9835109754572
8875,2024-01-31 02:00:00,750.4622789546979
8876,2024-01-31 03:00:00,615.758802374266
8877,2024-01-31 04:00:00,587.9414941997102
8878,2024-01-31 05:00:00,707.7530517653122
8879,2024-01-31 06:00:00,931.2551810912778
8880,2024-01-31 07:00:00,1172.2394321104841
8881,2024-01-31 08:00:00,1374.5751916463682
8882,2024-01-31 09:00:00,1543.9423768331944
8883,2024-01-31 10:00:00,1715.1558049557752
8884,2024-01-31 11:00:00,1897.8636740288212
8885,2024-01-31 12:00:00,2061.5298066573773
8886,2024-01-31 13:00:00,2173.80936959541
8887,2024-01-31 14:00:00,2245.63888563614
8888,2024-01-31 15:00:00,2326.651678521671
8889,2024-01-31 16:00:00,2447.5342085185507
8890,2024-01-31 17:00:00,2567.040931214893
8891,2024-01-31 18:00:00,2585.1724081619464
8892,2024-01-31 19:00:00,2422.093907891048
8893,2024-01-31 20:00:00,2094.3310836014907
8894,2024-01-31 21:00:00,1714.9212657170715
8895,2024-01-31 22:00:00,1411.4809317501285
8896,2024-01-31 23:00:00,1232.898998281236
8897,2024-02-01 00:00:00,1127.3701821900504
8898,2024-02-01 01:00:00,1008.8584132041581
8899,2024-02-01 02:00:00,847.7955289548449
8900,2024-02-01 03:00:00,701.9477002104593
8901,2024-02-01 04:00:00,662.5025500511247
8902,2024-02-01 05:00:00,770.3335150454445
8903,2024-02-01 06:00:00,981.6430964970456
8904,2024-02-01 07:00:00,1210.372061501218
8905,2024-02-01 08:00:00,1400.5456602265508
8906,2024-02-01 09:00:00,1558.004423908796
8907,2024-02-01 10:00:00,1717.7265428314167
8908,2024-02-01 11:00:00,1889.5242834667924
8909,2024-02-01 12:00:00,2043.0241231920463
8910,2024-02-01 13:00:00,2146.0403418189276
8911,2024-02-01 14:00:00,2209.662913528571
8912,2024-02-01 15:00:00,2283.6708673731755
8913,2024-02-01 16:00:00,2398.886600848145
8914,2024-02-01 17:00:00,2514.1888056222965
8915,2024-02-01 18:00:00,2529.688759515029
8916,2024-02-01 19:00:00,2365.647247525287
8917,2024-02-01 20:00:00,2038.6687209166291
8918,2024-02-01 21:00:00,1661.8512533690603
8919,2024-02-01 22:00:00,1362.8528753824241
8920,2024-02-01 23:00:00,1190.583948064942
8921,2024-02-02 00:00:00,1093.2398371504096
8922,2024-02-02 01:00:00,984.763880400295
8923,2024-02-02 02:00:00,835.5458874328083
8924,2024-02-02 03:00:00,703.2886247554779
8925,2024-02-02 04:00:00,679.0952517374742
8926,2024-02-02 05:00:00,803.7342540814423
8927,2024-02-02 06:00:00,1033.2835186022544
8928,2024-02-02 07:00:00,1281.540601400979
8929,2024-02-02 08:00:00,1492.3702453308033
8930,2024-02-02 09:00:00,1671.4366976160409
8931,2024-02-02 10:00:00,1853.5278108610278
8932,2024-02-02 11:00:00,2048.2533673775984
8933,2024-02-02 12:00:00,2225.027284391152
8934,2024-02-02 13:00:00,2351.4434159110506
8935,2024-02-02 14:00:00,2438.3657696758955
8936,2024-02-02 15:00:00,2535.3442806840817
8937,2024-02-02 16:00:00,2672.9715979885596
8938,2024-02-02 17:00:00,2809.898515109367
8939,2024-02-02 18:00:00,2846.0127687170334
8940,2024-02-02 19:00:00,2701.3584392544108
8941,2024-02-02 20:00:00,2392.3325330019193
8942,2024-02-02 21:00:00,2031.8372760649054
8943,2024-02-02 22:00:00,1747.3486736147695
8944,2024-02-02 23:00:00,1587.6109690435696
8945,2024-02-03 00:00:00,1422.2614546646591
8946,2024-02-03 01:00:00,1321.9343090219622
8947,2024-02-03 02:00:00,1178.5019165006559
8948,2024-02-03 03:00:00,1049.581786664662
8949,2024-02-03 04:00:00,1026.2152608203228
8950,2024-02-03 05:00:00,1149.1332442089556
8951,2024-02-03 06:00:00,1374.4008135840443
8952,2024-02-03 07:00:00,1615.8277451670367
8953,2024-02-03 08:00:00,1817.3160153591152
8954,2024-02-03 09:00:00,1984.5918246263786
8955,2024-02-03 10:00:00,2152.529130469773
8956,2024-02-03 11:00:00,2330.847135852744
8957,2024-02-03 12:00:00,2489.091399652239
8958,2024-02-03 13:00:00,2595.0082972934692
8959,2024-02-03 14:00:00,2659.633665351454
8960,2024-02-03 15:00:00,2732.7067895697587
8961,2024-02-03 16:00:00,2845.025213411426
8962,2024-02-03 17:00:00,2955.4580203419073
8963,2024-02-03 18:00:00,2964.122339258031
8964,2024-02-03 19:00:00,2791.3003332082703
8965,2024-02-03 20:00:00,2453.6332786501157
8966,2024-02-03 21:00:00,2064.2712948414896
8967,2024-02-03 22:00:00,1750.9393058231606
8968,2024-02-03 23:00:00,1562.628900188532
8969,2024-02-04 00:00:00,1447.6303536836763
8970,2024-02-04 01:00:00,1319.994814596102
8971,2024-02-04 02:00:00,1150.2318986585183
8972,2024-02-04 03:00:00,996.1751554234977
8973,2024-02-04 04:00:00,949.0683820425404
8974,2024-02-04 05:00:00,1049.8293426801404
8975,2024-02-04 06:00:00,1254.6925496798035
8976,2024-02-04 07:00:00,1477.6181718677526
8977,2024-02-04 08:00:00,1662.6381398820695
8978,2024-02-04 09:00:00,1815.587013944844
8979,2024-02-04 10:00:00,1971.4246118851242
8980,2024-02-04 11:00:00,2139.9328528799697
8981,2024-02-04 12:00:00,2290.6964891514253
8982,2024-02-04 13:00:00,2391.477456433914
8983,2024-02-04 14:00:00,2453.3036763574837
8984,2024-02-04 15:00:00,2525.883466342483
8985,2024-02-04 16:00:00,2639.961027158869
8986,2024-02-04 17:00:00,2754.330651205232
8987,2024-02-04 18:00:00,2769.0143881447966
8988,2024-02-04 19:00:00,2604.180412068711
8989,2024-02-04 20:00:00,2276.338679452453
8990,2024-02-04 21:00:00,1898.4924165798554
8991,2024-02-04 22:00:00,1598.205996855597
8992,2024-02-04 23:00:00,1424.2988479931428
8993,2024-02-05 00:00:00,1403.289413222168
8994,2024-02-05 01:00:00,1292.2204341679985
8995,2024-02-05 02:00:00,1139.8175368263483
8996,2024-02-05 03:00:00,1003.7178711884981
8997,2024-02-05 04:00:00,974.968514717252
8998,2024-02-05 05:00:00,1094.292464733726
8999,2024-02-05 06:00:00,1317.733632639345
9000,2024-02-05 07:00:00,1559.0678790339957
9001,2024-02-05 08:00:00,1762.1511341367668
9002,2024-02-05 09:00:00,1932.6521455578666
9003,2024-02-05 10:00:00,2105.376829424218
9004,2024-02-05 11:00:00,2289.966660628729
9005,2024-02-05 12:00:00,2455.8807571163416
9006,2024-02-05 13:00:00,2570.7713746692216
9007,2024-02-05 14:00:00,2645.573632923767
9008,2024-02-05 15:00:00,2729.9206195280312
9009,2024-02-05 16:00:00,2854.499336254156
9010,2024-02-05 17:00:00,2978.0651272090963
9011,2024-02-05 18:00:00,3000.619325720134
9012,2024-02-05 19:00:00,2842.3273671197185
9013,2024-02-05 20:00:00,2519.7139627919014
9014,2024-02-05 21:00:00,2145.8138830333437
9015,2024-02-05 22:00:00,1848.2389209248329
9016,2024-02-05 23:00:00,1675.8706915084967
9017,2024-02-06 00:00:00,1576.8935230255033
9018,2024-02-06 01:00:00,1465.2574316581372
9019,2024-02-06 02:00:00,1311.3764198420176
9020,2024-02-06 03:00:00,1172.9945542052435
9021,2024-02-06 04:00:00,1141.2727950046783
9022,2024-02-06 05:00:00,1257.0531318626001
9023,2024-02-06 06:00:00,1476.5016803394115
9024,2024-02-06 07:00:00,1713.5178042044183
9025,2024-02-06 08:00:00,1912.0803341845435
9026,2024-02-06 09:00:00,2077.9784507699082
9027,2024-02-06 10:00:00,2246.1342322319765
9028,2024-02-06 11:00:00,2426.299327918726
9029,2024-02-06 12:00:00,2588.0354346736235
9030,2024-02-06 13:00:00,2699.088313951736
9031,2024-02-06 14:00:00,2770.476190179186
9032,2024-02-06 15:00:00,2851.9036944886093
9033,2024-02-06 16:00:00,2974.1168328910103
9034,2024-02-06 17:00:00,3095.916631487533
9035,2024-02-06 18:00:00,3117.33620536921
9036,2024-02-06 19:00:00,2958.5585055844845
9037,2024-02-06 20:00:00,2636.1113436363557
9038,2024-02-06 21:00:00,2263.018242784498
9039,2024-02-06 22:00:00,1966.8656862117286
9040,2024-02-06 23:00:00,1796.4964122835795
9041,2024-02-07 00:00:00,1700.0430062170312
9042,2024-02-07 01:00:00,1591.391769155185
9043,2024-02-07 02:00:00,1440.882092294023
9044,2024-02-07 03:00:00,1306.1737767962902
9045,2024-02-07 04:00:00,1278.3352538278448
9046,2024-02-07 05:00:00,1398.10924011431
9047,2024-02-07 06:00:00,1621.557462253429
9048,2024-02-07 07:00:00,1862.4714919522548
9049,2024-02-07 08:00:00,2064.720738975742
9050,2024-02-07 09:00:00,2233.985144584979
9051,2024-02-07 10:00:00,2405.0795513620683
9052,2024-02-07 11:00:00,2587.652183789553
9053,2024-02-07 12:00:00,2751.1668920860993
9054,2024-02-07 13:00:00,2863.2788718015527
9055,2024-02-07 14:00:00,2934.9246756526663
9056,2024-02-07 15:00:00,3015.7376584652857
9057,2024-02-07 16:00:00,3136.404312723381
9058,2024-02-07 17:00:00,3255.6791273685412
9059,2024-02-07 18:00:00,3273.5626984378273
9060,2024-02-07 19:00:00,3110.2203300662495
9061,2024-02-07 20:00:00,2782.1777121818404
9062,2024-02-07 21:00:00,2402.472213042134
9063,2024-02-07 22:00:00,2098.7203490996717
9064,2024-02-07 23:00:00,1919.8110769731961
9065,2024-02-08 00:00:00,1813.9391546729917
9066,2024-02-08 01:00:00,1695.0685541414305
9067,2024-02-08 02:00:00,1533.6311563156714
9068,2024-02-08 03:00:00,1387.393176331822
9069,2024-02-08 04:00:00,1347.5422826874922
9070,2024-02-08 05:00:00,1454.951958466594
9071,2024-02-08 06:00:00,1665.8247525096153
9072,2024-02-08 07:00:00,1894.1014804887282
9073,2024-02-08 08:00:00,2083.8074422341388
9074,2024-02-08 09:00:00,2240.7832196143836
9075,2024-02-08 10:00:00,2400.0070545943254
9076,2024-02-08 11:00:00,2571.2912663408533
9077,2024-02-08 12:00:00,2724.2623859407445
9078,2024-02-08 13:00:00,2826.7347479061855
9079,2024-02-08 14:00:00,2889.7983821128446
9080,2024-02-08 15:00:00,2963.2323742866038
9081,2024-02-08 16:00:00,3077.859179589899
9082,2024-02-08 17:00:00,3192.557548300819
9083,2024-02-08 18:00:00,3207.438817825557
9084,2024-02-08 19:00:00,3042.763833697699
9085,2024-02-08 20:00:00,2715.1371086642007
9086,2024-02-08 21:00:00,2337.656778800127
9087,2024-02-08 22:00:00,2037.980937957514
9088,2024-02-08 23:00:00,1865.0200114966883
9089,2024-02-09 00:00:00,735.5295767113544
9090,2024-02-09 01:00:00,626.3327446277767
9091,2024-02-09 02:00:00,476.3795382201529
9092,2024-02-09 03:00:00,343.37279183706823
9093,2024-02-09 04:00:00,318.41573354506136
9094,2024-02-09 05:00:00,442.27691863407017
9095,2024-02-09 06:00:00,671.0343043420414
9096,2024-02-09 07:00:00,918.4855180437764
9097,2024-02-09 08:00:00,1128.4953746847355
9098,2024-02-09 09:00:00,1306.7281944793767
9099,2024-02-09 10:00:00,1487.9719037340458
9100,2024-02-09 11:00:00,1681.836359336759
9101,2024-02-09 12:00:00,1857.735553871165
9102,2024-02-09 13:00:00,1983.2634175137587
9103,2024-02-09 14:00:00,2069.28403490731
9104,2024-02-09 15:00:00,2165.3474187474058
9105,2024-02-09 16:00:00,2302.0462965556635
9106,2024-02-09 17:00:00,2438.0315410393923
9107,2024-02-09 18:00:00,2473.190968814797
9108,2024-02-09 19:00:00,2327.5687409960847
9109,2024-02-09 20:00:00,2017.5619452575602
9110,2024-02-09 21:00:00,1656.0728897880817
9111,2024-02-09 22:00:00,1370.5776625644419
9112,2024-02-09 23:00:00,1209.8205904623014
9113,2024-02-10 00:00:00,1017.7374947469712
9114,2024-02-10 01:00:00,916.3657491911661
9115,2024-02-10 02:00:00,771.8762684634196
9116,2024-02-10 03:00:00,641.8866482614362
9117,2024-02-10 04:00:00,617.4383166427579
9118,2024-02-10 05:00:00,739.2622662495269
9119,2024-02-10 06:00:00,963.4236618322011
9120,2024-02-10 07:00:00,1203.7323682167878
9121,2024-02-10 08:00:00,1404.090450996312
9122,2024-02-10 09:00:00,1570.2242004320651
9123,2024-02-10 10:00:00,1737.0076643603147
9124,2024-02-10 11:00:00,1914.160136655332
9125,2024-02-10 12:00:00,2071.2272676563794
9126,2024-02-10 13:00:00,2175.955524783436
9127,2024-02-10 14:00:00,2239.3808371340397
9128,2024-02-10 15:00:00,2311.2425834843452
9129,2024-02-10 16:00:00,2422.338400853258
9130,2024-02-10 17:00:00,2531.537466724082
9131,2024-02-10 18:00:00,2538.9570045309033
9132,2024-02-10 19:00:00,2364.8792722984613
9133,2024-02-10 20:00:00,2025.9456419403086
9134,2024-02-10 21:00:00,1635.3063286103022
9135,2024-02-10 22:00:00,1320.686352686255
9136,2024-02-10 23:00:00,1131.0773995235477
9137,2024-02-11 00:00:00,1265.0085204369652
9138,2024-02-11 01:00:00,1136.0536045087485
9139,2024-02-11 02:00:00,964.9610438301827
9140,2024-02-11 03:00:00,809.5644863116572
9141,2024-02-11 04:00:00,761.1078278267676
9142,2024-02-11 05:00:00,860.5089316245371
9143,2024-02-11 06:00:00,1064.002409462956
9144,2024-02-11 07:00:00,1285.548529934329
9145,2024-02-11 08:00:00,1469.1793237717957
9146,2024-02-11 09:00:00,1620.729451580872
9147,2024-02-11 10:00:00,1775.158831893229
9148,2024-02-11 11:00:00,1942.2494848734223
9149,2024-02-11 12:00:00,2091.58626401299
9150,2024-02-11 13:00:00,2190.931206562407
9151,2024-02-11 14:00:00,2251.3123359521387
9152,2024-02-11 15:00:00,2322.438071625173
9153,2024-02-11 16:00:00,2435.0527166111997
9154,2024-02-11 17:00:00,2547.950665787076
9155,2024-02-11 18:00:00,2561.1540715123356
9156,2024-02-11 19:00:00,2394.8312107617735
9157,2024-02-11 20:00:00,2065.492143073444
9158,2024-02-11 21:00:00,1686.1401979923608
9159,2024-02-11 22:00:00,1384.3398523269107
9160,2024-02-11 23:00:00,1208.9106373501756
9161,2024-02-12 00:00:00,913.9780879857606
9162,2024-02-12 01:00:00,801.3710737047461
9163,2024-02-12 02:00:00,647.4223124334785
9164,2024-02-12 03:00:00,509.7690582198311
9165,2024-02-12 04:00:00,479.45849267335734
9166,2024-02-12 05:00:00,597.2137173460392
9167,2024-02-12 06:00:00,819.078747931567
9168,2024-02-12 07:00:00,1058.829549391042
9169,2024-02-12 08:00:00,1260.3221563655734
9170,2024-02-12 09:00:00,1429.2254208867432
9171,2024-02-12 10:00:00,1600.3453635887288
9172,2024-02-12 11:00:00,1783.323563823366
9173,2024-02-12 12:00:00,1947.6192440419957
9174,2024-02-12 13:00:00,2060.8847644903667
9175,2024-02-12 14:00:00,2134.055349303353
9176,2024-02-12 15:00:00,2216.7641905400383
9177,2024-02-12 16:00:00,2339.698394373265
9178,2024-02-12 17:00:00,2461.613409250125
9179,2024-02-12 18:00:00,2482.510672785381
9180,2024-02-12 19:00:00,2322.5557245158057
9181,2024-02-12 20:00:00,1998.2733799356743
9182,2024-02-12 21:00:00,1622.6985133811008
9183,2024-02-12 22:00:00,1323.4430218466157
9184,2024-02-12 23:00:00,1149.388624174398
9185,2024-02-13 00:00:00,2128.015494672285
9186,2024-02-13 01:00:00,2014.682268270917
9187,2024-02-13 02:00:00,1859.0987931755935
9188,2024-02-13 03:00:00,1719.009239243628
9189,2024-02-13 04:00:00,1685.5746697841944
9190,2024-02-13 05:00:00,1799.6371772935368
9191,2024-02-13 06:00:00,2017.36297999925
9192,2024-02-13 07:00:00,2252.6515441507327
9193,2024-02-13 08:00:00,2449.4818027468173
9194,2024-02-13 09:00:00,2613.643038304462
9195,2024-02-13 10:00:00,2780.0574309047793
9196,2024-02-13 11:00:00,2958.476731457316
9197,2024-02-13 12:00:00,3118.4627381178925
9198,2024-02-13 13:00:00,3227.7613133687205
9199,2024-02-13 14:00:00,3297.390782415496
9200,2024-02-13 15:00:00,3377.055876881023
9201,2024-02-13 16:00:00,3497.502702952487
9202,2024-02-13 17:00:00,3617.5323866199183
9203,2024-02-13 18:00:00,3637.178142549171
9204,2024-02-13 19:00:00,3476.623021028419
9205,2024-02-13 20:00:00,3152.394932473706
9206,2024-02-13 21:00:00,2777.5174987266664
9207,2024-02-13 22:00:00,2479.5773011755755
9208,2024-02-13 23:00:00,2307.4171760464837
9209,2024-02-14 00:00:00,2209.1698060359276
9210,2024-02-14 01:00:00,2098.721589389252
9211,2024-02-14 02:00:00,1946.4120140157634
9212,2024-02-14 03:00:00,1809.9009773876553
9213,2024-02-14 04:00:00,1780.257006582201
9214,2024-02-14 05:00:00,1898.222913795592
9215,2024-02-14 06:00:00,2119.8605206970506
9216,2024-02-14 07:00:00,2358.961493611543
9217,2024-02-14 08:00:00,2559.395336481827
9218,2024-02-14 09:00:00,2726.842084292162
9219,2024-02-14 10:00:00,2896.1166728967505
9220,2024-02-14 11:00:00,3076.867419563298
9221,2024-02-14 12:00:00,3238.558266826306
9222,2024-02-14 13:00:00,3348.844502062881
9223,2024-02-14 14:00:00,3418.662769317928
9224,2024-02-14 15:00:00,3497.6465142500965
9225,2024-02-14 16:00:00,3616.482319645193
9226,2024-02-14 17:00:00,3733.9247642578453
9227,2024-02-14 18:00:00,3749.974533374296
9228,2024-02-14 19:00:00,3584.7970198662633
9229,2024-02-14 20:00:00,3254.918001848828
9230,2024-02-14 21:00:00,2873.3749352164527
9231,2024-02-14 22:00:00,2567.7844234898375
9232,2024-02-14 23:00:00,2387.0355098079795
9233,2024-02-15 00:00:00,2279.323038093688
9234,2024-02-15 01:00:00,2158.611065660828
9235,2024-02-15 02:00:00,1995.3315582062946
9236,2024-02-15 03:00:00,1847.2508150305966
9237,2024-02-15 04:00:00,1805.556588205936
9238,2024-02-15 05:00:00,1911.1224437539936
9239,2024-02-15 06:00:00,2120.1510128683994
9240,2024-02-15 07:00:00,2346.5831929298806
9241,2024-02-15 08:00:00,2534.444364852357
9242,2024-02-15 09:00:00,2689.5751909497158
9243,2024-02-15 10:00:00,2846.953992987299
9244,2024-02-15 11:00:00,3016.393169311811
9245,2024-02-15 12:00:00,3167.5193294791093
9246,2024-02-15 13:00:00,3268.146885848534
9247,2024-02-15 14:00:00,3329.365945463223
9248,2024-02-15 15:00:00,3400.9556705446957
9249,2024-02-15 16:00:00,3513.7385920613874
9250,2024-02-15 17:00:00,3626.5935354349963
9251,2024-02-15 18:00:00,3639.6319124944116
9252,2024-02-15 19:00:00,3473.114642519293
9253,2024-02-15 20:00:00,3143.6463112950228
9254,2024-02-15 21:00:00,2764.325127231041
9255,2024-02-15 22:00:00,2462.8092557879627
9256,2024-02-15 23:00:00,2288.009193233494
9257,2024-02-16 00:00:00,2188.1204406335596
9258,2024-02-16 01:00:00,2077.0864712637863
9259,2024-02-16 02:00:00,1925.2972304178218
9260,2024-02-16 03:00:00,1790.4556204190048
9261,2024-02-16 04:00:00,1763.6649365816652
9262,2024-02-16 05:00:00,1885.6938006707815
9263,2024-02-16 06:00:00,2112.620235679195
9264,2024-02-16 07:00:00,2358.2419339623375
9265,2024-02-16 08:00:00,2566.423774693021
9266,2024-02-16 09:00:00,2742.830141546558
9267,2024-02-16 10:00:00,2922.249023537366
9268,2024-02-16 11:00:00,3114.2903394760565
9269,2024-02-16 12:00:00,3288.3681430901033
9270,2024-02-16 13:00:00,3412.0764249443923
9271,2024-02-16 14:00:00,3496.2793292720607
9272,2024-02-16 15:00:00,3590.5269275711476
9273,2024-02-16 16:00:00,3725.4120054004406
9274,2024-02-16 17:00:00,3859.58549269483
9275,2024-02-16 18:00:00,3892.935262499613
9276,2024-02-16 19:00:00,3745.5055315897866
9277,2024-02-16 20:00:00,3433.6934424429437
9278,2024-02-16 21:00:00,3070.4013573304937
9279,2024-02-16 22:00:00,2783.1054174516034
9280,2024-02-16 23:00:00,2620.5500021054754
9281,2024-02-17 00:00:00,2452.3725393928253
9282,2024-02-17 01:00:00,2349.2073434782533
9283,2024-02-17 02:00:00,2202.9269342419866
9284,2024-02-17 03:00:00,2071.1489565547104
9285,2024-02-17 04:00:00,2044.914886842474
9286,2024-02-17 05:00:00,2164.9557652935728
9287,2024-02-17 06:00:00,2387.3368033828583
9288,2024-02-17 07:00:00,2625.867911845488
9289,2024-02-17 08:00:00,2824.4512013513186
9290,2024-02-17 09:00:00,2988.813006420558
9291,2024-02-17 10:00:00,3153.8274183231856
9292,2024-02-17 11:00:00,3329.21377354523
9293,2024-02-17 12:00:00,3484.5177641914293
9294,2024-02-17 13:00:00,3587.485898650844
9295,2024-02-17 14:00:00,3649.1541461313864
9296,2024-02-17 15:00:00,3719.2619247116963
9297,2024-02-17 16:00:00,3828.6069098724884
9298,2024-02-17 17:00:00,3936.058316732648
9299,2024-02-17 18:00:00,3941.7334055342703
9300,2024-02-17 19:00:00,3765.9144702740577
9301,2024-02-17 20:00:00,3425.242918041461
9302,2024-02-17 21:00:00,3032.8689982374694
9303,2024-02-17 22:00:00,2716.517764795821
9304,2024-02-17 23:00:00,2525.1809357036705
9305,2024-02-18 00:00:00,2407.14891572747
9306,2024-02-18 01:00:00,2276.4729817101993
9307,2024-02-18 02:00:00,2103.662877559442
9308,2024-02-18 03:00:00,1946.552280521657
9309,2024-02-18 04:00:00,1896.385114999601
9310,2024-02-18 06:00:00,2195.869389985496
9311,2024-02-18 07:00:00,2415.715763784543
9312,2024-02-18 08:00:00,2597.650449306565
9313,2024-02-18 09:00:00,2747.508131578498
9314,2024-02-18 10:00:00,2900.2487527360763
9315,2024-02-18 11:00:00,3065.6543557382797
9316,2024-02-18 12:00:00,3213.309816038819
9317,2024-02-18 13:00:00,3310.977192069942
9318,2024-02-18 14:00:00,3369.6845276079293
9319,2024-02-18 15:00:00,3439.140261650404
9320,2024-02-18 16:00:00,3550.0887159710946
9321,2024-02-18 17:00:00,3661.324303390188
9322,2024-02-18 18:00:00,3672.8691934153076
9323,2024-02-18 19:00:00,3504.891679366724
9324,2024-02-18 20:00:00,3173.901836342536
9325,2024-02-18 21:00:00,2792.9030086504954
9326,2024-02-18 22:00:00,2489.4596870752844
9327,2024-02-18 23:00:00,2312.391416076305
9328,2024-02-19 00:00:00,2288.216755002197
9329,2024-02-19 01:00:00,2173.9785609379987
9330,2024-02-19 02:00:00,2018.402574683055
9331,2024-02-19 03:00:00,1879.1260603634323
9332,2024-02-19 04:00:00,1847.19620891127
9333,2024-02-19 05:00:00,1963.3361304236907
9334,2024-02-19 06:00:00,2183.589848416425
9335,2024-02-19 07:00:00,2421.7333348662514
9336,2024-02-19 08:00:00,2621.622630699439
9337,2024-02-19 09:00:00,2788.92659350572
9338,2024-02-19 10:00:00,2958.4512486990216
9339,2024-02-19 11:00:00,3139.8381796939093
9340,2024-02-19 12:00:00,3302.5466122634184
9341,2024-02-19 13:00:00,3414.2289092472315
9342,2024-02-19 14:00:00,3485.8202966398785
9343,2024-02-19 15:00:00,3566.953967646077
9344,2024-02-19 16:00:00,3688.3170288708307
9345,2024-02-19 17:00:00,3808.6649284901177
9346,2024-02-19 18:00:00,3827.9991031090763
9347,2024-02-19 19:00:00,3666.4850905847443
9348,2024-02-19 20:00:00,3340.6477040324567
9349,2024-02-19 21:00:00,2963.52181469673
9350,2024-02-19 22:00:00,2662.71931582484
9351,2024-02-19 23:00:00,2487.1219218161673
9352,2024-02-20 00:00:00,2384.9140594594573
9353,2024-02-20 01:00:00,2270.0458427031176
9354,2024-02-20 02:00:00,2112.931370907666
9355,2024-02-20 03:00:00,1971.3148068325827
9356,2024-02-20 04:00:00,1936.3572060191402
9357,2024-02-20 05:00:00,2048.9006525797713
9358,2024-02-20 06:00:00,2265.111355698279
9359,2024-02-20 07:00:00,2498.8887719530735
9360,2024-02-20 08:00:00,2694.211824042356
9361,2024-02-20 09:00:00,2856.869783578079
9362,2024-02-20 10:00:00,3021.784819100989
9363,2024-02-20 11:00:00,3198.708669380756
9364,2024-02-20 12:00:00,3357.203119840893
9365,2024-02-20 13:00:00,3465.0140196290254
9366,2024-02-20 14:00:00,3533.1596800310335
9367,2024-02-20 15:00:00,3611.344818163533
9368,2024-02-20 16:00:00,3730.3155251530084
9369,2024-02-20 17:00:00,3848.872911329607
9370,2024-02-20 18:00:00,3867.0501751782695
9371,2024-02-20 19:00:00,3705.030350219806
9372,2024-02-20 20:00:00,3379.3413295823902
9373,2024-02-20 21:00:00,3003.006717274738
9374,2024-02-20 22:00:00,2703.613076275431
9375,2024-02-20 23:00:00,2530.003223973131
9376,2024-02-21 00:00:00,2430.309823632483
9377,2024-02-21 01:00:00,2318.4192535914544
9378,2024-02-21 02:00:00,2164.6709813228135
9379,2024-02-21 03:00:00,2026.7248834135341
9380,2024-02-21 04:00:00,1995.649465525571
9381,2024-02-21 05:00:00,2112.187517993387
9382,2024-02-21 06:00:00,2332.4008401365145
9383,2024-02-21 07:00:00,2570.081075472684
9384,2024-02-21 08:00:00,2769.0977046781945
9385,2024-02-21 09:00:00,2935.130739044568
9386,2024-02-21 10:00:00,3102.9950902655137
9387,2024-02-21 11:00:00,3282.339051034662
9388,2024-02-21 12:00:00,3442.626538891554
9389,2024-02-21 13:00:00,3551.512815799352
9390,2024-02-21 14:00:00,3619.9344999839104
9391,2024-02-21 15:00:00,3697.525010882501
9392,2024-02-21 16:00:00,3814.970904689993
9393,2024-02-21 17:00:00,3931.026733159179
9394,2024-02-21 18:00:00,3945.693154222827
9395,2024-02-21 19:00:00,3779.135533031186
9396,2024-02-21 20:00:00,3447.8796196272024
9397,2024-02-21 21:00:00,3064.962841466293
9398,2024-02-21 22:00:00,2758.001773318027
9399,2024-02-21 23:00:00,2575.8854292286974
9400,2024-02-22 00:00:00,2466.808623701123
9401,2024-02-22 01:00:00,2344.735384325183
9402,2024-02-22 02:00:00,2180.097646778977
9403,2024-02-22 03:00:00,2030.6616800146865
9404,2024-02-22 04:00:00,1987.6152055104133
9405,2024-02-22 05:00:00,2091.831758407724
9406,2024-02-22 06:00:00,2299.5139387183126
9407,2024-02-22 07:00:00,2524.6026124544924
9408,2024-02-22 08:00:00,2711.1231288229264
9409,2024-02-22 09:00:00,2864.9161182448674
9410,2024-02-22 10:00:00,3020.9598703486536
9411,2024-02-22 11:00:00,3189.0667511135894
9412,2024-02-22 12:00:00,3338.8633375300556
9413,2024-02-22 13:00:00,3438.1640091572112
9414,2024-02-22 14:00:00,3498.058840075659
9415,2024-02-22 15:00:00,3568.326959336102
9416,2024-02-22 16:00:00,3679.790864562084
9417,2024-02-22 17:00:00,3791.3293476600825
9418,2024-02-22 18:00:00,3803.0537867932967
9419,2024-02-22 19:00:00,3635.225067417507
9420,2024-02-22 20:00:00,3304.447741342332
9421,2024-02-22 21:00:00,2923.8199828936836
9422,2024-02-22 22:00:00,2620.999923307166
9423,2024-02-22 23:00:00,2444.8980245155494
9424,2024-02-23 00:00:00,2343.709753139795
9425,2024-02-23 01:00:00,2231.3785479358985
9426,2024-02-23 02:00:00,2078.294319562498
9427,2024-02-23 03:00:00,1942.1599356507425
9428,2024-02-23 04:00:00,1914.0786567494586
9429,2024-02-23 05:00:00,2034.8190698012381
9430,2024-02-23 06:00:00,2260.4591629168926
9431,2024-02-23 07:00:00,2504.7965935390043
9432,2024-02-23 08:00:00,2711.6962059072794
9433,2024-02-23 09:00:00,2886.822348715142
9434,2024-02-23 10:00:00,3064.9629760021767
9435,2024-02-23 11:00:00,3255.727971583146
9436,2024-02-23 12:00:00,3428.5313542521603
9437,2024-02-23 13:00:00,3550.9670795585316
9438,2024-02-23 14:00:00,3633.8992568236536
9439,2024-02-23 15:00:00,3726.8779226339793
9440,2024-02-23 16:00:00,3860.495827686594
9441,2024-02-23 17:00:00,3993.403867101535
9442,2024-02-23 18:00:00,4025.489879182797
9443,2024-02-23 19:00:00,3876.798046015149
9444,2024-02-23 20:00:00,3563.7254754709784
9445,2024-02-23 21:00:00,3199.1744953181337
9446,2024-02-23 22:00:00,2910.6212123453597
9447,2024-02-23 23:00:00,2746.8099715034336
9448,2024-02-24 00:00:00,2577.378166725636
9449,2024-02-24 01:00:00,2472.9600781080835
9450,2024-02-24 02:00:00,2325.428191574135
9451,2024-02-24 03:00:00,2192.4001182037855
9452,2024-02-24 04:00:00,2164.917300774879
9453,2024-02-24 05:00:00,2283.7107459892773
9454,2024-02-24 06:00:00,2504.845631992828
9455,2024-02-24 07:00:00,2742.1318363792775
9456,2024-02-24 08:00:00,2939.471436872619
9457,2024-02-24 09:00:00,3102.590735215532
9458,2024-02-24 10:00:00,3266.3637901231245
9459,2024-02-24 11:00:00,3440.5099057336824
9460,2024-02-24 12:00:00,3594.574742029172
9461,2024-02-24 13:00:00,3696.3047754844915
9462,2024-02-24 14:00:00,3756.735943661576
9463,2024-02-24 15:00:00,3825.607633217488
9464,2024-02-24 16:00:00,3933.717488471265
9465,2024-02-24 17:00:00,4039.934693641461
9466,2024-02-24 18:00:00,4044.376478348542
9467,2024-02-24 19:00:00,3867.325106241343
9468,2024-02-24 20:00:00,3525.421954336895
9469,2024-02-24 21:00:00,3131.8172422873904
9470,2024-02-24 22:00:00,2814.2359945607736
9471,2024-02-24 23:00:00,2621.6699000018043
9472,2024-02-25 00:00:00,2502.409334523397
9473,2024-02-25 01:00:00,2370.505546502235
9474,2024-02-25 02:00:00,2196.4682516634994
9475,2024-02-25 03:00:00,2038.131099443469
9476,2024-02-25 04:00:00,1986.7379867576847
9477,2024-02-25 05:00:00,2083.2067774677716
9478,2024-02-25 06:00:00,2283.772083462775
9479,2024-02-25 07:00:00,2502.3941730159204
9480,2024-02-25 08:00:00,2683.1050761464858
9481,2024-02-25 09:00:00,2831.739452249686
9482,2024-02-25 10:00:00,2983.2572182843232
9483,2024-02-25 11:00:00,3147.4403924118355
9484,2024-02-25 12:00:00,3293.873825706888
9485,2024-02-25 13:00:00,3390.3195526428294
9486,2024-02-25 14:00:00,3447.805593459524
9487,2024-02-25 15:00:00,3516.040364060822
9488,2024-02-25 16:00:00,3625.7681635492986
9489,2024-02-25 17:00:00,3735.7833825510766
9490,2024-02-25 18:00:00,3746.108168800724
9491,2024-02-25 19:00:00,3576.91079432946
9492,2024-02-25 20:00:00,3244.701313408821
9493,2024-02-25 21:00:00,2862.4830499958357
9494,2024-02-25 22:00:00,2557.820474998797
9495,2024-02-25 23:00:00,2379.533113497724
9496,2024-02-26 00:00:00,2354.1395059505694
9497,2024-02-26 01:00:00,2238.6824910543687
9498,2024-02-26 02:00:00,2081.8877917294003
9499,2024-02-26 03:00:00,1941.3926547318126
9500,2024-02-26 04:00:00,1908.2442541536761
9501,2024-02-26 05:00:00,2023.1656837549942
9502,2024-02-26 06:00:00,2242.2009512720324
9503,2024-02-26 07:00:00,2479.126013422779
9504,2024-02-26 08:00:00,2677.796896416985
9505,2024-02-26 09:00:00,2843.8824436955692
9506,2024-02-26 10:00:00,3012.188667056835
9507,2024-02-26 11:00:00,3192.357136864928
9508,2024-02-26 12:00:00,3353.8470664061697
9509,2024-02-26 13:00:00,3464.3108066287095
9510,2024-02-26 14:00:00,3534.6835721685397
9511,2024-02-26 15:00:00,3614.5985454865336
9512,2024-02-26 16:00:00,3734.7428230077157
9513,2024-02-26 17:00:00,3853.8718433466984
9514,2024-02-26 18:00:00,3871.987034111596
9515,2024-02-26 19:00:00,3709.2539247995705
9516,2024-02-26 20:00:00,3382.197320704093
9517,2024-02-26 21:00:00,3003.8520859543223
9518,2024-02-26 22:00:00,2701.8301072222707
9519,2024-02-26 23:00:00,2525.0130929824854
9520,2024-02-27 00:00:00,2421.5854647102005
9521,2024-02-27 01:00:00,2305.497331673043
9522,2024-02-27 02:00:00,2147.1627891848293
9523,2024-02-27 03:00:00,2004.3259965848938
9524,2024-02-27 04:00:00,1968.1480066519498
9525,2024-02-27 05:00:00,2079.4709013484344
9526,2024-02-27 06:00:00,2294.460888389285
9527,2024-02-27 07:00:00,2527.0174235137256
9528,2024-02-27 08:00:00,2721.119429239115
9529,2024-02-27 09:00:00,2882.556177654668
9530,2024-02-27 10:00:00,3046.2498384447126
9531,2024-02-27 11:00:00,3221.9521521772785
9532,2024-02-27 12:00:00,3379.224906747397
9533,2024-02-27 13:00:00,3485.8139544428363
9534,2024-02-27 14:00:00,3552.7376103605548
9535,2024-02-27 15:00:00,3629.700596109333
9536,2024-02-27 16:00:00,3747.4490079726297
9537,2024-02-27 17:00:00,3864.783962143786
9538,2024-02-27 18:00:00,3881.73866362494
9539,2024-02-27 19:00:00,3718.496153158932
9540,2024-02-27 20:00:00,3391.5843317800336
9541,2024-02-27 21:00:00,3014.02681209339
9542,2024-02-27 22:00:00,2713.4101663569454
9543,2024-02-27 23:00:00,2538.5772219414366
9544,2024-02-28 00:00:00,2437.660652803095
9545,2024-02-28 01:00:00,2324.5468486275945
9546,2024-02-28 02:00:00,2169.5752889771866
9547,2024-02-28 03:00:00,2030.4058632089855
9548,2024-02-28 04:00:00,1998.1070904593453
9549,2024-02-28 05:00:00,2113.421775243317
9550,2024-02-28 06:00:00,2332.4117317565147
9551,2024-02-28 07:00:00,2568.8686191101283
9552,2024-02-28 08:00:00,2766.6619342666504
9553,2024-02-28 09:00:00,2931.47170552107
9554,2024-02-28 10:00:00,3098.1128622739925
9555,2024-02-28 11:00:00,3276.233715638914
9556,2024-02-28 12:00:00,3435.298202266963
9557,2024-02-28 13:00:00,3542.961603968776
9558,2024-02-28 14:00:00,3610.160559501625
9559,2024-02-28 15:00:00,3686.528509558064
9560,2024-02-28 16:00:00,3802.752032290593
9561,2024-02-28 17:00:00,3917.585702120444
9562,2024-02-28 18:00:00,3931.0302003591337
9563,2024-02-28 19:00:00,3763.250916240052
9564,2024-02-28 20:00:00,3430.773624604558
9565,2024-02-28 21:00:00,3046.635778407782
9566,2024-02-28 22:00:00,2738.4539786268924
9567,2024-02-28 23:00:00,2555.117266215926
9568,2024-02-29 00:00:00,2444.820483309293
9569,2024-02-29 01:00:00,2321.5276858025695
9570,2024-02-29 02:00:00,2155.6708384122685
9571,2024-02-29 03:00:00,2005.0162398091936
9572,2024-02-29 04:00:00,1960.7516419011802
9573,2024-02-29 05:00:00,2063.7506109429933
9574,2024-02-29 06:00:00,2270.215778800667
9575,2024-02-29 07:00:00,2494.0880439730245
9576,2024-02-29 08:00:00,2679.3927888841354
9577,2024-02-29 09:00:00,2831.970677849843
9578,2024-02-29 10:00:00,2986.8000351166343
9579,2024-02-29 11:00:00,3153.693261921151
9580,2024-02-29 12:00:00,3302.2769712110858
9581,2024-02-29 13:00:00,3400.3655792071304
9582,2024-02-29 14:00:00,3459.049197310095
9583,2024-02-29 15:00:00,3528.1069925729635
9584,2024-02-29 16:00:00,3638.361501296561
9585,2024-02-29 17:00:00,3748.6915547368594
9586,2024-02-29 18:00:00,3759.2085710769634
9587,2024-02-29 19:00:00,3590.173476451754
9588,2024-02-29 20:00:00,3258.1908640236898
9589,2024-02-29 21:00:00,2876.3589501232573
9590,2024-02-29 22:00:00,2572.3359086467112
9591,2024-02-29 23:00:00,2395.0322448351694
9592,2024-03-01 00:00:00,1988.6615316842228
9593,2024-03-01 01:00:00,1875.131127741528
9594,2024-03-01 02:00:00,1720.849051326415
9595,2024-03-01 03:00:00,1583.5182159490387
9596,2024-03-01 04:00:00,1554.2419286794757
9597,2024-03-01 05:00:00,1673.7888236073532
9598,2024-03-01 06:00:00,1898.2369366129244
9599,2024-03-01 07:00:00,2141.383973535254
9600,2024-03-01 08:00:00,2347.094827616632
9601,2024-03-01 09:00:00,2521.033897170915
9602,2024-03-01 10:00:00,2697.9891864635324
9603,2024-03-01 11:00:00,2887.5706301400182
9604,2024-03-01 12:00:00,3059.1922984064877
9605,2024-03-01 13:00:00,3180.4481988419493
9606,2024-03-01 14:00:00,3262.202493354462
9607,2024-03-01 15:00:00,3354.0052717323806
9608,2024-03-01 16:00:00,3486.4493384144644
9609,2024-03-01 17:00:00,3618.1856428550705
9610,2024-03-01 18:00:00,3649.102078253186
9611,2024-03-01 19:00:00,3499.242882145744
9612,2024-03-01 20:00:00,3185.0052184208107
9613,2024-03-01 21:00:00,2819.2914713865894
9614,2024-03-01 22:00:00,2529.5778049422006
9615,2024-03-01 23:00:00,2364.608621664936
9616,2024-03-02 00:00:00,2498.003311251182
9617,2024-03-02 01:00:00,2392.4323372892986
9618,2024-03-02 02:00:00,2243.7501824861743
9619,2024-03-02 03:00:00,2109.5745176604833
9620,2024-03-02 04:00:00,2080.9468457891853
9621,2024-03-02 05:00:00,2198.598234302969
9622,2024-03-02 06:00:00,2418.5939225493626
9623,2024-03-02 07:00:00,2654.743849812571
9624,2024-03-02 08:00:00,2850.950155979336
9625,2024-03-02 09:00:00,3012.9392054462196
9626,2024-03-02 10:00:00,3175.585120017051
9627,2024-03-02 11:00:00,3348.6072673886383
9628,2024-03-02 12:00:00,3501.551371554978
9629,2024-03-02 13:00:00,3602.1639734379737
9630,2024-03-02 14:00:00,3661.4810754819264
9631,2024-03-02 15:00:00,3729.2421296481407
9632,2024-03-02 16:00:00,3836.2448459964417
9633,2024-03-02 17:00:00,3941.3584748714534
9634,2024-03-02 18:00:00,3944.7003124422463
9635,2024-03-02 19:00:00,3766.5526892974717
9636,2024-03-02 20:00:00,3423.557049788801
9637,2024-03-02 21:00:00,3028.863681257847
9638,2024-03-02 22:00:00,2710.1976762673103
9639,2024-03-02 23:00:00,2516.5507921013805
9640,2024-03-03 00:00:00,2396.2134734678866
9641,2024-03-03 01:00:00,2263.237037890022
9642,2024-03-03 02:00:00,2088.1312705783116
9643,2024-03-03 03:00:00,1928.7298907898908
9644,2024-03-03 04:00:00,1876.2768655625564
9645,2024-03-03 05:00:00,1971.6901292229736
9646,2024-03-03 06:00:00,2171.2043643972484
9647,2024-03-03 07:00:00,2388.779910445158
9648,2024-03-03 08:00:00,2568.4488686838395
9649,2024-03-03 09:00:00,2716.045970149229
9650,2024-03-03 10:00:00,2866.5312036651003
9651,2024-03-03 11:00:00,3029.6866595650963
9652,2024-03-03 12:00:00,3175.097261301473
9653,2024-03-03 13:00:00,3270.525115993196
9654,2024-03-03 14:00:00,3326.9983167522223
9655,2024-03-03 15:00:00,3394.2253525727915
9656,2024-03-03 16:00:00,3502.950595881648
9657,2024-03-03 17:00:00,3611.968510805396
9658,2024-03-03 18:00:00,3621.301318794467
9659,2024-03-03 19:00:00,3451.1173657777827
9660,2024-03-03 20:00:00,3117.9267801060614
9661,2024-03-03 21:00:00,2734.7329599633
9662,2024-03-03 22:00:00,2429.1004506658014
9663,2024-03-03 23:00:00,2249.8488518410745
9664,2024-03-04 00:00:00,2223.496778622086
9665,2024-03-04 01:00:00,2107.087144519558
9666,2024-03-04 02:00:00,1949.345747383893
9667,2024-03-04 03:00:00,1807.9099090139102
9668,2024-03-04 04:00:00,1773.8268786256322
9669,2024-03-04 05:00:00,1887.8198252157595
9670,2024-03-04 06:00:00,2105.9328318186544
9671,2024-03-04 07:00:00,2341.941930522772
9672,2024-03-04 08:00:00,2539.7032229615115
9673,2024-03-04 09:00:00,2704.885628069179
9674,2024-03-04 10:00:00,2872.295233144501
9675,2024-03-04 11:00:00,3051.573684087551
9676,2024-03-04 12:00:00,3212.180269775328
9677,2024-03-04 13:00:00,3321.767416694583
9678,2024-03-04 14:00:00,3391.2704150543173
9679,2024-03-04 15:00:00,3470.322522857543
9680,2024-03-04 16:00:00,3589.610912074529
9681,2024-03-04 17:00:00,3707.891096788493
9682,2024-03-04 18:00:00,3725.1645800682236
9683,2024-03-04 19:00:00,3561.596966795665
9684,2024-03-04 20:00:00,3233.713137591614
9685,2024-03-04 21:00:00,2854.5480318345635
9686,2024-03-04 22:00:00,2551.7136113569686
9687,2024-03-04 23:00:00,2374.0916596963007
9688,2024-03-05 00:00:00,2269.8666732779393
9689,2024-03-05 01:00:00,2152.9888362202764
9690,2024-03-05 02:00:00,1993.8723185306044
9691,2024-03-05 03:00:00,1850.2613541219107
9692,2024-03-05 04:00:00,1813.317070189089
9693,2024-03-05 05:00:00,1923.881622952123
9694,2024-03-05 06:00:00,2138.121294199821
9695,2024-03-05 07:00:00,2369.9356135747876
9696,2024-03-05 08:00:00,2563.3035773103416
9697,2024-03-05 09:00:00,2724.014530985427
9698,2024-03-05 10:00:00,2886.9907175762332
9699,2024-03-05 11:00:00,3061.983950712896
9700,2024-03-05 12:00:00,3218.5560911203975
9701,2024-03-05 13:00:00,3324.4530636485597
9702,2024-03-05 14:00:00,3390.693255730005
9703,2024-03-05 15:00:00,3466.981461019571
9704,2024-03-05 16:00:00,3584.0638475713477
9705,2024-03-05 17:00:00,3700.7416030581066
9706,2024-03-05 18:00:00,3717.048003669402
9707,2024-03-05 19:00:00,3553.1661610161227
9708,2024-03-05 20:00:00,3225.624046690782
9709,2024-03-05 21:00:00,2847.445343460373
9710,2024-03-05 22:00:00,2546.2166935142486
9711,2024-03-05 23:00:00,2370.7809937158404
9712,2024-03-06 00:00:00,2269.2709871659226
9713,2024-03-06 01:00:00,2155.573132341603
9714,2024-03-06 02:00:00,2000.0269771777494
9715,2024-03-06 03:00:00,1860.2924790300567
9716,2024-03-06 04:00:00,1827.4382246189293
9717,2024-03-06 05:00:00,1942.2070856273754
9718,2024-03-06 06:00:00,2160.6609429808614
9719,2024-03-06 07:00:00,2396.5915220754796
9720,2024-03-06 08:00:00,2593.8683857755545
9721,2024-03-06 09:00:00,2758.1716277069954
9722,2024-03-06 10:00:00,2924.316242206446
9723,2024-03-06 11:00:00,3101.950604823706
9724,2024-03-06 12:00:00,3260.538716158184
9725,2024-03-06 13:00:00,3367.7359214486046
9726,2024-03-06 14:00:00,3434.478922395245
9727,2024-03-06 15:00:00,3510.401222091971
9728,2024-03-06 16:00:00,3626.189460564115
9729,2024-03-06 17:00:00,3740.598273559489
9730,2024-03-06 18:00:00,3753.6284031759574
9731,2024-03-06 19:00:00,3585.445298856197
9732,2024-03-06 20:00:00,3252.5747950711193
9733,2024-03-06 21:00:00,2868.0544038450366
9734,2024-03-06 22:00:00,2559.5007846111084
9735,2024-03-06 23:00:00,2375.8030361804786
9736,2024-03-07 00:00:00,2265.1560579238467
9737,2024-03-07 01:00:00,2141.5239623722637
9738,2024-03-07 02:00:00,1975.3387702128766
9739,2024-03-07 03:00:00,1824.3668354659376
9740,2024-03-07 04:00:00,1779.7959647282082
9741,2024-03-07 05:00:00,1882.4997782830437
9742,2024-03-07 06:00:00,2088.6809613403525
9743,2024-03-07 07:00:00,2312.280465073379
9744,2024-03-07 08:00:00,2497.323723895352
9745,2024-03-07 09:00:00,2649.6514533870677
9746,2024-03-07 10:00:00,2804.2420283663932
9747,2024-03-07 11:00:00,2970.9078999175754
9748,2024-03-07 12:00:00,3119.275730099918
9749,2024-03-07 13:00:00,3217.159983528959
9750,2024-03-07 14:00:00,3275.6508192194788
9751,2024-03-07 15:00:00,3344.527451105231
9752,2024-03-07 16:00:00,3454.612461583035
9753,2024-03-07 17:00:00,3564.784727264985
9754,2024-03-07 18:00:00,3575.1557108591737
9755,2024-03-07 19:00:00,3405.986382264334
9756,2024-03-07 20:00:00,3073.8813775972167
9757,2024-03-07 21:00:00,2691.9389553348465
9758,2024-03-07 22:00:00,2387.8173306873055
9759,2024-03-07 23:00:00,2210.427049400695
9760,2024-03-08 00:00:00,2107.963661726529
9761,2024-03-08 01:00:00,1994.3706898281193
9762,2024-03-08 02:00:00,1840.038127589747
9763,2024-03-08 03:00:00,1702.6689256192576
9764,2024-03-08 04:00:00,1673.366427229139
9765,2024-03-08 05:00:00,1792.8993018467327
9766,2024-03-08 06:00:00,2017.3456198359813
9767,2024-03-08 07:00:00,2260.5031206063713
9768,2024-03-08 08:00:00,2466.236730073464
9769,2024-03-08 09:00:00,2640.2108783159383
9770,2024-03-08 10:00:00,2817.213600455899
9771,2024-03-08 11:00:00,3006.8548610562575
9772,2024-03-08 12:00:00,3178.548759318138
9773,2024-03-08 13:00:00,3299.8893308748015
9774,2024-03-08 14:00:00,3381.7407647396158
9775,2024-03-08 15:00:00,3473.653176859483
9776,2024-03-08 16:00:00,3606.21939685401
9777,2024-03-08 17:00:00,3738.090398413499
9778,2024-03-08 18:00:00,3769.1540979912006
9779,2024-03-08 19:00:00,3619.4547553777284
9780,2024-03-08 20:00:00,3305.3895557478572
9781,2024-03-08 21:00:00,2939.8609037191245
9782,2024-03-08 22:00:00,2650.344982405709
9783,2024-03-08 23:00:00,2485.586212724642
9784,2024-03-09 00:00:00,2315.2220640102178
9785,2024-03-09 01:00:00,2209.8868912908106
9786,2024-03-09 02:00:00,2061.4532548878633
9787,2024-03-09 03:00:00,1927.5388397979082
9788,2024-03-09 04:00:00,1899.1851621477695
9789,2024-03-09 05:00:00,2017.1233014488125
9790,2024-03-09 06:00:00,2237.418508108657
9791,2024-03-09 07:00:00,2473.880731396212
9792,2024-03-09 08:00:00,2670.4121201270054
9793,2024-03-09 09:00:00,2832.7390465568615
9794,2024-03-09 10:00:00,2995.7356392871284
9795,2024-03-09 11:00:00,3169.121271719843
9796,2024-03-09 12:00:00,3322.4416724820526
9797,2024-03-09 13:00:00,3423.443386038027
9798,2024-03-09 14:00:00,3483.1624172809966
9799,2024-03-09 15:00:00,3551.3382195287877
9800,2024-03-09 16:00:00,3658.7685030838975
9801,2024-03-09 17:00:00,3764.3225174522345
9802,2024-03-09 18:00:00,3768.1175568230697
9803,2024-03-09 19:00:00,3590.435948711726
9804,2024-03-09 20:00:00,3247.919133271609
9805,2024-03-09 21:00:00,2853.7173925279844
9806,2024-03-09 22:00:00,2535.555812585456
9807,2024-03-09 23:00:00,2342.4261431570094
9808,2024-03-10 00:00:00,2222.61882023504
9809,2024-03-10 01:00:00,2090.185151491884
9810,2024-03-10 02:00:00,1915.6349111577433
9811,2024-03-10 03:00:00,1756.8018063216045
9812,2024-03-10 04:00:00,1704.9297907759737
9813,2024-03-10 06:00:00,2001.0574542032114
9814,2024-03-10 07:00:00,2219.2521228384567
9815,2024-03-10 08:00:00,2399.552873704244
9816,2024-03-10 09:00:00,2547.794418770475
9817,2024-03-10 10:00:00,2698.9367266316867
9818,2024-03-10 11:00:00,2862.761866230338
9819,2024-03-10 12:00:00,3008.8547384401654
9820,2024-03-10 13:00:00,3104.977426654965
9821,2024-03-10 14:00:00,3162.1579990852288
9822,2024-03-10 15:00:00,3230.1049186306373
9823,2024-03-10 16:00:00,3339.562530462622
9824,2024-03-10 17:00:00,3449.325270271096
9825,2024-03-10 18:00:00,3459.415329893236
9826,2024-03-10 19:00:00,3290.001024459638
9827,2024-03-10 20:00:00,2957.5924503487727
9828,2024-03-10 21:00:00,2575.192972585038
9829,2024-03-10 22:00:00,2270.3671021417626
9830,2024-03-10 23:00:00,2091.934403113388
9831,2024-03-11 00:00:00,2066.4134539375573
9832,2024-03-11 01:00:00,1950.8471302101643
9833,2024-03-11 02:00:00,1793.9611907151307
9834,2024-03-11 03:00:00,1653.3929169751823
9835,2024-03-11 04:00:00,1620.1895167574135
9836,2024-03-11 05:00:00,1735.07411641938
9837,2024-03-11 06:00:00,1954.0907551689638
9838,2024-03-11 07:00:00,2191.0154200902793
9839,2024-03-11 08:00:00,2389.7041666162295
9840,2024-03-11 09:00:00,2555.825866305462
9841,2024-03-11 10:00:00,2724.18655789501
9842,2024-03-11 11:00:00,2904.427837545133
9843,2024-03-11 12:00:00,3066.0089431947877
9844,2024-03-11 13:00:00,3176.582249239272
9845,2024-03-11 14:00:00,3247.0829925901794
9846,2024-03-11 15:00:00,3327.144376794459
9847,2024-03-11 16:00:00,3447.453518178951
9848,2024-03-11 17:00:00,3566.7658740117668
9849,2024-03-11 18:00:00,3585.082889380987
9850,2024-03-11 19:00:00,3422.5701099928583
9851,2024-03-11 20:00:00,3095.7523561600447
9852,2024-03-11 21:00:00,2717.6645057617798
9853,2024-03-11 22:00:00,2415.9184579851767
9854,2024-03-11 23:00:00,2239.395932502227
9855,2024-03-12 00:00:00,2136.2813608117012
9856,2024-03-12 01:00:00,2020.5248608677134
9857,2024-03-12 02:00:00,1862.5405353995257
9858,2024-03-12 03:00:00,1720.0725498748006
9859,2024-03-12 04:00:00,1684.2819619037014
9860,2024-03-12 05:00:00,1796.0108569746644
9861,2024-03-12 06:00:00,2011.4254450016
9862,2024-03-12 07:00:00,2244.425182620489
9863,2024-03-12 08:00:00,2438.9889919177904
9864,2024-03-12 09:00:00,2600.9061432012577
9865,2024-03-12 10:00:00,2765.098803048415
9866,2024-03-12 11:00:00,2941.318707573286
9867,2024-03-12 12:00:00,3099.1276388504643
9868,2024-03-12 13:00:00,3206.2714419955837
9869,2024-03-12 14:00:00,3273.7684235680026
9870,2024-03-12 15:00:00,3351.323295266018
9871,2024-03-12 16:00:00,3469.6821420772058
9872,2024-03-12 17:00:00,3587.646067516145
9873,2024-03-12 18:00:00,3605.2482625271978
9874,2024-03-12 19:00:00,3442.671752385806
9875,2024-03-12 20:00:00,3116.444421279194
9876,2024-03-12 21:00:00,2739.589863489037
9877,2024-03-12 22:00:00,2439.694631651633
9878,2024-03-12 23:00:00,2265.6015320198157
9879,2024-03-13 00:00:00,2165.4432160053193
9880,2024-03-13 01:00:00,2053.1060493760806
9881,2024-03-13 02:00:00,1898.9294863036253
9882,2024-03-13 03:00:00,1760.573389336284
9883,2024-03-13 04:00:00,1729.1062493393365
9884,2024-03-13 05:00:00,1845.270841151108
9885,2024-03-13 06:00:00,2065.1289478061117
9886,2024-03-13 07:00:00,2302.472195802961
9887,2024-03-13 08:00:00,2501.170048097384
9888,2024-03-13 09:00:00,2666.902497431801
9889,2024-03-13 10:00:00,2834.484436232411
9890,2024-03-13 11:00:00,3013.564137174171
9891,2024-03-13 12:00:00,3173.605497004015
9892,2024-03-13 13:00:00,3282.2637561334177
9893,2024-03-13 14:00:00,3350.47551047321
9894,2024-03-13 15:00:00,3427.8741563682465
9895,2024-03-13 16:00:00,3545.1462261665665
9896,2024-03-13 17:00:00,3661.04624697035
9897,2024-03-13 18:00:00,3675.5748513202625
9898,2024-03-13 19:00:00,3508.89737817464
9899,2024-03-13 20:00:00,3177.539550610395
9900,2024-03-13 21:00:00,2794.5387683291146
9901,2024-03-13 22:00:00,2487.511577571954
9902,2024-03-13 23:00:00,2305.3469630528534
9903,2024-03-14 00:00:00,2196.2397091626704
9904,2024-03-14 01:00:00,2074.153812584794
9905,2024-03-14 02:00:00,1909.5211772953026
9906,2024-03-14 03:00:00,1760.1080397548544
9907,2024-03-14 04:00:00,1717.1020881347708
9908,2024-03-14 05:00:00,1821.3768234853032
9909,2024-03-14 06:00:00,2029.1348109383102
9910,2024-03-14 07:00:00,2254.316880775395
9911,2024-03-14 08:00:00,2440.9483456964463
9912,2024-03-14 09:00:00,2594.8697988312247
9913,2024-03-14 10:00:00,2751.0594916711916
9914,2024-03-14 11:00:00,2919.329751247328
9915,2024-03-14 12:00:00,3069.3071147947985
9916,2024-03-14 13:00:00,3168.8059213388415
9917,2024-03-14 14:00:00,3228.9162035573117
9918,2024-03-14 15:00:00,3299.4170483040652
9919,2024-03-14 16:00:00,3411.130910186022
9920,2024-03-14 17:00:00,3522.936537284065
9921,2024-03-14 18:00:00,3534.9452630856435
9922,2024-03-14 19:00:00,3367.4179275852457
9923,2024-03-14 20:00:00,3036.9590362533136
9924,2024-03-14 21:00:00,2656.666716318291
9925,2024-03-14 22:00:00,2354.1990510473693
9926,2024-03-14 23:00:00,2178.4664535879365
9927,2024-03-15 00:00:00,2077.6643409526046
9928,2024-03-15 01:00:00,1965.7361014403195
9929,2024-03-15 02:00:00,1813.071594452213
9930,2024-03-15 03:00:00,1677.3736355116243
9931,2024-03-15 04:00:00,1649.745432231026
9932,2024-03-15 05:00:00,1770.9555177804505
9933,2024-03-15 06:00:00,1997.0818256783568
9934,2024-03-15 07:00:00,2241.9219579295514
9935,2024-03-15 08:00:00,2449.3407024932485
9936,2024-03-15 09:00:00,2625.0023509742477
9937,2024-03-15 10:00:00,2803.69479946749
9938,2024-03-15 11:00:00,2995.0278730118735
9939,2024-03-15 12:00:00,3168.4155307853507
9940,2024-03-15 13:00:00,3291.4516679045782
9941,2024-03-15 14:00:00,3375.0003323906017
9942,2024-03-15 15:00:00,3468.611498729393
9943,2024-03-15 16:00:00,3602.8778546476815
9944,2024-03-15 17:00:00,3736.4502314735437
9945,2024-03-15 18:00:00,3769.2164028932975
9946,2024-03-15 19:00:00,3621.220485511327
9947,2024-03-15 20:00:00,3308.8595209367627
9948,2024-03-15 21:00:00,2945.0357697465424
9949,2024-03-15 22:00:00,2657.225270765784
9950,2024-03-15 23:00:00,2494.1723001793844
9951,2024-03-16 00:00:00,2325.514182254842
9952,2024-03-16 01:00:00,2221.8851266090087
9953,2024-03-16 02:00:00,2075.157547851117
9954,2024-03-16 03:00:00,1942.948984938419
9955,2024-03-16 04:00:00,1916.3008076635338
9956,2024-03-16 05:00:00,2035.9439489266929
9957,2024-03-16 06:00:00,2257.943512235011
9958,2024-03-16 07:00:00,2496.10929971437
9959,2024-03-16 08:00:00,2694.343312800751
9960,2024-03-16 09:00:00,2858.3717761151356
9961,2024-03-16 10:00:00,3023.0686704248074
9962,2024-03-16 11:00:00,3198.153221089136
9963,2024-03-16 12:00:00,3353.1710085079276
9964,2024-03-16 13:00:00,3455.868428719444
9965,2024-03-16 14:00:00,3517.281338059629
9966,2024-03-16 15:00:00,3587.149041117753
9967,2024-03-16 16:00:00,3696.2690993373244
9968,2024-03-16 17:00:00,3803.5106132405526
9969,2024-03-16 18:00:00,3808.990727936455
9970,2024-03-16 19:00:00,3632.991621756377
9971,2024-03-16 20:00:00,3292.154585577458
9972,2024-03-16 21:00:00,2899.62975211124
9973,2024-03-16 22:00:00,2583.142058073493
9974,2024-03-16 23:00:00,2391.683103754516
9975,2024-03-17 00:00:00,2273.543175695847
9976,2024-03-17 01:00:00,2142.773432124738
9977,2024-03-17 02:00:00,1969.8834978058899
9978,2024-03-17 03:00:00,1812.7069303962812
9979,2024-03-17 04:00:00,1762.4875342834566
9980,2024-03-17 05:00:00,1860.1430799664913
9981,2024-03-17 06:00:00,2061.9080852127827
9982,2024-03-17 07:00:00,2281.742723384448
9983,2024-03-17 08:00:00,2463.6789287729534
9984,2024-03-17 09:00:00,2613.5512642890253
9985,2024-03-17 10:00:00,2766.3195496380185
9986,2024-03-17 11:00:00,2931.7657049440013
9987,2024-03-17 12:00:00,3079.474482448588
9988,2024-03-17 13:00:00,3177.2078170432915
9989,2024-03-17 14:00:00,3235.993628634804
9990,2024-03-17 15:00:00,3305.5402319918817
9991,2024-03-17 16:00:00,3416.591824356431
9992,2024-03-17 17:00:00,3527.9426937026415
9993,2024-03-17 18:00:00,3539.6148843942237
9994,2024-03-17 19:00:00,3371.7765643191465
9995,2024-03-17 20:00:00,3040.937682864791
9996,2024-03-17 21:00:00,2660.101458360211
9997,2024-03-17 22:00:00,2356.8322553503804
9998,2024-03-17 23:00:00,2179.9494918068553
9999,2024-03-18 00:00:00,2155.971600350975
10000,2024-03-18 01:00:00,2041.9413111164367
10001,2024-03-18 02:00:00,1886.5842377337335
10002,2024-03-18 03:00:00,1747.5375169534855
10003,2024-03-18 04:00:00,1715.8482121333618
10004,2024-03-18 05:00:00,1832.2393056082524
10005,2024-03-18 06:00:00,2052.7546929556443
10006,2024-03-18 07:00:00,2291.170218047819
10007,2024-03-18 08:00:00,2491.341793545894
10008,2024-03-18 09:00:00,2658.9381486505354
10009,2024-03-18 10:00:00,2828.76518021587
10010,2024-03-18 11:00:00,3010.4643429835774
10011,2024-03-18 12:00:00,3173.49473396126
10012,2024-03-18 13:00:00,3285.508587091316
10013,2024-03-18 14:00:00,3357.4409993665386
10014,2024-03-18 15:00:00,3438.925034936774
10015,2024-03-18 16:00:00,3560.6476712507147
10016,2024-03-18 17:00:00,3681.364227266275
10017,2024-03-18 18:00:00,3701.0760103242733
10018,2024-03-18 19:00:00,3539.948428968266
10019,2024-03-18 20:00:00,3214.506166921961
10020,2024-03-18 21:00:00,2837.7839661315
10021,2024-03-18 22:00:00,2537.3935903683378
10022,2024-03-18 23:00:00,2362.2166246515294
10023,2024-03-19 00:00:00,2260.437366390051
10024,2024-03-19 01:00:00,2146.005800138169
10025,2024-03-19 02:00:00,1989.335895874402
10026,2024-03-19 03:00:00,1848.1716870365453
10027,2024-03-19 04:00:00,1813.674099894427
10028,2024-03-19 05:00:00,1926.6850892854477
10029,2024-03-19 06:00:00,2143.370735236187
10030,2024-03-19 07:00:00,2377.6303652112447
10031,2024-03-19 08:00:00,2573.442772884071
10032,2024-03-19 09:00:00,2736.597100916574
10033,2024-03-19 10:00:00,2902.015389024775
10034,2024-03-19 11:00:00,3079.449247242704
10035,2024-03-19 12:00:00,3238.4603323745614
10036,2024-03-19 13:00:00,3346.7943650834595
10037,2024-03-19 14:00:00,3415.469528303451
10038,2024-03-19 15:00:00,3494.1904109546995
10039,2024-03-19 16:00:00,3613.7029760890396
10040,2024-03-19 17:00:00,3732.8082061769596
10041,2024-03-19 18:00:00,3751.539171969895
10042,2024-03-19 19:00:00,3590.07877946098
10043,2024-03-19 20:00:00,3264.9547944552223
10044,2024-03-19 21:00:00,2889.190693770599
10045,2024-03-19 22:00:00,2590.3729134969017
10046,2024-03-19 23:00:00,2417.3441442954604
10047,2024-03-20 00:00:00,2318.2369229295123
10048,2024-03-20 01:00:00,2206.9375014854027
10049,2024-03-20 02:00:00,2053.7852214400264
10050,2024-03-20 03:00:00,1916.4398335937353
10051,2024-03-20 04:00:00,1885.9697181296524
10052,2024-03-20 05:00:00,2003.1175401528212
10053,2024-03-20 06:00:00,2223.9449740112323
10054,2024-03-20 07:00:00,2462.2435385871413
10055,2024-03-20 08:00:00,2661.8825901857604
10056,2024-03-20 09:00:00,2828.5420160074646
10057,2024-03-20 10:00:00,2997.0366039926694
10058,2024-03-20 11:00:00,3177.0145234292236
10059,2024-03-20 12:00:00,3337.9395687168562
10060,2024-03-20 13:00:00,3447.4668790567234
10061,2024-03-20 14:00:00,3516.532950246323
10062,2024-03-20 15:00:00,3594.7710796454294
10063,2024-03-20 16:00:00,3712.867701730389
10064,2024-03-20 17:00:00,3829.5772469024323
10065,2024-03-20 18:00:00,3844.9002521189705
10066,2024-03-20 19:00:00,3679.001961938756
10067,2024-03-20 20:00:00,3348.4080062044995
10068,2024-03-20 21:00:00,2966.155692569253
10069,2024-03-20 22:00:00,2659.861476404163
10070,2024-03-20 23:00:00,2478.4142527686827
10071,2024-03-21 00:00:00,2370.0087176005004
10072,2024-03-21 01:00:00,2248.6087803530663
10073,2024-03-21 02:00:00,2084.6462590040387
10074,2024-03-21 03:00:00,1935.8873052483318
10075,2024-03-21 04:00:00,1893.519523753625
10076,2024-03-21 05:00:00,1998.4163332950602
10077,2024-03-21 06:00:00,2206.780218028191
10078,2024-03-21 07:00:00,2432.551928511785
10079,2024-03-21 08:00:00,2619.7566990117216
10080,2024-03-21 09:00:00,2774.2350455133455
10081,2024-03-21 10:00:00,2930.965143673069
10082,2024-03-21 11:00:00,3099.7592459745783
10083,2024-03-21 12:00:00,3250.2438164630357
10084,2024-03-21 13:00:00,3350.233122247614
10085,2024-03-21 14:00:00,3410.8171254543486
10086,2024-03-21 15:00:00,3481.774843712785
10087,2024-03-21 16:00:00,3593.9286637718524
10088,2024-03-21 17:00:00,3706.1572671930753
10089,2024-03-21 18:00:00,3718.5719223067285
10090,2024-03-21 19:00:00,3551.4334053259
10091,2024-03-21 20:00:00,3221.346159324422
10092,2024-03-21 21:00:00,2841.408250510847
10093,2024-03-21 22:00:00,2539.2777025377295
10094,2024-03-21 23:00:00,2363.86487027993
10095,2024-03-22 00:00:00,2263.3651139777485
10096,2024-03-22 01:00:00,2151.7217664901905
10097,2024-03-22 02:00:00,1999.324633236049
10098,2024-03-22 03:00:00,1863.8764771645342
10099,2024-03-22 04:00:00,1836.4804547511949
10100,2024-03-22 05:00:00,1957.90504946381
10101,2024-03-22 06:00:00,2184.2281465565584
10102,2024-03-22 07:00:00,2429.2473012266437
10103,2024-03-22 08:00:00,2636.82725606895
10104,2024-03-22 09:00:00,2812.6322587896966
10105,2024-03-22 10:00:00,2991.4501630481554
10106,2024-03-22 11:00:00,3182.8907529206954
10107,2024-03-22 12:00:00,3356.3679480812157
10108,2024-03-22 13:00:00,3479.4756056468605
10109,2024-03-22 14:00:00,3563.077737099262
10110,2024-03-22 15:00:00,3656.724281889021
10111,2024-03-22 16:00:00,3791.0078941917836
10112,2024-03-22 17:00:00,3924.57937328439
10113,2024-03-22 18:00:00,3957.3264623048667
10114,2024-03-22 19:00:00,3809.2932488107276
10115,2024-03-22 20:00:00,3496.8767468806745
10116,2024-03-22 21:00:00,3132.9791910676504
10117,2024-03-22 22:00:00,2845.0765956907794
10118,2024-03-22 23:00:00,2681.9132139428866
10119,2024-03-23 00:00:00,2513.1263486422445
10120,2024-03-23 01:00:00,2409.350189452673
10121,2024-03-23 02:00:00,2262.457132589749
10122,2024-03-23 03:00:00,2130.064700132369
10123,2024-03-23 04:00:00,2103.2142465184834
10124,2024-03-23 05:00:00,2222.6366908625873
10125,2024-03-23 06:00:00,2444.397124399368
10126,2024-03-23 07:00:00,2682.30533852781
10127,2024-03-23 08:00:00,2880.2633255273377
10128,2024-03-23 09:00:00,3043.997302361363
10129,2024-03-23 10:00:00,3208.3812437214683
10130,2024-03-23 11:00:00,3383.1343704364667
10131,2024-03-23 12:00:00,3537.8022599072456
10132,2024-03-23 13:00:00,3640.1313067560695
10133,2024-03-23 14:00:00,3701.157367425462
10134,2024-03-23 15:00:00,3770.619748186979
10135,2024-03-23 16:00:00,3879.3160137097157
10136,2024-03-23 17:00:00,3986.1152693006015
10137,2024-03-23 18:00:00,3991.1346664115276
10138,2024-03-23 19:00:00,3814.656391266844
10139,2024-03-23 20:00:00,3473.321744205351
10140,2024-03-23 21:00:00,3080.280868948527
10141,2024-03-23 22:00:00,2763.2587147805534
10142,2024-03-23 23:00:00,2571.246896112023
10143,2024-03-24 00:00:00,2452.5357151776197
10144,2024-03-24 01:00:00,2321.1763474292693
10145,2024-03-24 02:00:00,2147.678436434043
10146,2024-03-24 03:00:00,1989.8755601921234
10147,2024-03-24 04:00:00,1939.0115449941059
10148,2024-03-24 05:00:00,2036.0041847920888
10149,2024-03-24 06:00:00,2237.088022355638
10150,2024-03-24 07:00:00,2456.223257603845
10151,2024-03-24 08:00:00,2637.441852916546
10152,2024-03-24 09:00:00,2786.57840088353
10153,2024-03-24 10:00:00,2938.592752372103
10154,2024-03-24 11:00:00,3103.2668602514154
10155,2024-03-24 12:00:00,3250.185511035319
10156,2024-03-24 13:00:00,3347.1106754451675
10157,2024-03-24 14:00:00,3405.070310712786
10158,2024-03-24 15:00:00,3473.772770494864
10159,2024-03-24 16:00:00,3583.96229244769
10160,2024-03-24 17:00:00,3694.4332064917267
10161,2024-03-24 18:00:00,3705.2076004334895
10162,2024-03-24 19:00:00,3536.453687151691
10163,2024-03-24 20:00:00,3204.681462539472
10164,2024-03-24 21:00:00,2822.8941929230314
10165,2024-03-24 22:00:00,2518.656292382823
10166,2024-03-24 23:00:00,2340.787229918087
10167,2024-03-25 00:00:00,2315.805490676703
10168,2024-03-25 01:00:00,2200.7538588221255
10169,2024-03-25 02:00:00,2044.3580035080213
10170,2024-03-25 03:00:00,1904.2551185016691
10171,2024-03-25 04:00:00,1871.4923256447937
10172,2024-03-25 05:00:00,1986.7926672614194
10173,2024-03-25 06:00:00,2206.2001003742016
10174,2024-03-25 07:00:00,2443.490531776523
10175,2024-03-25 08:00:00,2642.5199385097526
10176,2024-03-25 09:00:00,2808.957115636052
10177,2024-03-25 10:00:00,2977.6080272946365
10178,2024-03-25 11:00:00,3158.1141969768914
10179,2024-03-25 12:00:00,3319.934791885
10180,2024-03-25 13:00:00,3430.7221175872864
10181,2024-03-25 14:00:00,3501.411344134491
10182,2024-03-25 15:00:00,3581.635610153795
10183,2024-03-25 16:00:00,3702.0819690077924
10184,2024-03-25 17:00:00,3821.5058169470703
10185,2024-03-25 18:00:00,3839.908540051212
10186,2024-03-25 19:00:00,3677.4556269649916
10187,2024-03-25 20:00:00,3350.671842931525
10188,2024-03-25 21:00:00,2972.5920127725885
10189,2024-03-25 22:00:00,2670.827984544236
10190,2024-03-25 23:00:00,2494.2614289027088
10191,2024-03-26 00:00:00,2391.076730254838
10192,2024-03-26 01:00:00,2275.223961514169
10193,2024-03-26 02:00:00,2117.117182364796
10194,2024-03-26 03:00:00,1974.5005172954684
10195,2024-03-26 04:00:00,1938.5349849309378
10196,2024-03-26 05:00:00,2050.0626338437123
10197,2024-03-26 06:00:00,2265.249639050586
10198,2024-03-26 07:00:00,2497.995424344438
10199,2024-03-26 08:00:00,2692.2788810161737
10200,2024-03-26 09:00:00,2853.889250651033
10201,2024-03-26 10:00:00,3017.7486731469603
10202,2024-03-26 11:00:00,3193.6088600017038
10203,2024-03-26 12:00:00,3351.0315707546174
10204,2024-03-26 13:00:00,3457.762630049256
10205,2024-03-26 14:00:00,3524.8203260472524
10206,2024-03-26 15:00:00,3601.909354127175
10207,2024-03-26 16:00:00,3719.775785043118
10208,2024-03-26 17:00:00,3837.220710158644
10209,2024-03-26 18:00:00,3854.2773103427594
10210,2024-03-26 19:00:00,3691.128602900245
10211,2024-03-26 20:00:00,3364.302466139765
10212,2024-03-26 21:00:00,2986.822490538829
10213,2024-03-26 22:00:00,2686.2752270422666
10214,2024-03-26 23:00:00,2511.5034823086394
10215,2024-03-27 00:00:00,2410.6399102398536
10216,2024-03-27 01:00:00,2297.570881204388
10217,2024-03-27 02:00:00,2142.63585608576
10218,2024-03-27 03:00:00,2003.4947062082474
10219,2024-03-27 04:00:00,1971.215933365872
10220,2024-03-27 05:00:00,2086.542325394372
10221,2024-03-27 06:00:00,2305.535680427875
10222,2024-03-27 07:00:00,2541.987642221354
10223,2024-03-27 08:00:00,2739.767693004616
10224,2024-03-27 09:00:00,2904.5558469420257
10225,2024-03-27 10:00:00,3071.167020015273
10226,2024-03-27 11:00:00,3249.2495105152675
10227,2024-03-27 12:00:00,3408.2672429072
10228,2024-03-27 13:00:00,3515.875487422412
10229,2024-03-27 14:00:00,3583.0108719221607
10230,2024-03-27 15:00:00,3659.3068267638146
10231,2024-03-27 16:00:00,3775.4499204080207
10232,2024-03-27 17:00:00,3890.194718186229
10233,2024-03-27 18:00:00,3903.5418929389043
10234,2024-03-27 19:00:00,3735.656826024498
10235,2024-03-27 20:00:00,3403.0652849948865
10236,2024-03-27 21:00:00,3018.804716138635
10237,2024-03-27 22:00:00,2710.491714335068
10238,2024-03-27 23:00:00,2527.0153150340525
10239,2024-03-28 00:00:00,2416.5703554238407
10240,2024-03-28 01:00:00,2293.120887082144
10241,2024-03-28 02:00:00,2127.0988709212556
10242,2024-03-28 03:00:00,1976.2706024165122
10243,2024-03-28 04:00:00,1931.8238308251293
10244,2024-03-28 05:00:00,2034.6321203137704
10245,2024-03-28 06:00:00,2240.8981012046665
10246,2024-03-28 07:00:00,2464.5626710096662
10247,2024-03-28 08:00:00,2649.6512117143884
10248,2024-03-28 09:00:00,2802.0043877483195
10249,2024-03-28 10:00:00,2956.600523962241
10250,2024-03-28 11:00:00,3123.252022750232
10251,2024-03-28 12:00:00,3271.5854987779903
10252,2024-03-28 13:00:00,3369.4153704462615
10253,2024-03-28 14:00:00,3427.831751880856
10254,2024-03-28 15:00:00,3496.613813364532
10255,2024-03-28 16:00:00,3606.584094937085
10256,2024-03-28 17:00:00,3716.621432098592
10257,2024-03-28 18:00:00,3726.837247747945
10258,2024-03-28 19:00:00,3557.4924732595628
10259,2024-03-28 20:00:00,3225.1917074645967
10260,2024-03-28 21:00:00,2843.03317292697
10261,2024-03-28 22:00:00,2538.67505020195
10262,2024-03-28 23:00:00,2361.0278516227463
10263,2024-03-29 00:00:00,2258.2870954212462
10264,2024-03-29 01:00:00,2144.3962729894643
10265,2024-03-29 02:00:00,1989.745348760343
10266,2024-03-29 03:00:00,1852.037245207427
10267,2024-03-29 04:00:00,1822.3752788069505
10268,2024-03-29 05:00:00,1941.5280934929879
10269,2024-03-29 06:00:00,2165.5737354245744
10270,2024-03-29 07:00:00,2408.3099211495924
10271,2024-03-29 08:00:00,2613.601555043296
10272,2024-03-29 09:00:00,2787.1130469715195
10273,2024-03-29 10:00:00,2963.6324131636156
10274,2024-03-29 11:00:00,3152.769600637505
10275,2024-03-29 12:00:00,3323.938692372286
10276,2024-03-29 13:00:00,3444.7337091202926
10277,2024-03-29 14:00:00,3526.018826355191
10278,2024-03-29 15:00:00,3617.344147817095
10279,2024-03-29 16:00:00,3749.302492277434
10280,2024-03-29 17:00:00,3880.5448238923154
10281,2024-03-29 18:00:00,3910.9590509618674
10282,2024-03-29 19:00:00,3760.589426450091
10283,2024-03-29 20:00:00,3445.8331300761934
10284,2024-03-29 21:00:00,3079.592562285091
10285,2024-03-29 22:00:00,2789.343903477729
10286,2024-03-29 23:00:00,2623.831573135146
10287,2024-03-30 00:00:00,2452.6930405172184
10288,2024-03-30 01:00:00,2346.5626619486998
10289,2024-03-30 02:00:00,2197.3130004063983
10290,2024-03-30 03:00:00,2062.561744886854
10291,2024-03-30 04:00:00,2033.3504168668173
10292,2024-03-30 05:00:00,2150.4101025998307
10293,2024-03-30 06:00:00,2369.8060605495393
10294,2024-03-30 07:00:00,2605.348249414087
10295,2024-03-30 08:00:00,2800.9388288502173
10296,2024-03-30 09:00:00,2962.3041832132258
10297,2024-03-30 10:00:00,3124.318454634815
10298,2024-03-30 11:00:00,3296.701031415014
10299,2024-03-30 12:00:00,3448.997658379343
10300,2024-03-30 13:00:00,3548.9548975928133
10301,2024-03-30 14:00:00,3607.60877289809
10302,2024-03-30 15:00:00,3674.6987579242787
10303,2024-03-30 16:00:00,3781.022584624618
10304,2024-03-30 17:00:00,3885.4495255369793
10305,2024-03-30 18:00:00,3888.096899223837
10306,2024-03-30 19:00:00,3709.2470589317945
10307,2024-03-30 20:00:00,3365.5414718956545
10308,2024-03-30 21:00:00,2970.130448597577
10309,2024-03-30 22:00:00,2650.739104917896
10310,2024-03-30 23:00:00,2456.3592217138903
10311,2024-03-31 00:00:00,2335.281267472276
10312,2024-03-31 01:00:00,2201.5565837044833
10313,2024-03-31 02:00:00,2025.6949798281348
10314,2024-03-31 04:00:00,1812.3062342749245
10315,2024-03-31 05:00:00,1906.9410433369785
10316,2024-03-31 06:00:00,2105.669334277906
10317,2024-03-31 07:00:00,2322.451471576871
10318,2024-03-31 08:00:00,2501.3195818770796
10319,2024-03-31 09:00:00,2648.108421717154
10320,2024-03-31 10:00:00,2797.778005589913
10321,2024-03-31 11:00:00,2960.1104496324606
10322,2024-03-31 12:00:00,3104.6907032768063
10323,2024-03-31 13:00:00,3199.2808997861407
10324,2024-03-31 14:00:00,3254.909158544567
10325,2024-03-31 15:00:00,3321.283994963336
10326,2024-03-31 16:00:00,3429.1498080250585
10327,2024-03-31 17:00:00,3537.3010885695985
10328,2024-03-31 18:00:00,3545.7600848445613
10329,2024-03-31 19:00:00,3374.6951697500726
10330,2024-03-31 20:00:00,3040.6164986581834
10331,2024-03-31 21:00:00,2656.5274969824013
10332,2024-03-31 22:00:00,2349.992737315424
10333,2024-03-31 23:00:00,2169.8318466826468
10334,2024-04-01 00:00:00,2142.5634677176395
10335,2024-04-01 01:00:00,2025.2305415312003
10336,2024-04-01 02:00:00,1866.5588936684985
10337,2024-04-01 03:00:00,1724.1858737122525
10338,2024-04-01 04:00:00,1689.1587587469307
10339,2024-04-01 05:00:00,1802.2007457168897
10340,2024-04-01 06:00:00,2019.3559456819112
10341,2024-04-01 07:00:00,2254.400418829182
10342,2024-04-01 08:00:00,2451.19029496016
10343,2024-04-01 09:00:00,2615.3945212435033
10344,2024-04-01 10:00:00,2781.819213270563
10345,2024-04-01 11:00:00,2960.1060452908014
10346,2024-04-01 12:00:00,3119.714334583497
10347,2024-04-01 13:00:00,3228.2965360879425
10348,2024-04-01 14:00:00,3296.787968506235
10349,2024-04-01 15:00:00,3374.821918392978
10350,2024-04-01 16:00:00,3493.085586281577
10351,2024-04-01 17:00:00,3610.334514865033
10352,2024-04-01 18:00:00,3626.570235864853
10353,2024-04-01 19:00:00,3461.9583828096247
10354,2024-04-01 20:00:00,3133.023865050908
10355,2024-04-01 21:00:00,2752.8016506262875
10356,2024-04-01 22:00:00,2448.903730112315
10357,2024-04-01 23:00:00,2270.211915779799
10358,2024-04-02 00:00:00,2164.9107328406462
10359,2024-04-02 01:00:00,2046.9503941226208
10360,2024-04-02 02:00:00,1886.7450983998888
10361,2024-04-02 03:00:00,1742.039108355977
10362,2024-04-02 04:00:00,1703.9935799305435
10363,2024-04-02 05:00:00,1813.4506980853816
10364,2024-04-02 06:00:00,2026.5767733509638
10365,2024-04-02 07:00:00,2257.2713640908746
10366,2024-04-02 08:00:00,2449.5134952330995
10367,2024-04-02 09:00:00,2609.0925410584555
10368,2024-04-02 10:00:00,2770.9307732044153
10369,2024-04-02 11:00:00,2944.7800339464015
10370,2024-04-02 12:00:00,3100.2022126011325
10371,2024-04-02 13:00:00,3204.9432626371304
10372,2024-04-02 14:00:00,3270.021600007163
10373,2024-04-02 15:00:00,3345.1420468939914
10374,2024-04-02 16:00:00,3461.0507998242156
10375,2024-04-02 17:00:00,3576.549074907009
10376,2024-04-02 18:00:00,3591.670176717896
10377,2024-04-02 19:00:00,3426.597245212314
10378,2024-04-02 20:00:00,3097.8582802988776
10379,2024-04-02 21:00:00,2718.4769929770173
10380,2024-04-02 22:00:00,2416.040053635011
10381,2024-04-02 23:00:00,2239.390387279713
10382,2024-04-03 00:00:00,2136.6607650816327
10383,2024-04-03 01:00:00,2021.7376735388088
10384,2024-04-03 02:00:00,1864.9606885774706
10385,2024-04-03 03:00:00,1723.9897954171288
10386,2024-04-03 04:00:00,1689.8936086217632
10387,2024-04-03 05:00:00,1803.4150276376618
10388,2024-04-03 06:00:00,2020.61596109954
10389,2024-04-03 07:00:00,2255.2881620406565
10390,2024-04-03 08:00:00,2451.3012208330983
10391,2024-04-03 09:00:00,2614.335258602104
10392,2024-04-03 10:00:00,2779.2052970999216
10393,2024-04-03 11:00:00,2955.5597391999245
10394,2024-04-03 12:00:00,3112.862612727198
10395,2024-04-03 13:00:00,3218.769290091181
10396,2024-04-03 14:00:00,3284.216500087315
10397,2024-04-03 15:00:00,3358.8377727968123
10398,2024-04-03 16:00:00,3473.3197751535026
10399,2024-04-03 17:00:00,3586.4171697585957
10400,2024-04-03 18:00:00,3598.1307254245403
10401,2024-04-03 19:00:00,3428.625918256248
10402,2024-04-03 20:00:00,3094.4286092898337
10403,2024-04-03 21:00:00,2708.576337023023
10404,2024-04-03 22:00:00,2398.6857872700775
10405,2024-04-03 23:00:00,2213.6460851288075
10406,2024-04-04 00:00:00,2101.6521561655895
10407,2024-04-04 01:00:00,1976.668139012847
10408,2024-04-04 02:00:00,1809.1260803657833
10409,2024-04-04 03:00:00,1656.7923601573648
10410,2024-04-04 04:00:00,1610.8548107992424
10411,2024-04-04 05:00:00,1712.1870782918818
10412,2024-04-04 06:00:00,1916.99187346579
10413,2024-04-04 07:00:00,2139.210173017279
10414,2024-04-04 08:00:00,2322.8674367765075
10415,2024-04-04 09:00:00,2473.8044056808944
10416,2024-04-04 10:00:00,2626.999479746447
10417,2024-04-04 11:00:00,2792.2651351879454
10418,2024-04-04 12:00:00,2939.2280591174303
10419,2024-04-04 13:00:00,3035.702741057447
10420,2024-04-04 14:00:00,3092.779364859652
10421,2024-04-04 15:00:00,3160.2371691897306
10422,2024-04-04 16:00:00,3268.8987610862396
10423,2024-04-04 17:00:00,3377.643041671934
10424,2024-04-04 18:00:00,3386.5814981117464
10425,2024-04-04 19:00:00,3215.975124626657
10426,2024-04-04 20:00:00,2882.428581545634
10427,2024-04-04 21:00:00,2499.040151527389
10428,2024-04-04 22:00:00,2193.4680737790627
10429,2024-04-04 23:00:00,2014.6229179926763
10430,2024-04-05 00:00:00,1910.7002582827813
10431,2024-04-05 01:00:00,1795.6436405522286
10432,2024-04-05 02:00:00,1639.8430823110289
10433,2024-04-05 03:00:00,1501.001557753029
10434,2024-04-05 04:00:00,1470.2224336166587
10435,2024-04-05 05:00:00,1588.2744027223384
10436,2024-04-05 06:00:00,1811.2355586820772
10437,2024-04-05 07:00:00,2052.9036640872
10438,2024-04-05 08:00:00,2257.1436679343633
10439,2024-04-05 09:00:00,2429.6200233132863
10440,2024-04-05 10:00:00,2605.120788227352
10441,2024-04-05 11:00:00,2793.2559500633115
10442,2024-04-05 12:00:00,2963.439630748261
10443,2024-04-05 13:00:00,3083.2658885540304
10444,2024-04-05 14:00:00,3163.5989350499513
10445,2024-04-05 15:00:00,3253.988908641573
10446,2024-04-05 16:00:00,3385.0286613596263
10447,2024-04-05 17:00:00,3515.3691891621074
10448,2024-04-05 18:00:00,3544.8984307482465
10449,2024-04-05 19:00:00,3393.6606680468803
10450,2024-04-05 20:00:00,3078.053108322325
10451,2024-04-05 21:00:00,2710.9781781145043
10452,2024-04-05 22:00:00,2419.912082522685
10453,2024-04-05 23:00:00,2253.5992642869714
10454,2024-04-06 00:00:00,2081.6772144940883
10455,2024-04-06 01:00:00,1974.7803098800305
10456,2024-04-06 02:00:00,1824.7811324147815
10457,2024-04-06 03:00:00,1689.2973886393888
10458,2024-04-06 04:00:00,1659.37061618164
10459,2024-04-06 05:00:00,1775.731916019582
10460,2024-04-06 06:00:00,1994.4465599005139
10461,2024-04-06 07:00:00,2229.3245184461916
10462,2024-04-06 08:00:00,2424.2679617346903
10463,2024-04-06 09:00:00,2585.003283204475
10464,2024-04-06 10:00:00,2746.404632616741
10465,2024-04-06 11:00:00,2918.1914045044514
10466,2024-04-06 12:00:00,3069.909348524153
10467,2024-04-06 13:00:00,3169.305030159589
10468,2024-04-06 14:00:00,3227.414475271431
10469,2024-04-06 15:00:00,3293.9771581020773
10470,2024-04-06 16:00:00,3399.7908098387634
10471,2024-04-06 17:00:00,3503.7247008340155
10472,2024-04-06 18:00:00,3505.896146091904
10473,2024-04-06 19:00:00,3326.5874939097057
10474,2024-04-06 20:00:00,2982.4402051949223
10475,2024-04-06 21:00:00,2586.604582697682
10476,2024-04-06 22:00:00,2266.8057332227186
10477,2024-04-06 23:00:00,2072.035427159386
10478,2024-04-07 00:00:00,1950.5841211574475
10479,2024-04-07 01:00:00,1816.503143531103
10480,2024-04-07 02:00:00,1640.3022891405953
10481,2024-04-07 03:00:00,1479.8152856903384
10482,2024-04-07 04:00:00,1426.2861075808123
10483,2024-04-07 05:00:00,1520.6326952693971
10484,2024-04-07 06:00:00,1719.0897364299617
10485,2024-04-07 07:00:00,1935.617574246401
10486,2024-04-07 08:00:00,2114.2483127307432
10487,2024-04-07 09:00:00,2260.8166844821353
10488,2024-04-07 10:00:00,2410.282678705677
10489,2024-04-07 11:00:00,2572.428384939369
10490,2024-04-07 12:00:00,2716.8387247390156
10491,2024-04-07 13:00:00,2811.275802135753
10492,2024-04-07 14:00:00,2866.767706013635
10493,2024-04-07 15:00:00,2933.022919973585
10494,2024-04-07 16:00:00,3040.7858099254536
10495,2024-04-07 17:00:00,3148.8508323192204
10496,2024-04-07 18:00:00,3157.2401997737543
10497,2024-04-07 19:00:00,2986.122248254668
10498,2024-04-07 20:00:00,2652.0070949725036
10499,2024-04-07 21:00:00,2267.8981259041047
10500,2024-04-07 22:00:00,1961.359872972906
10501,2024-04-07 23:00:00,1781.2119212415473
10502,2024-04-08 00:00:00,1753.9728702166549
10503,2024-04-08 01:00:00,1636.6856166278922
10504,2024-04-08 02:00:00,1478.0759403962697
10505,2024-04-08 03:00:00,1335.7811442924444
10506,2024-04-08 04:00:00,1300.8484573751361
10507,2024-04-08 05:00:00,1414.0010273672187
10508,2024-04-08 06:00:00,1631.2829149073782
10509,2024-04-08 07:00:00,1866.4701285870892
10510,2024-04-08 08:00:00,2063.4187454495122
10511,2024-04-08 09:00:00,2227.797658710016
10512,2024-04-08 10:00:00,2394.4129288692825
10513,2024-04-08 11:00:00,2572.9061739306912
10514,2024-04-08 12:00:00,2732.7366537906482
10515,2024-04-08 13:00:00,2841.556764851778
10516,2024-04-08 14:00:00,2910.3017661843132
10517,2024-04-08 15:00:00,2988.6048835745796
10518,2024-04-08 16:00:00,3107.15325568487
10519,2024-04-08 17:00:00,3224.7023622365914
10520,2024-04-08 18:00:00,3241.25367090042
10521,2024-04-08 19:00:00,3076.972750064499
10522,2024-04-08 20:00:00,2748.3844428584885
10523,2024-04-08 21:00:00,2368.523650062966
10524,2024-04-08 22:00:00,2065.0022939236815
10525,2024-04-08 23:00:00,1886.7021173519743
10526,2024-04-09 00:00:00,1781.80757512234
10527,2024-04-09 01:00:00,1664.2688086799858
10528,2024-04-09 02:00:00,1504.499944335078
10529,2024-04-09 03:00:00,1360.2451713389796
10530,2024-04-09 04:00:00,1322.6655711689823
10531,2024-04-09 05:00:00,1432.6032533882312
10532,2024-04-09 06:00:00,1646.2244521093962
10533,2024-04-09 07:00:00,1877.4286483244696
10534,2024-04-09 08:00:00,2070.1947886903454
10535,2024-04-09 09:00:00,2230.3121681757243
10536,2024-04-09 10:00:00,2392.702978239634
10537,2024-04-09 11:00:00,2567.118980038812
10538,2024-04-09 12:00:00,2723.1219808660762
10539,2024-04-09 13:00:00,2828.457851239259
10540,2024-04-09 14:00:00,2894.144923304219
10541,2024-04-09 15:00:00,2969.8879345329424
10542,2024-04-09 16:00:00,3086.43299587766
10543,2024-04-09 17:00:00,3202.5812370119334
10544,2024-04-09 18:00:00,3218.3658752386746
10545,2024-04-09 19:00:00,3053.96996239527
10546,2024-04-09 20:00:00,2725.9214094368417
10547,2024-04-09 21:00:00,2347.243837621992
10548,2024-04-09 22:00:00,2045.523826774137
10549,2024-04-09 23:00:00,1869.604210548449
10550,2024-04-10 00:00:00,1767.6176679783803
10551,2024-04-10 01:00:00,1653.4505926781503
10552,2024-04-10 02:00:00,1497.4424669020877
10553,2024-04-10 03:00:00,1357.253181472834
10554,2024-04-10 04:00:00,1323.9512558182746
10555,2024-04-10 05:00:00,1438.2794935274164
10556,2024-04-10 06:00:00,1656.2997066582325
10557,2024-04-10 07:00:00,1891.803550976133
10558,2024-04-10 08:00:00,2088.66051889917
10559,2024-04-10 09:00:00,2252.550632939695
10560,2024-04-10 10:00:00,2418.2888155286464
10561,2024-04-10 11:00:00,2595.5233696046294
10562,2024-04-10 12:00:00,2753.7182224034277
10563,2024-04-10 13:00:00,2860.528645141573
10564,2024-04-10 14:00:00,2926.891264766444
10565,2024-04-10 15:00:00,3002.4395089410573
10566,2024-04-10 16:00:00,3117.8599415727103
10567,2024-04-10 17:00:00,3231.9071216653842
10568,2024-04-10 18:00:00,3244.5817138663183
10569,2024-04-10 19:00:00,3076.0490895785415
10570,2024-04-10 20:00:00,2742.8350045301713
10571,2024-04-10 21:00:00,2357.976891480222
10572,2024-04-10 22:00:00,2049.0913299122935
10573,2024-04-10 23:00:00,1865.0673381192946
10574,2024-04-11 00:00:00,1754.0997343616004
10575,2024-04-11 01:00:00,1630.1525494889352
10576,2024-04-11 02:00:00,1463.6577219495998
10577,2024-04-11 03:00:00,1312.3815229681668
10578,2024-04-11 04:00:00,1267.5116758213007
10579,2024-04-11 05:00:00,1369.9217169166918
10580,2024-04-11 06:00:00,1575.8142471075143
10581,2024-04-11 07:00:00,1799.1301326884454
10582,2024-04-11 08:00:00,1983.8947227009025
10583,2024-04-11 09:00:00,2135.9486469155418
10584,2024-04-11 10:00:00,2290.2701938213786
10585,2024-04-11 11:00:00,2456.671727740872
10586,2024-04-11 12:00:00,2604.7798235617433
10587,2024-04-11 13:00:00,2702.4088582508516
10588,2024-04-11 14:00:00,2760.6489027881894
10589,2024-04-11 15:00:00,2829.279082666832
10590,2024-04-11 16:00:00,2939.1218914548235
10591,2024-04-11 17:00:00,3049.056116546321
10592,2024-04-11 18:00:00,3059.1931310873397
10593,2024-04-11 19:00:00,2889.7938150459727
10594,2024-04-11 20:00:00,2557.462714254258
10595,2024-04-11 21:00:00,2175.2979966500725
10596,2024-04-11 22:00:00,1870.9577864930206
10597,2024-04-11 23:00:00,1693.3525383432398
10598,2024-04-12 00:00:00,1590.6777109884915
10599,2024-04-12 01:00:00,1476.8767348136466
10600,2024-04-12 02:00:00,1322.3395116775937
10601,2024-04-12 03:00:00,1184.7688999476359
10602,2024-04-12 04:00:00,1155.2681504151283
10603,2024-04-12 05:00:00,1274.6058398066484
10604,2024-04-12 06:00:00,1498.859945550541
10605,2024-04-12 07:00:00,1741.8281139396463
10606,2024-04-12 08:00:00,1947.3751775882401
10607,2024-04-12 09:00:00,2121.1654731272447
10608,2024-04-12 10:00:00,2297.9869420489986
10609,2024-04-12 11:00:00,2487.449455162944
10610,2024-04-12 12:00:00,2658.9670177926996
10611,2024-04-12 13:00:00,2780.1335715782798
10612,2024-04-12 14:00:00,2861.8132114412483
10613,2024-04-12 15:00:00,2953.5559591489955
10614,2024-04-12 16:00:00,3085.954550086656
10615,2024-04-12 17:00:00,3217.6598636226954
10616,2024-04-12 18:00:00,3248.5597218668604
10617,2024-04-12 19:00:00,3098.6982902323907
10618,2024-04-12 20:00:00,2784.4726595224824
10619,2024-04-12 21:00:00,2418.7851398927965
10620,2024-04-12 22:00:00,2129.1118201322533
10621,2024-04-12 23:00:00,1964.1970267815686
10622,2024-04-13 00:00:00,1793.6781348300237
10623,2024-04-13 01:00:00,1688.1894050401706
10624,2024-04-13 02:00:00,1539.603303544393
10625,2024-04-13 03:00:00,1405.5374211877265
10626,2024-04-13 04:00:00,1377.0331800700824
10627,2024-04-13 05:00:00,1494.8215657782212
10628,2024-04-13 06:00:00,1714.9677349157541
10629,2024-04-13 07:00:00,1951.2815430789688
10630,2024-04-13 08:00:00,2147.6650455672816
10631,2024-04-13 09:00:00,2309.844521239238
10632,2024-04-13 10:00:00,2472.6940055407304
10633,2024-04-13 11:00:00,2645.9327788788414
10634,2024-04-13 12:00:00,2799.106477052028
10635,2024-04-13 13:00:00,2899.9615519659283
10636,2024-04-13 14:00:00,2959.5339161687234
10637,2024-04-13 15:00:00,3027.562930861485
10638,2024-04-13 16:00:00,3134.8462144989326
10639,2024-04-13 17:00:00,3240.2529250050347
10640,2024-04-13 18:00:00,3243.9002652776835
10641,2024-04-13 19:00:00,3066.07047182926
10642,2024-04-13 20:00:00,2723.4048941348015
10643,2024-04-13 21:00:00,2329.0537238566276
10644,2024-04-13 22:00:00,2010.74195707331
10645,2024-04-13 23:00:00,1817.4612538179817
10646,2024-04-14 00:00:00,1697.5019607828249
10647,2024-04-14 01:00:00,1564.9152966949637
10648,2024-04-14 02:00:00,1390.2109472561465
10649,2024-04-14 03:00:00,1231.222531413886
10650,2024-04-14 04:00:00,1179.1939152437135
10651,2024-04-14 05:00:00,1275.042931311476
10652,2024-04-14 06:00:00,1475.0041598455077
10653,2024-04-14 07:00:00,1693.0378370445696
10654,2024-04-14 08:00:00,1873.175960395769
10655,2024-04-14 09:00:00,2021.2531564561737
10656,2024-04-14 10:00:00,2172.22930887339
10657,2024-04-14 11:00:00,2335.8864021293566
10658,2024-04-14 12:00:00,2481.8092532116466
10659,2024-04-14 13:00:00,2577.759862129566
10660,2024-04-14 14:00:00,2634.766214237323
10661,2024-04-14 15:00:00,2702.5366901766206
10662,2024-04-14 16:00:00,2811.8155534089183
10663,2024-04-14 17:00:00,2921.397158507105
10664,2024-04-14 18:00:00,2931.3036167753776
10665,2024-04-14 19:00:00,2761.7031634314235
10666,2024-04-14 20:00:00,2429.1058155267788
10667,2024-04-14 21:00:00,2046.514859463996
10668,2024-04-14 22:00:00,1741.4947281918621
10669,2024-04-14 23:00:00,1562.8649083983646
10670,2024-04-15 00:00:00,1537.1439018569886
10671,2024-04-15 01:00:00,1421.374508159056
10672,2024-04-15 02:00:00,1264.2824107279926
10673,2024-04-15 03:00:00,1123.504816497577
10674,2024-04-15 04:00:00,1090.088859322907
10675,2024-04-15 05:00:00,1204.7575923849308
10676,2024-04-15 06:00:00,1423.5549824450168
10677,2024-04-15 07:00:00,1660.2569448985369
10678,2024-04-15 08:00:00,1858.719464263745
10679,2024-04-15 09:00:00,2024.611341930337
10680,2024-04-15 10:00:00,2192.7385472680007
10681,2024-04-15 11:00:00,2372.742607859026
10682,2024-04-15 12:00:00,2534.0826938739315
10683,2024-04-15 13:00:00,2644.4111127378555
10684,2024-04-15 14:00:00,2714.663035243474
10685,2024-04-15 15:00:00,2794.471599652149
10686,2024-04-15 16:00:00,2914.5238578329013
10687,2024-04-15 17:00:00,3033.5752034648594
10688,2024-04-15 18:00:00,3051.627018934136
10689,2024-04-15 19:00:00,2888.8447880996655
10690,2024-04-15 20:00:00,2561.753270340122
10691,2024-04-15 21:00:00,2183.387283453426
10692,2024-04-15 22:00:00,1881.3586674839357
10693,2024-04-15 23:00:00,1704.5490839248891
10694,2024-04-16 00:00:00,1601.1429069431574
10695,2024-04-16 01:00:00,1485.0901981489114
10696,2024-04-16 02:00:00,1326.805004849174
10697,2024-04-16 03:00:00,1184.0314380868476
10698,2024-04-16 04:00:00,1147.9305019556705
10699,2024-04-16 05:00:00,1259.3442294540569
10700,2024-04-16 06:00:00,1474.4387789457087
10701,2024-04-16 07:00:00,1707.113556559464
10702,2024-04-16 08:00:00,1901.3474348441632
10703,2024-04-16 09:00:00,2062.929635573803
10704,2024-04-16 10:00:00,2226.7822778133723
10705,2024-04-16 11:00:00,2402.657051234103
10706,2024-04-16 12:00:00,2560.1156924407574
10707,2024-04-16 13:00:00,2666.904002162921
10708,2024-04-16 14:00:00,2734.0402436158392
10709,2024-04-16 15:00:00,2811.2290862075624
10710,2024-04-16 16:00:00,2929.21657371944
10711,2024-04-16 17:00:00,3046.80376950824
10712,2024-04-16 18:00:00,3064.023825463465
10713,2024-04-16 19:00:00,2901.0597288913814
10714,2024-04-16 20:00:00,2574.4393271136164
10715,2024-04-16 21:00:00,2197.1861786288705
10716,2024-04-16 22:00:00,1896.8868014285645
10717,2024-04-16 23:00:00,1722.3839682227072
10718,2024-04-17 00:00:00,1621.8102980016452
10719,2024-04-17 01:00:00,1509.0521252516755
10720,2024-04-17 02:00:00,1354.4488740097804
10721,2024-04-17 03:00:00,1215.6603778008616
10722,2024-04-17 04:00:00,1183.7550996548312
10723,2024-04-17 05:00:00,1299.4757877063607
10724,2024-04-17 06:00:00,1518.884199466429
10725,2024-04-17 07:00:00,1755.771937080764
10726,2024-04-17 08:00:00,1954.0084402706884
10727,2024-04-17 09:00:00,2119.2736798033143
10728,2024-04-17 10:00:00,2286.3825272644217
10729,2024-04-17 11:00:00,2464.9832356894585
10730,2024-04-17 12:00:00,2624.5396833818954
10731,2024-04-17 13:00:00,2732.7070935063834
10732,2024-04-17 14:00:00,2800.4220459320304
10733,2024-04-17 15:00:00,2877.3179221631954
10734,2024-04-17 16:00:00,2994.081240935021
10735,2024-04-17 17:00:00,3109.466516952195
10736,2024-04-17 18:00:00,3123.4743715549366
10737,2024-04-17 19:00:00,2956.270133770107
10738,2024-04-17 20:00:00,2624.3795179011327
10739,2024-04-17 21:00:00,2240.8399162070823
10740,2024-04-17 22:00:00,1933.2678686451059
10741,2024-04-17 23:00:00,1750.5523549143072
10742,2024-04-18 00:00:00,1640.8881556246188
10743,2024-04-18 01:00:00,1518.2392649289286
10744,2024-04-18 02:00:00,1353.0375855254024
10745,2024-04-18 03:00:00,1203.0493538400642
10746,2024-04-18 04:00:00,1159.4622592792216
10747,2024-04-18 05:00:00,1263.1498053537161
10748,2024-04-18 06:00:00,1470.3145609490043
10749,2024-04-18 07:00:00,1694.8973613402595
10750,2024-04-18 08:00:00,1880.923525491366
10751,2024-04-18 09:00:00,2034.2336540576975
10752,2024-04-18 10:00:00,2189.8060073314573
10753,2024-04-18 11:00:00,2357.452922390996
10754,2024-04-18 12:00:00,2506.800947828679
10755,2024-04-18 13:00:00,2605.664435247494
10756,2024-04-18 14:00:00,2665.1334312030353
10757,2024-04-18 15:00:00,2734.9870376986
10758,2024-04-18 16:00:00,2846.0477257612038
10759,2024-04-18 17:00:00,2957.19426115548
10760,2024-04-18 18:00:00,2968.5379963462574
10761,2024-04-18 19:00:00,2800.339791545977
10762,2024-04-18 20:00:00,2469.2041737819745
10763,2024-04-18 21:00:00,2088.2292930214876
10764,2024-04-18 22:00:00,1785.073256610769
10765,2024-04-18 23:00:00,1608.646503030429
10766,2024-04-19 00:00:00,1507.1444759227916
10767,2024-04-19 01:00:00,1394.5105914490427
10768,2024-04-19 02:00:00,1241.1347381560481
10769,2024-04-19 03:00:00,1104.7197620077327
10770,2024-04-19 04:00:00,1076.368902299897
10771,2024-04-19 05:00:00,1196.8507251683614
10772,2024-04-19 06:00:00,1422.2431983412444
10773,2024-04-19 07:00:00,1666.3439593083094
10774,2024-04-19 08:00:00,1873.0178328222223
10775,2024-04-19 09:00:00,2047.9291484590012
10776,2024-04-19 10:00:00,2225.8658416000317
10777,2024-04-19 11:00:00,2416.4377778109974
10778,2024-04-19 12:00:00,2589.058958058363
10779,2024-04-19 13:00:00,2711.323320476649
10780,2024-04-19 14:00:00,2794.0949573827565
10781,2024-04-19 15:00:00,2886.923888784897
10782,2024-04-19 16:00:00,3020.40284917653
10783,2024-04-19 17:00:00,3153.182717889207
10784,2024-04-19 18:00:00,3185.1513178611103
10785,2024-04-19 19:00:00,3036.352816169587
10786,2024-04-19 20:00:00,2723.18430612031
10787,2024-04-19 21:00:00,2358.5481012314967
10788,2024-04-19 22:00:00,2069.920294471736
10789,2024-04-19 23:00:00,1906.0452173932185
10790,2024-04-20 00:00:00,1736.5602508162133
10791,2024-04-20 01:00:00,1632.0996621736194
10792,2024-04-20 02:00:00,1484.535925051001
10793,2024-04-20 03:00:00,1351.4866385753244
10794,2024-04-20 04:00:00,1323.9932339247243
10795,2024-04-20 05:00:00,1442.7867065626342
10796,2024-04-20 06:00:00,1663.932223750346
10797,2024-04-20 07:00:00,1901.2396525367162
10798,2024-04-20 08:00:00,2098.611060461643
10799,2024-04-20 09:00:00,2261.77273937275
10800,2024-04-20 10:00:00,2425.5987384910077
10801,2024-04-20 11:00:00,2599.808352754632
10802,2024-04-20 12:00:00,2753.9472332474634
10803,2024-04-20 13:00:00,2855.7618479101725
10804,2024-04-20 14:00:00,2916.288126065478
10805,2024-04-20 15:00:00,2985.265446425593
10806,2024-04-20 16:00:00,3093.491445676532
10807,2024-04-20 17:00:00,3199.835300725147
10808,2024-04-20 18:00:00,3204.414234130116
10809,2024-04-20 19:00:00,3027.5105027972622
10810,2024-04-20 20:00:00,2685.765477277543
10811,2024-04-20 21:00:00,2292.3293710293306
10812,2024-04-20 22:00:00,1974.9272025962114
10813,2024-04-20 23:00:00,1782.5506551592407
10814,2024-04-21 00:00:00,1663.4900992302764
10815,2024-04-21 01:00:00,1531.7967780383256
10816,2024-04-21 02:00:00,1357.9804024188352
10817,2024-04-21 03:00:00,1199.8746171243329
10818,2024-04-21 04:00:00,1148.7233146718936
10819,2024-04-21 05:00:00,1245.4443547078217
10820,2024-04-21 06:00:00,1446.272345156971
10821,2024-04-21 07:00:00,1665.167550548179
10822,2024-04-21 08:00:00,1846.1619973172114
10823,2024-04-21 09:00:00,1995.0903415522757
10824,2024-04-21 10:00:00,2146.912497046296
10825,2024-04-21 11:00:00,2311.4104790109836
10826,2024-04-21 12:00:00,2458.1691357495815
10827,2024-04-21 13:00:00,2554.9504991393965
10828,2024-04-21 14:00:00,2612.7825869969047
10829,2024-04-21 15:00:00,2681.3738129621433
10830,2024-04-21 16:00:00,2791.4684740473385
10831,2024-04-21 17:00:00,2901.860958911967
10832,2024-04-21 18:00:00,2912.573413497253
10833,2024-04-21 19:00:00,2743.774108155779
10834,2024-04-21 20:00:00,2411.9730955908944
10835,2024-04-21 21:00:00,2030.173698406103
10836,2024-04-21 22:00:00,1725.9403861438745
10837,2024-04-21 23:00:00,1548.0926827040444
10838,2024-04-22 00:00:00,1523.1491274686227
10839,2024-04-22 01:00:00,1408.152558129298
10840,2024-04-22 02:00:00,1251.8286966751639
10841,2024-04-22 03:00:00,1111.8147890529426
10842,2024-04-22 04:00:00,1079.1580085870555
10843,2024-04-22 05:00:00,1194.5814483385766
10844,2024-04-22 06:00:00,1414.1291154041492
10845,2024-04-22 07:00:00,1651.5769659135385
10846,2024-04-22 08:00:00,1850.7810255327681
10847,2024-04-22 09:00:00,2017.4101371958727
10848,2024-04-22 10:00:00,2186.2703122181547
10849,2024-04-22 11:00:00,2367.003120492153
10850,2024-04-22 12:00:00,2529.0677748813905
10851,2024-04-22 13:00:00,2640.116625863318
10852,2024-04-22 14:00:00,2711.084887634165
10853,2024-04-22 15:00:00,2791.6057422090144
10854,2024-04-22 16:00:00,2912.366285530711
10855,2024-04-22 17:00:00,3032.1219557033646
10856,2024-04-22 18:00:00,3050.874179824251
10857,2024-04-22 19:00:00,2888.788486789387
10858,2024-04-22 20:00:00,2562.3896813074166
10859,2024-04-22 21:00:00,2184.7126267958415
10860,2024-04-22 22:00:00,1883.3692091846015
10861,2024-04-22 23:00:00,1707.2411361377372
10862,2024-04-23 00:00:00,1604.512828241603
10863,2024-04-23 01:00:00,1489.1343937787774
10864,2024-04-23 02:00:00,1331.5199269808986
10865,2024-04-23 03:00:00,1189.4135860000765
10866,2024-04-23 04:00:00,1153.9764223363977
10867,2024-04-23 05:00:00,1266.0505165355653
10868,2024-04-23 06:00:00,1481.8020747545606
10869,2024-04-23 07:00:00,1715.1305510863422
10870,2024-04-23 08:00:00,1910.0148662332153
10871,2024-04-23 09:00:00,2072.2442902939483
10872,2024-04-23 10:00:00,2236.740990830018
10873,2024-04-23 11:00:00,2413.2567061512577
10874,2024-04-23 12:00:00,2571.3532216538456
10875,2024-04-23 13:00:00,2678.7763869867426
10876,2024-04-23 14:00:00,2746.5445144242058
10877,2024-04-23 15:00:00,2824.362322531535
10878,2024-04-23 16:00:00,2942.975904354634
10879,2024-04-23 17:00:00,3061.1863726332413
10880,2024-04-23 18:00:00,3079.02692869599
10881,2024-04-23 19:00:00,2916.6806093867735
10882,2024-04-23 20:00:00,2590.675311627032
10883,2024-04-23 21:00:00,2214.0346435760043
10884,2024-04-23 22:00:00,1914.3451729231792
10885,2024-04-23 23:00:00,1740.4497221305228
10886,2024-04-24 00:00:00,1640.4809599601526
10887,2024-04-24 01:00:00,1528.3252706935064
10888,2024-04-24 02:00:00,1374.322128175425
10889,2024-04-24 03:00:00,1236.1314157355541
10890,2024-04-24 04:00:00,1204.8216462104638
10891,2024-04-24 05:00:00,1321.1356175017531
10892,2024-04-24 06:00:00,1541.1351368870746
10893,2024-04-24 07:00:00,1778.6118562252523
10894,2024-04-24 08:00:00,1977.4352649089988
10895,2024-04-24 09:00:00,2143.28538331999
10896,2024-04-24 10:00:00,2310.9771326053533
10897,2024-04-24 11:00:00,2490.158815271213
10898,2024-04-24 12:00:00,2650.294359020686
10899,2024-04-24 13:00:00,2759.0390363220104
10900,2024-04-24 14:00:00,2827.3294762464925
10901,2024-04-24 15:00:00,2904.7991093909086
10902,2024-04-24 16:00:00,3022.134503456577
10903,2024-04-24 17:00:00,3138.090222007945
10904,2024-04-24 18:00:00,3152.6669350801412
10905,2024-04-24 19:00:00,2986.0300202528833
10906,2024-04-24 20:00:00,2654.7052402473228
10907,2024-04-24 21:00:00,2271.7300355580833
10908,2024-04-24 22:00:00,1964.7209942215713
10909,2024-04-24 23:00:00,1782.5671437753508
10910,2024-04-25 00:00:00,1673.4633125742284
10911,2024-04-25 01:00:00,1551.3735422354107
10912,2024-04-25 02:00:00,1386.729782753248
10913,2024-04-25 03:00:00,1237.298317616493
10914,2024-04-25 04:00:00,1194.2668830748848
10915,2024-04-25 05:00:00,1298.509029246769
10916,2024-04-25 06:00:00,1506.2273713804257
10917,2024-04-25 07:00:00,1731.362790867442
10918,2024-04-25 08:00:00,1917.9406525214213
10919,2024-04-25 09:00:00,2071.8016025856587
10920,2024-04-25 10:00:00,2227.9239466622116
10921,2024-04-25 11:00:00,2396.1200668599176
10922,2024-04-25 12:00:00,2546.0165564890194
10923,2024-04-25 13:00:00,2645.4278116029163
10924,2024-04-25 14:00:00,2705.4439228654496
10925,2024-04-25 15:00:00,2775.844036095452
10926,2024-04-25 16:00:00,2887.450665797656
10927,2024-04-25 17:00:00,2999.1426208859384
10928,2024-04-25 18:00:00,3011.031296635112
10929,2024-04-25 19:00:00,2843.3775957137677
10930,2024-04-25 20:00:00,2512.7860872607366
10931,2024-04-25 21:00:00,2132.354962983642
10932,2024-04-25 22:00:00,1829.7423715990399
10933,2024-04-25 23:00:00,1653.8587925805637
10934,2024-04-26 00:00:00,1552.8997101716468
10935,2024-04-26 01:00:00,1440.808580749826
10936,2024-04-26 02:00:00,1287.975332681276
10937,2024-04-26 03:00:00,1152.1028513363658
10938,2024-04-26 04:00:00,1124.2944149865311
10939,2024-04-26 05:00:00,1245.3186283561363
10940,2024-04-26 06:00:00,1471.2534973062475
10941,2024-04-26 07:00:00,1715.8966970371107
10942,2024-04-26 08:00:00,1923.1130895593715
10943,2024-04-26 09:00:00,2098.567041268424
10944,2024-04-26 10:00:00,2277.046523904555
10945,2024-04-26 11:00:00,2468.1614389373685
10946,2024-04-26 12:00:00,2641.325822747796
10947,2024-04-26 13:00:00,2764.133648441487
10948,2024-04-26 14:00:00,2847.449042798012
10949,2024-04-26 15:00:00,2940.82205981677
10950,2024-04-26 16:00:00,3074.845467481711
10951,2024-04-26 17:00:00,3208.170178116922
10952,2024-04-26 18:00:00,3240.684047149538
10953,2024-04-26 19:00:00,3092.4312736306906
10954,2024-04-26 20:00:00,2779.8089823296373
10955,2024-04-26 21:00:00,2415.7195177002905
10956,2024-04-26 22:00:00,2127.6390031184683
10957,2024-04-26 23:00:00,1964.3118000042223
10958,2024-04-27 00:00:00,1795.3753185277174
10959,2024-04-27 01:00:00,1691.4638548939815
10960,2024-04-27 02:00:00,1544.4499109426279
10961,2024-04-27 03:00:00,1411.9511134786949
10962,2024-04-27 04:00:00,1385.0089208088443
10963,2024-04-27 05:00:00,1504.3543549560873
10964,2024-04-27 06:00:00,1726.0526091708366
10965,2024-04-27 07:00:00,1963.9135759212659
10966,2024-04-27 08:00:00,2161.839347568266
10967,2024-04-27 09:00:00,2325.556240246948
10968,2024-04-27 10:00:00,2489.938326810144
10969,2024-04-27 11:00:00,2664.704925279561
10970,2024-04-27 12:00:00,2819.401709214626
10971,2024-04-27 13:00:00,2921.775168432691
10972,2024-04-27 14:00:00,2982.861253516923
10973,2024-04-27 15:00:00,3052.399363843044
10974,2024-04-27 16:00:00,3161.1871561532494
10975,2024-04-27 17:00:00,3268.093826772004
10976,2024-04-27 18:00:00,3273.23661707155
10977,2024-04-27 19:00:00,3096.897802160941
10978,2024-04-27 20:00:00,2755.7187701072767
10979,2024-04-27 21:00:00,2362.8497513305538
10980,2024-04-27 22:00:00,2046.0157806667012
10981,2024-04-27 23:00:00,1854.2085569500364
10982,2024-04-28 00:00:00,1735.7184657060811
10983,2024-04-28 01:00:00,1604.5967645382652
10984,2024-04-28 02:00:00,1431.3531780113108
10985,2024-04-28 03:00:00,1273.8213639637238
10986,2024-04-28 04:00:00,1223.2452273247472
10987,2024-04-28 05:00:00,1320.5426395324066
10988,2024-04-28 06:00:00,1521.94821962359
10989,2024-04-28 07:00:00,1741.422242587466
10990,2024-04-28 08:00:00,1922.9967446546916
10991,2024-04-28 09:00:00,2072.506391066156
10992,2024-04-28 10:00:00,2224.9111040754083
10993,2024-04-28 11:00:00,2389.992906701174
10994,2024-04-28 12:00:00,2537.336654391227
10995,2024-04-28 13:00:00,2634.7043854902145
10996,2024-04-28 14:00:00,2693.1241236135547
10997,2024-04-28 15:00:00,2762.3042875194883
10998,2024-04-28 16:00:00,2872.989178686231
10999,2024-04-28 17:00:00,2983.9731895339537
11000,2024-04-28 18:00:00,2995.278469111665
11001,2024-04-28 19:00:00,2827.0732901949964
11002,2024-04-28 20:00:00,2495.8677072607893
11003,2024-04-28 21:00:00,2114.6650438970223
11004,2024-04-28 22:00:00,1811.029770113516
11005,2024-04-28 23:00:00,1633.7814094948453
11006,2024-04-29 00:00:00,1609.4385004481119
11007,2024-04-29 01:00:00,1495.0438790009116
11008,2024-04-29 02:00:00,1339.3232648216049
11009,2024-04-29 03:00:00,1199.9139008425022
11010,2024-04-29 04:00:00,1167.8629566741251
11011,2024-04-29 05:00:00,1283.8935210322388
11012,2024-04-29 06:00:00,1504.0495959343725
11013,2024-04-29 07:00:00,1742.1071317787369
11014,2024-04-29 08:00:00,1941.9221478093527
11015,2024-04-29 09:00:00,2109.163479882644
11016,2024-04-29 10:00:00,2278.6371315259307
11017,2024-04-29 11:00:00,2459.984664183242
11018,2024-04-29 12:00:00,2622.665281595351
11019,2024-04-29 13:00:00,2734.3313244366077
11020,2024-04-29 14:00:00,2805.917996426535
11021,2024-04-29 15:00:00,2887.0584684254513
11022,2024-04-29 16:00:00,3008.4398245684683
11023,2024-04-29 17:00:00,3128.8174904543234
11024,2024-04-29 18:00:00,3148.192880025606
11025,2024-04-29 19:00:00,2986.731508352512
11026,2024-04-29 20:00:00,2660.9581656582277
11027,2024-04-29 21:00:00,2283.907700190363
11028,2024-04-29 22:00:00,1983.191982077276
11029,2024-04-29 23:00:00,1807.6927025052014
11030,2024-04-30 00:00:00,1705.5942649257654
11031,2024-04-30 01:00:00,1590.8467598368638
11032,2024-04-30 02:00:00,1433.864263033859
11033,2024-04-30 03:00:00,1292.3909135872896
11034,2024-04-30 04:00:00,1257.587743249257
11035,2024-04-30 05:00:00,1370.296812194446
11036,2024-04-30 06:00:00,1586.68430558404
11037,2024-04-30 07:00:00,1820.6496558267827
11038,2024-04-30 08:00:00,2016.1717613432484
11039,2024-04-30 09:00:00,2179.0398693006327
11040,2024-04-30 10:00:00,2344.176123740917
11041,2024-04-30 11:00:00,2521.3322387637095
11042,2024-04-30 12:00:00,2680.069974991421
11043,2024-04-30 13:00:00,2788.1351566401345
11044,2024-04-30 14:00:00,2856.546069971568
11045,2024-04-30 15:00:00,2935.007406906199
11046,2024-04-30 16:00:00,3054.2652332457546
11047,2024-04-30 17:00:00,3173.120633879766
11048,2024-04-30 18:00:00,3191.606781700283
11049,2024-04-30 19:00:00,3029.90668451105
11050,2024-04-30 20:00:00,2704.548209594892
11051,2024-04-30 21:00:00,2328.554934913058
11052,2024-04-30 22:00:00,2029.5133973563666
11053,2024-04-30 23:00:00,1856.2663880171635
11054,2024-05-01 00:00:00,1756.9465437118324
11055,2024-05-01 01:00:00,1645.4402162312185
11056,2024-05-01 02:00:00,1492.0868463377492
11057,2024-05-01 03:00:00,1354.5462837439386
11058,2024-05-01 04:00:00,1323.8870071124952
11059,2024-05-01 05:00:00,1440.8517796250817
11060,2024-05-01 06:00:00,1661.5023732928985
11061,2024-05-01 07:00:00,1899.6304041784765
11062,2024-05-01 08:00:00,2099.1053253619293
11063,2024-05-01 09:00:00,2265.6071203593547
11064,2024-05-01 10:00:00,2433.9506729554273
11065,2024-05-01 11:00:00,2613.7842477756326
11066,2024-05-01 12:00:00,2774.5717341405734
11067,2024-05-01 13:00:00,2883.968365616368
11068,2024-05-01 14:00:00,2952.9107319004806
11069,2024-05-01 15:00:00,3031.0322237247074
11070,2024-05-01 16:00:00,3149.019368424251
11071,2024-05-01 17:00:00,3265.6266887334996
11072,2024-05-01 18:00:00,3280.854813395954
11073,2024-05-01 19:00:00,3114.869078225128
11074,2024-05-01 20:00:00,2784.1952037132064
11075,2024-05-01 21:00:00,2401.870587717771
11076,2024-05-01 22:00:00,2095.5117750952795
11077,2024-05-01 23:00:00,1914.007749894496
11078,2024-05-02 00:00:00,1805.5532964641689
11079,2024-05-02 01:00:00,1684.1124120433087
11080,2024-05-02 02:00:00,1520.1170017650447
11081,2024-05-02 03:00:00,1371.3333039261393
11082,2024-05-02 04:00:00,1328.9490091388252
11083,2024-05-02 05:00:00,1433.8376215018616
11084,2024-05-02 06:00:00,1642.2017098451488
11085,2024-05-02 07:00:00,1867.9821087753926
11086,2024-05-02 08:00:00,2055.2041359552168
11087,2024-05-02 09:00:00,2209.7083900906177
11088,2024-05-02 10:00:00,2366.4731289064844
11089,2024-05-02 11:00:00,2535.3106862820664
11090,2024-05-02 12:00:00,2685.847606960223
11091,2024-05-02 13:00:00,2785.898238072769
11092,2024-05-02 14:00:00,2846.5526210690987
11093,2024-05-02 15:00:00,2917.5898522133366
11094,2024-05-02 16:00:00,3029.8323961505257
11095,2024-05-02 17:00:00,3142.1590116319785
11096,2024-05-02 18:00:00,3154.6810434864783
11097,2024-05-02 19:00:00,2987.659343643492
11098,2024-05-02 20:00:00,2657.698430213931
11099,2024-05-02 21:00:00,2277.8964436366896
11100,2024-05-02 22:00:00,1975.9114810782112
11101,2024-05-02 23:00:00,1800.653970215331
11102,2024-05-03 00:00:00,1700.3193432460184
11103,2024-05-03 01:00:00,1588.8510042879557
11104,2024-05-03 02:00:00,1436.638829202388
11105,2024-05-03 03:00:00,1301.3856506203533
11106,2024-05-03 04:00:00,1274.194693913782
11107,2024-05-03 05:00:00,1395.8345106702036
11108,2024-05-03 06:00:00,1622.3830534200192
11109,2024-05-03 07:00:00,1867.6379438984109
11110,2024-05-03 08:00:00,2075.463990413414
11111,2024-05-03 09:00:00,2251.5255055192088
11112,2024-05-03 10:00:00,2430.610406965767
11113,2024-05-03 11:00:00,2622.3285421023966
11114,2024-05-03 12:00:00,2796.0938930064267
11115,2024-05-03 13:00:00,2919.500378386114
11116,2024-05-03 14:00:00,3003.4120704921334
11117,2024-05-03 15:00:00,3097.3789686945966
11118,2024-05-03 16:00:00,3231.993786226407
11119,2024-05-03 17:00:00,3365.9073806020133
11120,2024-05-03 18:00:00,3399.007552321159
11121,2024-05-03 19:00:00,3251.3384454568495
11122,2024-05-03 20:00:00,2939.297129731336
11123,2024-05-03 21:00:00,2575.7858944987042
11124,2024-05-03 22:00:00,2288.280807980902
11125,2024-05-03 23:00:00,2125.5261764207985
11126,2024-05-04 00:00:00,1957.159354776611
11127,2024-05-04 01:00:00,1853.8145840284374
11128,2024-05-04 02:00:00,1707.3643107849825
11129,2024-05-04 03:00:00,1575.4261066200493
11130,2024-05-04 04:00:00,1549.0413746312283
11131,2024-05-04 05:00:00,1668.9410816292957
11132,2024-05-04 06:00:00,1891.1903657137027
11133,2024-05-04 07:00:00,2129.5990642233073
11134,2024-05-04 08:00:00,2328.0692144453087
11135,2024-05-04 09:00:00,2492.327077499288
11136,2024-05-04 10:00:00,2657.24667130217
11137,2024-05-04 11:00:00,2832.5472589958263
11138,2024-05-04 12:00:00,2987.7744593927887
11139,2024-05-04 13:00:00,3090.6747076092447
11140,2024-05-04 14:00:00,3152.2838996675036
11141,2024-05-04 15:00:00,3222.3413804944876
11142,2024-05-04 16:00:00,3331.6447525071826
11143,2024-05-04 17:00:00,3439.063157855456
11144,2024-05-04 18:00:00,3444.713783862757
11145,2024-05-04 19:00:00,3268.878851763631
11146,2024-05-04 20:00:00,2928.1996959133403
11147,2024-05-04 21:00:00,2535.826493197612
11148,2024-05-04 22:00:00,2219.4842251067744
11149,2024-05-04 23:00:00,2028.1645372857893
11150,2024-05-05 00:00:00,1913.4523311259563
11151,2024-05-05 01:00:00,1782.8096739307493
11152,2024-05-05 02:00:00,1610.0408065344968
11153,2024-05-05 03:00:00,1452.979334495692
11154,2024-05-05 04:00:00,1402.8691107270033
11155,2024-05-05 05:00:00,1500.627954869814
11156,2024-05-05 06:00:00,1702.4904344655765
11157,2024-05-05 07:00:00,1922.416773257849
11158,2024-05-05 08:00:00,2104.438956520416
11159,2024-05-05 09:00:00,2254.39159882839
11160,2024-05-05 10:00:00,2407.234572080337
11161,2024-05-05 11:00:00,2572.749849239332
11162,2024-05-05 12:00:00,2720.5222360243556
11163,2024-05-05 13:00:00,2818.31372138273
11164,2024-05-05 14:00:00,2877.152279868776
11165,2024-05-05 15:00:00,2946.7462815378767
11166,2024-05-05 16:00:00,3057.839979507038
11167,2024-05-05 17:00:00,3169.227718231983
11168,2024-05-05 18:00:00,3180.9315991426033
11169,2024-05-05 19:00:00,3013.1198478043843
11170,2024-05-05 20:00:00,2682.302471875081
11171,2024-05-05 21:00:00,2301.482748531488
11172,2024-05-05 22:00:00,1998.225101777351
11173,2024-05-05 23:00:00,1821.3490096238488
11174,2024-05-06 00:00:00,1794.078396571244
11175,2024-05-06 01:00:00,1680.045191487507
11176,2024-05-06 02:00:00,1524.68050102289
11177,2024-05-06 03:00:00,1385.6215243320676
11178,2024-05-06 04:00:00,1353.9153876952414
11179,2024-05-06 05:00:00,1470.2851369954278
11180,2024-05-06 06:00:00,1690.774731906091
11181,2024-05-06 07:00:00,1929.1600809595898
11182,2024-05-06 08:00:00,2129.297162088101
11183,2024-05-06 09:00:00,2296.8547702753426
11184,2024-05-06 10:00:00,2466.638868753534
11185,2024-05-06 11:00:00,2648.290979193323
11186,2024-05-06 12:00:00,2811.2702660851096
11187,2024-05-06 13:00:00,2923.229031430622
11188,2024-05-06 14:00:00,2995.102440806478
11189,2024-05-06 15:00:00,3076.5236275150373
11190,2024-05-06 16:00:00,3198.179638697814
11191,2024-05-06 17:00:00,3318.8258635459097
11192,2024-05-06 18:00:00,3338.4636801873326
11193,2024-05-06 19:00:00,3177.2585684716278
11194,2024-05-06 20:00:00,2851.735284017925
11195,2024-05-06 21:00:00,2474.9286410800432
11196,2024-05-06 22:00:00,2174.450476416105
11197,2024-05-06 23:00:00,1999.1824484695221
11198,2024-05-07 00:00:00,1897.3089286056274
11199,2024-05-07 01:00:00,1782.7799758575102
11200,2024-05-07 02:00:00,1626.0096352368955
11201,2024-05-07 03:00:00,1484.7420156778667
11202,2024-05-07 04:00:00,1450.1381194741084
11203,2024-05-07 05:00:00,1563.0399780180887
11204,2024-05-07 06:00:00,1779.6137483735229
11205,2024-05-07 07:00:00,2013.7588355478902
11206,2024-05-07 08:00:00,2209.4541112470347
11207,2024-05-07 09:00:00,2372.4887966778
11208,2024-05-07 10:00:00,2537.7850105712273
11209,2024-05-07 11:00:00,2715.094442487734
11210,2024-05-07 12:00:00,2873.978829196786
11211,2024-05-07 13:00:00,2982.1839718776764
11212,2024-05-07 14:00:00,3050.7281343970035
11213,2024-05-07 15:00:00,3129.3159870996033
11214,2024-05-07 16:00:00,3248.6935749354616
11215,2024-05-07 17:00:00,3367.661962743936
11216,2024-05-07 18:00:00,3386.2543040884348
11217,2024-05-07 19:00:00,3224.653588248463
11218,2024-05-07 20:00:00,2899.3876647671586
11219,2024-05-07 21:00:00,2523.480094648648
11220,2024-05-07 22:00:00,2224.5173986229356
11221,2024-05-07 23:00:00,2051.342352417762
11222,2024-05-08 00:00:00,1952.0875783123997
11223,2024-05-08 01:00:00,1840.6394143437979
11224,2024-05-08 02:00:00,1687.3372883704296
11225,2024-05-08 03:00:00,1549.8410380056316
11226,2024-05-08 04:00:00,1519.2191306536297
11227,2024-05-08 05:00:00,1636.2143190725901
11228,2024-05-08 06:00:00,1856.8883656876114
11229,2024-05-08 07:00:00,2095.0328778315306
11230,2024-05-08 08:00:00,2294.5173006964674
11231,2024-05-08 09:00:00,2461.0216107766837
11232,2024-05-08 10:00:00,2629.3606856956867
11233,2024-05-08 11:00:00,2809.1827847899285
11234,2024-05-08 12:00:00,2969.9517929480685
11235,2024-05-08 13:00:00,3079.3229402078578
11236,2024-05-08 14:00:00,3148.232813595776
11237,2024-05-08 15:00:00,3226.3148020757026
11238,2024-05-08 16:00:00,3344.2554320976915
11239,2024-05-08 17:00:00,3460.809226404266
11240,2024-05-08 18:00:00,3475.9768146694682
11241,2024-05-08 19:00:00,3309.9235345057273
11242,2024-05-08 20:00:00,2979.1751091456954
11243,2024-05-08 21:00:00,2596.7689400690692
11244,2024-05-08 22:00:00,2290.3215767003016
11245,2024-05-08 23:00:00,2108.722008555616
11246,2024-05-09 00:00:00,2000.1650263799602
11247,2024-05-09 01:00:00,1878.6146347328836
11248,2024-05-09 02:00:00,1714.5027470094428
11249,2024-05-09 03:00:00,1565.5956106916028
11250,2024-05-09 04:00:00,1523.0809265032844
11251,2024-05-09 05:00:00,1627.8322096213665
11252,2024-05-09 06:00:00,1836.0520408753314
11253,2024-05-09 07:00:00,2061.681267822592
11254,2024-05-09 08:00:00,2248.745222020129
11255,2024-05-09 09:00:00,2403.0845170379807
11256,2024-05-09 10:00:00,2559.6774263924285
11257,2024-05-09 11:00:00,2728.3363007201046
11258,2024-05-09 12:00:00,2878.687702487431
11259,2024-05-09 13:00:00,2978.545997500356
11260,2024-05-09 14:00:00,3039.001246846141
11261,2024-05-09 15:00:00,3109.832567386097
11262,2024-05-09 16:00:00,3221.862445345124
11263,2024-05-09 17:00:00,3333.9696619967813
11264,2024-05-09 18:00:00,3346.2655856768515
11265,2024-05-09 19:00:00,3179.0110927899696
11266,2024-05-09 20:00:00,2848.810726898743
11267,2024-05-09 21:00:00,2468.76265484386
11268,2024-05-09 22:00:00,2166.525001198039
11269,2024-05-09 23:00:00,1991.0082220013073
11270,2024-05-10 00:00:00,1890.4077787898118
11271,2024-05-10 01:00:00,1778.6671059998685
11272,2024-05-10 02:00:00,1626.1761107881766
11273,2024-05-10 03:00:00,1490.6376580630686
11274,2024-05-10 04:00:00,1463.1550064323628
11275,2024-05-10 05:00:00,1584.496741724368
11276,2024-05-10 06:00:00,1810.7408516689234
11277,2024-05-10 07:00:00,2055.6849941833684
11278,2024-05-10 08:00:00,2263.1940147301675
11279,2024-05-10 09:00:00,2438.932264009967
11280,2024-05-10 10:00:00,2617.6876988941176
11281,2024-05-10 11:00:00,2809.0702068034166
11282,2024-05-10 12:00:00,2982.4938108925353
11283,2024-05-10 13:00:00,3105.55247190486
11284,2024-05-10 14:00:00,3189.1103051221485
11285,2024-05-10 15:00:00,3282.7173538801417
11286,2024-05-10 16:00:00,3416.966376392993
11287,2024-05-10 17:00:00,3550.5082760892406
11288,2024-05-10 18:00:00,3583.230900373659
11289,2024-05-10 19:00:00,3435.178441187459
11290,2024-05-10 20:00:00,3122.7480170913623
11291,2024-05-10 21:00:00,2758.8419672229916
11292,2024-05-10 22:00:00,2470.936410575595
11293,2024-05-10 23:00:00,2307.7757051105073
11294,2024-05-11 00:00:00,2138.9972584595516
11295,2024-05-11 01:00:00,2035.2353652370289
11296,2024-05-11 02:00:00,1888.3625266400336
11297,2024-05-11 03:00:00,1755.9963697841022
11298,2024-05-11 04:00:00,1729.1783542403082
11299,2024-05-11 05:00:00,1848.6395042644735
11300,2024-05-11 06:00:00,2070.4450163242104
11301,2024-05-11 07:00:00,2308.4047870717127
11302,2024-05-11 08:00:00,2506.42091403861
11303,2024-05-11 09:00:00,2670.2197195424537
11304,2024-05-11 10:00:00,2834.675283600085
11305,2024-05-11 11:00:00,3009.5069323925945
11306,2024-05-11 12:00:00,3164.260348699258
11307,2024-05-11 13:00:00,3266.6820325149924
11308,2024-05-11 14:00:00,3327.8079456540218
11309,2024-05-11 15:00:00,3397.3774997544556
11310,2024-05-11 16:00:00,3506.1883648479266
11311,2024-05-11 17:00:00,3613.109751588228
11312,2024-05-11 18:00:00,3618.2589167276947
11313,2024-05-11 19:00:00,3441.9181517893408
11314,2024-05-11 20:00:00,3100.7288623408285
11315,2024-05-11 21:00:00,2707.8412973456575
11316,2024-05-11 22:00:00,2390.980511253086
11317,2024-05-11 23:00:00,2199.1382235431365
11318,2024-05-12 00:00:00,2080.604841529156
11319,2024-05-12 01:00:00,1949.4316456495303
11320,2024-05-12 02:00:00,1776.1283843771507
11321,2024-05-12 03:00:00,1618.5287405573313
11322,2024-05-12 04:00:00,1567.8766452322893
11323,2024-05-12 05:00:00,1665.0899970179053
11324,2024-05-12 06:00:00,1866.4034432537105
11325,2024-05-12 07:00:00,2085.7772883258053
11326,2024-05-12 08:00:00,2267.2435989827077
11327,2024-05-12 09:00:00,2416.6370720658015
11328,2024-05-12 10:00:00,2568.917662573582
11329,2024-05-12 11:00:00,2733.8674273685424
11330,2024-05-12 12:00:00,2881.0712568763174
11331,2024-05-12 13:00:00,2978.291225520341
11332,2024-05-12 14:00:00,3036.555394148061
11333,2024-05-12 15:00:00,3105.5722198668864
11334,2024-05-12 16:00:00,3216.086043623174
11335,2024-05-12 17:00:00,3326.891298464786
11336,2024-05-12 18:00:00,3338.010175184515
11337,2024-05-12 19:00:00,3169.6109894480437
11338,2024-05-12 20:00:00,2838.2038397535543
11339,2024-05-12 21:00:00,2456.79209487504
11340,2024-05-12 22:00:00,2152.9402711246835
11341,2024-05-12 23:00:00,1975.4679395576127
11342,2024-05-13 00:00:00,1950.8936871595956
11343,2024-05-13 01:00:00,1836.2603997476094
11344,2024-05-13 02:00:00,1680.2938478722026
11345,2024-05-13 03:00:00,1540.631326532999
11346,2024-05-13 04:00:00,1508.3200585317136
11347,2024-05-13 05:00:00,1624.083186946773
11348,2024-05-13 06:00:00,1843.9647693023458
11349,2024-05-13 07:00:00,2081.740812646015
11350,2024-05-13 08:00:00,2281.26739408326
11351,2024-05-13 09:00:00,2448.2134083833894
11352,2024-05-13 10:00:00,2617.3849192043044
11353,2024-05-13 11:00:00,2798.423549297068
11354,2024-05-13 12:00:00,2960.7885647922367
11355,2024-05-13 13:00:00,3072.1323699523314
11356,2024-05-13 14:00:00,3143.3902332291295
11357,2024-05-13 15:00:00,3224.195391364405
11358,2024-05-13 16:00:00,3345.2349955196773
11359,2024-05-13 17:00:00,3465.264539468867
11360,2024-05-13 18:00:00,3484.285506491089
11361,2024-05-13 19:00:00,3322.463482123758
11362,2024-05-13 20:00:00,2996.323328202204
11363,2024-05-13 21:00:00,2618.899965748117
11364,2024-05-13 22:00:00,2317.805338786585
11365,2024-05-13 23:00:00,2141.921213539859
11366,2024-05-14 00:00:00,2039.4320696441823
11367,2024-05-14 01:00:00,1924.2880749113474
11368,2024-05-14 02:00:00,1766.9033835818886
11369,2024-05-14 03:00:00,1625.022214303924
11370,2024-05-14 04:00:00,1589.8056795375805
11371,2024-05-14 05:00:00,1702.095921289717
11372,2024-05-14 06:00:00,1918.0592076617258
11373,2024-05-14 07:00:00,2151.595055139895
11374,2024-05-14 08:00:00,2346.6824473250017
11375,2024-05-14 09:00:00,2509.1107177043073
11376,2024-05-14 10:00:00,2673.802097697646
11377,2024-05-14 11:00:00,2850.508389932768
11378,2024-05-14 12:00:00,3008.7914446232708
11379,2024-05-14 13:00:00,3116.397176730598
11380,2024-05-14 14:00:00,3184.343964284346
11381,2024-05-14 15:00:00,3262.3365921057543
11382,2024-05-14 16:00:00,3381.121219973874
11383,2024-05-14 17:00:00,3499.499027838304
11384,2024-05-14 18:00:00,3517.5032847010834
11385,2024-05-14 19:00:00,3355.3170955844057
11386,2024-05-14 20:00:00,3029.468425994516
11387,2024-05-14 21:00:00,2652.9809532614076
11388,2024-05-14 22:00:00,2353.4413146284396
11389,2024-05-14 23:00:00,2179.692402612809
11390,2024-05-15 00:00:00,1723.9593061090386
11391,2024-05-15 01:00:00,1611.9437811959865
11392,2024-05-15 02:00:00,1458.0777227881126
11393,2024-05-15 03:00:00,1320.0210861491319
11394,2024-05-15 04:00:00,1288.8424565342057
11395,2024-05-15 05:00:00,1405.284704703599
11396,2024-05-15 06:00:00,1625.4097112785516
11397,2024-05-15 07:00:00,1863.009201921178
11398,2024-05-15 08:00:00,2061.952740297496
11399,2024-05-15 09:00:00,2227.9204215015307
11400,2024-05-15 10:00:00,2395.727241884799
11401,2024-05-15 11:00:00,2575.021579598032
11402,2024-05-15 12:00:00,2735.2674384457437
11403,2024-05-15 13:00:00,2844.1201674596
11404,2024-05-15 14:00:00,2912.5164727241795
11405,2024-05-15 15:00:00,2990.0898623230864
11406,2024-05-15 16:00:00,3107.526981851449
11407,2024-05-15 17:00:00,3223.58247325672
11408,2024-05-15 18:00:00,3238.257085401001
11409,2024-05-15 19:00:00,3071.7162751127785
11410,2024-05-15 20:00:00,2740.4858848444464
11411,2024-05-15 21:00:00,2357.603435209068
11412,2024-05-15 22:00:00,2050.6855948244656
11413,2024-05-15 23:00:00,1868.6214723002972
11414,2024-05-16 00:00:00,2115.5136278297764
11415,2024-05-16 01:00:00,1993.5108841360648
11416,2024-05-16 02:00:00,1828.952923922472
11417,2024-05-16 03:00:00,1679.606113462136
11418,2024-05-16 04:00:00,1636.6582721797577
11419,2024-05-16 05:00:00,1740.9830338038482
11420,2024-05-16 06:00:00,1948.7830976153277
11421,2024-05-16 07:00:00,2173.9994294554585
11422,2024-05-16 08:00:00,2360.657479012213
11423,2024-05-16 09:00:00,2514.597977813387
11424,2024-05-16 10:00:00,2670.79931715695
11425,2024-05-16 11:00:00,2839.073965252799
11426,2024-05-16 12:00:00,2989.048601937003
11427,2024-05-16 13:00:00,3088.53771016243
11428,2024-05-16 14:00:00,3148.6314679262423
11429,2024-05-16 15:00:00,3219.1091087550676
11430,2024-05-16 16:00:00,3330.7932352677985
11431,2024-05-16 17:00:00,3442.5627448810756
11432,2024-05-16 18:00:00,3454.529121760789
11433,2024-05-16 19:00:00,3286.953357860333
11434,2024-05-16 20:00:00,2956.440111975574
11435,2024-05-16 21:00:00,2576.0876658585557
11436,2024-05-16 22:00:00,2273.5542586437828
11437,2024-05-16 23:00:00,2097.750460600418
11438,2024-05-17 00:00:00,1996.8718471197044
11439,2024-05-17 01:00:00,1884.8619661222451
11440,2024-05-17 02:00:00,1732.110837863429
11441,2024-05-17 03:00:00,1596.321439943204
11442,2024-05-17 04:00:00,1568.5971432630413
11443,2024-05-17 05:00:00,1689.7066454826177
11444,2024-05-17 06:00:00,1915.7280457936458
11445,2024-05-17 07:00:00,2160.459113048715
11446,2024-05-17 08:00:00,2367.76480322535
11447,2024-05-17 09:00:00,2543.309577050369
11448,2024-05-17 10:00:00,2721.881500947646
11449,2024-05-17 11:00:00,2913.090571375844
11450,2024-05-17 12:00:00,3086.3509200063463
11451,2024-05-17 13:00:00,3209.25661559947
11452,2024-05-17 14:00:00,3292.671880898023
11453,2024-05-17 15:00:00,3386.146866152081
11454,2024-05-17 16:00:00,3520.274435918176
11455,2024-05-17 17:00:00,3653.7055994328166
11456,2024-05-17 18:00:00,3686.328309263957
11457,2024-05-17 19:00:00,3538.1868619530237
11458,2024-05-17 20:00:00,3225.678480045322
11459,2024-05-17 21:00:00,2861.705606038158
11460,2024-05-17 22:00:00,2573.7444616464873
11461,2024-05-17 23:00:00,2410.5395069027804
11462,2024-05-18 00:00:00,2241.728250867929
11463,2024-05-18 01:00:00,2137.9450888855254
11464,2024-05-18 02:00:00,1991.062622229922
11465,2024-05-18 03:00:00,1858.6985773774236
11466,2024-05-18 04:00:00,1831.8945125646387
11467,2024-05-18 05:00:00,1951.3815499909192
11468,2024-05-18 06:00:00,2173.224983335848
11469,2024-05-18 07:00:00,2411.234805729135
11470,2024-05-18 08:00:00,2609.3132104170713
11471,2024-05-18 09:00:00,2773.1866146751954
11472,2024-05-18 10:00:00,2937.729192700718
11473,2024-05-18 11:00:00,3112.6603640733892
11474,2024-05-18 12:00:00,3267.5259041531012
11475,2024-05-18 13:00:00,3370.0724047377407
11476,2024-05-18 14:00:00,3431.3359185928293
11477,2024-05-18 15:00:00,3501.055947497723
11478,2024-05-18 16:00:00,3610.0302507710358
11479,2024-05-18 17:00:00,3717.128127502844
11480,2024-05-18 18:00:00,3722.4669220204896
11481,2024-05-18 19:00:00,3546.329012538268
11482,2024-05-18 20:00:00,3205.3558904410747
11483,2024-05-18 21:00:00,2812.697889628412
11484,2024-05-18 22:00:00,2496.0801484899466
11485,2024-05-18 23:00:00,2304.494469655132
11486,2024-05-19 00:00:00,2186.2313425887805
11487,2024-05-19 01:00:00,2055.3421289461653
11488,2024-05-19 02:00:00,1882.336657459854
11489,2024-05-19 03:00:00,1725.048690310803
11490,2024-05-19 04:00:00,1674.722236881341
11491,2024-05-19 05:00:00,1772.2752731553887
11492,2024-05-19 06:00:00,1973.942522848195
11493,2024-05-19 07:00:00,2193.684365729411
11494,2024-05-19 08:00:00,2375.5329429142175
11495,2024-05-19 09:00:00,2525.3230246010316
11496,2024-05-19 10:00:00,2678.014638114
11497,2024-05-19 11:00:00,2843.3899116096404
11498,2024-05-19 12:00:00,2991.0338057424706
11499,2024-05-19 13:00:00,3088.708464139787
11500,2024-05-19 14:00:00,3147.4420157589284
11501,2024-05-19 15:00:00,3216.9429847626634
11502,2024-05-19 16:00:00,3327.9557780595123
11503,2024-05-19 17:00:00,3439.2748935708155
11504,2024-05-19 18:00:00,3450.9225858634277
11505,2024-05-19 19:00:00,3283.0672332653194
11506,2024-05-19 20:00:00,2952.2189958243152
11507,2024-05-19 21:00:00,2571.38130273388
11508,2024-05-19 22:00:00,2268.118729590861
11509,2024-05-19 23:00:00,2091.250905586846
11510,2024-05-20 00:00:00,2067.296474713542
11511,2024-05-20 01:00:00,1953.2983786021027
11512,2024-05-20 02:00:00,1797.9824424919707
11513,2024-05-20 03:00:00,1658.9860148381922
11514,2024-05-20 04:00:00,1627.3563707808744
11515,2024-05-20 05:00:00,1743.8167045067426
11516,2024-05-20 06:00:00,1964.4111234462998
11517,2024-05-20 07:00:00,2202.9156834026808
11518,2024-05-20 08:00:00,2403.186508937159
11519,2024-05-20 09:00:00,2570.892541132498
11520,2024-05-20 10:00:00,2740.839888687912
11521,2024-05-20 11:00:00,2922.670218183259
11522,2024-05-20 12:00:00,3085.8428383331025
11523,2024-05-20 13:00:00,3198.010194736604
11524,2024-05-20 14:00:00,3270.107595927997
11525,2024-05-20 15:00:00,3351.768317467541
11526,2024-05-20 16:00:00,3473.6795480868964
11527,2024-05-20 17:00:00,3594.596817830597
11528,2024-05-20 18:00:00,3614.5216449882587
11529,2024-05-20 19:00:00,3453.619648820044
11530,2024-05-20 20:00:00,3128.415723598773
11531,2024-05-20 21:00:00,2751.944821466696
11532,2024-05-20 22:00:00,2451.81891629683
11533,2024-05-20 23:00:00,2276.919802835649
11534,2024-05-21 00:00:00,2175.4319879308
11535,2024-05-21 01:00:00,2061.3056652924374
11536,2024-05-21 02:00:00,1904.9550137365318
11537,2024-05-21 03:00:00,1764.1242751651293
11538,2024-05-21 04:00:00,1729.9745839385132
11539,2024-05-21 05:00:00,1843.3481026571226
11540,2024-05-21 06:00:00,2060.4111186539135
11541,2024-05-21 07:00:00,2295.063166305293
11542,2024-05-21 08:00:00,2491.2832457491168
11543,2024-05-21 09:00:00,2654.860705672365
11544,2024-05-21 10:00:00,2820.7177913124165
11545,2024-05-21 11:00:00,2998.6063177538754
11546,2024-05-21 12:00:00,3158.0881463431515
11547,2024-05-21 13:00:00,3266.909201745506
11548,2024-05-21 14:00:00,3336.087870357169
11549,2024-05-21 15:00:00,3415.328943975957
11550,2024-05-21 16:00:00,3535.3785879965253
11551,2024-05-21 17:00:00,3655.0379865745963
11552,2024-05-21 18:00:00,3674.3404115516605
11553,2024-05-21 19:00:00,3513.468969397451
11554,2024-05-21 20:00:00,3188.9516256796605
11555,2024-05-21 21:00:00,2813.8120563762113
11556,2024-05-21 22:00:00,2515.6368960223094
11557,2024-05-21 23:00:00,2343.269032965313
11558,2024-05-22 00:00:00,2244.841201001151
11559,2024-05-22 01:00:00,2134.2398484644996
11560,2024-05-22 02:00:00,1981.8045123337483
11561,2024-05-22 03:00:00,1845.1951381361987
11562,2024-05-22 04:00:00,1815.4802999657113
11563,2024-05-22 05:00:00,1933.402856038334
11564,2024-05-22 06:00:00,2155.0246730035688
11565,2024-05-22 07:00:00,2394.137461146241
11566,2024-05-22 08:00:00,2594.610767338037
11567,2024-05-22 09:00:00,2762.124668489776
11568,2024-05-22 10:00:00,2931.494141323923
11569,2024-05-22 11:00:00,3112.367542966979
11570,2024-05-22 12:00:00,3274.2088547867284
11571,2024-05-22 13:00:00,3384.6734019591527
11572,2024-05-22 14:00:00,3454.6978652992
11573,2024-05-22 15:00:00,3533.9157262036388
11574,2024-05-22 16:00:00,3653.0136021849403
11575,2024-05-22 17:00:00,3770.746105664901
11576,2024-05-22 18:00:00,3787.113954588407
11577,2024-05-22 19:00:00,3622.28257344969
11578,2024-05-22 20:00:00,3292.7777709605184
11579,2024-05-22 21:00:00,2911.637032561581
11580,2024-05-22 22:00:00,2606.4769903168835
11581,2024-05-22 23:00:00,2426.1867148658553
11582,2024-05-23 00:00:00,2318.9610765968105
11583,2024-05-23 01:00:00,2198.7641582652136
11584,2024-05-23 02:00:00,2036.0279499780095
11585,2024-05-23 03:00:00,1888.5187744238988
11586,2024-05-23 04:00:00,1847.4244060126398
11587,2024-05-23 05:00:00,1953.6184321067512
11588,2024-05-23 06:00:00,2163.303504184451
11589,2024-05-23 07:00:00,2390.4205389023973
11590,2024-05-23 08:00:00,2578.9949354130576
11591,2024-05-23 09:00:00,2734.8673732475863
11592,2024-05-23 10:00:00,2893.0161903734956
11593,2024-05-23 11:00:00,3063.2538002738706
11594,2024-05-23 12:00:00,3215.2068266869474
11595,2024-05-23 13:00:00,3316.689695067067
11596,2024-05-23 14:00:00,3378.7925245734655
11597,2024-05-23 15:00:00,3451.2944885039587
11598,2024-05-23 16:00:00,3565.018127888153
11599,2024-05-23 17:00:00,3678.8422771902415
11600,2024-05-23 18:00:00,3692.8783562737735
11601,2024-05-23 19:00:00,3527.387291431907
11602,2024-05-23 20:00:00,3198.973674436163
11603,2024-05-23 21:00:00,2820.7357186989175
11604,2024-05-23 22:00:00,2520.331593652841
11605,2024-05-23 23:00:00,2346.6717985336318
11606,2024-05-24 00:00:00,2247.951836364237
11607,2024-05-24 01:00:00,2138.11518139053
11608,2024-05-24 02:00:00,1987.5517788433363
11609,2024-05-24 03:00:00,1853.9645300028656
11610,2024-05-24 04:00:00,1828.4567281343388
11611,2024-05-24 05:00:00,1951.7969919567508
11612,2024-05-24 06:00:00,2180.0633404147566
11613,2024-05-24 07:00:00,2427.053460827354
11614,2024-05-24 08:00:00,2636.632226349917
11615,2024-05-24 09:00:00,2814.4640136261273
11616,2024-05-24 10:00:00,2995.33680366948
11617,2024-05-24 11:00:00,3188.8605063020013
11618,2024-05-24 12:00:00,3364.44916528077
11619,2024-05-24 13:00:00,3489.696760207221
11620,2024-05-24 14:00:00,3575.467423396887
11621,2024-05-24 15:00:00,3671.3112134422163
11622,2024-05-24 16:00:00,3807.820902002518
11623,2024-05-24 17:00:00,3943.6474041844067
11624,2024-05-24 18:00:00,3978.6785772207318
11625,2024-05-24 19:00:00,3832.9586210866973
11626,2024-05-24 20:00:00,3522.884660552151
11627,2024-05-24 21:00:00,3161.359039158873
11628,2024-05-24 22:00:00,2875.8578784593496
11629,2024-05-24 23:00:00,2715.1255371430434
11630,2024-05-25 00:00:00,2548.799421748
11631,2024-05-25 01:00:00,2447.5138239484068
11632,2024-05-25 02:00:00,2303.1412401586053
11633,2024-05-25 03:00:00,2173.2992908663123
11634,2024-05-25 04:00:00,2149.029427170396
11635,2024-05-25 05:00:00,2271.0626630001448
11636,2024-05-25 06:00:00,2495.4641826314996
11637,2024-05-25 07:00:00,2736.0438686816155
11638,2024-05-25 08:00:00,2936.703802787668
11639,2024-05-25 09:00:00,3103.17028949235
11640,2024-05-25 10:00:00,3270.3173891890638
11641,2024-05-25 11:00:00,3447.864406569669
11642,2024-05-25 12:00:00,3605.357001041115
11643,2024-05-25 13:00:00,3710.541647365414
11644,2024-05-25 14:00:00,3774.4542802526184
11645,2024-05-25 15:00:00,3846.8342823631433
11646,2024-05-25 16:00:00,3958.4792928702
11647,2024-05-25 17:00:00,4068.258489691553
11648,2024-05-25 18:00:00,4076.2890949918783
11649,2024-05-25 19:00:00,3902.8533637967935
11650,2024-05-25 20:00:00,3564.592663310553
11651,2024-05-25 21:00:00,3174.6572022953574
11652,2024-05-25 22:00:00,2860.77199301408
11653,2024-05-25 23:00:00,2671.928711012422
11654,2024-05-26 00:00:00,2556.4177177285687
11655,2024-05-26 01:00:00,2428.290245831648
11656,2024-05-26 02:00:00,2258.055994177177
11657,2024-05-26 03:00:00,2103.548594120897
11658,2024-05-26 04:00:00,2056.0119233324867
11659,2024-05-26 05:00:00,2156.363825182282
11660,2024-05-26 06:00:00,2360.8388898889452
11661,2024-05-26 07:00:00,2583.397362854508
11662,2024-05-26 08:00:00,2768.0712499666106
11663,2024-05-26 09:00:00,2920.695185347006
11664,2024-05-26 10:00:00,3076.2290594150345
11665,2024-05-26 11:00:00,3244.454862583476
11666,2024-05-26 12:00:00,3394.9574169602993
11667,2024-05-26 13:00:00,3495.4987268216164
11668,2024-05-26 14:00:00,3557.1067809823967
11669,2024-05-26 15:00:00,3629.489962693467
11670,2024-05-26 16:00:00,3743.3925371696014
11671,2024-05-26 17:00:00,3857.608859914739
11672,2024-05-26 18:00:00,3872.161042305693
11673,2024-05-26 19:00:00,3707.2173187735443
11674,2024-05-26 20:00:00,3379.287704748307
11675,2024-05-26 21:00:00,3001.3754841063515
11676,2024-05-26 22:00:00,2701.045086426568
11677,2024-05-26 23:00:00,2527.115994217766
11678,2024-05-27 00:00:00,2506.106704115487
11679,2024-05-27 01:00:00,2395.060009746976
11680,2024-05-27 02:00:00,2242.701587709916
11681,2024-05-27 03:00:00,2106.668637189631
11682,2024-05-27 04:00:00,2078.0082834520663
11683,2024-05-27 05:00:00,2197.4435701787843
11684,2024-05-27 06:00:00,2421.0184537753157
11685,2024-05-27 07:00:00,2662.5088383710863
11686,2024-05-27 08:00:00,2865.7706963366704
11687,2024-05-27 09:00:00,3036.472815996879
11688,2024-05-27 10:00:00,3209.42115281132
11689,2024-05-27 11:00:00,3394.2572195236426
11690,2024-05-27 12:00:00,3560.440170559088
11691,2024-05-27 13:00:00,3675.6222967170947
11692,2024-05-27 14:00:00,3750.7387512687674
11693,2024-05-27 15:00:00,3835.4226540284935
11694,2024-05-27 16:00:00,3960.361037531944
11695,2024-05-27 17:00:00,4084.3092752140114
11696,2024-05-27 18:00:00,4107.268728301042
11697,2024-05-27 19:00:00,3949.4048586002264
11698,2024-05-27 20:00:00,3627.2424025320242
11699,2024-05-27 21:00:00,3253.8161540074725
11700,2024-05-27 22:00:00,2956.737928289529
11701,2024-05-27 23:00:00,2784.8893611765434
11702,2024-05-28 00:00:00,2686.454800220115
11703,2024-05-28 01:00:00,2575.384279511893
11704,2024-05-28 02:00:00,2422.091817942125
11705,2024-05-28 03:00:00,2284.3214971832513
11706,2024-05-28 04:00:00,2253.2342911006644
11707,2024-05-28 05:00:00,2369.672201501546
11708,2024-05-28 06:00:00,2589.80135470809
11709,2024-05-28 07:00:00,2827.5211238239563
11710,2024-05-28 08:00:00,3026.810347494572
11711,2024-05-28 09:00:00,3193.458212706947
11712,2024-05-28 10:00:00,3362.386802807709
11713,2024-05-28 11:00:00,3543.347770798103
11714,2024-05-28 12:00:00,3705.9028157820558
11715,2024-05-28 13:00:00,3817.7977000293
11716,2024-05-28 14:00:00,3890.0506473975865
11717,2024-05-28 15:00:00,3972.366287040334
11718,2024-05-28 16:00:00,4095.490621568277
11719,2024-05-28 17:00:00,4218.224672296622
11720,2024-05-28 18:00:00,4240.601548117403
11721,2024-05-28 19:00:00,4082.8041924915574
11722,2024-05-28 20:00:00,3761.3604079450924
11723,2024-05-28 21:00:00,3389.2937073644425
11724,2024-05-28 22:00:00,3094.190562173959
11725,2024-05-28 23:00:00,2924.893697598365
11726,2024-05-29 00:00:00,2829.535684340499
11727,2024-05-29 01:00:00,2722.0028076414646
11728,2024-05-29 02:00:00,2572.634441418171
11729,2024-05-29 03:00:00,2439.090368223913
11730,2024-05-29 04:00:00,2412.4389992176734
11731,2024-05-29 05:00:00,2533.423029768447
11732,2024-05-29 06:00:00,2758.1041637721028
11733,2024-05-29 07:00:00,3000.2739488795632
11734,2024-05-29 08:00:00,3203.8017694393293
11735,2024-05-29 09:00:00,3374.3675399910726
11736,2024-05-29 10:00:00,3546.786075035745
11737,2024-05-29 11:00:00,3730.705569652198
11738,2024-05-29 12:00:00,3895.5898433282214
11739,2024-05-29 13:00:00,4009.094059582976
11740,2024-05-29 14:00:00,4082.154737763047
11741,2024-05-29 15:00:00,4164.405198038825
11742,2024-05-29 16:00:00,4286.5318969298105
11743,2024-05-29 17:00:00,4407.289286123832
11744,2024-05-29 18:00:00,4426.6779231018745
11745,2024-05-29 19:00:00,4264.863072175781
11746,2024-05-29 20:00:00,3938.3703821797544
11747,2024-05-29 21:00:00,3560.237178988038
11748,2024-05-29 22:00:00,3258.0799354223655
11749,2024-05-29 23:00:00,3080.78756321703
11750,2024-05-30 00:00:00,2976.554774232002
11751,2024-05-30 01:00:00,2859.3454930322446
11752,2024-05-30 02:00:00,2699.591551949134
11753,2024-05-30 03:00:00,2555.059116273773
11754,2024-05-30 04:00:00,2516.9358034412303
11755,2024-05-30 05:00:00,2626.0950442623357
11756,2024-05-30 06:00:00,2838.739334087204
11757,2024-05-30 07:00:00,3068.8094339589406
11758,2024-05-30 08:00:00,3260.3305877969315
11759,2024-05-30 09:00:00,3419.143320439901
11760,2024-05-30 10:00:00,3580.225815634465
11761,2024-05-30 11:00:00,3753.3903331949414
11762,2024-05-30 12:00:00,3908.2633436379865
11763,2024-05-30 13:00:00,4012.659119802813
11764,2024-05-30 14:00:00,4077.6676287422833
11765,2024-05-30 15:00:00,4153.067892234729
11766,2024-05-30 16:00:00,4269.682300355042
11767,2024-05-30 17:00:00,4386.389537205652
11768,2024-05-30 18:00:00,4403.300872897614
11769,2024-05-30 19:00:00,4240.677084578326
11770,2024-05-30 20:00:00,3915.1226155175846
11771,2024-05-30 21:00:00,3539.7355312611553
11772,2024-05-30 22:00:00,3242.1738540321203
11773,2024-05-30 23:00:00,3071.347936521108
11774,2024-05-31 00:00:00,2975.4531359082466
11775,2024-05-31 01:00:00,2868.432781261686
11776,2024-05-31 02:00:00,2720.676673370897
11777,2024-05-31 03:00:00,2589.8875697791855
11778,2024-05-31 04:00:00,2567.1686207553275
11779,2024-05-31 05:00:00,2693.2883027659836
11780,2024-05-31 06:00:00,2924.324493258411
11781,2024-05-31 07:00:00,3174.0747388340415
11782,2024-05-31 08:00:00,3386.403772702622
11783,2024-05-31 09:00:00,3566.97583236599
11784,2024-05-31 10:00:00,3750.578760501261
11785,2024-05-31 11:00:00,3946.822329403811
11786,2024-05-31 12:00:00,4125.120446177012
11787,2024-05-31 13:00:00,4253.066954552507
11788,2024-05-31 14:00:00,4341.525851862432
11789,2024-05-31 15:00:00,4440.047062581282
11790,2024-05-31 16:00:00,4579.223225147188
11791,2024-05-31 17:00:00,4717.705122292481
11792,2024-05-31 18:00:00,4755.380479812141
11793,2024-05-31 19:00:00,4612.2933671613155
11794,2024-05-31 20:00:00,4304.840779460685
11795,2024-05-31 21:00:00,3945.9249316087935
11796,2024-05-31 22:00:00,3663.0218174258894
11797,2024-05-31 23:00:00,3504.8756688312537
11798,2024-06-01 00:00:00,3341.123766554042
11799,2024-06-01 01:00:00,3242.40027744749
11800,2024-06-01 02:00:00,3100.577574093265
11801,2024-06-01 03:00:00,2973.273154152
11802,2024-06-01 04:00:00,2951.528346887997
11803,2024-06-01 05:00:00,3076.0740454421757
11804,2024-06-01 06:00:00,3302.9753143166276
11805,2024-06-01 07:00:00,3546.0419174001236
11806,2024-06-01 08:00:00,3749.175818647789
11807,2024-06-01 09:00:00,3918.1032060040266
11808,2024-06-01 10:00:00,4087.698024304852
11809,2024-06-01 11:00:00,4267.6794637801795
11810,2024-06-01 12:00:00,4427.5930704708835
11811,2024-06-01 13:00:00,4535.18520686501
11812,2024-06-01 14:00:00,4601.491696509213
11813,2024-06-01 15:00:00,4676.2518120161685
11814,2024-06-01 16:00:00,4790.263083654903
11815,2024-06-01 17:00:00,4902.394581549092
11816,2024-06-01 18:00:00,4912.763421234672
11817,2024-06-01 19:00:00,4741.651752257808
11818,2024-06-01 20:00:00,4405.70083753501
11819,2024-06-01 21:00:00,4018.0607825972984
11820,2024-06-01 22:00:00,3706.4564978266067
11821,2024-06-01 23:00:00,3519.879557964018
11822,2024-06-02 00:00:00,3406.6202248603577
11823,2024-06-02 01:00:00,3280.72963281091
11824,2024-06-02 02:00:00,3112.7173835054687
11825,2024-06-02 03:00:00,2960.4170123603785
11826,2024-06-02 04:00:00,2915.0723023128407
11827,2024-06-02 05:00:00,3017.6010032644954
11828,2024-06-02 06:00:00,3224.2376131884894
11829,2024-06-02 07:00:00,3448.9422864812077
11830,2024-06-02 08:00:00,3635.7469393311576
11831,2024-06-02 09:00:00,3790.4861173647228
11832,2024-06-02 10:00:00,3948.1196238012917
11833,2024-06-02 11:00:00,4118.429363131352
11834,2024-06-02 12:00:00,4271.000072829522
11835,2024-06-02 13:00:00,4373.593673821797
11836,2024-06-02 14:00:00,4437.238072870412
11837,2024-06-02 15:00:00,4511.641572472326
11838,2024-06-02 16:00:00,4627.548358416033
11839,2024-06-02 17:00:00,4743.752708064205
11840,2024-06-02 18:00:00,4760.27665599446
11841,2024-06-02 19:00:00,4597.288361159672
11842,2024-06-02 20:00:00,4271.297764848454
11843,2024-06-02 21:00:00,3895.3080781123617
11844,2024-06-02 22:00:00,3596.883659073782
11845,2024-06-02 23:00:00,3424.843920121034
11846,2024-06-03 00:00:00,3405.7072891153457
11847,2024-06-03 01:00:00,3296.5164922740996
11848,2024-06-03 02:00:00,3145.997140144914
11849,2024-06-03 03:00:00,3011.7863672359485
11850,2024-06-03 04:00:00,2984.931235487335
11851,2024-06-03 05:00:00,3106.154726653866
11852,2024-06-03 06:00:00,3331.5007365778083
11853,2024-06-03 07:00:00,3574.7451102106706
11854,2024-06-03 08:00:00,3779.7437621330273
11855,2024-06-03 09:00:00,3952.165424269371
11856,2024-06-03 10:00:00,4126.8159970747365
11857,2024-06-03 11:00:00,4313.336939681512
11858,2024-06-03 12:00:00,4481.187354302601
11859,2024-06-03 13:00:00,4598.019480951364
11860,2024-06-03 14:00:00,4674.768423479473
11861,2024-06-03 15:00:00,4761.067253717818
11862,2024-06-03 16:00:00,4887.6029576141855
11863,2024-06-03 17:00:00,5013.1308634633215
11864,2024-06-03 18:00:00,5037.652288725114
11865,2024-06-03 19:00:00,4881.332652885301
11866,2024-06-03 20:00:00,4560.696651444812
11867,2024-06-03 21:00:00,4188.779038844826
11868,2024-06-03 22:00:00,3893.191592281797
11869,2024-06-03 23:00:00,3722.8159109182216
11870,2024-06-04 00:00:00,3625.836307092947
11871,2024-06-04 01:00:00,3516.2027811337784
11872,2024-06-04 02:00:00,3364.3293195678116
11873,2024-06-04 03:00:00,3227.9599731566386
11874,2024-06-04 04:00:00,3198.2556862799347
11875,2024-06-04 05:00:00,3316.058432693348
11876,2024-06-04 06:00:00,3537.534312091784
11877,2024-06-04 07:00:00,3776.5826723948994
11878,2024-06-04 08:00:00,3977.182328506099
11879,2024-06-04 09:00:00,4145.122445079087
11880,2024-06-04 10:00:00,4315.3250845812045
11881,2024-06-04 11:00:00,4497.541880562945
11882,2024-06-04 12:00:00,4661.334514116295
11883,2024-06-04 13:00:00,4774.448730910688
11884,2024-06-04 14:00:00,4847.902739666533
11885,2024-06-04 15:00:00,4931.401155811637
11886,2024-06-04 16:00:00,5055.689969665542
11887,2024-06-04 17:00:00,5179.570191673848
11888,2024-06-04 18:00:00,5203.074921322779
11889,2024-06-04 19:00:00,5046.387094048135
11890,2024-06-04 20:00:00,4726.034505791864
11891,2024-06-04 21:00:00,4355.0406643196075
11892,2024-06-04 22:00:00,4060.9920372566125
11893,2024-06-04 23:00:00,3892.731347574144
11894,2024-06-05 00:00:00,3798.391165053994
11895,2024-06-05 01:00:00,3691.8577754746957
11896,2024-06-05 02:00:00,3543.470554672107
11897,2024-06-05 03:00:00,3410.889288551736
11898,2024-06-05 04:00:00,3385.1823930268692
11899,2024-06-05 05:00:00,3507.092569628086
11900,2024-06-05 06:00:00,3732.681529807929
11901,2024-06-05 07:00:00,3975.740830177815
11902,2024-06-05 08:00:00,4180.139865460044
11903,2024-06-05 09:00:00,4351.558561928755
11904,2024-06-05 10:00:00,4524.811747232103
11905,2024-06-05 11:00:00,4709.547630975765
11906,2024-06-05 12:00:00,4875.230048561566
11907,2024-06-05 13:00:00,4989.51418078225
11908,2024-06-05 14:00:00,5063.336565658673
11909,2024-06-05 15:00:00,5146.330543387253
11910,2024-06-05 16:00:00,5269.182591883107
11911,2024-06-05 17:00:00,5390.647185587515
11912,2024-06-05 18:00:00,5410.72490610582
11913,2024-06-05 19:00:00,5249.581043210814
11914,2024-06-05 20:00:00,4923.741272540331
11915,2024-06-05 21:00:00,4546.24294813499
11916,2024-06-05 22:00:00,4244.702572302655
11917,2024-06-05 23:00:00,4068.0090875982823
11918,2024-06-06 00:00:00,3445.41151322364
11919,2024-06-06 01:00:00,3328.7652568271124
11920,2024-06-06 02:00:00,3169.5564607171814
11921,2024-06-06 03:00:00,3025.5513262530676
11922,2024-06-06 04:00:00,2987.937508293293
11923,2024-06-06 05:00:00,3097.588476329316
11924,2024-06-06 06:00:00,3310.70676569206
11925,2024-06-06 07:00:00,3541.23317868408
11926,2024-06-06 08:00:00,3733.19300178112
11927,2024-06-06 09:00:00,3892.4268036200983
11928,2024-06-06 10:00:00,4053.912813037703
11929,2024-06-06 11:00:00,4227.46333617688
11930,2024-06-06 12:00:00,4382.704891143927
11931,2024-06-06 13:00:00,4487.4517996035775
11932,2024-06-06 14:00:00,4552.794078684197
11933,2024-06-06 15:00:00,4628.510801450671
11934,2024-06-06 16:00:00,4745.424410488072
11935,2024-06-06 17:00:00,4862.413643643867
11936,2024-06-06 18:00:00,4879.589825950478
11937,2024-06-06 19:00:00,4717.213790694832
11938,2024-06-06 20:00:00,4391.890038472173
11939,2024-06-06 21:00:00,4016.7166933367134
11940,2024-06-06 22:00:00,3719.351837184028
11941,2024-06-06 23:00:00,3548.705883557166
11942,2024-06-07 00:00:00,3971.9199764375176
11943,2024-06-07 01:00:00,3865.046058445218
11944,2024-06-07 02:00:00,3717.4197194648305
11945,2024-06-07 03:00:00,3586.7437824594535
11946,2024-06-07 04:00:00,3564.1214642544883
11947,2024-06-07 05:00:00,3690.32130896094
11948,2024-06-07 06:00:00,3921.421262804982
11949,2024-06-07 07:00:00,4171.218942242848
11950,2024-06-07 08:00:00,4383.579151430993
11951,2024-06-07 09:00:00,4564.166199891565
11952,2024-06-07 10:00:00,4747.768003402668
11953,2024-06-07 11:00:00,4943.994408398593
11954,2024-06-07 12:00:00,5122.2593971835195
11955,2024-06-07 13:00:00,5250.156889724034
11956,2024-06-07 14:00:00,5338.550960613422
11957,2024-06-07 15:00:00,5436.99161261338
11958,2024-06-07 16:00:00,5576.0715634397475
11959,2024-06-07 17:00:00,5714.4416761327075
11960,2024-06-07 18:00:00,5751.989757748606
11961,2024-06-07 19:00:00,5608.759959994136
11962,2024-06-07 20:00:00,5301.149361221414
11963,2024-06-07 21:00:00,4942.0602605055265
11964,2024-06-07 22:00:00,4658.968736797462
11965,2024-06-07 23:00:00,4500.619108040015
11966,2024-06-08 00:00:00,4336.648741983192
11967,2024-06-08 01:00:00,4237.691893363725
11968,2024-06-08 02:00:00,4095.621023564563
11969,2024-06-08 03:00:00,3968.0537199351056
11970,2024-06-08 04:00:00,3946.0314023199144
11971,2024-06-08 05:00:00,4070.285055285131
11972,2024-06-08 06:00:00,4296.879835645127
11973,2024-06-08 07:00:00,4539.625600428645
11974,2024-06-08 08:00:00,4742.424407570983
11975,2024-06-08 09:00:00,4911.002539818779
11976,2024-06-08 10:00:00,5080.23403763226
11977,2024-06-08 11:00:00,5259.838187650585
11978,2024-06-08 12:00:00,5419.360633122699
11979,2024-06-08 13:00:00,5526.5478345192005
11980,2024-06-08 14:00:00,5592.435714132859
11981,2024-06-08 15:00:00,5666.763644078963
11982,2024-06-08 16:00:00,5780.32925485893
11983,2024-06-08 17:00:00,5892.001717582443
11984,2024-06-08 18:00:00,5901.898249458042
11985,2024-06-08 19:00:00,5730.301102429612
11986,2024-06-08 20:00:00,5393.851642498503
11987,2024-06-08 21:00:00,5005.700078964444
11988,2024-06-08 22:00:00,4693.571426631083
11989,2024-06-08 23:00:00,4506.457365341974
11990,2024-06-09 00:00:00,4392.648262656399
11991,2024-06-09 01:00:00,4266.1953592485215
11992,2024-06-09 02:00:00,4097.608363781699
11993,2024-06-09 03:00:00,3944.720919263933
11994,2024-06-09 04:00:00,3898.776916794076
11995,2024-06-09 05:00:00,4000.694215034649
11996,2024-06-09 06:00:00,4206.7074212891075
11997,2024-06-09 07:00:00,4430.776799830495
11998,2024-06-09 08:00:00,4616.934377258973
11999,2024-06-09 09:00:00,4771.014810153267
12000,2024-06-09 10:00:00,4927.978013194719
12001,2024-06-09 11:00:00,5097.6060028450365
12002,2024-06-09 12:00:00,5249.48362902105
12003,2024-06-09 13:00:00,5351.372925596461
12004,2024-06-09 14:00:00,5414.301912718078
12005,2024-06-09 15:00:00,5487.979006734563
12006,2024-06-09 16:00:00,5603.148507714884
12007,2024-06-09 17:00:00,5718.604807729902
12008,2024-06-09 18:00:00,5734.370056475087
12009,2024-06-09 19:00:00,5570.6125284177515
12010,2024-06-09 20:00:00,5243.84228075042
12011,2024-06-09 21:00:00,4867.062640798031
12012,2024-06-09 22:00:00,4567.838083311404
12013,2024-06-09 23:00:00,4394.98813764705
12014,2024-06-10 00:00:00,4375.031348987477
12015,2024-06-10 01:00:00,4265.010561154751
12016,2024-06-10 02:00:00,4113.6515026417865
12017,2024-06-10 03:00:00,3978.59142616631
12018,2024-06-10 04:00:00,3950.877512171288
12019,2024-06-10 05:00:00,4071.232861173771
12020,2024-06-10 06:00:00,4295.7014880267725
12021,2024-06-10 07:00:00,4538.059356939364
12022,2024-06-10 08:00:00,4742.162501949836
12023,2024-06-10 09:00:00,4913.679774706816
12024,2024-06-10 10:00:00,5087.417195515089
12025,2024-06-10 11:00:00,5273.016343591941
12026,2024-06-10 12:00:00,5439.93644137768
12027,2024-06-10 13:00:00,5555.829849297074
12028,2024-06-10 14:00:00,5631.631791731515
12029,2024-06-10 15:00:00,5716.975461188899
12030,2024-06-10 16:00:00,5842.547964402028
12031,2024-06-10 17:00:00,5967.104750558207
12032,2024-06-10 18:00:00,5990.647258100204
12033,2024-06-10 19:00:00,5833.341027579743
12034,2024-06-10 20:00:00,5511.710875595602
12035,2024-06-10 21:00:00,5138.791677791102
12036,2024-06-10 22:00:00,4842.195332561938
12037,2024-06-10 23:00:00,4670.803560298858
12038,2024-06-11 00:00:00,4572.800794597025
12039,2024-06-11 01:00:00,4462.137157009399
12040,2024-06-11 02:00:00,4309.226755299791
12041,2024-06-11 03:00:00,4171.81376141926
12042,2024-06-11 04:00:00,4141.059240902601
12043,2024-06-11 05:00:00,4257.805288602706
12044,2024-06-11 06:00:00,4478.218125238752
12045,2024-06-11 07:00:00,4716.197219679951
12046,2024-06-11 08:00:00,4915.721507675831
12047,2024-06-11 09:00:00,5082.580274624272
12048,2024-06-11 10:00:00,5251.6957036134745
12049,2024-06-11 11:00:00,5432.819548686075
12050,2024-06-11 12:00:00,5595.513611258228
12051,2024-06-11 13:00:00,5707.523757196528
12052,2024-06-11 14:00:00,5779.868315214324
12053,2024-06-11 15:00:00,5862.252020566723
12054,2024-06-11 16:00:00,5985.420983191339
12055,2024-06-11 17:00:00,6108.176332943801
12056,2024-06-11 18:00:00,6130.551288496887
12057,2024-06-11 19:00:00,5972.728904232177
12058,2024-06-11 20:00:00,5651.237094818411
12059,2024-06-11 21:00:00,5279.099486390624
12060,2024-06-11 22:00:00,4983.9026648029185
12061,2024-06-11 23:00:00,4814.489470879185
12062,2024-06-12 00:00:00,4718.992591979932
12063,2024-06-12 01:00:00,4611.298431134533
12064,2024-06-12 02:00:00,4461.74648113943
12065,2024-06-12 03:00:00,4327.996644496081
12066,2024-06-12 04:00:00,4301.117453363064
12067,2024-06-12 05:00:00,4421.85172518156
12068,2024-06-12 06:00:00,4646.261286916631
12069,2024-06-12 07:00:00,4888.137810317981
12070,2024-06-12 08:00:00,5091.350804841532
12071,2024-06-12 09:00:00,5261.580311110516
12072,2024-06-12 10:00:00,5433.641270668357
12073,2024-06-12 11:00:00,5617.182006603756
12074,2024-06-12 12:00:00,5781.666467355254
12075,2024-06-12 13:00:00,5894.749946295082
12076,2024-06-12 14:00:00,5967.369093556415
12077,2024-06-12 15:00:00,6049.157360963891
12078,2024-06-12 16:00:00,6170.801337592034
12079,2024-06-12 17:00:00,6291.055608509082
12080,2024-06-12 18:00:00,6309.92086545625
12081,2024-06-12 19:00:00,6147.562507814421
12082,2024-06-12 20:00:00,5820.506320299199
12083,2024-06-12 21:00:00,5441.789765464188
12084,2024-06-12 22:00:00,5139.029453598919
12085,2024-06-12 23:00:00,4961.114434661186
12086,2024-06-13 00:00:00,4856.239559470619
12087,2024-06-13 01:00:00,4738.368892313243
12088,2024-06-13 02:00:00,4577.934405934618
12089,2024-06-13 03:00:00,4432.702406725384
12090,2024-06-13 04:00:00,4393.86065393674
12091,2024-06-13 05:00:00,4502.282720839938
12092,2024-06-13 06:00:00,4714.171245922086
12093,2024-06-13 07:00:00,4943.46713394169
12094,2024-06-13 08:00:00,5134.195773200616
12095,2024-06-13 09:00:00,5292.197833494809
12096,2024-06-13 10:00:00,5452.451644139968
12097,2024-06-13 11:00:00,5624.76961103759
12098,2024-06-13 12:00:00,5778.778351386393
12099,2024-06-13 13:00:00,5882.292285219661
12100,2024-06-13 14:00:00,5946.401527314824
12101,2024-06-13 15:00:00,6020.885247654178
12102,2024-06-13 16:00:00,6136.565985018326
12103,2024-06-13 17:00:00,6252.322572678278
12104,2024-06-13 18:00:00,6268.266430351716
12105,2024-06-13 19:00:00,6104.658485241185
12106,2024-06-13 20:00:00,5778.103331088836
12107,2024-06-13 21:00:00,5401.699184293065
12108,2024-06-13 22:00:00,5103.104218329813
12109,2024-06-13 23:00:00,4931.228937508086
12110,2024-06-14 00:00:00,4834.268850961923
12111,2024-06-14 01:00:00,4726.167440055383
12112,2024-06-14 02:00:00,4577.314658191986
12113,2024-06-14 03:00:00,4445.413415823645
12114,2024-06-14 04:00:00,4421.567016406246
12115,2024-06-14 05:00:00,4546.544089859072
12116,2024-06-14 06:00:00,4776.422667341411
12117,2024-06-14 07:00:00,5025.000449382587
12118,2024-06-14 08:00:00,5236.142323335783
12119,2024-06-14 09:00:00,5415.512681062824
12120,2024-06-14 10:00:00,5597.899519762761
12121,2024-06-14 11:00:00,5792.912766417132
12122,2024-06-14 12:00:00,5969.966482974801
12123,2024-06-14 13:00:00,6096.654668136656
12124,2024-06-14 14:00:00,6183.841474311941
12125,2024-06-14 15:00:00,6281.076981169064
12126,2024-06-14 16:00:00,6418.9539823969135
12127,2024-06-14 17:00:00,6556.123416058181
12128,2024-06-14 18:00:00,6592.47316332115
12129,2024-06-14 19:00:00,6448.0474490352
12130,2024-06-14 20:00:00,6139.243423754225
12131,2024-06-14 21:00:00,5778.963457809029
12132,2024-06-14 22:00:00,5494.683700366491
12133,2024-06-14 23:00:00,5335.148538735074
12134,2024-06-15 00:00:00,5169.995408960994
12135,2024-06-15 01:00:00,5069.858633152594
12136,2024-06-15 02:00:00,4926.610739018176
12137,2024-06-15 03:00:00,4797.869379299263
12138,2024-06-15 04:00:00,4774.676038205778
12139,2024-06-15 05:00:00,4897.761763674514
12140,2024-06-15 06:00:00,5123.191774875044
12141,2024-06-15 07:00:00,5364.775990187623
12142,2024-06-15 08:00:00,5566.416527894477
12143,2024-06-15 09:00:00,5733.839730041189
12144,2024-06-15 10:00:00,5901.919695382863
12145,2024-06-15 11:00:00,6080.37576781875
12146,2024-06-15 12:00:00,6238.753646831031
12147,2024-06-15 13:00:00,6344.799848065335
12148,2024-06-15 14:00:00,6409.5503479786785
12149,2024-06-15 15:00:00,6482.7445717865
12150,2024-06-15 16:00:00,6595.180202046502
12151,2024-06-15 17:00:00,6705.726460871828
12152,2024-06-15 18:00:00,6714.500615429434
12153,2024-06-15 19:00:00,6541.784966556332
12154,2024-06-15 20:00:00,6204.220928074757
12155,2024-06-15 21:00:00,5814.958756069665
12156,2024-06-15 22:00:00,5501.723511042742
12157,2024-06-15 23:00:00,5313.506917471762
12158,2024-06-16 00:00:00,5198.59938647263
12159,2024-06-16 01:00:00,5071.052201224439
12160,2024-06-16 02:00:00,4901.375111801626
12161,2024-06-16 03:00:00,4747.401801523087
12162,2024-06-16 04:00:00,4700.37620077509
12163,2024-06-16 05:00:00,4801.2162063863425
12164,2024-06-16 06:00:00,5006.156462734548
12165,2024-06-16 07:00:00,5229.157270136523
12166,2024-06-16 08:00:00,5414.250690090407
12167,2024-06-16 09:00:00,5567.271413006136
12168,2024-06-16 10:00:00,5723.179386308107
12169,2024-06-16 11:00:00,5891.756658139797
12170,2024-06-16 12:00:00,6042.588108964422
12171,2024-06-16 13:00:00,6143.435802125054
12172,2024-06-16 14:00:00,6205.32778616794
12173,2024-06-16 15:00:00,6277.972504726473
12174,2024-06-16 16:00:00,6392.1142840702005
12175,2024-06-16 17:00:00,6506.5475413739505
12176,2024-06-16 18:00:00,6521.294450358509
12177,2024-06-16 19:00:00,6356.523308410494
12178,2024-06-16 20:00:00,6028.744194545519
12179,2024-06-16 21:00:00,5650.960456839998
12180,2024-06-16 22:00:00,5350.736589689265
12181,2024-06-16 23:00:00,5176.892141007092
12182,2024-06-17 00:00:00,5155.945673437902
12183,2024-06-17 01:00:00,5044.940047200902
12184,2024-06-17 02:00:00,4892.60100606494
12185,2024-06-17 03:00:00,4756.565816959791
12186,2024-06-17 04:00:00,4727.881673449435
12187,2024-06-17 05:00:00,4847.271688089163
12188,2024-06-17 06:00:00,5070.779886680805
12189,2024-06-17 07:00:00,5312.182243307246
12190,2024-06-17 08:00:00,5515.3348008158555
12191,2024-06-17 09:00:00,5685.906418558617
12192,2024-06-17 10:00:00,5858.703123490434
12193,2024-06-17 11:00:00,6043.3665003925
12194,2024-06-17 12:00:00,6209.3557762382015
12195,2024-06-17 13:00:00,6324.323314846673
12196,2024-06-17 14:00:00,6399.204342990947
12197,2024-06-17 15:00:00,6483.63205447867
12198,2024-06-17 16:00:00,6608.293556307592
12199,2024-06-17 17:00:00,6731.944296836953
12200,2024-06-17 18:00:00,6754.585712656305
12201,2024-06-17 19:00:00,6596.383341412817
12202,2024-06-17 20:00:00,6273.861995734862
12203,2024-06-17 21:00:00,5900.056546283273
12204,2024-06-17 22:00:00,5602.578885413755
12205,2024-06-17 23:00:00,5430.3107264119
12206,2024-06-18 00:00:00,5331.436494801565
12207,2024-06-18 01:00:00,5219.906302989135
12208,2024-06-18 02:00:00,5066.134248584166
12209,2024-06-18 03:00:00,4927.864492355962
12210,2024-06-18 04:00:00,4896.258087659615
12211,2024-06-18 05:00:00,5012.157116128365
12212,2024-06-18 06:00:00,5231.727784289426
12213,2024-06-18 07:00:00,5468.869545797631
12214,2024-06-18 08:00:00,5667.561320198318
12215,2024-06-18 09:00:00,5833.592375691763
12216,2024-06-18 10:00:00,6001.884877189971
12217,2024-06-18 11:00:00,6182.190559568964
12218,2024-06-18 12:00:00,6344.071204108379
12219,2024-06-18 13:00:00,6455.272655566827
12220,2024-06-18 14:00:00,6526.813220583686
12221,2024-06-18 15:00:00,6608.397611385943
12222,2024-06-18 16:00:00,6730.771913917095
12223,2024-06-18 17:00:00,6852.737233116856
12224,2024-06-18 18:00:00,6874.326761770429
12225,2024-06-18 19:00:00,6715.723527457154
12226,2024-06-18 20:00:00,6393.455417109853
12227,2024-06-18 21:00:00,6020.546028207156
12228,2024-06-18 22:00:00,5724.581917019632
12229,2024-06-18 23:00:00,5554.4058938928665
12230,2024-06-19 00:00:00,5458.150614795811
12231,2024-06-19 01:00:00,5349.70245047455
12232,2024-06-19 02:00:00,5199.4008605540785
12233,2024-06-19 03:00:00,5064.905713480341
12234,2024-06-19 04:00:00,5037.285506483226
12235,2024-06-19 05:00:00,5157.28302119676
12236,2024-06-19 06:00:00,5380.960047937789
12237,2024-06-19 07:00:00,5622.108220924708
12238,2024-06-19 08:00:00,5824.597011295855
12239,2024-06-19 09:00:00,5994.106420432863
12240,2024-06-19 10:00:00,6165.451349875656
12241,2024-06-19 11:00:00,6348.280081853365
12242,2024-06-19 12:00:00,6512.056523143409
12243,2024-06-19 13:00:00,6624.43592464545
12244,2024-06-19 14:00:00,6696.354893218738
12245,2024-06-19 15:00:00,6777.446836631896
12246,2024-06-19 16:00:00,6898.398299101913
12247,2024-06-19 17:00:00,7017.963820095662
12248,2024-06-19 18:00:00,7036.144044953005
12249,2024-06-19 19:00:00,6873.104325918701
12250,2024-06-19 20:00:00,6545.370399817693
12251,2024-06-19 21:00:00,6165.9796805737
12252,2024-06-19 22:00:00,5862.548729106396
12253,2024-06-19 23:00:00,5683.966545293053
12254,2024-06-20 00:00:00,5578.427929150802
12255,2024-06-20 01:00:00,5459.896893461234
12256,2024-06-20 02:00:00,5298.805358772265
12257,2024-06-20 03:00:00,5152.919578584038
12258,2024-06-20 04:00:00,5113.4272585941635
12259,2024-06-20 05:00:00,5221.201917825196
12260,2024-06-20 06:00:00,5432.446139887437
12261,2024-06-20 07:00:00,5661.100773994762
12262,2024-06-20 08:00:00,5851.191152258343
12263,2024-06-20 09:00:00,6008.557887694771
12264,2024-06-20 10:00:00,6168.179252165165
12265,2024-06-20 11:00:00,6339.867593539663
12266,2024-06-20 12:00:00,6493.24947035715
12267,2024-06-20 13:00:00,6596.139243451295
12268,2024-06-20 14:00:00,6659.626967763526
12269,2024-06-20 15:00:00,6733.491752896282
12270,2024-06-20 16:00:00,6848.556076675964
12271,2024-06-20 17:00:00,6963.698710900448
12272,2024-06-20 18:00:00,6979.031013227839
12273,2024-06-20 19:00:00,6814.813848295932
12274,2024-06-20 20:00:00,6487.651746765808
12275,2024-06-20 21:00:00,6110.642861434236
12276,2024-06-20 22:00:00,5811.445301679563
12277,2024-06-20 23:00:00,5638.969507218419
12278,2024-06-21 00:00:00,5541.410922131707
12279,2024-06-21 01:00:00,5432.712962234177
12280,2024-06-21 02:00:00,5283.26551495026
12281,2024-06-21 03:00:00,5150.771424287935
12282,2024-06-21 04:00:00,5126.33392683161
12283,2024-06-21 05:00:00,5250.7215852009
12284,2024-06-21 06:00:00,5480.012362838521
12285,2024-06-21 07:00:00,5728.003892160405
12286,2024-06-21 08:00:00,5938.560992003672
12287,2024-06-21 09:00:00,6117.347985338818
12288,2024-06-21 10:00:00,6299.152800101501
12289,2024-06-21 11:00:00,6493.585293653379
12290,2024-06-21 12:00:00,6670.05945795828
12291,2024-06-21 13:00:00,6796.169221420496
12292,2024-06-21 14:00:00,6882.778665799604
12293,2024-06-21 15:00:00,6979.4377998169675
12294,2024-06-21 16:00:00,7116.73934589919
12295,2024-06-21 17:00:00,7253.334170553284
12296,2024-06-21 18:00:00,7289.110083122743
12297,2024-06-21 19:00:00,7144.111236338479
12298,2024-06-21 20:00:00,6834.734708395947
12299,2024-06-21 21:00:00,6473.882797010673
12300,2024-06-21 22:00:00,6189.031578496476
12301,2024-06-21 23:00:00,6028.92536707773
12302,2024-06-22 00:00:00,5863.201525522063
12303,2024-06-22 01:00:00,5762.4943024226695
12304,2024-06-22 02:00:00,5618.6761518139865
12305,2024-06-22 03:00:00,5489.36465256126
12306,2024-06-22 04:00:00,5465.601214836886
12307,2024-06-22 05:00:00,5588.116812385575
12308,2024-06-22 06:00:00,5812.976590026132
12309,2024-06-22 07:00:00,6053.990391667099
12310,2024-06-22 08:00:00,6255.060260983273
12311,2024-06-22 09:00:00,6421.91246530781
12312,2024-06-22 10:00:00,6589.421028580552
12313,2024-06-22 11:00:00,6767.305219802065
12314,2024-06-22 12:00:00,6925.110663457626
12315,2024-06-22 13:00:00,7030.583800160648
12316,2024-06-22 14:00:00,7094.760531250951
12317,2024-06-22 15:00:00,7167.380206803322
12318,2024-06-22 16:00:00,7279.240434191645
12319,2024-06-22 17:00:00,7389.210360328016
12320,2024-06-22 18:00:00,7397.407177169788
12321,2024-06-22 19:00:00,7224.113110340213
12322,2024-06-22 20:00:00,6885.96949847315
12323,2024-06-22 21:00:00,6496.1265224807175
12324,2024-06-22 22:00:00,6182.309167729163
12325,2024-06-22 23:00:00,5993.509083603921
12326,2024-06-23 00:00:00,5878.01660620355
12327,2024-06-23 01:00:00,5749.882943733615
12328,2024-06-23 02:00:00,5579.617771402026
12329,2024-06-23 03:00:00,5425.054697738515
12330,2024-06-23 04:00:00,5377.437578449982
12331,2024-06-23 05:00:00,5477.68423579975
12332,2024-06-23 06:00:00,5682.029239724081
12333,2024-06-23 07:00:00,5904.432816240403
12334,2024-06-23 08:00:00,6088.926952684749
12335,2024-06-23 09:00:00,6241.34626548113
12336,2024-06-23 10:00:00,6396.650628242795
12337,2024-06-23 11:00:00,6564.622015452973
12338,2024-06-23 12:00:00,6714.845234134047
12339,2024-06-23 13:00:00,6815.082274382563
12340,2024-06-23 14:00:00,6876.361111726912
12341,2024-06-23 15:00:00,6948.390116982151
12342,2024-06-23 16:00:00,7061.913543868681
12343,2024-06-23 17:00:00,7175.725737228104
12344,2024-06-23 18:00:00,7189.848798726096
12345,2024-06-23 19:00:00,7024.450953959564
12346,2024-06-23 20:00:00,6696.042210438627
12347,2024-06-23 21:00:00,6317.625845006799
12348,2024-06-23 22:00:00,6016.766281150709
12349,2024-06-23 23:00:00,5842.282996178455
12350,2024-06-24 00:00:00,5820.694482443066
12351,2024-06-24 01:00:00,5709.043530213969
12352,2024-06-24 02:00:00,5556.055813652506
12353,2024-06-24 03:00:00,5419.368530438983
12354,2024-06-24 04:00:00,5390.028805234931
12355,2024-06-24 05:00:00,5508.759682092481
12356,2024-06-24 06:00:00,5731.605118676133
12357,2024-06-24 07:00:00,5972.341021331997
12358,2024-06-24 08:00:00,6174.823365570284
12359,2024-06-24 09:00:00,6344.720943842238
12360,2024-06-24 10:00:00,6516.839716596578
12361,2024-06-24 11:00:00,6700.821202559331
12362,2024-06-24 12:00:00,6866.124563096091
12363,2024-06-24 13:00:00,6980.402096867276
12364,2024-06-24 14:00:00,7054.58896594924
12365,2024-06-24 15:00:00,7138.318299933388
12366,2024-06-24 16:00:00,7262.27714208654
12367,2024-06-24 17:00:00,7385.2208775135205
12368,2024-06-24 18:00:00,7407.150880072025
12369,2024-06-24 19:00:00,7248.232625171014
12370,2024-06-24 20:00:00,6924.990863748164
12371,2024-06-24 21:00:00,6550.460405269774
12372,2024-06-24 22:00:00,6252.253081468531
12373,2024-06-24 23:00:00,6079.250545538229
12374,2024-06-25 00:00:00,5979.637163468461
12375,2024-06-25 01:00:00,5867.362988703236
12376,2024-06-25 02:00:00,5712.842060465161
12377,2024-06-25 03:00:00,5573.818481724647
12378,2024-06-25 04:00:00,5541.453248612209
12379,2024-06-25 05:00:00,5656.588386166937
12380,2024-06-25 06:00:00,5875.39004491133
12381,2024-06-25 07:00:00,6111.757623119802
12382,2024-06-25 08:00:00,6309.669985579493
12383,2024-06-25 09:00:00,6474.916346386774
12384,2024-06-25 10:00:00,6642.418816968857
12385,2024-06-25 11:00:00,6821.929079376926
12386,2024-06-25 12:00:00,6983.008862734551
12387,2024-06-25 13:00:00,7093.403960302742
12388,2024-06-25 14:00:00,7164.1326279007735
12389,2024-06-25 15:00:00,7244.899527612999
12390,2024-06-25 16:00:00,7366.450695949585
12391,2024-06-25 17:00:00,7487.587189088055
12392,2024-06-25 18:00:00,7508.342151776436
12393,2024-06-25 19:00:00,7348.89856426549
12394,2024-06-25 20:00:00,7025.78426688518
12395,2024-06-25 21:00:00,6652.022811217568
12396,2024-06-25 22:00:00,6355.20070839943
12397,2024-06-25 23:00:00,6184.16072437572
12398,2024-06-26 00:00:00,6087.0354714369005
12399,2024-06-26 01:00:00,5977.711277444621
12400,2024-06-26 02:00:00,5826.527559879792
12401,2024-06-26 03:00:00,5691.144145822103
12402,2024-06-26 04:00:00,5662.629491892745
12403,2024-06-26 05:00:00,5781.726339925204
12404,2024-06-26 06:00:00,6004.4964411971505
12405,2024-06-26 07:00:00,6244.731391698294
12406,2024-06-26 08:00:00,6446.300625130556
12407,2024-06-26 09:00:00,6614.884106247278
12408,2024-06-26 10:00:00,6785.296700761055
12409,2024-06-26 11:00:00,6967.186655930915
12410,2024-06-26 12:00:00,7130.017844331908
12411,2024-06-26 13:00:00,7241.445483510646
12412,2024-06-26 14:00:00,7312.4061478250005
12413,2024-06-26 15:00:00,7392.53321336047
12414,2024-06-26 16:00:00,7512.513193501115
12415,2024-06-26 17:00:00,7631.100597727285
12416,2024-06-26 18:00:00,7648.296042257803
12417,2024-06-26 19:00:00,7484.264851063559
12418,2024-06-26 20:00:00,7155.532733552914
12419,2024-06-26 21:00:00,6775.137077124095
12420,2024-06-26 22:00:00,6470.694417025653
12421,2024-06-26 23:00:00,6291.093728344781
12422,2024-06-27 00:00:00,6184.529787184653
12423,2024-06-27 01:00:00,6064.966583319497
12424,2024-06-27 02:00:00,5902.836015150364
12425,2024-06-27 03:00:00,5755.904314942166
12426,2024-06-27 04:00:00,5715.359168050997
12427,2024-06-27 05:00:00,5822.074074059396
12428,2024-06-27 06:00:00,6032.251598032342
12429,2024-06-27 07:00:00,6259.832571556595
12430,2024-06-27 08:00:00,6448.842310034634
12431,2024-06-27 09:00:00,6605.121410665518
12432,2024-06-27 10:00:00,6763.648130427766
12433,2024-06-27 11:00:00,6934.23480322499
12434,2024-06-27 12:00:00,7086.507974558489
12435,2024-06-27 13:00:00,7188.2819931259055
12436,2024-06-27 14:00:00,7250.646902697186
12437,2024-06-27 15:00:00,7323.381802602061
12438,2024-06-27 16:00:00,7437.309161359322
12439,2024-06-27 17:00:00,7551.307742355595
12440,2024-06-27 18:00:00,7565.488895808405
12441,2024-06-27 19:00:00,7400.113479857255
12442,2024-06-27 20:00:00,7071.786019531512
12443,2024-06-27 21:00:00,6693.604663061661
12444,2024-06-27 22:00:00,6393.227516119718
12445,2024-06-27 23:00:00,6219.565015682909
12446,2024-06-28 00:00:00,6120.812604034689
12447,2024-06-28 01:00:00,6010.913696162398
12448,2024-06-28 02:00:00,5860.258179583539
12449,2024-06-28 03:00:00,5726.548899369619
12450,2024-06-28 04:00:00,5700.889094115308
12451,2024-06-28 05:00:00,5824.047329404044
12452,2024-06-28 06:00:00,6052.101572585517
12453,2024-06-28 07:00:00,6298.849460945623
12454,2024-06-28 08:00:00,6508.1558191559025
12455,2024-06-28 09:00:00,6685.684976947983
12456,2024-06-28 10:00:00,6866.22486999317
12457,2024-06-28 11:00:00,7059.385364337631
12458,2024-06-28 12:00:00,7234.580461589325
12459,2024-06-28 13:00:00,7359.404100730631
12460,2024-06-28 14:00:00,7444.720375081214
12461,2024-06-28 15:00:00,7540.079305853631
12462,2024-06-28 16:00:00,7676.0736289253055
12463,2024-06-28 17:00:00,7811.354225201751
12464,2024-06-28 18:00:00,7845.808919388916
12465,2024-06-28 19:00:00,7699.481880515616
12466,2024-06-28 20:00:00,7388.770204039825
12467,2024-06-28 21:00:00,7026.576205825783
12468,2024-06-28 22:00:00,6740.375981388549
12469,2024-06-28 23:00:00,6578.913865018224
12470,2024-06-29 00:00:00,6411.827240517125
12471,2024-06-29 01:00:00,6309.750378439567
12472,2024-06-29 02:00:00,6164.555755742188
12473,2024-06-29 03:00:00,6033.860975132396
12474,2024-06-29 04:00:00,6008.7074715703475
12475,2024-06-29 05:00:00,6129.826244514267
12476,2024-06-29 06:00:00,6353.282465429385
12477,2024-06-29 07:00:00,6592.886005797832
12478,2024-06-29 08:00:00,6792.5389377943475
12479,2024-06-29 09:00:00,6957.967558171507
12480,2024-06-29 10:00:00,7124.045921219761
12481,2024-06-29 11:00:00,7300.493327192682
12482,2024-06-29 12:00:00,7456.85543275065
12483,2024-06-29 13:00:00,7560.878711591654
12484,2024-06-29 14:00:00,7623.599099045396
12485,2024-06-29 15:00:00,7694.755980085018
12486,2024-06-29 16:00:00,7805.146997871345
12487,2024-06-29 17:00:00,7913.641336024001
12488,2024-06-29 18:00:00,7920.356224071769
12489,2024-06-29 19:00:00,7745.573926118954
12490,2024-06-29 20:00:00,7405.935820160637
12491,2024-06-29 21:00:00,7014.592127351792
12492,2024-06-29 22:00:00,6699.267874167703
12493,2024-06-29 23:00:00,6508.95475199202
12494,2024-06-30 00:00:00,6391.943139778039
12495,2024-06-30 01:00:00,6262.2842894531295
12496,2024-06-30 02:00:00,6090.48792080858
12497,2024-06-30 03:00:00,5934.387687803669
12498,2024-06-30 04:00:00,5885.227492440768
12499,2024-06-30 05:00:00,5983.925204084612
12500,2024-06-30 06:00:00,6186.715440677915
12501,2024-06-30 07:00:00,6407.558477008959
