,ds,yhat
0,2023-01-01 23:00:00,-433.9161708513244
1,2023-01-02 00:00:00,6.795973183848673
2,2023-01-02 01:00:00,-6.7371684850062366
3,2023-01-02 02:00:00,-11.602976696890096
4,2023-01-02 04:00:00,-37.02976069360983
5,2023-01-02 05:00:00,-29.14692907602722
6,2023-01-02 06:00:00,29.667754794986934
7,2023-01-02 07:00:00,147.4005240003054
8,2023-01-02 08:00:00,297.2213850266698
9,2023-01-02 09:00:00,429.06144292071247
10,2023-01-02 10:00:00,500.7982759206096
11,2023-01-02 11:00:00,506.343864514097
12,2023-01-02 12:00:00,478.93818511460915
13,2023-01-02 13:00:00,466.86414272096533
14,2023-01-02 14:00:00,499.96656367301364
15,2023-01-02 15:00:00,571.2837372152513
16,2023-01-02 16:00:00,644.8074395017608
17,2023-01-02 17:00:00,680.2397430769255
18,2023-01-02 18:00:00,655.4532537686889
19,2023-01-02 19:00:00,573.5393327138992
20,2023-01-02 20:00:00,455.5279055916094
21,2023-01-02 21:00:00,328.61935611579014
22,2023-01-02 22:00:00,217.49212261287397
23,2023-01-02 23:00:00,138.97482988967687
24,2023-01-03 00:00:00,97.57279820970552
25,2023-01-03 01:00:00,83.23081377556781
26,2023-01-03 03:00:00,62.13358485257356
27,2023-01-03 04:00:00,44.1515172613918
28,2023-01-03 05:00:00,47.260340166084404
29,2023-01-03 06:00:00,100.5385095076048
30,2023-01-03 07:00:00,212.07894391617458
31,2023-01-03 08:00:00,355.1633792794066
32,2023-01-03 09:00:00,479.83815746184723
33,2023-01-03 10:00:00,544.0980415044335
34,2023-01-03 11:00:00,541.9725826934073
35,2023-01-03 12:00:00,506.81816942715653
36,2023-01-03 13:00:00,487.0314521464968
37,2023-01-03 14:00:00,512.5668844816125
38,2023-01-03 15:00:00,576.5668875959268
39,2023-01-03 16:00:00,643.1205885942427
40,2023-01-03 17:00:00,672.0194519075183
41,2023-01-03 18:00:00,641.2164601394907
42,2023-01-03 19:00:00,553.8734147403804
43,2023-01-03 20:00:00,431.0799696721556
44,2023-01-03 21:00:00,300.08490412956826
45,2023-01-03 22:00:00,185.6032599480803
46,2023-01-03 23:00:00,104.48818100044977
47,2023-01-04 00:00:00,61.25729877203764
48,2023-01-04 01:00:00,45.85554895762908
49,2023-01-04 02:00:00,38.76843442011091
50,2023-01-04 03:00:00,24.88728137840951
51,2023-01-04 04:00:00,8.036168391803699
52,2023-01-04 05:00:00,12.93070643522401
53,2023-01-04 06:00:00,68.59507027204893
54,2023-01-04 07:00:00,183.05932131198318
55,2023-01-04 08:00:00,329.5348267335687
56,2023-01-04 09:00:00,457.9912113953227
57,2023-01-04 10:00:00,526.3414184945594
58,2023-01-04 11:00:00,528.5293870482847
59,2023-01-04 12:00:00,497.82345790009913
60,2023-01-04 13:00:00,482.53118382582005
61,2023-01-04 14:00:00,512.5182646725531
62,2023-01-04 15:00:00,580.8400954705742
63,2023-01-04 16:00:00,651.5018592257396
64,2023-01-04 17:00:00,684.2154647912771
65,2023-01-04 18:00:00,656.8599683029112
66,2023-01-04 19:00:00,572.5300314755724
67,2023-01-04 20:00:00,452.25601401816334
68,2023-01-04 21:00:00,323.2361914973751
69,2023-01-04 22:00:00,210.1447113720546
70,2023-01-04 23:00:00,129.80411276556327
71,2023-01-05 00:00:00,86.71224484616675
72,2023-01-05 01:00:00,70.80546089599267
73,2023-01-05 02:00:00,62.57209783548785
74,2023-01-05 04:00:00,27.692258064112764
75,2023-01-05 05:00:00,29.647864725718534
76,2023-01-05 06:00:00,81.85615314639787
77,2023-01-05 07:00:00,192.40460108240902
78,2023-01-05 08:00:00,334.5712903635598
79,2023-01-05 09:00:00,458.4009751627227
80,2023-01-05 10:00:00,521.8891310471392
81,2023-01-05 11:00:00,519.0685057237428
82,2023-01-05 12:00:00,483.3012978993321
83,2023-01-05 13:00:00,462.9926557903694
84,2023-01-05 14:00:00,488.10823340397997
85,2023-01-05 15:00:00,551.804310575286
86,2023-01-05 16:00:00,618.1864274449223
87,2023-01-05 17:00:00,647.0648530483463
88,2023-01-05 18:00:00,616.4135461340472
89,2023-01-05 19:00:00,529.4171810469536
90,2023-01-05 20:00:00,407.1898552983212
91,2023-01-05 21:00:00,277.00598894808815
92,2023-01-05 22:00:00,163.60704648994707
93,2023-01-05 23:00:00,83.87292395740863
94,2023-01-06 00:00:00,42.34785187533839
95,2023-01-06 01:00:00,29.002705595306736
96,2023-01-06 02:00:00,24.347745475361933
97,2023-01-06 03:00:00,13.297341506108637
98,2023-01-06 04:00:00,-0.3036303351163383
99,2023-01-06 05:00:00,8.278466289797962
100,2023-01-06 06:00:00,68.08254868716682
101,2023-01-06 07:00:00,187.14965013052878
102,2023-01-06 08:00:00,338.6978817527175
103,2023-01-06 09:00:00,472.69896533450776
104,2023-01-06 10:00:00,547.0629201199082
105,2023-01-06 11:00:00,555.7254182431194
106,2023-01-06 12:00:00,531.9409265670092
107,2023-01-06 13:00:00,523.9973158194841
108,2023-01-06 14:00:00,561.7346626644403
109,2023-01-06 15:00:00,638.1767362960788
110,2023-01-06 16:00:00,717.291104389416
111,2023-01-06 17:00:00,758.7461606083389
112,2023-01-06 18:00:00,740.3717133578515
113,2023-01-06 19:00:00,665.207689038046
114,2023-01-06 20:00:00,554.224546107785
115,2023-01-06 21:00:00,434.5558894829917
116,2023-01-06 22:00:00,330.80689482750626
117,2023-01-06 23:00:00,259.7273645821545
118,2023-01-07 00:00:00,13.659486815631283
119,2023-01-07 01:00:00,6.6207221132575
120,2023-01-07 02:00:00,6.939436895237009
121,2023-01-07 04:00:00,-12.10937639641304
122,2023-01-07 05:00:00,-3.037313885425192
123,2023-01-07 06:00:00,55.64815106264808
124,2023-01-07 07:00:00,171.9571395904027
125,2023-01-07 08:00:00,319.09344628836175
126,2023-01-07 09:00:00,447.0314388907534
127,2023-01-07 10:00:00,513.7009187372537
128,2023-01-07 11:00:00,513.0744534916363
129,2023-01-07 12:00:00,478.4602989359207
130,2023-01-07 13:00:00,458.2165923238953
131,2023-01-07 14:00:00,482.2695468070118
132,2023-01-07 15:00:00,543.7441447615186
133,2023-01-07 16:00:00,606.7232732939364
134,2023-01-07 17:00:00,631.0036148051067
135,2023-01-07 18:00:00,594.5549449798016
136,2023-01-07 19:00:00,500.5674059505976
137,2023-01-07 20:00:00,370.170367337153
138,2023-01-07 21:00:00,230.663382268664
139,2023-01-07 22:00:00,106.82286729987891
140,2023-01-07 23:00:00,15.57334798174702
141,2023-01-08 00:00:00,-38.48687880346597
142,2023-01-08 01:00:00,-65.3237728099644
143,2023-01-08 02:00:00,-84.35524367923489
144,2023-01-08 04:00:00,-140.08652052176012
145,2023-01-08 05:00:00,-148.02598049593848
146,2023-01-08 06:00:00,-105.26600997795771
147,2023-01-08 07:00:00,-3.6599366861916565
148,2023-01-08 08:00:00,130.12033242852362
149,2023-01-08 09:00:00,246.1599021053242
150,2023-01-08 10:00:00,302.4845939873268
151,2023-01-08 11:00:00,293.14729056481076
152,2023-01-08 12:00:00,251.5200462649749
153,2023-01-08 13:00:00,226.00765721897193
154,2023-01-08 14:00:00,246.56542621328242
155,2023-01-08 15:00:00,306.3296252768369
156,2023-01-08 16:00:00,369.3766014051703
157,2023-01-08 17:00:00,395.4788381979967
158,2023-01-08 18:00:00,362.56462311277016
159,2023-01-08 19:00:00,273.7658833184977
160,2023-01-08 20:00:00,150.13779548918538
161,2023-01-08 21:00:00,18.890667308319507
162,2023-01-08 22:00:00,-95.30229198498466
163,2023-01-08 23:00:00,-175.63248363151502
164,2023-01-09 00:00:00,-5.549119206429907
165,2023-01-09 01:00:00,-19.314786103937024
166,2023-01-09 02:00:00,-24.412986886575936
167,2023-01-09 04:00:00,-50.30406017520579
168,2023-01-09 05:00:00,-42.65307636016456
169,2023-01-09 06:00:00,15.929990196461972
170,2023-01-09 07:00:00,133.43139700112388
171,2023-01-09 08:00:00,283.0211749388022
172,2023-01-09 09:00:00,414.6304534733187
173,2023-01-09 10:00:00,486.13683518067216
174,2023-01-09 11:00:00,491.45232489675425
175,2023-01-09 12:00:00,463.8169233518999
176,2023-01-09 13:00:00,451.5135598181828
177,2023-01-09 14:00:00,484.3870848905593
178,2023-01-09 15:00:00,555.4758120230026
179,2023-01-09 16:00:00,628.7715415433825
180,2023-01-09 17:00:00,663.9763701259437
181,2023-01-09 18:00:00,638.9629276963587
182,2023-01-09 19:00:00,556.8225994319379
183,2023-01-09 20:00:00,438.5853349986064
184,2023-01-09 21:00:00,311.45154206537205
185,2023-01-09 22:00:00,200.09968284492297
186,2023-01-09 23:00:00,121.35840597763107
187,2023-01-10 00:00:00,79.73305549785275
188,2023-01-10 01:00:00,65.16844133412985
189,2023-01-10 02:00:00,58.16188828271976
190,2023-01-10 04:00:00,25.425626166830455
191,2023-01-10 05:00:00,28.314811422375953
192,2023-01-10 06:00:00,81.3741497373197
193,2023-01-10 07:00:00,192.69658304024196
194,2023-01-10 08:00:00,335.56387044111074
195,2023-01-10 09:00:00,460.02237692941196
196,2023-01-10 10:00:00,524.066888600662
197,2023-01-10 11:00:00,521.7269797066275
198,2023-01-10 12:00:00,486.3590615281404
199,2023-01-10 13:00:00,466.35980727796687
200,2023-01-10 14:00:00,491.68369329312617
201,2023-01-10 15:00:00,555.4731633279232
202,2023-01-10 16:00:00,621.8173669865731
203,2023-01-10 17:00:00,650.5077910962193
204,2023-01-10 18:00:00,619.4974405656442
205,2023-01-10 19:00:00,531.948139032432
206,2023-01-10 20:00:00,408.94956253419696
207,2023-01-10 21:00:00,277.75051225161445
208,2023-01-10 22:00:00,163.0660518785224
209,2023-01-10 23:00:00,81.74934703513654
210,2023-01-11 00:00:00,38.31805083390401
211,2023-01-11 01:00:00,22.7171204940484
212,2023-01-11 02:00:00,15.432080258639132
213,2023-01-11 03:00:00,1.3542776194074122
214,2023-01-11 04:00:00,-15.692187719378921
215,2023-01-11 05:00:00,-10.991683770326347
216,2023-01-11 06:00:00,44.479985113422345
217,2023-01-11 07:00:00,158.752901094867
218,2023-01-11 08:00:00,305.03845198061003
219,2023-01-11 09:00:00,433.3062830994751
220,2023-01-11 10:00:00,501.46935799695405
221,2023-01-11 11:00:00,503.47163589425816
222,2023-01-11 12:00:00,472.58147769879054
223,2023-01-11 13:00:00,457.106456091414
224,2023-01-11 14:00:00,486.91229069832707
225,2023-01-11 15:00:00,555.0543961650654
226,2023-01-11 16:00:00,625.5379749656108
227,2023-01-11 17:00:00,658.074955265982
228,2023-01-11 18:00:00,630.544412370765
229,2023-01-11 19:00:00,546.0410269943065
230,2023-01-11 20:00:00,425.5951776828251
231,2023-01-11 21:00:00,296.405158696831
232,2023-01-11 22:00:00,183.14513601206062
233,2023-01-11 23:00:00,102.63766710695234
234,2023-01-12 00:00:00,59.380619334595906
235,2023-01-12 01:00:00,43.31036401054433
236,2023-01-12 02:00:00,34.9152558925619
237,2023-01-12 04:00:00,-0.2828244919311942
238,2023-01-12 05:00:00,1.51632144611699
239,2023-01-12 06:00:00,53.56994512640887
240,2023-01-12 07:00:00,163.96554127018916
241,2023-01-12 08:00:00,305.981208508005
242,2023-01-12 09:00:00,429.6617176028647
243,2023-01-12 10:00:00,493.00256056664375
244,2023-01-12 11:00:00,490.03650132546386
245,2023-01-12 12:00:00,454.12575464056147
246,2023-01-12 13:00:00,433.67548458845454
247,2023-01-12 14:00:00,458.6513608409647
248,2023-01-12 15:00:00,522.2096787118145
249,2023-01-12 16:00:00,588.4559936154728
250,2023-01-12 17:00:00,617.2005896847431
251,2023-01-12 18:00:00,586.4174405449778
252,2023-01-12 19:00:00,499.29123523431144
253,2023-01-12 20:00:00,376.93608575306934
254,2023-01-12 21:00:00,246.62642645086024
255,2023-01-12 22:00:00,133.10373589671954
256,2023-01-12 23:00:00,53.247924010741485
257,2023-01-13 00:00:00,11.603234987697363
258,2023-01-13 01:00:00,-1.859442355285637
259,2023-01-13 02:00:00,-6.62983440153954
260,2023-01-13 03:00:00,-17.793558116791985
261,2023-01-13 04:00:00,-31.505724679549076
262,2023-01-13 05:00:00,-23.032685143490255
263,2023-01-13 06:00:00,36.6644902210092
264,2023-01-13 07:00:00,155.6268468760601
265,2023-01-13 08:00:00,307.07250793248113
266,2023-01-13 09:00:00,440.973206927566
267,2023-01-13 10:00:00,515.2389746555344
268,2023-01-13 11:00:00,523.8054945659838
269,2023-01-13 12:00:00,499.9272446260303
270,2023-01-13 13:00:00,491.89210644302517
271,2023-01-13 14:00:00,529.5401673315127
272,2023-01-13 15:00:00,605.895206933589
273,2023-01-13 16:00:00,684.9248031102503
274,2023-01-13 17:00:00,726.2973595259697
275,2023-01-13 18:00:00,707.8426943309521
276,2023-01-13 19:00:00,632.6007434474536
277,2023-01-13 20:00:00,521.5419746412954
278,2023-01-13 21:00:00,401.80000189616976
279,2023-01-13 22:00:00,297.9800097073079
280,2023-01-13 23:00:00,226.83180912795842
281,2023-01-14 00:00:00,-19.302403401990716
282,2023-01-14 01:00:00,-26.405159155954834
283,2023-01-14 02:00:00,-26.14808380358926
284,2023-01-14 03:00:00,-33.706801443562256
285,2023-01-14 04:00:00,-45.313090631091995
286,2023-01-14 05:00:00,-36.295567590937026
287,2023-01-14 06:00:00,22.337738792518508
288,2023-01-14 07:00:00,138.59695638652715
289,2023-01-14 08:00:00,285.6858862726859
290,2023-01-14 09:00:00,413.5789024364375
291,2023-01-14 10:00:00,480.2058122399344
292,2023-01-14 11:00:00,479.5391891158175
293,2023-01-14 12:00:00,444.8872943850079
294,2023-01-14 13:00:00,424.60827059711085
295,2023-01-14 14:00:00,448.62833595763027
296,2023-01-14 15:00:00,510.072477658495
297,2023-01-14 16:00:00,573.0235873720097
298,2023-01-14 17:00:00,597.278351842743
299,2023-01-14 18:00:00,560.806550833114
300,2023-01-14 19:00:00,466.7983303264536
301,2023-01-14 20:00:00,336.38306354703616
302,2023-01-14 21:00:00,196.86030698717173
303,2023-01-14 22:00:00,73.0064803112694
304,2023-01-14 23:00:00,-18.253888047738087
305,2023-01-15 00:00:00,-72.3224985798825
306,2023-01-15 01:00:00,-99.1653086521926
307,2023-01-15 02:00:00,-118.20022576175893
308,2023-01-15 03:00:00,-144.4329077864889
309,2023-01-15 04:00:00,-173.93097825084266
310,2023-01-15 05:00:00,-181.86646457149533
311,2023-01-15 06:00:00,-139.1000444390969
312,2023-01-15 07:00:00,-37.48504463978492
313,2023-01-15 08:00:00,96.30662854102508
314,2023-01-15 09:00:00,212.36008028305974
315,2023-01-15 10:00:00,268.7011324208231
316,2023-01-15 11:00:00,259.3826674017648
317,2023-01-15 12:00:00,217.7767393430036
318,2023-01-15 13:00:00,192.28814385348707
319,2023-01-15 14:00:00,212.87218292651852
320,2023-01-15 15:00:00,272.6651275738119
321,2023-01-15 16:00:00,335.74332352131734
322,2023-01-15 17:00:00,361.8792528596093
323,2023-01-15 18:00:00,329.00120129633876
324,2023-01-15 19:00:00,240.24109400579118
325,2023-01-15 20:00:00,116.65410543098665
326,2023-01-15 21:00:00,-14.549459220676454
327,2023-01-15 22:00:00,-128.6963934258822
328,2023-01-15 23:00:00,-208.97810138529513
329,2023-01-16 00:00:00,-38.84379785867691
330,2023-01-16 01:00:00,-52.55607368916844
331,2023-01-16 02:00:00,-57.598435100673385
332,2023-01-16 03:00:00,-69.12845803194955
333,2023-01-16 04:00:00,-83.37050063399363
334,2023-01-16 05:00:00,-75.65635696657148
335,2023-01-16 06:00:00,-17.00769932664423
336,2023-01-16 07:00:00,100.55252564574815
337,2023-01-16 08:00:00,250.2035432384326
338,2023-01-16 09:00:00,381.8764775886357
339,2023-01-16 10:00:00,453.4489257123118
340,2023-01-16 11:00:00,458.83288665770647
341,2023-01-16 12:00:00,431.2683551139828
342,2023-01-16 13:00:00,419.0382541143819
343,2023-01-16 14:00:00,451.98742775416946
344,2023-01-16 15:00:00,523.1541827707111
345,2023-01-16 16:00:00,596.530312559045
346,2023-01-16 17:00:00,631.8179066036205
347,2023-01-16 18:00:00,606.889587436032
348,2023-01-16 19:00:00,524.8367326076593
349,2023-01-16 20:00:00,406.68928392591204
350,2023-01-16 21:00:00,279.6476409925717
351,2023-01-16 22:00:00,168.3902577176455
352,2023-01-16 23:00:00,89.74577421615137
353,2023-01-17 00:00:00,48.219525790324326
354,2023-01-17 01:00:00,33.75631339402878
355,2023-01-17 02:00:00,26.85345265216091
356,2023-01-17 03:00:00,12.425652484720217
357,2023-01-17 04:00:00,-5.668591043091453
358,2023-01-17 05:00:00,-2.668899119648131
359,2023-01-17 06:00:00,50.503197512446945
360,2023-01-17 07:00:00,161.94063052531655
361,2023-01-17 08:00:00,304.9251485570866
362,2023-01-17 09:00:00,429.50310591784677
363,2023-01-17 10:00:00,493.6692778144436
364,2023-01-17 11:00:00,491.4532274066189
365,2023-01-17 12:00:00,456.2113546595822
366,2023-01-17 13:00:00,436.3403212925961
367,2023-01-17 14:00:00,461.7945919173148
368,2023-01-17 15:00:00,525.7165983812077
369,2023-01-17 16:00:00,592.1954781690054
370,2023-01-17 17:00:00,621.0227057921977
371,2023-01-17 18:00:00,590.1512736473651
372,2023-01-17 19:00:00,502.74299265890056
373,2023-01-17 20:00:00,379.88752597107685
374,2023-01-17 21:00:00,248.83366163909994
375,2023-01-17 22:00:00,134.29645009035318
376,2023-01-17 23:00:00,53.129043454204634
377,2023-01-18 00:00:00,9.849081171603189
378,2023-01-18 01:00:00,-5.598493399065035
379,2023-01-18 02:00:00,-12.72817005131111
380,2023-01-18 03:00:00,-26.64861552496876
381,2023-01-18 04:00:00,-43.53574453437477
382,2023-01-18 05:00:00,-38.67393967281612
383,2023-01-18 06:00:00,16.960979931448264
384,2023-01-18 07:00:00,131.39908148412664
385,2023-01-18 08:00:00,277.85173768805976
386,2023-01-18 09:00:00,406.28857856218997
387,2023-01-18 10:00:00,474.6225521772791
388,2023-01-18 11:00:00,476.79760211712676
389,2023-01-18 12:00:00,446.08207348199124
390,2023-01-18 13:00:00,430.78352297577845
391,2023-01-18 14:00:00,460.7676540824365
392,2023-01-18 15:00:00,529.0898651388624
393,2023-01-18 16:00:00,599.7553421643594
394,2023-01-18 17:00:00,632.4759966874551
395,2023-01-18 18:00:00,605.1308872334173
396,2023-01-18 19:00:00,520.8146775786445
397,2023-01-18 20:00:00,400.55772918119163
398,2023-01-18 21:00:00,271.5583190451716
399,2023-01-18 22:00:00,158.49059576261095
400,2023-01-18 23:00:00,78.17709926850057
401,2023-01-19 00:00:00,35.11567922384796
402,2023-01-19 01:00:00,19.24268911298492
403,2023-01-19 02:00:00,11.046465719754167
404,2023-01-19 03:00:00,-4.567362401575451
405,2023-01-19 04:00:00,-23.749059272641773
406,2023-01-19 05:00:00,-21.74627930648387
407,2023-01-19 06:00:00,30.512524638735556
408,2023-01-19 07:00:00,141.11482863018946
409,2023-01-19 08:00:00,283.33871251070286
410,2023-01-19 09:00:00,407.22892814499403
411,2023-01-19 10:00:00,470.7809484979832
412,2023-01-19 11:00:00,468.0275183373984
413,2023-01-19 12:00:00,432.3308331516408
414,2023-01-19 13:00:00,412.09603760667517
415,2023-01-19 14:00:00,437.2887818669172
416,2023-01-19 15:00:00,501.0653416075884
417,2023-01-19 16:00:00,567.5312525088522
418,2023-01-19 17:00:00,596.4967788393906
419,2023-01-19 18:00:00,565.9358742655362
420,2023-01-19 19:00:00,479.03320775763655
421,2023-01-19 20:00:00,356.9028711491883
422,2023-01-19 21:00:00,226.81927850160633
423,2023-01-19 22:00:00,113.52388802402382
424,2023-01-19 23:00:00,33.89658916310049
425,2023-01-20 00:00:00,-7.5183944537777165
426,2023-01-20 01:00:00,-20.7501946666668
427,2023-01-20 02:00:00,-25.288558607404184
428,2023-01-20 03:00:00,-36.21912407175745
429,2023-01-20 04:00:00,-49.69702317197505
430,2023-01-20 05:00:00,-40.988627954736046
431,2023-01-20 06:00:00,18.94497021773759
432,2023-01-20 07:00:00,138.14479564205027
433,2023-01-20 08:00:00,289.8289501820137
434,2023-01-20 09:00:00,423.96914607156134
435,2023-01-20 10:00:00,498.47539270469593
436,2023-01-20 11:00:00,507.283352075481
437,2023-01-20 12:00:00,483.64748062872275
438,2023-01-20 13:00:00,475.8556383805884
439,2023-01-20 14:00:00,513.7478909924002
440,2023-01-20 15:00:00,590.3479963875366
441,2023-01-20 16:00:00,669.6235106680247
442,2023-01-20 17:00:00,711.2428156574015
443,2023-01-20 18:00:00,693.0357076332987
444,2023-01-20 19:00:00,618.0421005840295
445,2023-01-20 20:00:00,507.2324402969428
446,2023-01-20 21:00:00,387.7403187368849
447,2023-01-20 22:00:00,284.1708983057178
448,2023-01-20 23:00:00,213.2739679701196
449,2023-01-21 00:00:00,-170.17671019735297
450,2023-01-21 01:00:00,-177.02686524218774
451,2023-01-21 02:00:00,-176.51655726920393
452,2023-01-21 03:00:00,-183.82143262676254
453,2023-01-21 04:00:00,-195.1732921531546
454,2023-01-21 05:00:00,-185.90077438189468
455,2023-01-21 06:00:00,-127.01193054015283
456,2023-01-21 07:00:00,-10.49665511740352
457,2023-01-21 08:00:00,136.8488305981393
458,2023-01-21 09:00:00,264.9988781831625
459,2023-01-21 10:00:00,331.8832725919999
460,2023-01-21 11:00:00,331.47456483267473
461,2023-01-21 12:00:00,297.08099379461595
462,2023-01-21 13:00:00,277.06067957008173
463,2023-01-21 14:00:00,301.33981792636007
464,2023-01-21 15:00:00,363.0433735964987
465,2023-01-21 16:00:00,426.2542157965111
466,2023-01-21 17:00:00,450.7690088141086
467,2023-01-21 18:00:00,414.5575099673915
468,2023-01-21 19:00:00,320.80984279212396
469,2023-01-21 20:00:00,190.65535806545998
470,2023-01-21 21:00:00,51.39358986516066
471,2023-01-21 22:00:00,-72.19906456332018
472,2023-01-21 23:00:00,-163.19809918701702
473,2023-01-22 00:00:00,-113.36905008238739
474,2023-01-22 01:00:00,-139.95027056701144
475,2023-01-22 02:00:00,-158.72350368895445
476,2023-01-22 03:00:00,-184.6944296409514
477,2023-01-22 04:00:00,-213.9306942331114
478,2023-01-22 05:00:00,-221.6043471406901
479,2023-01-22 06:00:00,-178.57608829273613
480,2023-01-22 07:00:00,-76.69926666693323
481,2023-01-22 08:00:00,57.35418929817905
482,2023-01-22 09:00:00,173.66936264968416
483,2023-01-22 10:00:00,230.2720531446614
484,2023-01-22 11:00:00,221.21512118964182
485,2023-01-22 12:00:00,179.870598914527
486,2023-01-22 13:00:00,154.6432599648804
487,2023-01-22 14:00:00,175.4883844527858
488,2023-01-22 15:00:00,235.54222153388298
489,2023-01-22 16:00:00,298.8810951416293
490,2023-01-22 17:00:00,325.2774656266158
491,2023-01-22 18:00:00,292.6595970248974
492,2023-01-22 19:00:00,204.15939288831294
493,2023-01-22 20:00:00,80.8320060956053
494,2023-01-22 21:00:00,-50.11227962778668
495,2023-01-22 22:00:00,-164.00027918761748
496,2023-01-22 23:00:00,-244.02341814206648
497,2023-01-23 00:00:00,-92.90961114077533
498,2023-01-23 01:00:00,-106.36411302615954
499,2023-01-23 02:00:00,-111.14912977269057
500,2023-01-23 03:00:00,-122.42225837453242
501,2023-01-23 04:00:00,-136.4078779625067
502,2023-01-23 05:00:00,-128.43780349338073
503,2023-01-23 06:00:00,-69.53372808603916
504,2023-01-23 07:00:00,48.29058018280972
505,2023-01-23 08:00:00,198.205126468448
506,2023-01-23 09:00:00,330.1410143430427
507,2023-01-23 10:00:00,401.9758203658361
508,2023-01-23 11:00:00,407.6215232179301
509,2023-01-23 12:00:00,380.3180973217399
510,2023-01-23 13:00:00,368.34844552387415
511,2023-01-23 14:00:00,401.5573918553664
512,2023-01-23 15:00:00,472.98322307910945
513,2023-01-23 16:00:00,546.6177127163021
514,2023-01-23 17:00:00,582.1629304879939
515,2023-01-23 18:00:00,557.4914792717681
516,2023-01-23 19:00:00,475.6947170651588
517,2023-01-23 20:00:00,357.8025662381631
518,2023-01-23 21:00:00,231.01540707748035
519,2023-01-23 22:00:00,120.01167427720173
520,2023-01-23 23:00:00,41.61998885059995
521,2023-01-24 00:00:00,-235.50865706311436
522,2023-01-24 01:00:00,-249.72083297046407
523,2023-01-24 02:00:00,-256.37356617830756
524,2023-01-24 03:00:00,-270.55216637983733
525,2023-01-24 04:00:00,-288.3981559856805
526,2023-01-24 05:00:00,-285.1511745568773
527,2023-01-24 06:00:00,-231.7327710506981
528,2023-01-24 07:00:00,-120.0500318990492
529,2023-01-24 08:00:00,23.178773569186717
530,2023-01-24 09:00:00,147.99998182928627
531,2023-01-24 10:00:00,212.4083503971874
532,2023-01-24 11:00:00,210.43342486665975
533,2023-01-24 12:00:00,175.43158778363374
534,2023-01-24 13:00:00,155.79948358556246
535,2023-01-24 14:00:00,181.49155974317404
536,2023-01-24 15:00:00,245.65023110747669
537,2023-01-24 16:00:00,312.36461830552025
538,2023-01-24 17:00:00,341.42617915471214
539,2023-01-24 18:00:00,310.78788948179874
540,2023-01-24 19:00:00,223.61154380655086
541,2023-01-24 20:00:00,100.98678901504422
542,2023-01-24 21:00:00,-29.837602941519094
543,2023-01-24 22:00:00,-144.14659759665795
544,2023-01-24 23:00:00,-225.0870586101662
545,2023-01-25 00:00:00,20.923866006487515
546,2023-01-25 01:00:00,5.7006477340277115
547,2023-01-25 02:00:00,-1.2059903483947778
548,2023-01-25 03:00:00,-14.904730149994123
549,2023-01-25 04:00:00,-31.571501377580546
550,2023-01-25 05:00:00,-26.490701484628744
551,2023-01-25 06:00:00,29.361835736789487
552,2023-01-25 07:00:00,144.0161629743021
553,2023-01-25 08:00:00,290.6836385841607
554,2023-01-25 09:00:00,419.33387840302765
555,2023-01-25 10:00:00,487.8798164996575
556,2023-01-25 11:00:00,490.2653826094695
557,2023-01-25 12:00:00,459.7589081660508
558,2023-01-25 13:00:00,444.6679363752758
559,2023-01-25 14:00:00,474.858157394993
560,2023-01-25 15:00:00,543.3849564129836
561,2023-01-25 16:00:00,614.2535064641669
562,2023-01-25 17:00:00,647.1757062919849
563,2023-01-25 18:00:00,620.030601785872
564,2023-01-25 19:00:00,535.9128442821545
565,2023-01-25 20:00:00,415.8527829729319
566,2023-01-25 21:00:00,287.0486827788802
567,2023-01-25 22:00:00,174.17468037942356
568,2023-01-25 23:00:00,94.05330399137637
569,2023-01-26 00:00:00,51.18239173155587
570,2023-01-26 01:00:00,35.49828572572767
571,2023-01-26 02:00:00,27.489311584374093
572,2023-01-26 03:00:00,12.06108687006116
573,2023-01-26 04:00:00,-6.936663235627407
574,2023-01-26 05:00:00,-4.751603777397293
575,2023-01-26 06:00:00,47.687801968336714
576,2023-01-26 07:00:00,158.46901982045875
577,2023-01-26 08:00:00,300.8701195571551
578,2023-01-26 09:00:00,424.9358432015004
579,2023-01-26 10:00:00,488.66165402179854
580,2023-01-26 11:00:00,486.0802873063716
581,2023-01-26 12:00:00,450.5539292378525
582,2023-01-26 13:00:00,430.487715389841
583,2023-01-26 14:00:00,455.84728700937137
584,2023-01-26 15:00:00,519.7889110497797
585,2023-01-26 16:00:00,586.4181146586186
586,2023-01-26 17:00:00,615.5451537813042
587,2023-01-26 18:00:00,585.1439739321532
588,2023-01-26 19:00:00,498.39923614135876
589,2023-01-26 20:00:00,376.42502447221807
590,2023-01-26 21:00:00,246.49574544735304
591,2023-01-26 22:00:00,133.35284990437702
592,2023-01-26 23:00:00,53.876220116775926
593,2023-01-27 00:00:00,12.610072749565859
594,2023-01-27 01:00:00,-0.4747308279212348
595,2023-01-27 02:00:00,-4.8679443180101885
596,2023-01-27 03:00:00,-15.655211909276261
597,2023-01-27 04:00:00,-28.9916718994221
598,2023-01-27 05:00:00,-20.14370232742982
599,2023-01-27 06:00:00,39.927599647547254
600,2023-01-27 07:00:00,159.26325272522197
601,2023-01-27 08:00:00,311.08135336405564
602,2023-01-27 09:00:00,445.3536085935339
603,2023-01-27 10:00:00,519.9900227997204
604,2023-01-27 11:00:00,528.926253169537
605,2023-01-27 12:00:00,505.4167515232754
606,2023-01-27 13:00:00,497.74937347253797
607,2023-01-27 14:00:00,535.7641804475422
608,2023-01-27 15:00:00,612.4849263536955
609,2023-01-27 16:00:00,691.8791634631764
610,2023-01-27 17:00:00,733.6152699684919
611,2023-01-27 18:00:00,715.5230387145957
612,2023-01-27 19:00:00,640.6423804501383
613,2023-01-27 20:00:00,529.9437379301705
614,2023-01-27 21:00:00,410.560700249826
615,2023-01-27 22:00:00,307.0984271833058
616,2023-01-27 23:00:00,236.3067052295811
617,2023-01-28 00:00:00,-9.47229358366377
618,2023-01-28 01:00:00,-16.221124796182437
619,2023-01-28 02:00:00,-15.611438158431156
620,2023-01-28 03:00:00,-22.81888170839119
621,2023-01-28 04:00:00,-34.07525776374928
622,2023-01-28 05:00:00,-24.709206152748038
623,2023-01-28 06:00:00,34.27122080179396
624,2023-01-28 07:00:00,150.87612770612708
625,2023-01-28 08:00:00,298.3092925538428
626,2023-01-28 09:00:00,426.5450664003063
627,2023-01-28 10:00:00,493.51323386803887
628,2023-01-28 11:00:00,493.18634582752617
629,2023-01-28 12:00:00,458.87264120594955
630,2023-01-28 13:00:00,438.9302403460234
631,2023-01-28 14:00:00,463.28533942913685
632,2023-01-28 15:00:00,525.0629038085839
633,2023-01-28 16:00:00,588.3458034979642
634,2023-01-28 17:00:00,612.9307037720503
635,2023-01-28 18:00:00,576.7873631234515
636,2023-01-28 19:00:00,483.10590644304716
637,2023-01-28 20:00:00,353.01568605434
638,2023-01-28 21:00:00,213.81623776008377
639,2023-01-28 22:00:00,90.2839607142541
640,2023-01-28 23:00:00,-0.6566369629135238
641,2023-01-29 00:00:00,-54.40727586667094
642,2023-01-29 01:00:00,-80.93393327427901
643,2023-01-29 02:00:00,-99.65453639204111
644,2023-01-29 03:00:00,-125.57476260779055
645,2023-01-29 04:00:00,-154.7622547408493
646,2023-01-29 05:00:00,-162.3890593015172
647,2023-01-29 06:00:00,-119.31587287808918
648,2023-01-29 07:00:00,-17.39604093241644
649,2023-01-29 08:00:00,116.6985117797457
650,2023-01-29 09:00:00,233.05287217672083
651,2023-01-29 10:00:00,289.6928440533234
652,2023-01-29 11:00:00,280.67129200991246
653,2023-01-29 12:00:00,239.36025255700332
654,2023-01-29 13:00:00,214.16450388625685
655,2023-01-29 14:00:00,235.0393308127947
656,2023-01-29 15:00:00,295.1209873728251
657,2023-01-29 16:00:00,358.4858025507414
658,2023-01-29 17:00:00,384.9062418933531
659,2023-01-29 18:00:00,352.3105748095031
660,2023-01-29 19:00:00,263.830710383761
661,2023-01-29 20:00:00,140.52180719128728
662,2023-01-29 21:00:00,9.594154797269994
663,2023-01-29 22:00:00,-104.27905568392731
664,2023-01-29 23:00:00,-184.2892436452624
665,2023-01-30 00:00:00,-13.885638818558903
666,2023-01-30 01:00:00,-27.33084676905611
667,2023-01-30 02:00:00,-32.10838824198089
668,2023-01-30 03:00:00,-43.37585344733742
669,2023-01-30 04:00:00,-57.35761459375027
670,2023-01-30 05:00:00,-49.38547954940975
671,2023-01-30 06:00:00,9.5188657913194
672,2023-01-30 07:00:00,127.33416028362211
673,2023-01-30 08:00:00,277.2379175762328
674,2023-01-30 09:00:00,409.1612489162867
675,2023-01-30 10:00:00,480.9817386530562
676,2023-01-30 11:00:00,486.61137341458897
677,2023-01-30 12:00:00,459.2901357073796
678,2023-01-30 13:00:00,447.30093659732023
679,2023-01-30 14:00:00,480.488608468135
680,2023-01-30 15:00:00,551.891446574829
681,2023-01-30 16:00:00,625.5012330657894
682,2023-01-30 17:00:00,661.0200464067298
683,2023-01-30 18:00:00,636.3204983625828
684,2023-01-30 19:00:00,554.4939559436784
685,2023-01-30 20:00:00,436.57035066304513
686,2023-01-30 21:00:00,309.75007206275484
687,2023-01-30 22:00:00,198.71156422089388
688,2023-01-30 23:00:00,120.28345767143841
689,2023-01-31 00:00:00,78.9710783742999
690,2023-01-31 01:00:00,64.71921817036832
691,2023-01-31 02:00:00,58.02518381732227
692,2023-01-31 04:00:00,25.91318120514319
693,2023-01-31 05:00:00,29.114071271627154
694,2023-01-31 06:00:00,82.48480715691099
695,2023-01-31 07:00:00,194.11831285130776
696,2023-01-31 08:00:00,337.2963295509242
697,2023-01-31 09:00:00,462.0652043761073
698,2023-01-31 10:00:00,526.4197055698646
699,2023-01-31 11:00:00,524.3893895652882
700,2023-01-31 12:00:00,489.3306498505946
701,2023-01-31 13:00:00,469.64014189793176
702,2023-01-31 14:00:00,495.2723243091756
703,2023-01-31 15:00:00,559.3696231582139
704,2023-01-31 16:00:00,626.0211703994327
705,2023-01-31 17:00:00,655.0184352497797
706,2023-01-31 18:00:00,624.3144050375441
707,2023-01-31 19:00:00,537.0708858679814
708,2023-01-31 20:00:00,414.3775363021549
709,2023-01-31 21:00:00,283.4831400314775
710,2023-01-31 22:00:00,169.10274336928347
711,2023-01-31 23:00:00,88.0894945680904
712,2023-02-02 10:00:00,509.4497242052776
713,2023-02-02 11:00:00,506.7541318990844
714,2023-02-02 12:00:00,471.1126418459336
715,2023-02-02 13:00:00,450.9304031215136
716,2023-02-02 14:00:00,476.17307051274884
717,2023-02-02 15:00:00,539.9969244902866
718,2023-02-02 16:00:00,606.507505744474
719,2023-02-02 17:00:00,635.5150837304361
720,2023-02-02 18:00:00,604.9936174977537
721,2023-02-02 19:00:00,518.127781593925
722,2023-02-02 20:00:00,396.0316735831112
723,2023-02-02 21:00:00,265.9797135038266
724,2023-02-02 22:00:00,152.713365686364
725,2023-02-02 23:00:00,73.11252586653583
726,2023-02-03 00:00:00,31.721424184930754
727,2023-02-03 01:00:00,18.510935465869977
728,2023-02-03 02:00:00,13.991319424456776
729,2023-02-03 03:00:00,3.0769452865228004
730,2023-02-03 04:00:00,-10.387311858171131
731,2023-02-03 05:00:00,-1.667816682592104
732,2023-02-03 06:00:00,58.27434698382194
733,2023-02-03 07:00:00,177.48021115371282
734,2023-02-03 08:00:00,329.1678855741171
735,2023-02-03 09:00:00,463.30909051224603
736,2023-02-03 10:00:00,537.8138435742565
737,2023-02-03 11:00:00,546.6178151285717
738,2023-02-03 12:00:00,522.9754701445627
739,2023-02-03 13:00:00,515.1746773272309
740,2023-02-03 14:00:00,553.0555111841263
741,2023-02-03 15:00:00,629.6417386392001
742,2023-02-03 16:00:00,708.9009249435769
743,2023-02-03 17:00:00,750.5014612205694
744,2023-02-03 18:00:00,732.2731532105381
745,2023-02-03 19:00:00,657.2559244949969
746,2023-02-03 20:00:00,546.420230608997
747,2023-02-03 21:00:00,426.89967339074127
748,2023-02-03 22:00:00,323.29942529092915
749,2023-02-03 23:00:00,252.36928543162452
750,2023-02-04 00:00:00,6.451438401079372
751,2023-02-04 01:00:00,-0.4366588192874019
752,2023-02-04 02:00:00,0.033356452318002994
753,2023-02-04 03:00:00,-7.31415143426176
754,2023-02-04 04:00:00,-18.710972480040766
755,2023-02-04 05:00:00,-9.485734256601233
756,2023-02-04 06:00:00,49.353523097019774
757,2023-02-04 07:00:00,165.81691629379353
758,2023-02-04 08:00:00,313.10823539833916
759,2023-02-04 09:00:00,441.2018434102389
760,2023-02-04 10:00:00,508.0275368678954
761,2023-02-04 11:00:00,507.55787845894054
762,2023-02-04 12:00:00,473.1011188603279
763,2023-02-04 13:00:00,453.0153900833344
764,2023-02-04 14:00:00,477.22689989657385
765,2023-02-04 15:00:00,538.8606251618244
766,2023-02-04 16:00:00,601.9994473100114
767,2023-02-04 17:00:00,626.4400429681814
768,2023-02-04 18:00:00,590.1521818706267
769,2023-02-04 19:00:00,496.3260000791974
770,2023-02-04 20:00:00,366.09086099539235
771,2023-02-04 21:00:00,226.74631141206578
772,2023-02-04 22:00:00,103.06876137061934
773,2023-02-04 23:00:00,11.982729801377616
774,2023-02-05 00:00:00,-41.913493184922686
775,2023-02-05 01:00:00,-68.58587425303432
776,2023-02-05 02:00:00,-87.45233009117311
777,2023-02-05 03:00:00,-113.51852767406348
778,2023-02-05 04:00:00,-142.8520994934251
779,2023-02-05 05:00:00,-150.6250818576907
780,2023-02-05 06:00:00,-107.69816122588378
781,2023-02-05 07:00:00,-5.924673053726167
782,2023-02-05 08:00:00,128.02346780544602
783,2023-02-05 09:00:00,244.23135808130507
784,2023-02-05 10:00:00,300.72481125738244
785,2023-02-05 11:00:00,291.5567015183428
786,2023-02-05 12:00:00,250.09907485775338
787,2023-02-05 13:00:00,224.7567188224576
788,2023-02-05 14:00:00,245.48492749263107
789,2023-02-05 15:00:00,305.4199640433479
790,2023-02-05 16:00:00,368.6381664759099
791,2023-02-05 17:00:00,394.91200927620616
792,2023-02-05 18:00:00,362.16977062605326
793,2023-02-05 19:00:00,273.5433682987872
794,2023-02-05 20:00:00,150.08796943204572
795,2023-02-05 21:00:00,19.013872036786154
796,2023-02-05 22:00:00,-95.00572445631377
797,2023-02-05 23:00:00,-175.1622312319118
798,2023-02-06 00:00:00,-4.904869943997767
799,2023-02-06 01:00:00,-18.496238200282505
800,2023-02-06 02:00:00,-23.419848911063013
801,2023-02-06 03:00:00,-34.83328457791282
802,2023-02-06 04:00:00,-48.960909820140614
803,2023-02-06 05:00:00,-41.134525059126474
804,2023-02-06 06:00:00,17.624191151902153
805,2023-02-06 07:00:00,135.3014853071891
806,2023-02-06 08:00:00,285.067377148362
807,2023-02-06 09:00:00,416.8529848644248
808,2023-02-06 10:00:00,488.53589962775004
809,2023-02-06 11:00:00,494.0281147422353
810,2023-02-06 12:00:00,466.5696192704157
811,2023-02-06 13:00:00,454.44333069772955
812,2023-02-06 14:00:00,487.49408769350816
813,2023-02-06 15:00:00,558.7601916685348
814,2023-02-06 16:00:00,632.233430782198
815,2023-02-06 17:00:00,667.6158893979513
816,2023-02-06 18:00:00,642.7801850201715
817,2023-02-06 19:00:00,560.8176902739563
818,2023-02-06 20:00:00,442.7583421507094
819,2023-02-06 21:00:00,315.8025355347906
820,2023-02-06 22:00:00,204.62871969904242
821,2023-02-06 23:00:00,126.06553024474405
822,2023-02-07 00:00:00,84.61829806640827
823,2023-02-07 01:00:00,70.23181978145195
824,2023-02-07 02:00:00,63.40340679898725
825,2023-02-07 03:00:00,49.047763918388284
826,2023-02-07 04:00:00,31.02338318122395
827,2023-02-07 05:00:00,34.090639465321146
828,2023-02-07 06:00:00,87.32799821555457
829,2023-02-07 07:00:00,198.82838736835816
830,2023-02-07 08:00:00,341.8735519228091
831,2023-02-07 09:00:00,466.50984266469925
832,2023-02-07 10:00:00,530.7320313597966
833,2023-02-07 11:00:00,528.5696778266336
834,2023-02-07 12:00:00,493.3791787805677
835,2023-02-07 13:00:00,473.55719280517155
836,2023-02-07 14:00:00,499.05818144399154
837,2023-02-07 15:00:00,563.0245735900157
838,2023-02-07 16:00:00,629.5455038635462
839,2023-02-07 17:00:00,658.412444008181
840,2023-02-07 18:00:00,627.578383736876
841,2023-02-07 19:00:00,540.2051313932996
842,2023-02-07 20:00:00,417.3823476405228
843,2023-02-07 21:00:00,286.35881812437515
844,2023-02-07 22:00:00,171.8495909705079
845,2023-02-07 23:00:00,90.70781609714143
846,2023-02-08 00:00:00,47.4511308197396
847,2023-02-08 01:00:00,32.02447645904783
848,2023-02-08 02:00:00,24.91336129091212
849,2023-02-08 03:00:00,11.009116715590153
850,2023-02-08 04:00:00,-5.8641737362927415
851,2023-02-08 05:00:00,-0.9908943370255656
852,2023-02-08 06:00:00,54.65313419780654
853,2023-02-08 07:00:00,169.0979775971502
854,2023-02-08 08:00:00,315.5550071322948
855,2023-02-08 09:00:00,443.9938514975059
856,2023-02-08 10:00:00,512.3274575558339
857,2023-02-08 11:00:00,514.4997677255724
858,2023-02-08 12:00:00,483.77912604346994
859,2023-02-08 13:00:00,468.47308823826165
860,2023-02-08 14:00:00,498.44735690123787
861,2023-02-08 15:00:00,566.7573295644928
862,2023-02-08 16:00:00,637.4081915109159
863,2023-02-08 17:00:00,670.1118536396586
864,2023-02-08 18:00:00,642.7473739139527
865,2023-02-08 19:00:00,558.4094156332992
866,2023-02-08 20:00:00,438.1283398567406
867,2023-02-08 21:00:00,309.10242328710405
868,2023-02-08 22:00:00,196.00581427295765
869,2023-02-08 23:00:00,115.66105259763626
870,2023-02-09 00:00:00,72.56598785336752
871,2023-02-09 01:00:00,56.65697352945159
872,2023-02-09 02:00:00,48.42234649434158
873,2023-02-09 03:00:00,32.76773546137366
874,2023-02-09 04:00:00,13.54287666038914
875,2023-02-09 05:00:00,15.500115985126456
876,2023-02-09 06:00:00,67.71100097517873
877,2023-02-09 07:00:00,178.2630081681103
878,2023-02-09 08:00:00,320.43421794739504
879,2023-02-09 09:00:00,444.269382812508
880,2023-02-09 10:00:00,507.76397640742044
881,2023-02-09 11:00:00,504.9507442794006
882,2023-02-09 12:00:00,469.19188274679755
883,2023-02-09 13:00:00,448.8925373987831
884,2023-02-09 14:00:00,474.01835938147383
885,2023-02-09 15:00:00,537.7256254332094
886,2023-02-09 16:00:00,604.1198723613436
887,2023-02-09 17:00:00,633.0113656314047
888,2023-02-09 18:00:00,602.3740601851935
889,2023-02-09 19:00:00,515.3926263268976
890,2023-02-09 20:00:00,393.1811572868419
891,2023-02-09 21:00:00,263.01406861791304
892,2023-02-09 22:00:00,149.6328200796361
893,2023-02-09 23:00:00,69.9173027029309
894,2023-02-10 00:00:00,28.411741813776473
895,2023-02-10 01:00:00,15.087007308975501
896,2023-02-10 02:00:00,10.453353864353687
897,2023-02-10 03:00:00,-0.5748544403658684
898,2023-02-10 04:00:00,-14.152747787565488
899,2023-02-10 05:00:00,-5.546696207332616
900,2023-02-10 06:00:00,54.28221098929225
901,2023-02-10 07:00:00,173.37500023093702
902,2023-02-10 08:00:00,324.9497755709704
903,2023-02-10 09:00:00,458.97825149658865
904,2023-02-10 10:00:00,533.3704397064429
905,2023-02-10 11:00:00,542.0620045742024
906,2023-02-10 12:00:00,518.3074049743752
907,2023-02-10 13:00:00,510.3945034144877
908,2023-02-10 14:00:00,548.1633681066202
909,2023-02-10 15:00:00,624.6377595802952
910,2023-02-10 16:00:00,703.7852366112973
911,2023-02-10 17:00:00,745.2741837312724
912,2023-02-10 18:00:00,726.9344000118784
913,2023-02-10 19:00:00,651.8058022720048
914,2023-02-10 20:00:00,540.8588391978259
915,2023-02-10 21:00:00,421.22710567417585
916,2023-02-10 22:00:00,317.51576713357497
917,2023-02-10 23:00:00,246.4746155852606
918,2023-02-11 00:00:00,0.44582841020474007
919,2023-02-11 01:00:00,-6.55314468505253
920,2023-02-11 02:00:00,-6.193948381801022
921,2023-02-11 03:00:00,-13.652225766834192
922,2023-02-11 04:00:00,-25.15977437126446
923,2023-02-11 05:00:00,-16.045229352105423
924,2023-02-11 06:00:00,42.6833614765909
925,2023-02-11 07:00:00,159.03610708229598
926,2023-02-11 08:00:00,306.21678970768863
927,2023-02-11 09:00:00,434.1997644783573
928,2023-02-11 10:00:00,500.914819962745
929,2023-02-11 11:00:00,500.33451083174634
930,2023-02-11 12:00:00,465.7670796716095
931,2023-02-11 13:00:00,445.570650340763
932,2023-02-11 14:00:00,469.67142239125394
933,2023-02-11 15:00:00,531.1943644040324
934,2023-02-11 16:00:00,594.2223494835428
935,2023-02-11 17:00:00,618.552045852674
936,2023-02-11 18:00:00,582.1532147997059
937,2023-02-11 19:00:00,488.21598388301936
938,2023-02-11 20:00:00,357.86970795245577
939,2023-02-11 21:00:00,218.4139251795626
940,2023-02-11 22:00:00,94.62503696177464
941,2023-02-11 23:00:00,3.427553522700066
942,2023-02-12 00:00:00,-50.580243781202284
943,2023-02-12 01:00:00,-77.3643304075523
944,2023-02-12 02:00:00,-96.3426318815068
945,2023-02-12 03:00:00,-122.52082404920486
946,2023-02-12 04:00:00,-151.96654833064775
947,2023-02-12 05:00:00,-159.8518499754511
948,2023-02-12 06:00:00,-117.03742443488028
949,2023-02-12 07:00:00,-15.376616187669185
950,2023-02-12 08:00:00,118.45865085448045
951,2023-02-12 09:00:00,234.5534643493652
952,2023-02-12 10:00:00,290.93362865781626
953,2023-02-12 11:00:00,281.65200882798496
954,2023-02-12 12:00:00,240.0806416923134
955,2023-02-12 13:00:00,214.62430561268587
956,2023-02-12 14:00:00,235.23828546136923
957,2023-02-12 15:00:00,295.0588351816107
958,2023-02-12 16:00:00,358.1622835462134
959,2023-02-12 17:00:00,384.32109576449
960,2023-02-12 18:00:00,351.4635407585063
961,2023-02-12 19:00:00,262.7215270173015
962,2023-02-12 20:00:00,139.1502123669521
963,2023-02-12 21:00:00,7.9598855360483185
964,2023-02-12 22:00:00,-106.17626336037819
965,2023-02-12 23:00:00,-186.44965482062855
966,2023-02-13 00:00:00,-16.309519819439117
967,2023-02-13 01:00:00,-30.01846526729264
968,2023-02-13 02:00:00,-35.06001340319483
969,2023-02-13 03:00:00,-46.59175603584572
970,2023-02-13 04:00:00,-60.83806709128487
971,2023-02-13 05:00:00,-53.130756289586714
972,2023-02-13 06:00:00,5.508488518418233
973,2023-02-13 07:00:00,123.06590454674961
974,2023-02-13 08:00:00,272.71150227768703
975,2023-02-13 09:00:00,404.37639063324747
976,2023-02-13 10:00:00,475.93815155173843
977,2023-02-13 11:00:00,481.3087691176253
978,2023-02-13 12:00:00,453.7282231966907
979,2023-02-13 13:00:00,441.4794220838567
980,2023-02-13 14:00:00,474.40719530514525
981,2023-02-13 15:00:00,545.5498351369974
982,2023-02-13 16:00:00,618.8991206362296
983,2023-02-13 17:00:00,654.1571270907806
984,2023-02-13 18:00:00,629.1964629713641
985,2023-02-13 19:00:00,547.1084918910008
986,2023-02-13 20:00:00,428.9231418673143
987,2023-02-13 21:00:00,301.8407988347869
988,2023-02-13 22:00:00,190.53990318791824
989,2023-02-13 23:00:00,111.84908166162961
990,2023-02-14 00:00:00,70.27365633092211
991,2023-02-14 01:00:00,55.75841505249457
992,2023-02-14 02:00:00,48.80066049960624
993,2023-02-14 03:00:00,34.315088798894806
994,2023-02-14 04:00:00,16.16018336471575
995,2023-02-14 05:00:00,19.09631050184487
996,2023-02-14 06:00:00,72.20192712430253
997,2023-02-14 07:00:00,183.56995270545855
998,2023-02-14 08:00:00,326.4821238412447
999,2023-02-14 09:00:00,450.98478295605
1000,2023-02-14 10:00:00,515.0726935289895
1001,2023-02-14 11:00:00,512.7754071517809
1002,2023-02-14 12:00:00,477.44931238075793
1003,2023-02-14 13:00:00,457.4910596886728
1004,2023-02-14 14:00:00,482.855102603285
1005,2023-02-14 15:00:00,546.683862052644
1006,2023-02-14 16:00:00,613.0664647685038
1007,2023-02-14 17:00:00,641.7887158974543
1008,2023-02-14 18:00:00,610.8092568322533
1009,2023-02-14 19:00:00,523.289888251215
1010,2023-02-14 20:00:00,400.3202632239588
1011,2023-02-14 21:00:00,269.1491599037694
1012,2023-02-14 22:00:00,154.4916189901374
1013,2023-02-14 23:00:00,73.2007830624336
1014,2023-02-15 00:00:00,29.79428217837318
1015,2023-02-15 01:00:00,14.21705050590424
1016,2023-02-15 02:00:00,6.954589231385512
1017,2023-02-15 03:00:00,-7.101777226368313
1018,2023-02-15 04:00:00,-24.127972230251544
1019,2023-02-15 05:00:00,-19.408386853281627
1020,2023-02-15 06:00:00,36.08115148666684
1021,2023-02-15 07:00:00,150.37070190354925
1022,2023-02-15 08:00:00,296.67162917332877
1023,2023-02-15 09:00:00,424.95355556939967
1024,2023-02-15 10:00:00,493.12942165345703
1025,2023-02-15 11:00:00,495.1431636421867
1026,2023-02-15 12:00:00,464.263119475817
1027,2023-02-15 13:00:00,448.7968388930799
1028,2023-02-15 14:00:00,478.61001860145495
1029,2023-02-15 15:00:00,546.7580503655176
1030,2023-02-15 16:00:00,617.2461137980652
1031,2023-02-15 17:00:00,649.7861142657953
1032,2023-02-15 18:00:00,622.2571042868096
1033,2023-02-15 19:00:00,537.7537418487133
1034,2023-02-15 20:00:00,417.30638281199776
1035,2023-02-15 21:00:00,288.11329880165067
1036,2023-02-15 22:00:00,174.84863319992385
1037,2023-02-15 23:00:00,94.33492095866697
1038,2023-02-16 00:00:00,51.070006952823235
1039,2023-02-16 01:00:00,34.990240082277296
1040,2023-02-16 02:00:00,26.583952753578785
1041,2023-02-16 03:00:00,10.756769341727306
1042,2023-02-16 04:00:00,-8.641578122457986
1043,2023-02-16 05:00:00,-6.858747835501958
1044,2023-02-16 06:00:00,45.176803810185106
1045,2023-02-16 07:00:00,155.55254953525974
1046,2023-02-16 08:00:00,297.54656604516265
1047,2023-02-16 09:00:00,421.2036022950112
1048,2023-02-16 10:00:00,484.5191285306157
1049,2023-02-16 11:00:00,481.52588702609063
1050,2023-02-16 12:00:00,445.5860709753333
1051,2023-02-16 13:00:00,425.1048229803859
1052,2023-02-16 14:00:00,450.0477913411076
1053,2023-02-16 15:00:00,513.5712500948384
1054,2023-02-16 16:00:00,579.7807334846156
1055,2023-02-16 17:00:00,608.4865045757928
1056,2023-02-16 18:00:00,577.6625160324346
1057,2023-02-16 19:00:00,490.49343604465184
1058,2023-02-16 20:00:00,368.0933558737113
1059,2023-02-16 21:00:00,237.7366892624359
1060,2023-02-16 22:00:00,124.16489426949028
1061,2023-02-16 23:00:00,44.25786043970828
1062,2023-02-17 00:00:00,2.5598117237207134
1063,2023-02-17 01:00:00,-10.958383192598376
1064,2023-02-17 02:00:00,-15.786470685900781
1065,2023-02-17 04:00:00,-40.78436479177981
1066,2023-02-17 05:00:00,-32.375672949548346
1067,2023-02-17 06:00:00,27.25489822260903
1068,2023-02-17 07:00:00,146.1483748818738
1069,2023-02-17 08:00:00,297.52286097534073
1070,2023-02-17 09:00:00,431.350071043253
1071,2023-02-17 10:00:00,505.54001700974334
1072,2023-02-17 11:00:00,514.0283636219687
1073,2023-02-17 12:00:00,490.06957030357376
1074,2023-02-17 13:00:00,481.95150027079615
1075,2023-02-17 14:00:00,519.5142226093697
1076,2023-02-17 15:00:00,595.7814988912071
1077,2023-02-17 16:00:00,674.7208890917686
1078,2023-02-17 17:00:00,716.0007791329413
1079,2023-02-17 18:00:00,697.4509696156445
1080,2023-02-17 19:00:00,622.1113790762179
1081,2023-02-17 20:00:00,510.9524580828983
1082,2023-02-17 21:00:00,391.10780357410516
1083,2023-02-17 22:00:00,287.1825831981493
1084,2023-02-17 23:00:00,215.92659136331176
1085,2023-02-18 00:00:00,-30.317991986909647
1086,2023-02-18 01:00:00,-37.53371440865857
1087,2023-02-18 02:00:00,-37.39221767263763
1088,2023-02-18 03:00:00,-45.06914178260564
1089,2023-02-18 04:00:00,-56.79628100691514
1090,2023-02-18 05:00:00,-47.90226708397171
1091,2023-02-18 06:00:00,10.604855784548988
1092,2023-02-18 07:00:00,126.73520035751923
1093,2023-02-18 08:00:00,273.6925528175482
1094,2023-02-18 09:00:00,401.45127242641115
1095,2023-02-18 10:00:00,467.9411520605357
1096,2023-02-18 11:00:00,467.1347508784472
1097,2023-02-18 12:00:00,432.3403161161051
1098,2023-02-18 13:00:00,411.9159764822671
1099,2023-02-18 14:00:00,435.78793653129753
1100,2023-02-18 15:00:00,497.08117004167565
1101,2023-02-18 16:00:00,559.8785554831699
1102,2023-02-18 17:00:00,583.9767666245586
1103,2023-02-18 18:00:00,547.3455704785631
1104,2023-02-18 19:00:00,453.1751005018302
1105,2023-02-18 20:00:00,322.5947176276049
1106,2023-02-18 21:00:00,182.90396628204533
1107,2023-02-18 22:00:00,58.87925429744212
1108,2023-02-18 23:00:00,-32.554901494803005
1109,2023-02-19 00:00:00,-86.800212936327
1110,2023-02-19 01:00:00,-113.82264852953585
1111,2023-02-19 02:00:00,-133.0401266435785
1112,2023-02-19 03:00:00,-159.45831580626174
1113,2023-02-19 04:00:00,-189.14484993343643
1114,2023-02-19 05:00:00,-197.27176659544608
1115,2023-02-19 06:00:00,-154.69975338775538
1116,2023-02-19 07:00:00,-53.282146754920916
1117,2023-02-19 08:00:00,80.30913760067068
1118,2023-02-19 09:00:00,196.15919572394424
1119,2023-02-19 10:00:00,252.29384054033582
1120,2023-02-19 11:00:00,242.7659458452639
1121,2023-02-19 12:00:00,200.94755736886157
1122,2023-02-19 13:00:00,175.24346258634685
1123,2023-02-19 14:00:00,195.60895562297267
1124,2023-02-19 15:00:00,255.180299870965
1125,2023-02-19 16:00:00,318.0338337167078
1126,2023-02-19 17:00:00,343.9420321602243
1127,2023-02-19 18:00:00,310.83317408925507
1128,2023-02-19 19:00:00,221.83917812905736
1129,2023-02-19 20:00:00,98.01521241772627
1130,2023-02-19 21:00:00,-33.42842383281487
1131,2023-02-19 22:00:00,-147.8185298486302
1132,2023-02-19 23:00:00,-228.34651532277013
1133,2023-02-20 00:00:00,-58.46160020635426
1134,2023-02-20 01:00:00,-72.42638026377739
1135,2023-02-20 02:00:00,-77.72436638626311
1136,2023-02-20 03:00:00,-89.51313888577721
1137,2023-02-20 04:00:00,-104.01706001296526
1138,2023-02-20 05:00:00,-96.56792764760115
1139,2023-02-20 06:00:00,-38.187417636881776
1140,2023-02-20 07:00:00,79.11071940905745
1141,2023-02-20 08:00:00,228.4965063054272
1142,2023-02-20 09:00:00,359.90106447694444
1143,2023-02-20 10:00:00,431.2019885274136
1144,2023-02-20 12:00:00,408.46891785950993
1145,2023-02-20 13:00:00,395.9578374450434
1146,2023-02-20 14:00:00,428.6228769557805
1147,2023-02-20 15:00:00,499.5023421437493
1148,2023-02-20 16:00:00,572.5880256910164
1149,2023-02-20 17:00:00,607.5820166707101
1150,2023-02-20 18:00:00,582.3569374957901
1151,2023-02-20 19:00:00,500.0041658739601
1152,2023-02-20 20:00:00,381.55364407655713
1153,2023-02-20 21:00:00,254.20577244093602
1154,2023-02-20 22:00:00,142.63900591717407
1155,2023-02-20 23:00:00,63.68198594889901
1156,2023-02-21 00:00:00,21.84004945925983
1157,2023-02-21 01:00:00,7.057999315625807
1158,2023-02-21 02:00:00,-0.16684665205730198
1159,2023-02-21 03:00:00,-14.919777022119717
1160,2023-02-21 04:00:00,-33.342292940170296
1161,2023-02-21 05:00:00,-30.67401250658844
1162,2023-02-21 06:00:00,22.16353691963718
1163,2023-02-21 07:00:00,133.26329067476476
1164,2023-02-21 08:00:00,275.90700138729966
1165,2023-02-21 09:00:00,400.14102761818714
1166,2023-02-21 10:00:00,463.9601491324364
1167,2023-02-21 11:00:00,461.39393394582913
1168,2023-02-21 12:00:00,425.79878717788984
1169,2023-02-21 13:00:00,405.57137599130886
1170,2023-02-21 14:00:00,430.6661707364441
1171,2023-02-21 15:00:00,494.2256092911924
1172,2023-02-21 16:00:00,560.3388354793885
1173,2023-02-21 17:00:00,588.7973304271103
1174,2023-02-21 18:00:00,557.5540934538814
1175,2023-02-21 19:00:00,469.7709426991397
1176,2023-02-21 20:00:00,346.53754882047554
1177,2023-02-21 21:00:00,215.10270766221788
1178,2023-02-21 22:00:00,100.18147776000532
1179,2023-02-21 23:00:00,18.62701963308001
1180,2023-02-22 00:00:00,-25.043018605336556
1181,2023-02-22 01:00:00,-40.883684612983416
1182,2023-02-22 02:00:00,-48.40945891651961
1183,2023-02-22 03:00:00,-62.728998694758275
1184,2023-02-22 04:00:00,-80.01820881265166
1185,2023-02-22 05:00:00,-75.56146171596106
1186,2023-02-22 06:00:00,-20.334566103731504
1187,2023-02-22 07:00:00,93.69255596485706
1188,2023-02-22 08:00:00,239.7312881814438
1189,2023-02-22 09:00:00,367.7512718933168
1190,2023-02-22 10:00:00,435.6654667519832
1191,2023-02-22 11:00:00,437.41782821541506
1192,2023-02-22 13:00:00,390.54969191406553
1193,2023-02-22 14:00:00,420.1024795227277
1194,2023-02-22 15:00:00,487.99048773677634
1195,2023-02-22 16:00:00,558.2189158704824
1196,2023-02-22 17:00:00,590.4996890524817
1197,2023-02-22 18:00:00,562.711879665161
1198,2023-02-22 19:00:00,477.9501656389559
1199,2023-02-22 20:00:00,357.24492286157
1200,2023-02-22 21:00:00,227.79444304721937
1201,2023-02-22 22:00:00,114.27288976698523
1202,2023-02-22 23:00:00,33.50281822428474
1203,2023-02-23 00:00:00,-10.017906384631317
1204,2023-02-23 01:00:00,-26.352914762847547
1205,2023-02-23 02:00:00,-35.01385403912536
1206,2023-02-23 03:00:00,-51.09507930271491
1207,2023-02-23 04:00:00,-70.74683793802893
1208,2023-02-23 05:00:00,-69.21676747226104
1209,2023-02-23 06:00:00,-17.433303583468046
1210,2023-02-23 07:00:00,92.69104722511398
1211,2023-02-23 08:00:00,234.43438248699232
1212,2023-02-23 09:00:00,357.8414720563116
1213,2023-02-23 10:00:00,420.9078071067303
1214,2023-02-23 11:00:00,417.66615090200713
1215,2023-02-23 12:00:00,381.4787176760658
1216,2023-02-23 13:00:00,360.75067111120484
1217,2023-02-23 14:00:00,385.4476806318739
1218,2023-02-23 15:00:00,448.72604143639137
1219,2023-02-23 16:00:00,514.6913089822617
1220,2023-02-23 17:00:00,543.1537675654502
1221,2023-02-23 18:00:00,512.087391130442
1222,2023-02-23 19:00:00,424.67686917457314
1223,2023-02-23 20:00:00,302.0363142973143
1224,2023-02-23 22:00:00,57.629890553347025
1225,2023-02-23 23:00:00,-22.51458790385152
1226,2023-02-24 00:00:00,-64.44902838203154
1227,2023-02-24 01:00:00,-78.20254074110505
1228,2023-02-24 02:00:00,-83.26484988712565
1229,2023-02-24 03:00:00,-94.72157115992644
1230,2023-02-24 04:00:00,-108.72781397739891
1231,2023-02-24 05:00:00,-100.54992746544997
1232,2023-02-24 06:00:00,-41.14897983918269
1233,2023-02-24 07:00:00,77.51607657761542
1234,2023-02-24 08:00:00,228.66336725908576
1235,2023-02-24 09:00:00,362.26462825522606
1236,2023-02-24 10:00:00,436.229893011232
1237,2023-02-24 11:00:00,444.4948477886834
1238,2023-02-24 12:00:00,420.31397352042245
1239,2023-02-24 13:00:00,411.975154907933
1240,2023-02-24 14:00:00,449.31848253425585
1241,2023-02-24 15:00:00,525.3677394377556
1242,2023-02-24 16:00:00,604.090507048337
1243,2023-02-24 17:00:00,645.1551927210348
1244,2023-02-24 18:00:00,626.3916184811478
1245,2023-02-24 19:00:00,550.8397242513579
1246,2023-02-24 20:00:00,439.4699819595636
1247,2023-02-24 21:00:00,319.4160098915987
1248,2023-02-24 23:00:00,143.82075896335226
1249,2023-02-25 00:00:00,-102.62850303848302
1250,2023-02-25 01:00:00,-110.04731534828733
1251,2023-02-25 02:00:00,-110.10729858960195
1252,2023-02-25 03:00:00,-117.98407164386498
1253,2023-02-25 04:00:00,-129.9094077057506
1254,2023-02-25 05:00:00,-121.21191748702483
1255,2023-02-25 06:00:00,-62.89962421716882
1256,2023-02-25 07:00:00,53.03760578497872
1257,2023-02-25 08:00:00,199.80357958083874
1258,2023-02-25 09:00:00,327.3726772260618
1259,2023-02-25 10:00:00,393.6747123728011
1260,2023-02-25 12:00:00,357.7036025379883
1261,2023-02-25 13:00:00,337.0968746843238
1262,2023-02-25 15:00:00,421.902891736725
1263,2023-02-25 16:00:00,484.5235296481444
1264,2023-02-25 17:00:00,508.44691412553084
1265,2023-02-25 18:00:00,471.6428323796723
1266,2023-02-25 19:00:00,377.30143797622185
1267,2023-02-25 21:00:00,106.69441843052846
1268,2023-02-25 22:00:00,-17.495214649084176
1269,2023-02-25 23:00:00,-109.09225077769764
1270,2023-02-26 00:00:00,-163.49838213101242
1271,2023-02-26 01:00:00,-190.6795576232613
1272,2023-02-26 02:00:00,-210.05367615643576
1273,2023-02-26 03:00:00,-236.62638687482712
1274,2023-02-26 04:00:00,-266.46530441672195
1275,2023-02-26 05:00:00,-274.74244717682217
1276,2023-02-26 06:00:00,-232.31848369328378
1277,2023-02-26 07:00:00,-131.046731448569
1278,2023-02-26 08:00:00,2.4009127067369604
1279,2023-02-26 09:00:00,118.10956354026254
1280,2023-02-26 10:00:00,174.10505259745082
1281,2023-02-26 11:00:00,164.44027217266805
1282,2023-02-26 12:00:00,122.48728637892813
1283,2023-02-26 13:00:00,96.6509009334552
1284,2023-02-26 14:00:00,116.88642810240475
1285,2023-02-26 15:00:00,176.33014928375837
1286,2023-02-26 17:00:00,264.84373518213636
1287,2023-02-26 18:00:00,231.61438914513923
1288,2023-02-26 19:00:00,142.50231870696868
1289,2023-02-26 22:00:00,-227.49495911522445
1290,2023-02-26 23:00:00,-308.131193172744
1291,2023-02-27 00:00:00,-138.35202790480201
1292,2023-02-27 01:00:00,-152.42004246613027
1293,2023-02-27 02:00:00,-157.8187312874755
1294,2023-02-27 03:00:00,-169.70565837788848
1295,2023-02-27 04:00:00,-184.30516983118957
1296,2023-02-27 05:00:00,-176.94904754763775
1297,2023-02-27 06:00:00,-118.6589515290982
1298,2023-02-27 07:00:00,-1.4486167196909037
1299,2023-02-27 08:00:00,147.85199520259204
1300,2023-02-27 09:00:00,279.17402100118227
1301,2023-02-27 10:00:00,350.3950704620331
1302,2023-02-27 11:00:00,355.42715549796617
1303,2023-02-27 12:00:00,327.51028378977264
1304,2023-02-27 13:00:00,314.9273914538308
1305,2023-02-27 14:00:00,347.5233357973784
1306,2023-02-27 15:00:00,418.33643687986716
1307,2023-02-27 16:00:00,491.35850150014335
1308,2023-02-27 18:00:00,501.00846660671857
1309,2023-02-27 19:00:00,418.6003945402487
1310,2023-02-27 20:00:00,300.0973721487116
1311,2023-02-27 21:00:00,172.69981297014715
1312,2023-02-27 22:00:00,61.08618495403533
1313,2023-02-27 23:00:00,-17.91485763510798
1314,2023-02-28 00:00:00,-59.79796525663721
1315,2023-02-28 01:00:00,-74.61832262034437
1316,2023-02-28 02:00:00,-81.87859966925822
1317,2023-02-28 03:00:00,-96.66407296051898
1318,2023-02-28 04:00:00,-115.11623180660087
1319,2023-02-28 05:00:00,-112.47468270279171
1320,2023-02-28 06:00:00,-59.66094158436073
1321,2023-02-28 07:00:00,51.41793810298202
1322,2023-02-28 08:00:00,194.04371997227344
1323,2023-02-28 09:00:00,318.2627733771674
1324,2023-02-28 10:00:00,382.0698886646957
1325,2023-02-28 11:00:00,379.49464421822046
1326,2023-02-28 12:00:00,343.8934553017201
1327,2023-02-28 13:00:00,323.6629990143154
1328,2023-02-28 14:00:00,348.7577554211825
1329,2023-02-28 15:00:00,412.32017189723456
1330,2023-02-28 16:00:00,478.4394015352375
1331,2023-02-28 17:00:00,506.90693452644314
1332,2023-02-28 18:00:00,475.67577900778474
1333,2023-03-02 14:00:00,307.2058182755801
1334,2023-03-02 15:00:00,370.6384793506629
1335,2023-03-02 16:00:00,436.76123417243855
1336,2023-03-02 17:00:00,465.3843641178332
1337,2023-03-02 18:00:00,434.4818399487422
1338,2023-03-02 19:00:00,347.2383477075591
1339,2023-03-02 20:00:00,224.76799628904223
1340,2023-03-02 21:00:00,94.34521678952535
1341,2023-03-02 22:00:00,-19.2885155687257
1342,2023-03-02 23:00:00,-99.25329435658523
1343,2023-03-03 00:00:00,-141.00803096014334
1344,2023-03-03 01:00:00,-154.57868787487644
1345,2023-03-03 02:00:00,-159.4549953179515
1346,2023-03-03 03:00:00,-170.7225742237847
1347,2023-03-03 04:00:00,-184.53653986393164
1348,2023-03-03 05:00:00,-176.16324748811314
1349,2023-03-03 06:00:00,-116.56377170250829
1350,2023-03-03 07:00:00,2.3029285074489394
1351,2023-03-03 08:00:00,153.65497170219746
1352,2023-03-03 09:00:00,287.464086724388
1353,2023-03-03 10:00:00,361.6402995655464
1354,2023-03-03 11:00:00,370.11928876517607
1355,2023-03-03 12:00:00,346.1555272535919
1356,2023-03-03 13:00:00,338.03689148632947
1357,2023-03-03 14:00:00,375.60346351107154
1358,2023-03-03 17:00:00,572.1281870094676
1359,2023-03-03 18:00:00,553.6000128412883
1360,2023-03-03 19:00:00,478.2865336382455
1361,2023-03-03 20:00:00,367.15821121638623
1362,2023-03-03 22:00:00,143.46303875595902
1363,2023-03-03 23:00:00,72.25117180499521
1364,2023-03-04 00:00:00,-173.94475734244782
1365,2023-03-04 01:00:00,-181.10728646731405
1366,2023-03-04 02:00:00,-180.90804786602166
1367,2023-03-04 03:00:00,-188.52267237078604
1368,2023-03-04 04:00:00,-200.18294537746175
1369,2023-03-04 05:00:00,-191.21749005978023
1370,2023-03-04 06:00:00,-132.63434236885826
1371,2023-03-04 07:00:00,-16.423381597625053
1372,2023-03-04 08:00:00,130.61918607371547
1373,2023-03-04 09:00:00,258.46772722643976
1374,2023-03-04 10:00:00,325.0520417562986
1375,2023-03-04 11:00:00,324.3446955024296
1376,2023-03-04 12:00:00,289.65394209213184
1377,2023-03-04 13:00:00,269.33791627076556
1378,2023-03-04 14:00:00,293.3228283503458
1379,2023-03-04 15:00:00,354.73365751544475
1380,2023-03-04 16:00:00,417.65328733488076
1381,2023-03-04 17:00:00,441.8783963460769
1382,2023-03-04 18:00:00,405.3787560047224
1383,2023-03-04 19:00:00,311.34450388739623
1384,2023-03-04 20:00:00,180.9050047117138
1385,2023-03-04 21:00:00,41.35980636302662
1386,2023-03-04 22:00:00,-82.51468018900823
1387,2023-03-04 23:00:00,-173.79393531924933
1388,2023-03-05 00:00:00,-227.87966841142838
1389,2023-03-05 01:00:00,-254.7378458251335
1390,2023-03-05 02:00:00,-273.78638414539864
1391,2023-03-05 03:00:00,-300.03095043162256
1392,2023-03-05 04:00:00,-329.53917748876313
1393,2023-03-05 05:00:00,-337.48310208814684
1394,2023-03-05 06:00:00,-294.7234113935986
1395,2023-03-05 07:00:00,-193.11344174076214
1396,2023-03-05 08:00:00,-59.32510906687088
1397,2023-03-05 09:00:00,56.726682096637774
1398,2023-03-05 10:00:00,113.06774374731415
1399,2023-03-05 11:00:00,103.75094841857333
1400,2023-03-05 12:00:00,62.148340239305185
1401,2023-03-05 13:00:00,36.664704717186225
1402,2023-03-05 14:00:00,57.25533368725294
1403,2023-03-05 15:00:00,117.05648789543406
1404,2023-03-05 16:00:00,180.14450273598607
1405,2023-03-05 17:00:00,206.29184985914424
1406,2023-03-05 18:00:00,173.4268044739304
1407,2023-03-05 19:00:00,84.68128115924031
1408,2023-03-05 20:00:00,-38.889556327554544
1409,2023-03-05 21:00:00,-170.07541350906865
1410,2023-03-06 00:00:00,-194.30740027793394
1411,2023-03-06 01:00:00,-207.99585229179291
1412,2023-03-06 02:00:00,-213.01288847538666
1413,2023-03-06 03:00:00,-224.5160959830846
1414,2023-03-06 04:00:00,-238.7298442641042
1415,2023-03-06 05:00:00,-230.98593874856158
1416,2023-03-06 06:00:00,-172.30606317595897
1417,2023-03-06 07:00:00,-54.70397641501569
1418,2023-03-06 08:00:00,94.99033573779604
1419,2023-03-06 09:00:00,226.70798575948476
1420,2023-03-06 10:00:00,298.32655893778207
1421,2023-03-06 11:00:00,303.75804252052654
1422,2023-03-06 12:00:00,276.24241934177996
1423,2023-03-06 13:00:00,264.0626004892288
1424,2023-03-06 14:00:00,297.06341806450257
1425,2023-03-06 15:00:00,368.2831667433804
1426,2023-03-06 16:00:00,441.7136277833154
1427,2023-03-06 17:00:00,477.0568784807815
1428,2023-03-06 18:00:00,452.1855291090635
1429,2023-03-06 19:00:00,370.190944898745
1430,2023-03-06 21:00:00,125.12224743242987
1431,2023-03-06 22:00:00,13.926962738177224
1432,2023-03-06 23:00:00,-64.65417122764404
1433,2023-03-07 00:00:00,-106.11583178248662
1434,2023-03-07 01:00:00,-120.51323064235561
1435,2023-03-07 02:00:00,-127.34906490678912
1436,2023-03-07 03:00:00,-141.70863843635044
1437,2023-03-07 04:00:00,-159.73346800428072
1438,2023-03-07 05:00:00,-156.66318768653832
1439,2023-03-07 06:00:00,-103.4193411665849
1440,2023-03-07 07:00:00,8.090990242973362
1441,2023-03-07 08:00:00,151.14954214088323
1442,2023-03-07 09:00:00,275.8026557369053
1443,2023-03-07 10:00:00,340.045093103758
1444,2023-03-07 11:00:00,337.9064042158876
1445,2023-03-07 12:00:00,302.7429758160097
1446,2023-03-07 13:00:00,282.9514563332023
1447,2023-03-07 14:00:00,308.4862970671118
1448,2023-03-07 15:00:00,372.4899164938711
1449,2023-03-07 16:00:00,439.05143869268784
1450,2023-03-07 17:00:00,467.9623247265108
1451,2023-03-07 18:00:00,437.1755535008985
1452,2023-03-07 19:00:00,349.8529224152458
1453,2023-03-07 20:00:00,227.08408104167523
1454,2023-03-07 22:00:00,-18.330872432244917
1455,2023-03-08 00:00:00,-142.59838103457588
1456,2023-03-08 01:00:00,-157.95465803287618
1457,2023-03-08 02:00:00,-164.9921438723547
1458,2023-03-08 03:00:00,-178.81951910162036
1459,2023-03-08 04:00:00,-195.61271227338779
1460,2023-03-08 05:00:00,-190.65611986064363
1461,2023-03-08 06:00:00,-134.9255748937586
1462,2023-03-08 07:00:00,-20.391024089007374
1463,2023-03-08 08:00:00,126.15889128276802
1464,2023-03-08 09:00:00,254.6937872680501
1465,2023-03-08 10:00:00,323.1265979314942
1466,2023-03-08 11:00:00,325.4012528149739
1467,2023-03-08 12:00:00,294.7860829685503
1468,2023-03-08 13:00:00,279.58863100527657
1469,2023-03-08 14:00:00,309.6745863230102
1470,2023-03-08 15:00:00,378.0993331277325
1471,2023-03-08 16:00:00,448.8680432992562
1472,2023-03-10 09:00:00,277.7389051749728
1473,2023-03-10 10:00:00,352.36479347743943
1474,2023-03-10 11:00:00,361.2924791600366
1475,2023-03-10 12:00:00,337.77640461802747
1476,2023-03-10 13:00:00,330.10441584379566
1477,2023-03-10 14:00:00,368.1165644976334
1478,2023-03-10 15:00:00,444.8365945308525
1479,2023-03-10 17:00:00,565.9712930686904
1480,2023-03-10 18:00:00,547.8841118643587
1481,2023-03-14 16:00:00,465.6578719909439
1482,2023-03-14 17:00:00,494.7816897840946
1483,2023-03-14 20:00:00,254.52243244565943
1484,2023-03-14 22:00:00,9.503526290794412
1485,2023-03-15 00:00:00,-114.3813138998243
1486,2023-03-15 01:00:00,-129.5512966718219
1487,2023-03-15 02:00:00,-136.40585990364548
1488,2023-03-15 04:00:00,-166.6707311730945
1489,2023-03-15 05:00:00,-161.54138012548094
1490,2023-03-15 06:00:00,-105.64147993006003
1491,2023-03-15 07:00:00,9.059015469396797
1492,2023-03-15 08:00:00,155.77145785519525
1493,2023-03-15 09:00:00,284.4654566189952
1494,2023-03-15 10:00:00,353.0539394588089
1495,2023-03-15 11:00:00,355.48082984173243
1496,2023-03-15 12:00:00,325.01445301835184
1497,2023-03-15 13:00:00,309.9623461132508
1498,2023-03-15 14:00:00,340.19019330015686
1499,2023-03-15 15:00:00,408.75337387854563
1500,2023-03-15 16:00:00,479.65705508515236
1501,2023-03-15 18:00:00,485.50063879849745
1502,2023-03-15 20:00:00,281.38423960371745
1503,2023-03-15 21:00:00,152.60893496255736
1504,2023-03-15 23:00:00,-40.33270731229305
1505,2023-03-16 00:00:00,-83.17868876128642
1506,2023-03-16 01:00:00,-98.839162187601
1507,2023-03-16 02:00:00,-106.82580681118839
1508,2023-03-16 03:00:00,-122.23300979902797
1509,2023-03-16 04:00:00,-141.21105061059467
1510,2023-03-16 05:00:00,-139.0075988128708
1511,2023-03-16 06:00:00,-86.55112213393176
1512,2023-03-16 07:00:00,24.245840908356058
1513,2023-03-16 08:00:00,166.66135584920053
1514,2023-03-16 09:00:00,290.7401605688756
1515,2023-03-16 10:00:00,354.4777142834386
1516,2023-03-16 11:00:00,351.906748338618
1517,2023-03-16 12:00:00,316.3894450709144
1518,2023-03-16 13:00:00,296.330936297926
1519,2023-03-16 14:00:00,321.69685961278475
1520,2023-03-16 15:00:00,385.64347841656786
1521,2023-03-16 16:00:00,452.27631641345647
1522,2023-03-16 17:00:00,481.4056261673293
1523,2023-03-16 19:00:00,364.26014563936803
1524,2023-03-16 20:00:00,242.28409423492795
1525,2023-03-16 22:00:00,-0.7958912297282836
1526,2023-03-16 23:00:00,-80.27849779199312
1527,2023-03-17 00:00:00,-121.55200641251793
1528,2023-03-17 01:00:00,-134.64555827448038
1529,2023-03-17 02:00:00,-139.04890955917529
1530,2023-03-17 04:00:00,-163.19709061997986
1531,2023-03-17 05:00:00,-154.36344117051812
1532,2023-03-17 06:00:00,-94.30785771145366
1533,2023-03-17 07:00:00,25.0106764891986
1534,2023-03-17 08:00:00,176.81025602788833
1535,2023-03-17 09:00:00,311.0625861360776
1536,2023-03-17 10:00:00,385.67766952859023
1537,2023-03-17 11:00:00,394.59116181663023
1538,2023-03-17 12:00:00,371.05751334377453
1539,2023-03-17 13:00:00,363.36457832806565
1540,2023-03-20 19:00:00,413.9141496716366
1541,2023-03-20 20:00:00,295.8647943494953
1542,2023-03-20 21:00:00,168.91754570082378
1543,2023-03-20 22:00:00,57.75085363966434
1544,2023-03-20 23:00:00,-20.806645405346558
1545,2023-03-21 00:00:00,-62.24961950578944
1546,2023-03-21 01:00:00,-76.63327076960775
1547,2023-03-21 04:00:00,-115.8417969148606
1548,2023-03-21 05:00:00,-112.77742102426146
1549,2023-03-21 06:00:00,-59.54436426157844
1550,2023-03-21 07:00:00,51.9503038481935
1551,2023-03-21 08:00:00,194.9883310548309
1552,2023-03-21 09:00:00,319.61607108799734
1553,2023-03-21 10:00:00,383.82829888108114
1554,2023-03-21 11:00:00,381.65457762462563
1555,2023-03-21 12:00:00,346.4513076315535
1556,2023-03-21 13:00:00,326.6151512605103
1557,2023-03-21 14:00:00,352.10057408028024
1558,2023-03-21 15:00:00,416.0500091931435
1559,2023-03-21 16:00:00,482.5525956359771
1560,2023-03-21 17:00:00,511.3998097957957
1561,2023-03-22 13:00:00,320.7846410355954
1562,2023-03-22 14:00:00,350.7115923284743
1563,2023-03-22 15:00:00,418.97301902188815
1564,2023-03-22 16:00:00,489.5741156517215
1565,2023-03-22 17:00:00,522.2268025846876
1566,2023-03-22 18:00:00,494.81014741286606
1567,2023-03-22 19:00:00,410.4188232729186
1568,2023-03-22 20:00:00,290.083201241255
1569,2023-03-22 21:00:00,161.0015682438508
1570,2023-03-23 10:00:00,358.83730018489445
1571,2023-03-23 11:00:00,355.9531432201644
1572,2023-03-23 12:00:00,320.12236150535045
1573,2023-03-23 13:00:00,299.7501136739684
1574,2023-03-23 14:00:00,324.80206408227576
1575,2023-03-23 15:00:00,388.4345028411017
1576,2023-03-23 16:00:00,454.7529803008455
1577,2023-03-23 17:00:00,483.5677756305454
1578,2023-03-23 18:00:00,452.8528576275105
1579,2023-03-23 19:00:00,365.792910620651
1580,2023-03-23 20:00:00,243.50204202813518
1581,2023-03-24 10:00:00,382.49495723823776
1582,2023-03-24 11:00:00,391.0956296869931
1583,2023-03-24 12:00:00,367.2494981553627
1584,2023-03-24 13:00:00,359.24444176283623
1585,2023-03-24 14:00:00,396.9205454432278
1586,2023-03-24 15:00:00,473.301586576085
1587,2023-03-24 16:00:00,552.3551409026862
1588,2023-03-24 17:00:00,593.7496100642529
1589,2023-03-24 18:00:00,575.3148103349931
1590,2023-03-24 19:00:00,500.0906758690546
1591,2023-03-24 20:00:00,389.047672801953
1592,2023-03-24 21:00:00,269.31941358086726
1593,2023-03-24 22:00:00,165.51108130278482
1594,2023-03-24 23:00:00,94.3724857589192
1595,2023-03-25 00:00:00,-151.7541777722157
1596,2023-03-25 01:00:00,-158.85144160525283
1597,2023-03-25 04:00:00,-177.7552482495135
1598,2023-03-25 05:00:00,-168.74046947990337
1599,2023-03-25 06:00:00,-110.11196779000807
1600,2023-03-25 07:00:00,6.14038438249014
1601,2023-03-25 08:00:00,153.22038792770107
1602,2023-03-25 09:00:00,281.10241676346885
1603,2023-03-25 10:00:00,347.7162783029134
1604,2023-03-25 11:00:00,347.03454615231374
1605,2023-03-25 12:00:00,312.3654819107473
1606,2023-03-25 13:00:00,292.06722854948083
1607,2023-03-25 14:00:00,316.06600478974076
1608,2023-03-25 15:00:00,377.48679847563363
1609,2023-03-25 16:00:00,440.4125020394139
1610,2023-03-25 17:00:00,464.6398031034409
1611,2023-03-25 18:00:00,428.1384824344624
1612,2023-03-25 19:00:00,334.0986871204035
1613,2023-03-25 20:00:00,203.6497916125769
1614,2023-03-25 21:00:00,64.09135376843744
1615,2023-03-25 22:00:00,-59.80020528743779
1616,2023-03-25 23:00:00,-151.10035556717912
1617,2023-03-26 00:00:00,-205.2107958443429
1618,2023-03-26 01:00:00,-232.09748168517478
1619,2023-03-26 02:00:00,-251.1783186644575
1620,2023-03-26 03:00:00,-277.4589626299856
1621,2023-03-26 04:00:00,-307.0070349486394
1622,2023-03-26 05:00:00,-314.99456077261755
1623,2023-03-26 06:00:00,-272.28221542543275
1624,2023-03-26 07:00:00,-170.72332320278895
1625,2023-03-26 08:00:00,-36.98978779567318
1626,2023-03-26 09:00:00,79.00349869653729
1627,2023-03-26 10:00:00,135.28236092602833
1628,2023-03-26 11:00:00,125.89968426777588
1629,2023-03-26 12:00:00,84.22752588897347
1630,2023-03-26 13:00:00,58.67068453465538
1631,2023-03-26 14:00:00,79.18446547193349
1632,2023-03-26 15:00:00,138.90514307651216
1633,2023-03-26 16:00:00,201.9090665504538
1634,2023-03-26 17:00:00,227.96872156519188
1635,2023-03-26 18:00:00,195.01239752611502
1636,2023-03-26 19:00:00,106.17202340051512
1637,2023-03-26 20:00:00,-17.49722247402201
1638,2023-03-26 21:00:00,-148.78503087155093
1639,2023-03-26 22:00:00,-263.01819116000735
1640,2023-03-26 23:00:00,-343.3881033237794
1641,2023-03-27 00:00:00,-173.34397780721855
1642,2023-03-27 01:00:00,-187.1484010163129
1643,2023-03-27 02:00:00,-192.28487466332592
1644,2023-03-27 03:00:00,-203.91097005335916
1645,2023-03-27 04:00:00,-218.25104061062524
1646,2023-03-27 05:00:00,-210.63687556221328
1647,2023-03-27 06:00:00,-152.0901422800345
1648,2023-03-27 07:00:00,-34.62458309447413
1649,2023-03-27 08:00:00,114.92983294028886
1650,2023-03-27 09:00:00,246.50423516132764
1651,2023-03-27 10:00:00,317.9762259060503
1652,2023-03-27 11:00:00,323.25780965503765
1653,2023-03-27 12:00:00,295.5889866139351
1654,2023-03-27 13:00:00,283.2526854171767
1655,2023-03-27 14:00:00,316.093755873323
1656,2023-03-27 15:00:00,387.1505105197929
1657,2023-03-27 16:00:00,460.41474864588014
1658,2023-03-27 17:00:00,495.5885657139613
1659,2023-03-27 18:00:00,470.5445903457011
1660,2023-03-27 19:00:00,388.3742062556486
1661,2023-03-27 20:00:00,270.107361526655
1662,2023-03-27 21:00:00,142.94446208905862
1663,2023-03-27 22:00:00,31.56396830887047
1664,2023-03-27 23:00:00,-47.20547317193382
1665,2023-03-28 00:00:00,-88.85852043650237
1666,2023-03-28 01:00:00,-103.45036582567457
1667,2023-03-28 02:00:00,-110.48368692329939
1668,2023-03-28 03:00:00,-125.04376792862047
1669,2023-03-28 04:00:00,-143.27210582681425
1670,2023-03-28 05:00:00,-140.40831474871442
1671,2023-03-28 06:00:00,-87.37391831176666
1672,2023-03-28 07:00:00,23.924022368251713
1673,2023-03-28 08:00:00,166.7672632193424
1674,2023-03-28 09:00:00,291.20216593946355
1675,2023-03-28 10:00:00,355.22351317997334
1676,2023-03-28 11:00:00,352.86087563346035
1677,2023-03-28 12:00:00,317.4706608903787
1678,2023-03-28 13:00:00,297.44890973130225
1679,2023-03-28 14:00:00,322.7507232606448
1680,2023-03-28 16:00:00,452.84150885830104
1681,2023-03-28 17:00:00,481.5111088465933
1682,2023-03-28 18:00:00,450.48034159184465
1683,2023-03-28 20:00:00,239.89283394383568
1684,2023-03-28 21:00:00,108.67456125056984
1685,2023-03-28 23:00:00,-87.36388860258819
1686,2023-03-29 00:00:00,-130.81325727095253
1687,2023-03-29 01:00:00,-146.43188719208433
1688,2023-03-29 02:00:00,-153.7342595252889
1689,2023-03-29 04:00:00,-184.89211148798427
1690,2023-03-29 05:00:00,-180.20787082884624
1691,2023-03-29 06:00:00,-124.7521205564525
1692,2023-03-29 07:00:00,-10.494784498741751
1693,2023-03-29 08:00:00,135.77551904468748
1694,2023-03-29 09:00:00,264.028429200152
1695,2023-03-29 10:00:00,332.1769031833821
1696,2023-03-29 11:00:00,334.1648937751852
1697,2023-03-29 12:00:00,303.2607553430263
1698,2023-03-29 13:00:00,287.77205391383757
1699,2023-03-29 14:00:00,317.5645023513469
1700,2023-03-29 15:00:00,385.6935084327458
1701,2023-03-29 16:00:00,456.16426766173737
1702,2023-03-29 17:00:00,488.68870112912293
1703,2023-03-29 18:00:00,461.14587694828793
1704,2023-03-29 19:00:00,376.63046855472714
1705,2023-03-29 20:00:00,256.1728471136485
1706,2023-03-29 21:00:00,126.9712993896818
1707,2023-03-29 22:00:00,13.699983777184968
1708,2023-03-29 23:00:00,-66.81854992676449
1709,2023-03-30 00:00:00,-110.08644214845577
1710,2023-03-30 01:00:00,-126.16732945583692
1711,2023-03-30 02:00:00,-134.5728650598984
1712,2023-03-30 03:00:00,-150.39741035972145
1713,2023-03-30 04:00:00,-169.7912192727269
1714,2023-03-30 05:00:00,-168.00193609007187
1715,2023-03-30 06:00:00,-115.95800347801975
1716,2023-03-30 07:00:00,-5.571935149544515
1717,2023-03-30 08:00:00,136.43435900168348
1718,2023-03-30 09:00:00,260.10564116041235
1719,2023-03-30 10:00:00,323.43739462355785
1720,2023-03-30 11:00:00,320.4623745524836
1721,2023-03-30 12:00:00,284.54278686113327
1722,2023-03-30 13:00:00,264.08378667124975
1723,2023-03-30 15:00:00,352.6008170099584
1724,2023-03-30 16:00:00,418.83867999398444
1725,2023-03-30 17:00:00,447.57489847299485
1726,2023-03-30 18:00:00,416.78343675527907
1727,2023-03-30 19:00:00,329.64897447681085
1728,2023-03-30 21:00:00,76.96778060831517
1729,2023-03-30 22:00:00,-36.563057214540095
1730,2023-03-30 23:00:00,-116.4269990743245
1731,2023-03-31 00:00:00,-158.07981053315058
1732,2023-03-31 01:00:00,-171.55061257610652
1733,2023-03-31 02:00:00,-176.32914147848533
1734,2023-03-31 04:00:00,-201.2213817497568
1735,2023-03-31 05:00:00,-192.7565754161069
1736,2023-03-31 06:00:00,-133.06768554316574
1737,2023-03-31 07:00:00,-14.113676844880331
1738,2023-03-31 08:00:00,137.3235635677734
1739,2023-03-31 09:00:00,271.21575891486106
1740,2023-03-31 10:00:00,345.4729296690656
1741,2023-03-31 11:00:00,354.03074888049116
1742,2023-03-31 12:00:00,330.1436840712215
1743,2023-03-31 13:00:00,322.0996063558018
1744,2023-03-31 14:00:00,359.7385925170481
1745,2023-03-31 15:00:00,436.0844116011602
1746,2023-03-31 16:00:00,515.1046308469125
1747,2023-03-31 18:00:00,538.0032562386907
1748,2023-03-31 19:00:00,462.7513949963978
1749,2023-03-31 20:00:00,351.68251650034426
1750,2023-03-31 21:00:00,231.93022390234466
1751,2023-03-31 22:00:00,128.09969083434817
1752,2023-03-31 23:00:00,56.94071747043054
1753,2023-04-01 00:00:00,-189.2045106859307
1754,2023-04-01 01:00:00,-196.3185358570787
1755,2023-04-01 02:00:00,-196.0729946984879
1756,2023-04-01 03:00:00,-203.64352232029637
1757,2023-04-01 04:00:00,-215.26190831065009
1758,2023-04-01 05:00:00,-206.25677995188823
1759,2023-04-01 06:00:00,-147.6361772177239
1760,2023-04-01 07:00:00,-31.38998333806518
1761,2023-04-01 08:00:00,115.68559165294369
1762,2023-04-01 09:00:00,243.56491059094503
1763,2023-04-01 10:00:00,310.177769687309
1764,2023-04-01 11:00:00,309.49673120956993
1765,2023-04-01 12:00:00,274.83004528999174
1766,2023-04-01 13:00:00,254.53584328572933
1767,2023-04-01 14:00:00,278.5403322011297
1768,2023-04-01 15:00:00,339.9684880203996
1769,2023-04-01 17:00:00,427.1411172468571
1770,2023-04-01 18:00:00,390.6520347195154
1771,2023-04-01 19:00:00,296.6260783648721
1772,2023-04-01 20:00:00,166.19261016575473
1773,2023-04-01 21:00:00,26.651175428360716
1774,2023-04-01 22:00:00,-97.22181743643756
1775,2023-04-01 23:00:00,-188.5018512103387
1776,2023-04-02 00:00:00,-242.5906375803105
1777,2023-04-02 01:00:00,-269.4541451219973
1778,2023-04-02 02:00:00,-288.51029252478884
1779,2023-04-02 03:00:00,-314.7647488544612
1780,2023-04-02 04:00:00,-344.28514878784324
1781,2023-04-02 05:00:00,-352.24353090847217
1782,2023-04-02 06:00:00,-309.5005840390804
1783,2023-04-02 07:00:00,-207.9096460878696
1784,2023-04-02 08:00:00,-74.1426344461284
1785,2023-04-02 09:00:00,41.88554499466039
1786,2023-04-02 10:00:00,98.20070301449144
1787,2023-04-02 11:00:00,88.85571101866512
1788,2023-04-02 12:00:00,47.22261212769405
1789,2023-04-02 13:00:00,21.706190955955094
1790,2023-04-02 14:00:00,42.26173855836393
1791,2023-04-02 15:00:00,102.0255150237904
1792,2023-04-02 16:00:00,165.0738551821192
1793,2023-04-02 17:00:00,191.17923028025905
1794,2023-04-02 18:00:00,158.26991520078306
1795,2023-04-02 19:00:00,69.4778243363073
1796,2023-04-02 20:00:00,-54.14187862174197
1797,2023-04-02 21:00:00,-185.37889915846756
1798,2023-04-02 22:00:00,-299.5600414237301
1799,2023-04-02 23:00:00,-379.8767202332116
1800,2023-04-03 00:00:00,-209.77816092825753
1801,2023-04-03 01:00:00,-223.52696486815302
1802,2023-04-03 02:00:00,-228.60664877080166
1803,2023-04-03 03:00:00,-240.17479900448336
1804,2023-04-03 04:00:00,-254.45578409533766
1805,2023-04-03 05:00:00,-246.78140844215056
1806,2023-04-03 06:00:00,-188.1733546153
1807,2023-04-03 07:00:00,-70.6453801826861
1808,2023-04-03 08:00:00,78.97253049374436
1809,2023-04-03 09:00:00,210.61149142306698
1810,2023-04-03 10:00:00,282.14908958282666
1811,2023-04-03 11:00:00,287.49731404210314
1812,2023-04-03 13:00:00,247.62850933949835
1813,2023-04-03 14:00:00,280.53922765235285
1814,2023-04-03 15:00:00,351.66660152663394
1815,2023-04-03 16:00:00,425.00241469322947
1816,2023-04-03 17:00:00,460.248747056179
1817,2023-04-03 19:00:00,353.1821765250651
1818,2023-04-03 20:00:00,234.99057419347332
1819,2023-04-03 22:00:00,-3.399716572908062
1820,2023-04-03 23:00:00,-82.09132932058031
1821,2023-04-04 00:00:00,-123.66571707585035
1822,2023-04-04 01:00:00,-138.1780878586532
1823,2023-04-04 02:00:00,-145.13113493434292
1824,2023-04-04 03:00:00,-159.61015818975437
1825,2023-04-04 04:00:00,-177.75667028568915
1826,2023-04-04 05:00:00,-174.81030104972723
1827,2023-04-04 06:00:00,-121.69258976305434
1828,2023-04-04 07:00:00,-10.310613217560899
1829,2023-04-04 08:00:00,132.6173688523917
1830,2023-04-04 09:00:00,257.1377024904381
1831,2023-04-04 10:00:00,321.24515471597203
1832,2023-04-04 11:00:00,318.9692805944741
1833,2023-04-04 12:00:00,283.66647210438373
1834,2023-04-04 13:00:00,263.7333830678665
1835,2023-04-04 14:00:00,289.12447030098895
1836,2023-04-04 15:00:00,352.98215794177696
1837,2023-04-04 16:00:00,419.3955758899439
1838,2023-04-04 17:00:00,448.15619116066375
1839,2023-04-04 18:00:00,417.216988744889
1840,2023-04-04 20:00:00,206.81419775210705
1841,2023-04-04 22:00:00,-38.92063916781001
1842,2023-04-04 23:00:00,-120.16171283168688
1843,2023-04-05 00:00:00,-163.51654217663406
1844,2023-04-05 01:00:00,-179.040190495359
1845,2023-04-05 02:00:00,-186.24715409816582
1846,2023-04-05 04:00:00,-217.21296764952513
1847,2023-04-05 05:00:00,-212.43212739160828
1848,2023-04-05 06:00:00,-156.87941056445294
1849,2023-04-05 07:00:00,-42.52475590472835
1850,2023-04-05 08:00:00,103.84320342804818
1851,2023-04-05 09:00:00,232.19409176298944
1852,2023-04-05 10:00:00,300.4408515773196
1853,2023-04-05 11:00:00,302.5274209779374
1854,2023-04-05 12:00:00,271.7221397087169
1855,2023-04-05 13:00:00,256.33255925879047
1856,2023-04-05 14:00:00,286.2243779991229
1857,2023-04-05 15:00:00,354.4529892969463
1858,2023-04-05 16:00:00,425.02357430908677
1859,2023-04-05 17:00:00,457.6480398534469
1860,2023-04-05 18:00:00,430.2054398452067
1861,2023-04-05 19:00:00,345.79043359453635
1862,2023-04-05 20:00:00,225.43337822202528
1863,2023-04-05 21:00:00,96.33254652350897
1864,2023-04-05 22:00:00,-16.83791699498198
1865,2023-04-05 23:00:00,-97.25547634429552
1866,2023-04-06 00:00:00,-140.42228566914542
1867,2023-04-06 01:00:00,-156.4019951816431
1868,2023-04-06 02:00:00,-164.70627163349445
1869,2023-04-06 03:00:00,-180.4294898909855
1870,2023-04-06 04:00:00,-199.7219172460628
1871,2023-04-06 05:00:00,-197.83121126376767
1872,2023-04-06 06:00:00,-145.68582780059427
1873,2023-04-06 07:00:00,-35.19829366475875
1874,2023-04-06 08:00:00,106.90946826509307
1875,2023-04-06 09:00:00,230.68220726192436
1876,2023-04-06 10:00:00,294.1153938283677
1877,2023-04-06 11:00:00,291.241770431729
1878,2023-04-06 12:00:00,255.42353037799558
1879,2023-04-06 13:00:00,235.06581631048866
1880,2023-04-06 14:00:00,260.13427649804566
1881,2023-04-06 15:00:00,323.78518487204957
1882,2023-04-06 16:00:00,390.12407550482345
1883,2023-04-06 17:00:00,418.96121120019563
1884,2023-04-06 18:00:00,388.27054431273706
1885,2023-04-06 19:00:00,301.2367426325047
1886,2023-04-06 21:00:00,48.75642047051707
1887,2023-04-06 23:00:00,-144.4381636927714
1888,2023-04-07 00:00:00,-185.99115933995643
1889,2023-04-07 01:00:00,-199.3623484471342
1890,2023-04-07 02:00:00,-204.04147830426257
1891,2023-04-07 03:00:00,-215.11418672011092
1892,2023-04-07 04:00:00,-228.73560566676667
1893,2023-04-07 05:00:00,-220.17210690409348
1894,2023-04-07 06:00:00,-160.38478137132722
1895,2023-04-07 07:00:00,-41.332604186011736
1896,2023-04-07 08:00:00,110.20252724939195
1897,2023-04-07 09:00:00,244.19232603478204
1898,2023-04-07 10:00:00,318.5468025929477
1899,2023-04-07 11:00:00,327.20162009325696
1900,2023-04-07 12:00:00,303.4112363030566
1901,2023-04-07 13:00:00,295.4635127041542
1902,2023-04-07 14:00:00,333.1985165859018
1903,2023-04-07 15:00:00,409.6400076345571
1904,2023-04-07 16:00:00,488.75554387407067
1905,2023-04-07 17:00:00,530.2135091950227
1906,2023-04-07 18:00:00,511.84370209363306
1907,2023-04-07 19:00:00,436.6860389254118
1908,2023-04-07 20:00:00,325.710968001682
1909,2023-04-07 21:00:00,206.05208392792576
1910,2023-04-07 23:00:00,31.248163987046098
1911,2023-04-08 00:00:00,-214.80490257382877
1912,2023-04-08 01:00:00,-221.82719792437598
1913,2023-04-08 02:00:00,-221.4903665469006
1914,2023-04-08 03:00:00,-228.9700512307807
1915,2023-04-08 04:00:00,-240.4980491127751
1916,2023-04-08 05:00:00,-231.40299485815734
1917,2023-04-08 06:00:00,-172.69293569270934
1918,2023-04-08 07:00:00,-56.35776194823751
1919,2023-04-08 08:00:00,90.80630938160152
1920,2023-04-08 09:00:00,218.77363433852332
1921,2023-04-08 10:00:00,285.4740024627833
1922,2023-04-08 11:00:00,284.87996951355655
1923,2023-04-08 12:00:00,250.29977926507127
1924,2023-04-08 15:00:00,315.69458848260894
1925,2023-04-08 16:00:00,378.71368727667095
1926,2023-04-08 17:00:00,403.0354695263728
1927,2023-04-08 18:00:00,366.6296983225121
1928,2023-04-08 19:00:00,272.686503110415
1929,2023-04-08 20:00:00,142.33524072391697
1930,2023-04-08 21:00:00,2.8754514519667396
1931,2023-04-08 22:00:00,-120.91646112958341
1932,2023-04-08 23:00:00,-212.11598450267797
1933,2023-04-09 00:00:00,-266.12483489914126
1934,2023-04-09 01:00:00,-292.908985286249
1935,2023-04-09 02:00:00,-311.8863585870046
1936,2023-04-09 03:00:00,-338.0626279467532
1937,2023-04-09 05:00:00,-375.38681304042717
1938,2023-04-09 06:00:00,-332.5674635685598
1939,2023-04-09 07:00:00,-230.9007249425614
1940,2023-04-09 08:00:00,-97.05851787094508
1941,2023-04-09 09:00:00,19.044248608117016
1942,2023-04-09 10:00:00,75.43338226026196
1943,2023-04-09 11:00:00,66.16175164103143
1944,2023-04-09 12:00:00,24.601397179393246
1945,2023-04-09 13:00:00,-0.8428990536104948
1946,2023-04-09 14:00:00,19.784151608389834
1947,2023-04-09 15:00:00,79.6188070157169
1948,2023-04-09 16:00:00,142.73739992830085
1949,2023-04-09 17:00:00,168.91239965535482
1950,2023-04-09 18:00:00,136.0720793089394
1951,2023-04-09 19:00:00,47.34835166234896
1952,2023-04-09 20:00:00,-76.20362105633853
1953,2023-04-09 23:00:00,-401.7390822437502
1954,2023-04-10 00:00:00,-231.5753362578704
1955,2023-04-10 01:00:00,-245.2595915522437
1956,2023-04-10 02:00:00,-250.27536539989694
1957,2023-04-10 03:00:00,-261.7802445698232
1958,2023-04-10 04:00:00,-275.9985978519217
1959,2023-04-10 05:00:00,-268.2622297398269
1960,2023-04-10 06:00:00,-209.59282275902518
1961,2023-04-10 07:00:00,-92.00413428642707
1962,2023-04-10 08:00:00,57.67385165951799
1963,2023-04-10 09:00:00,189.37224957341232
1964,2023-04-10 10:00:00,260.9686470923004
1965,2023-04-10 11:00:00,266.3750340506782
1966,2023-04-10 12:00:00,238.8313961660051
1967,2023-04-10 13:00:00,226.62064767037293
1968,2023-04-10 14:00:00,259.58762410843605
1969,2023-04-10 15:00:00,330.770623860414
1970,2023-04-10 16:00:00,404.1614321699371
1971,2023-04-10 17:00:00,439.462130595242
1972,2023-04-10 18:00:00,414.5453339590168
1973,2023-04-10 19:00:00,332.5024123073359
1974,2023-04-10 21:00:00,87.32839007167667
1975,2023-04-10 22:00:00,-23.923870924460118
1976,2023-04-10 23:00:00,-102.56484933241853
1977,2023-04-11 00:00:00,-144.08921627529685
1978,2023-04-11 01:00:00,-158.5521769822759
1979,2023-04-11 02:00:00,-165.45642181604023
1980,2023-04-11 03:00:00,-179.8872476070672
1981,2023-04-11 04:00:00,-197.9861638301963
1982,2023-04-11 05:00:00,-194.99279699019007
1983,2023-04-11 06:00:00,-141.8286829236875
1984,2023-04-11 07:00:00,-30.40089483308003
1985,2023-04-11 08:00:00,112.5723112706626
1986,2023-04-11 09:00:00,237.1372852678353
1987,2023-04-11 10:00:00,301.2887981577314
1988,2023-04-11 12:00:00,263.79651434330975
1989,2023-04-11 13:00:00,243.90577202013833
1990,2023-04-11 14:00:00,269.33864345263055
1991,2023-04-11 15:00:00,333.2375573890368
1992,2023-04-11 16:00:00,399.69164845038205
1993,2023-04-11 17:00:00,428.49238850515826
1994,2023-04-11 18:00:00,397.5927675270332
1995,2023-04-11 19:00:00,310.15459424883323
1996,2023-04-11 23:00:00,-139.5959947956269
1997,2023-04-12 00:00:00,-182.9143917672008
1998,2023-04-12 01:00:00,-198.4021129584038
1999,2023-04-12 02:00:00,-205.57364879450785
2000,2023-04-12 03:00:00,-219.53766642509515
2001,2023-04-12 04:00:00,-236.47008073996636
2002,2023-04-12 05:00:00,-231.65527429966357
2003,2023-04-12 06:00:00,-176.06906597140772
2004,2023-04-12 07:00:00,-61.68138805505674
2005,2023-04-12 08:00:00,84.71913283758568
2006,2023-04-12 09:00:00,213.1021276643068
2007,2023-04-12 10:00:00,281.3805456481372
2008,2023-04-12 11:00:00,283.49833173813244
2009,2023-04-12 12:00:00,252.72383262035743
2010,2023-04-12 13:00:00,237.36460680825914
2011,2023-04-12 14:00:00,267.2863598146895
2012,2023-04-12 15:00:00,335.5444922275135
2013,2023-04-12 16:00:00,406.1441925196323
2014,2023-04-12 17:00:00,438.7975697411106
2015,2023-04-12 18:00:00,411.38349045587825
2016,2023-04-12 19:00:00,326.99662155479666
2017,2023-04-12 21:00:00,77.59388982278432
2018,2023-04-12 22:00:00,-35.54954010317829
2019,2023-04-12 23:00:00,-115.94041804441918
2020,2023-04-13 00:00:00,-159.08089014879909
2021,2023-04-13 01:00:00,-175.034598533642
2022,2023-04-13 02:00:00,-183.31320180483237
2023,2023-04-13 03:00:00,-199.0110665922582
2024,2023-04-13 04:00:00,-218.27845187649194
2025,2023-04-13 05:00:00,-216.36300684263682
2026,2023-04-13 06:00:00,-164.19317890068413
2027,2023-04-13 07:00:00,-53.681486327439416
2028,2023-04-13 08:00:00,88.45015658274568
2029,2023-04-13 09:00:00,212.24650774976823
2030,2023-04-13 10:00:00,275.7030464043403
2031,2023-04-13 11:00:00,272.85252379410014
2032,2023-04-13 12:00:00,237.05714206718957
2033,2023-04-13 14:00:00,241.81291313456728
2034,2023-04-13 15:00:00,305.486006106919
2035,2023-04-13 16:00:00,371.8468748257167
2036,2023-04-13 17:00:00,400.70579123114396
2037,2023-04-13 18:00:00,370.0367168423769
2038,2023-04-13 19:00:00,283.0243286784617
2039,2023-04-13 20:00:00,160.78272680869185
2040,2023-04-13 21:00:00,30.58633374208901
2041,2023-04-13 23:00:00,-162.56652726974272
2042,2023-04-14 00:00:00,-204.09886432904807
2043,2023-04-14 01:00:00,-217.4495175403364
2044,2023-04-14 02:00:00,-222.10822466935832
2045,2023-04-14 04:00:00,-246.76180781160537
2046,2023-04-14 05:00:00,-238.17816834608368
2047,2023-04-14 06:00:00,-178.37077684393103
2048,2023-04-14 07:00:00,-59.298598744371986
2049,2023-04-14 08:00:00,92.25647825983003
2050,2023-04-14 09:00:00,226.26617700142924
2051,2023-04-14 10:00:00,300.64051766960415
2052,2023-04-14 11:00:00,309.31517320945215
2053,2023-04-14 12:00:00,285.5446111848555
2054,2023-04-14 13:00:00,277.61670290210475
2055,2023-04-14 15:00:00,391.83284845801114
2056,2023-04-14 16:00:00,470.9682397141412
2057,2023-04-14 17:00:00,512.4460930227644
2058,2023-04-14 19:00:00,418.9585371491739
2059,2023-04-14 21:00:00,188.36474705522036
2060,2023-04-14 23:00:00,13.601321723802585
2061,2023-04-15 00:00:00,-232.4313491457114
2062,2023-04-15 01:00:00,-239.43313668705377
2063,2023-04-15 02:00:00,-239.07567549192186
2064,2023-04-15 03:00:00,-246.5345984683829
2065,2023-04-15 04:00:00,-258.041692872756
2066,2023-04-15 05:00:00,-248.9255835199305
2067,2023-04-15 06:00:00,-190.19430777194077
2068,2023-04-15 07:00:00,-73.8377461286554
2069,2023-04-15 08:00:00,73.34789423686561
2070,2023-04-15 09:00:00,201.3369791673049
2071,2023-04-15 10:00:00,268.05930799483014
2072,2023-04-15 11:00:00,267.48744623489125
2073,2023-04-15 12:00:00,232.92964740471956
2074,2023-04-15 13:00:00,212.7440463640027
2075,2023-04-15 14:00:00,236.856853742236
2076,2023-04-15 15:00:00,298.39304927039746
2077,2023-04-15 16:00:00,361.4355172733839
2078,2023-04-15 17:00:00,385.78093726320816
2079,2023-04-15 18:00:00,349.39908188448834
2080,2023-04-15 19:00:00,255.48009011802054
2081,2023-04-15 20:00:00,125.15332830089056
2082,2023-04-15 21:00:00,-14.281653846166762
2083,2023-04-15 23:00:00,-229.2225182174833
2084,2023-04-16 00:00:00,-283.20558545039427
2085,2023-04-16 01:00:00,-309.96360870675295
2086,2023-04-16 02:00:00,-328.9145016692279
2087,2023-04-16 03:00:00,-355.06392829362744
2088,2023-04-16 04:00:00,-384.47951805618163
2089,2023-04-16 05:00:00,-392.3333042253102
2090,2023-04-16 06:00:00,-349.48597020966815
2091,2023-04-16 07:00:00,-247.79084841709584
2092,2023-04-16 08:00:00,-113.91985061626497
2093,2023-04-16 09:00:00,2.2121229936703344
2094,2023-04-16 10:00:00,58.630888987080624
2095,2023-04-16 11:00:00,49.38932466321589
2096,2023-04-16 12:00:00,7.859479114960379
2097,2023-04-16 13:00:00,-17.553856961822135
2098,2023-04-16 14:00:00,3.104613631863458
2099,2023-04-16 16:00:00,126.1221149880266
2100,2023-04-16 17:00:00,152.3299645567809
2101,2023-04-16 18:00:00,119.52298730937804
2102,2023-04-16 19:00:00,30.833104203555337
2103,2023-04-16 20:00:00,-92.68451441863635
2104,2023-04-16 21:00:00,-223.81956733558957
2105,2023-04-16 22:00:00,-337.898851894779
2106,2023-04-16 23:00:00,-418.1137760535573
2107,2023-04-17 00:00:00,-247.91355821156992
2108,2023-04-17 01:00:00,-261.5607927406125
2109,2023-04-17 02:00:00,-266.5389892767894
2110,2023-04-17 03:00:00,-278.0057270593777
2111,2023-04-17 04:00:00,-292.1853674253573
2112,2023-04-17 05:00:00,-284.4097075076528
2113,2023-04-17 06:00:00,-225.70042256332
2114,2023-04-17 07:00:00,-108.07126278799859
2115,2023-04-17 08:00:00,41.64779488054276
2116,2023-04-17 09:00:00,173.3878719274054
2117,2023-04-17 10:00:00,245.02656288429543
2118,2023-04-17 11:00:00,250.47586438637882
2119,2023-04-17 12:00:00,222.97576883761297
2120,2023-04-17 13:00:00,210.80919708500204
2121,2023-04-17 15:00:00,315.04945582929236
2122,2023-04-17 16:00:00,388.4863826338503
2123,2023-04-17 17:00:00,423.8338593258934
2124,2023-04-17 18:00:00,398.96450679427153
2125,2023-04-17 19:00:00,316.9697010585203
2126,2023-04-17 20:00:00,198.87938251371395
2127,2023-04-17 22:00:00,-39.308145469427245
2128,2023-04-17 23:00:00,-117.89826319365409
2129,2023-04-18 00:00:00,-159.3710694325353
2130,2023-04-18 01:00:00,-173.78176412776338
2131,2023-04-18 02:00:00,-180.63303244594846
2132,2023-04-18 04:00:00,-213.05466977819646
2133,2023-04-18 05:00:00,-210.0061649857226
2134,2023-04-18 06:00:00,-156.78618290450453
2135,2023-04-18 07:00:00,-45.3017921443639
2136,2023-04-18 08:00:00,97.72875575045956
2137,2023-04-18 10:00:00,286.5621608469523
2138,2023-04-18 11:00:00,284.38935654333835
2139,2023-04-18 12:00:00,249.18980227156362
2140,2023-04-18 13:00:00,229.3601600578504
2141,2023-04-18 14:00:00,254.85489491692363
2142,2023-04-18 15:00:00,318.8164391943531
2143,2023-04-18 16:00:00,385.33393096727076
2144,2023-04-18 17:00:00,414.19884543292085
2145,2023-04-18 18:00:00,383.36417576647773
2146,2023-04-18 19:00:00,295.99173376300166
2147,2023-04-18 20:00:00,173.17118352489985
2148,2023-04-18 22:00:00,-72.35282273838146
2149,2023-04-18 23:00:00,-153.48807384082374
2150,2023-04-19 00:00:00,-196.73679837525685
2151,2023-04-19 01:00:00,-212.1540515753158
2152,2023-04-19 02:00:00,-219.25432174255457
2153,2023-04-19 03:00:00,-233.14627403724762
2154,2023-04-19 04:00:00,-250.00582151191355
2155,2023-04-19 05:00:00,-245.11734500736816
2156,2023-04-19 06:00:00,-189.45666182587848
2157,2023-04-19 07:00:00,-74.99370283838283
2158,2023-04-19 08:00:00,71.48290662733478
2159,2023-04-19 09:00:00,199.94279868998746
2160,2023-04-19 10:00:00,268.2989235664474
2161,2023-04-19 11:00:00,270.495227072801
2162,2023-04-19 12:00:00,239.80005662065508
2163,2023-04-19 13:00:00,224.52097130118523
2164,2023-04-19 14:00:00,254.52367706250237
2165,2023-04-19 15:00:00,322.8635747796437
2166,2023-04-19 16:00:00,393.54585308490334
2167,2023-04-19 17:00:00,426.282426192186
2168,2023-04-19 19:00:00,314.6503072689474
2169,2023-04-19 20:00:00,194.40664620071715
2170,2023-04-19 23:00:00,-127.93933695269914
2171,2023-04-20 00:00:00,-170.99093614019768
2172,2023-04-20 01:00:00,-186.85496408625926
2173,2023-04-20 02:00:00,-195.04308070677064
2174,2023-04-20 03:00:00,-210.64965408353675
2175,2023-04-20 04:00:00,-229.82494481243475
2176,2023-04-20 05:00:00,-227.8166038182573
2177,2023-04-20 06:00:00,-175.55308041345472
2178,2023-04-20 07:00:00,-64.94689492132022
2179,2023-04-20 08:00:00,77.28003616605051
2180,2023-04-20 09:00:00,201.17246844014664
2181,2023-04-20 10:00:00,264.7258786332291
2182,2023-04-20 11:00:00,261.97301535868985
2183,2023-04-20 12:00:00,226.27607798614588
2184,2023-04-20 13:00:00,206.04021513267259
2185,2023-04-20 14:00:00,231.23108094771487
2186,2023-04-20 15:00:00,295.0049551543251
2187,2023-04-20 16:00:00,361.4673775280779
2188,2023-04-20 17:00:00,390.42861648112125
2189,2023-04-20 18:00:00,359.8626298718593
2190,2023-04-20 19:00:00,272.95409090918014
2191,2023-04-20 20:00:00,150.8170957108237
2192,2023-04-20 22:00:00,-92.57754563673609
2193,2023-04-20 23:00:00,-172.2138353414354
2194,2023-04-21 00:00:00,-213.63857836113175
2195,2023-04-21 01:00:00,-226.88090203784276
2196,2023-04-21 02:00:00,-231.43054896545226
2197,2023-04-21 03:00:00,-242.37315236518862
2198,2023-04-21 04:00:00,-255.86383973567814
2199,2023-04-21 05:00:00,-247.1689784743723
2200,2023-04-21 06:00:00,-187.24965525879338
2201,2023-04-21 07:00:00,-68.06484107338127
2202,2023-04-21 08:00:00,83.60357069778587
2203,2023-04-21 09:00:00,217.72729707256678
2204,2023-04-21 10:00:00,292.21635225961455
2205,2023-04-21 11:00:00,301.00640309741414
2206,2023-04-21 12:00:00,277.3519109041177
2207,2023-04-21 13:00:00,269.5407405972307
2208,2023-04-21 14:00:00,307.41296276959986
2209,2023-04-21 15:00:00,383.99234028791557
2210,2023-04-21 16:00:00,463.24643424377746
2211,2023-04-21 17:00:00,504.84363145738473
2212,2023-04-21 18:00:00,486.6137332336648
2213,2023-04-21 19:00:00,411.5966586031558
2214,2023-04-21 20:00:00,300.7628584207687
2215,2023-04-21 21:00:00,181.24592972837888
2216,2023-04-21 23:00:00,6.7279834622954695
2217,2023-04-22 00:00:00,-239.18106062795272
2218,2023-04-22 01:00:00,-246.05864051059018
2219,2023-04-22 02:00:00,-245.57639892630897
2220,2023-04-22 03:00:00,-252.90997704145138
2221,2023-04-22 04:00:00,-264.2911705040475
2222,2023-04-22 05:00:00,-255.0486126453668
2223,2023-04-22 06:00:00,-196.19034948015803
2224,2023-04-22 07:00:00,-79.70627027623567
2225,2023-04-22 08:00:00,67.60740890767303
2226,2023-04-22 09:00:00,195.72504488469974
2227,2023-04-22 10:00:00,262.5764278512172
2228,2023-04-22 11:00:00,262.13411406201857
2229,2023-04-22 13:00:00,207.65125398480635
2230,2023-04-22 14:00:00,231.895034066672
2231,2023-04-22 15:00:00,293.56265789379864
2232,2023-04-22 16:00:00,356.73699993939647
2233,2023-04-22 17:00:00,381.214729747315
2234,2023-04-22 18:00:00,344.96560988969816
2235,2023-04-22 19:00:00,251.1797691536358
2236,2023-04-22 20:00:00,120.98656356364094
2237,2023-04-22 23:00:00,-232.98628769481434
2238,2023-04-23 00:00:00,-286.8342830972224
2239,2023-04-23 01:00:00,-313.45688244380057
2240,2023-04-23 02:00:00,-332.2720103793292
2241,2023-04-23 03:00:00,-358.2853418965574
2242,2023-04-23 04:00:00,-387.5645176283338
2243,2023-04-23 05:00:00,-395.28158207763414
2244,2023-04-23 06:00:00,-352.2972300092537
2245,2023-04-23 07:00:00,-250.4648052687769
2246,2023-04-23 08:00:00,-116.45623115493333
2247,2023-04-23 09:00:00,-0.1864195085827305
2248,2023-04-23 10:00:00,56.370434524556686
2249,2023-04-23 11:00:00,47.26719642965705
2250,2023-04-23 12:00:00,5.875903398880155
2251,2023-04-23 13:00:00,-19.398665877835583
2252,2023-04-23 14:00:00,1.398773730879384
2253,2023-04-23 15:00:00,61.40447638743771
2254,2023-04-23 16:00:00,124.69477100508365
2255,2023-04-23 17:00:00,151.04212289311567
2256,2023-04-23 18:00:00,118.37480102325443
2257,2023-04-23 19:00:00,29.824713859104605
2258,2023-04-23 20:00:00,-93.55298083356479
2259,2023-04-23 22:00:00,-338.4871371105467
2260,2023-04-23 23:00:00,-418.5618295139941
2261,2023-04-24 00:00:00,-248.22130294514852
2262,2023-04-24 01:00:00,-261.7281646930907
2263,2023-04-24 02:00:00,-266.5659374081039
2264,2023-04-24 04:00:00,-291.9313671055078
2265,2023-04-24 05:00:00,-284.015208878675
2266,2023-04-24 06:00:00,-225.16542722705515
2267,2023-04-24 07:00:00,-107.39578565836149
2268,2023-04-24 08:00:00,42.46372551833397
2269,2023-04-24 09:00:00,174.34421437784192
2270,2023-04-24 10:00:00,246.12326194662413
2271,2023-04-24 11:00:00,251.7128513365294
2272,2023-04-24 12:00:00,224.35296137198077
2273,2023-04-24 13:00:00,212.3264992551201
2274,2023-04-24 14:00:00,245.4782933434273
2275,2023-04-24 15:00:00,316.8466346916867
2276,2023-04-24 16:00:00,390.42330105432615
2277,2023-04-24 17:00:00,425.9103663792147
2278,2023-04-24 18:00:00,401.18043770600013
2279,2023-04-24 19:00:00,319.32487717383066
2280,2023-04-24 20:00:00,201.373611234461
2281,2023-04-24 21:00:00,74.52702422975108
2282,2023-04-24 22:00:00,-36.536445141391596
2283,2023-04-24 23:00:00,-114.98817188172853
2284,2023-04-25 00:00:00,-156.32283574063553
2285,2023-04-25 01:00:00,-170.5956507352713
2286,2023-04-25 02:00:00,-177.30931613143122
2287,2023-04-25 03:00:00,-191.54913782416958
2288,2023-04-25 04:00:00,-209.45663447027806
2289,2023-04-25 05:00:00,-206.2714419207765
2290,2023-04-25 06:00:00,-152.91510546825958
2291,2023-04-25 07:00:00,-41.294707923800274
2292,2023-04-25 08:00:00,101.87148495891171
2293,2023-04-25 09:00:00,226.62981318444133
2294,2023-04-25 10:00:00,290.9750377516133
2295,2023-04-25 11:00:00,288.93670769074606
2296,2023-04-25 12:00:00,253.87120893748516
2297,2023-04-25 13:00:00,234.17518927227164
2298,2023-04-25 17:00:00,419.543750203278
2299,2023-04-25 18:00:00,388.8403245580547
2300,2023-04-25 19:00:00,301.5986081676166
2301,2023-04-25 20:00:00,178.9082509199537
2302,2023-04-25 21:00:00,48.01802773501112
2303,2023-04-25 22:00:00,-66.3570240250146
2304,2023-04-25 23:00:00,-147.36376516018038
2305,2023-04-26 00:00:00,-190.4845690658704
2306,2023-04-26 01:00:00,-205.7745051100555
2307,2023-04-26 02:00:00,-212.74807570233696
2308,2023-04-26 03:00:00,-226.5139600914543
2309,2023-04-26 04:00:00,-243.24808538085574
2310,2023-04-26 05:00:00,-238.23484646051475
2311,2023-04-26 06:00:00,-182.4500746166069
2312,2023-04-26 07:00:00,-67.86371469484521
2313,2023-04-26 08:00:00,78.73559404216167
2314,2023-04-26 09:00:00,207.31746981340254
2315,2023-04-26 10:00:00,275.79484898477824
2316,2023-04-26 11:00:00,278.11166354667915
2317,2023-04-26 12:00:00,247.5362471370763
2318,2023-04-26 13:00:00,232.3761451158512
2319,2023-04-26 14:00:00,262.49704974412896
2320,2023-04-26 15:00:00,330.954348263407
2321,2023-04-26 16:00:00,401.75321571067946
2322,2023-04-26 17:00:00,434.605552781112
2323,2023-04-26 18:00:00,407.3904072654283
2324,2023-04-26 19:00:00,323.20243235086815
2325,2023-04-26 20:00:00,203.07197903035552
2326,2023-04-26 21:00:00,74.19731397528071
2327,2023-04-26 23:00:00,-118.93970632999941
2328,2023-04-27 00:00:00,-161.881691994251
2329,2023-04-27 01:00:00,-177.63703774934214
2330,2023-04-27 02:00:00,-185.71741648218637
2331,2023-04-27 04:00:00,-220.2866892496795
2332,2023-04-27 05:00:00,-218.17352038779188
2333,2023-04-27 06:00:00,-165.80616456136488
2334,2023-04-27 07:00:00,-55.097154692635684
2335,2023-04-27 08:00:00,87.23158021640972
2336,2023-04-27 09:00:00,211.2247833251817
2337,2023-04-27 10:00:00,274.8779190436874
2338,2023-04-27 11:00:00,272.22372371932425
2339,2023-04-27 12:00:00,236.6243845531784
2340,2023-04-27 13:00:00,216.4850381027194
2341,2023-04-27 14:00:00,241.77132653450167
2342,2023-04-27 15:00:00,305.63951768830924
2343,2023-04-27 16:00:00,372.19513955306974
2344,2023-04-27 17:00:00,401.2484488538999
2345,2023-04-27 18:00:00,370.7733918648142
2346,2023-04-27 19:00:00,283.95463030784816
2347,2023-04-27 21:00:00,31.902654836887592
2348,2023-04-27 23:00:00,-160.86593440765296
2349,2023-04-28 00:00:00,-202.2063429307026
2350,2023-04-28 01:00:00,-215.36555104576735
2351,2023-04-28 04:00:00,-244.10656217960337
2352,2023-04-28 05:00:00,-235.33356703137065
2353,2023-04-28 06:00:00,-175.3373812405672
2354,2023-04-28 07:00:00,-56.07698590084931
2355,2023-04-28 08:00:00,95.66571561490795
2356,2023-04-28 09:00:00,229.86243046710376
2357,2023-04-28 10:00:00,304.423163135637
2358,2023-04-28 12:00:00,289.69810549598634
2359,2023-04-28 13:00:00,281.9546226289631
2360,2023-04-28 14:00:00,319.89318364560836
2361,2023-04-28 15:00:00,396.53754237053914
2362,2023-04-28 16:00:00,475.8552509611734
2363,2023-04-28 17:00:00,517.5146874619671
2364,2023-04-28 18:00:00,499.34564454123245
2365,2023-04-28 19:00:00,424.38803273422945
2366,2023-04-28 20:00:00,313.6122945492515
2367,2023-04-28 21:00:00,194.1520188254916
2368,2023-04-28 22:00:00,90.6123650358615
2369,2023-04-28 23:00:00,19.743119338182396
2370,2023-04-29 00:00:00,-226.11354659226834
2371,2023-04-29 01:00:00,-232.94018866479848
2372,2023-04-29 02:00:00,-232.40845705252923
2373,2023-04-29 03:00:00,-239.69400022232344
2374,2023-04-29 04:00:00,-251.02862095241534
2375,2023-04-29 05:00:00,-241.74095954996022
2376,2023-04-29 06:00:00,-182.8390688467511
2377,2023-04-29 07:00:00,-66.31284476312806
2378,2023-04-29 08:00:00,81.04149014563879
2379,2023-04-29 09:00:00,209.19828636478059
2380,2023-04-29 10:00:00,276.0873279272171
2381,2023-04-29 11:00:00,275.68116509459605
2382,2023-04-29 12:00:00,241.2880361671691
2383,2023-04-29 13:00:00,221.26606084381692
2384,2023-04-29 14:00:00,245.54143464577515
2385,2023-04-29 15:00:00,307.23912225082677
2386,2023-04-29 16:00:00,370.441992982249
2387,2023-04-29 17:00:00,394.94671141063446
2388,2023-04-29 19:00:00,264.96108884622765
2389,2023-04-29 21:00:00,-4.490025377717984
2390,2023-04-29 22:00:00,-128.10325968986905
2391,2023-04-29 23:00:00,-219.1249719844921
2392,2023-04-30 00:00:00,-272.9568836309183
2393,2023-04-30 01:00:00,-299.56497268774336
2394,2023-04-30 02:00:00,-318.36716714778
2395,2023-04-30 05:00:00,-381.3474301702406
2396,2023-04-30 06:00:00,-338.35648180146006
2397,2023-04-30 07:00:00,-236.51905158335273
2398,2023-04-30 08:00:00,-102.50706506904135
2399,2023-04-30 09:00:00,13.764563866867036
2400,2023-04-30 10:00:00,70.32163820858582
2401,2023-04-30 11:00:00,61.21702178338805
2402,2023-04-30 12:00:00,19.82275030746638
2403,2023-04-30 13:00:00,-5.456398808741312
2404,2023-04-30 14:00:00,15.33485847932775
2405,2023-04-30 15:00:00,75.33277543798485
2406,2023-04-30 16:00:00,138.6136802947594
2407,2023-04-30 17:00:00,164.95003784752802
2408,2023-04-30 18:00:00,132.27011676842756
2409,2023-04-30 19:00:00,43.70582541546281
2410,2023-04-30 21:00:00,-210.70010565973882
2411,2023-04-30 22:00:00,-324.6582660855712
2412,2023-04-30 23:00:00,-404.7535796878061
2413,2023-05-01 00:00:00,-234.43527684912073
2414,2023-05-01 01:00:00,-247.96596376744276
2415,2023-05-01 02:00:00,-252.82916180180968
2416,2023-05-01 03:00:00,-264.18246175454203
2417,2023-05-01 04:00:00,-278.25023640748157
2418,2023-05-01 05:00:00,-270.36429417662566
2419,2023-05-01 06:00:00,-211.54632148327187
2420,2023-05-01 07:00:00,-93.81007953200583
2421,2023-05-01 08:00:00,56.01444387032282
2422,2023-05-01 09:00:00,187.85835952263454
2423,2023-05-01 10:00:00,259.59925135385026
2424,2023-05-01 11:00:00,265.1491056006021
2425,2023-05-01 12:00:00,237.7479044081916
2426,2023-05-01 13:00:00,225.6785585128299
2427,2023-05-01 14:00:00,258.7859000037695
2428,2023-05-01 15:00:00,330.1082238649042
2429,2023-05-01 16:00:00,403.6373120232598
2430,2023-05-01 17:00:00,439.07524274784333
2431,2023-05-01 18:00:00,414.29462764452796
2432,2023-05-01 21:00:00,87.47989254261793
2433,2023-05-01 22:00:00,-23.640420907751604
2434,2023-05-01 23:00:00,-102.15051769291892
2435,2023-05-02 00:00:00,-143.54507177549527
2436,2023-05-02 01:00:00,-157.87929117713526
2437,2023-05-02 02:00:00,-164.65586896300266
2438,2023-05-02 03:00:00,-178.96010461802882
2439,2023-05-02 04:00:00,-196.93351019979252
2440,2023-05-02 05:00:00,-193.8157147315613
2441,2023-05-02 06:00:00,-140.52825648993377
2442,2023-05-02 07:00:00,-28.97821106171307
2443,2023-05-02 08:00:00,114.11616322424388
2444,2023-05-02 09:00:00,238.8012140165774
2445,2023-05-02 10:00:00,303.0717101408663
2446,2023-05-02 11:00:00,300.95720866807363
2447,2023-05-02 12:00:00,265.8141037810987
2448,2023-05-02 13:00:00,246.03905170460513
2449,2023-05-02 14:00:00,271.5865118518649
2450,2023-05-02 15:00:00,335.5989111685641
2451,2023-05-02 17:00:00,431.07739618054393
2452,2023-05-02 18:00:00,400.2879404720999
2453,2023-05-02 20:00:00,190.17970243859065
2454,2023-05-02 21:00:00,59.19936480491816
2455,2023-05-02 22:00:00,-55.26714262519772
2456,2023-05-02 23:00:00,-136.3666702134107
2457,2023-05-03 00:00:00,-179.58158071692344
2458,2023-05-03 01:00:00,-194.96693266552307
2459,2023-05-03 02:00:00,-202.03721743569037
2460,2023-05-03 03:00:00,-215.90110304672953
2461,2023-05-03 04:00:00,-232.73450518571832
2462,2023-05-03 05:00:00,-227.82180712052985
2463,2023-05-03 06:00:00,-172.13882833947662
2464,2023-05-03 07:00:00,-57.655501693069596
2465,2023-05-03 08:00:00,88.83954576827944
2466,2023-05-03 09:00:00,217.3159446155058
2467,2023-05-03 10:00:00,285.68664379077165
2468,2023-05-03 11:00:00,287.89558804027405
2469,2023-05-03 12:00:00,257.2111239481281
2470,2023-05-03 13:00:00,241.94080999146433
2471,2023-05-03 14:00:00,271.9503517545203
2472,2023-05-03 15:00:00,340.29514997226966
2473,2023-05-03 16:00:00,410.9803933607834
2474,2023-05-03 17:00:00,443.7179964742605
2475,2023-05-03 19:00:00,332.0821348067169
2476,2023-05-03 20:00:00,211.83370281786713
2477,2023-05-03 21:00:00,82.84000644721195
2478,2023-05-03 22:00:00,-30.224801174146535
2479,2023-05-03 23:00:00,-110.5381752493467
2480,2023-05-04 00:00:00,-153.60226096273823
2481,2023-05-04 01:00:00,-169.480699347771
2482,2023-05-04 02:00:00,-177.68514785791064
2483,2023-05-04 03:00:00,-193.30997185581577
2484,2023-05-04 04:00:00,-212.50542897010968
2485,2023-05-04 05:00:00,-210.51916693496122
2486,2023-05-04 06:00:00,-158.27963160904454
2487,2023-05-04 07:00:00,-47.6993396284775
2488,2023-05-04 08:00:00,94.49979644966785
2489,2023-05-04 09:00:00,218.3625364083365
2490,2023-05-04 10:00:00,281.8843614030165
2491,2023-05-04 11:00:00,279.098024717218
2492,2023-05-04 12:00:00,243.3657306444931
2493,2023-05-04 13:00:00,223.09263295897227
2494,2023-05-04 14:00:00,248.24439124379688
2495,2023-05-04 15:00:00,311.97729087711997
2496,2023-05-04 16:00:00,378.3968775413341
2497,2023-05-04 17:00:00,407.3134258185298
2498,2023-05-04 18:00:00,376.7008999720465
2499,2023-05-04 21:00:00,37.41369150323328
2500,2023-05-04 22:00:00,-75.94378121614022
2501,2023-05-04 23:00:00,-155.63574811973587
2502,2023-05-05 00:00:00,-349.20622001311114
2503,2023-05-05 01:00:00,-362.5078224851142
2504,2023-05-05 02:00:00,-367.11853652800784
2505,2023-05-05 03:00:00,-378.1239867115997
2506,2023-05-05 04:00:00,-391.6792916292466
2507,2023-05-05 05:00:00,-383.05080952413294
2508,2023-05-05 06:00:00,-323.1996176820734
2509,2023-05-05 07:00:00,-204.08467743258296
2510,2023-05-05 08:00:00,-52.48787225697197
2511,2023-05-05 09:00:00,81.56252500066117
2512,2023-05-05 10:00:00,155.97653894838317
2513,2023-05-05 11:00:00,164.68984707327922
2514,2023-05-05 12:00:00,140.95692157951794
2515,2023-05-05 13:00:00,133.06563852426316
2516,2023-05-05 14:00:00,170.85607988477753
2517,2023-05-05 15:00:00,247.35202017230884
2518,2023-05-05 16:00:00,326.5210323433413
2519,2023-05-05 17:00:00,368.0315153454247
2520,2023-05-05 18:00:00,349.71328286007514
2521,2023-05-05 19:00:00,274.6062665310256
2522,2023-05-05 20:00:00,163.68093006646103
2523,2023-05-05 21:00:00,44.07088362954369
2524,2023-05-05 22:00:00,-59.61869193167735
2525,2023-05-05 23:00:00,-130.63798894613961
2526,2023-05-06 00:00:00,-224.55656736119948
2527,2023-05-06 01:00:00,-231.5334550140418
2528,2023-05-06 02:00:00,-231.15203351809367
2529,2023-05-06 04:00:00,-250.07292380498757
2530,2023-05-06 05:00:00,-240.93563474449235
2531,2023-05-06 06:00:00,-182.18409306306927
2532,2023-05-06 07:00:00,-65.8081725255538
2533,2023-05-06 08:00:00,81.39592654271874
2534,2023-05-06 09:00:00,209.40257692542173
2535,2023-05-06 10:00:00,276.1415850328583
2536,2023-05-06 11:00:00,275.5855235556138
2537,2023-05-06 12:00:00,241.04265329650013
2538,2023-05-06 13:00:00,220.87111651556924
2539,2023-05-06 14:00:00,244.99713135320255
2540,2023-05-06 15:00:00,306.5456851660536
2541,2023-05-06 16:00:00,369.5996700020233
2542,2023-05-06 17:00:00,393.95577322911674
2543,2023-05-06 18:00:00,357.5837754435222
2544,2023-05-06 19:00:00,263.6738236931579
2545,2023-05-06 20:00:00,133.35529248796757
2546,2023-05-06 21:00:00,-6.072260148008979
2547,2023-05-06 22:00:00,-129.83241281943344
2548,2023-05-06 23:00:00,-221.00063511967136
2549,2023-05-07 00:00:00,-274.9786253392423
2550,2023-05-07 01:00:00,-301.7323384218922
2551,2023-05-07 02:00:00,-320.67967921311924
2552,2023-05-07 03:00:00,-346.82630272270023
2553,2023-05-07 04:00:00,-376.23982935527897
2554,2023-05-07 05:00:00,-384.0922832120993
2555,2023-05-07 06:00:00,-341.24433842339084
2556,2023-05-07 08:00:00,-105.67912419920168
2557,2023-05-07 09:00:00,10.451352365415971
2558,2023-05-07 10:00:00,66.86793801024496
2559,2023-05-07 11:00:00,57.62351984710142
2560,2023-05-07 12:00:00,16.090156915508942
2561,2023-05-07 13:00:00,-9.327350056260116
2562,2023-05-07 14:00:00,11.326306291571314
2563,2023-05-07 15:00:00,71.18740254499062
2564,2023-05-07 16:00:00,134.332290235322
2565,2023-05-07 17:00:00,160.5334574789929
2566,2023-05-07 18:00:00,127.71919623075857
2567,2023-05-07 19:00:00,39.02143813675062
2568,2023-05-07 20:00:00,-84.50463567200359
2569,2023-05-07 21:00:00,-215.6487130753569
2570,2023-05-07 22:00:00,-329.7375804181781
2571,2023-05-07 23:00:00,-409.96263454585846
2572,2023-05-08 00:00:00,-239.77308265890747
2573,2023-05-08 01:00:00,-253.4315077979246
2574,2023-05-08 02:00:00,-258.42140819294553
2575,2023-05-08 03:00:00,-269.9003515536896
2576,2023-05-08 04:00:00,-284.09268759494444
2577,2023-05-08 05:00:00,-276.33020172273564
2578,2023-05-08 06:00:00,-217.63455736410998
2579,2023-05-08 07:00:00,-100.01949278869745
2580,2023-05-08 08:00:00,49.68502709022212
2581,2023-05-08 09:00:00,181.41013591599403
2582,2023-05-08 10:00:00,253.03344042189187
2583,2023-05-08 11:00:00,258.46694958043867
2584,2023-05-08 12:00:00,230.9506682278596
2585,2023-05-08 13:00:00,218.76752973030463
2586,2023-05-08 14:00:00,251.76238874221488
2587,2023-05-08 15:00:00,322.97356276347347
2588,2023-05-08 16:00:00,396.39285614561584
2589,2023-05-08 17:00:00,431.722369546952
2590,2023-05-08 18:00:00,406.83473686482296
2591,2023-05-08 19:00:00,324.8213472226772
2592,2023-05-08 20:00:00,206.71215420641903
2593,2023-05-08 22:00:00,-31.5139411456002
2594,2023-05-08 23:00:00,-110.12372492656982
2595,2023-05-09 00:00:00,-151.61643406824032
2596,2023-05-09 01:00:00,-166.0472548751569
2597,2023-05-09 02:00:00,-172.91885875869554
2598,2023-05-09 03:00:00,-187.31652365920547
2599,2023-05-09 04:00:00,-205.38174017718183
2600,2023-05-09 05:00:00,-202.3541159797187
2601,2023-05-09 06:00:00,-149.15516808937377
2602,2023-05-09 07:00:00,-37.69195094007392
2603,2023-05-09 08:00:00,105.31729818227049
2604,2023-05-09 09:00:00,229.918947864839
2605,2023-05-09 10:00:00,294.107787759758
2606,2023-05-09 11:00:00,291.91339565569893
2607,2023-05-09 12:00:00,256.69218632206963
2608,2023-05-09 13:00:00,236.8408364775795
2609,2023-05-09 14:00:00,262.3138258824124
2610,2023-05-09 15:00:00,326.25360172458755
2611,2023-05-09 16:00:00,392.74931699848463
2612,2023-05-09 17:00:00,421.5924618979167
2613,2023-05-09 18:00:00,390.73604466226715
2614,2023-05-09 19:00:00,303.3418922354735
2615,2023-05-09 20:00:00,180.49968395411324
2616,2023-05-09 23:00:00,-146.22408004228083
2617,2023-05-10 00:00:00,-189.49409947743936
2618,2023-05-10 01:00:00,-204.9325180227927
2619,2023-05-10 02:00:00,-212.05380831881462
2620,2023-05-10 03:00:00,-225.96661981561846
2621,2023-05-10 04:00:00,-242.84684977466065
2622,2023-05-10 05:00:00,-237.9788631968134
2623,2023-05-10 06:00:00,-182.33846146226165
2624,2023-05-10 07:00:00,-67.89555946963873
2625,2023-05-10 08:00:00,78.56123351340733
2626,2023-05-10 09:00:00,207.00156568118567
2627,2023-05-10 10:00:00,275.33840343046035
2628,2023-05-10 11:00:00,277.51570880264865
2629,2023-05-10 12:00:00,246.8018454838977
2630,2023-05-10 14:00:00,261.4890614140248
2631,2023-05-10 15:00:00,329.811280335259
2632,2023-05-10 16:00:00,400.4762507947062
2633,2023-05-10 17:00:00,433.19590357537163
2634,2023-05-10 18:00:00,405.8493165652108
2635,2023-05-10 19:00:00,321.53117302769954
2636,2023-05-10 20:00:00,201.27185402387624
2637,2023-05-10 21:00:00,72.26965629442859
2638,2023-05-10 23:00:00,-121.11831018911727
2639,2023-05-11 00:00:00,-164.18364932618567
2640,2023-05-11 01:00:00,-180.06089549537603
2641,2023-05-11 02:00:00,-188.26169163484667
2642,2023-05-11 03:00:00,-203.88038881195882
2643,2023-05-11 04:00:00,-223.06723055340797
2644,2023-05-11 05:00:00,-221.0698506994985
2645,2023-05-11 06:00:00,-168.81668142342863
2646,2023-05-11 07:00:00,-58.2202258817029
2647,2023-05-11 08:00:00,83.99761663260583
2648,2023-05-11 09:00:00,207.88161895761203
2649,2023-05-11 10:00:00,271.4272750894976
2650,2023-05-11 11:00:00,268.6673509367225
2651,2023-05-11 12:00:00,232.96406319935622
2652,2023-05-11 14:00:00,237.90856640339257
2653,2023-05-11 15:00:00,301.6783260089844
2654,2023-05-11 16:00:00,368.1374138700844
2655,2023-05-11 17:00:00,397.09611584646495
2656,2023-05-11 18:00:00,366.5284072717836
2657,2023-05-11 19:00:00,279.6189788545188
2658,2023-05-11 20:00:00,157.48194420270454
2659,2023-05-11 21:00:00,27.391739253677287
2660,2023-05-11 22:00:00,-85.91015586578965
2661,2023-05-11 23:00:00,-165.54382974341377
2662,2023-05-12 00:00:00,-206.96503672153432
2663,2023-05-12 01:00:00,-220.20288656112888
2664,2023-05-12 02:00:00,-224.7471042665086
2665,2023-05-12 03:00:00,-235.68330545716555
2666,2023-05-12 04:00:00,-249.16660003352513
2667,2023-05-12 05:00:00,-240.4633377678727
2668,2023-05-12 06:00:00,-180.53458773432595
2669,2023-05-12 07:00:00,-61.339303295650325
2670,2023-05-12 08:00:00,90.34063978280204
2671,2023-05-12 09:00:00,224.4769761395897
2672,2023-05-12 10:00:00,298.979737592225
2673,2023-05-12 11:00:00,307.7846085994164
2674,2023-05-12 12:00:00,284.1460680847076
2675,2023-05-12 13:00:00,276.351998567002
2676,2023-05-12 14:00:00,314.2424882304705
2677,2023-05-12 15:00:00,390.8413175327324
2678,2023-05-12 16:00:00,470.11606513653305
2679,2023-05-12 17:00:00,511.7351354119322
2680,2023-05-12 18:00:00,493.5283472219888
2681,2023-05-12 19:00:00,418.5356371266249
2682,2023-05-12 20:00:00,307.7274735010326
2683,2023-05-12 21:00:00,188.2374708649824
2684,2023-05-12 22:00:00,84.67081422970455
2685,2023-05-12 23:00:00,13.778300045552612
2686,2023-05-13 00:00:00,-232.09885990782493
2687,2023-05-13 01:00:00,-238.94319653232236
2688,2023-05-13 02:00:00,-238.42633517360173
2689,2023-05-13 03:00:00,-245.72389965320338
2690,2023-05-13 04:00:00,-257.0676682989653
2691,2023-05-13 05:00:00,-247.7862571447019
2692,2023-05-13 06:00:00,-188.88769494785066
2693,2023-05-13 07:00:00,-72.36185375131396
2694,2023-05-13 08:00:00,74.99506756564327
2695,2023-05-13 09:00:00,203.15744297970127
2696,2023-05-13 10:00:00,270.05507979609166
2697,2023-05-13 11:00:00,269.6605513420158
2698,2023-05-13 12:00:00,235.28211878426055
2699,2023-05-13 13:00:00,215.2779244687151
2700,2023-05-13 14:00:00,239.5741863477901
2701,2023-05-13 15:00:00,301.29589131082406
2702,2023-05-13 16:00:00,364.52593067789485
2703,2023-05-13 17:00:00,389.0609907918111
2704,2023-05-13 18:00:00,352.87085096320345
2705,2023-05-13 19:00:00,259.1456566733246
2706,2023-05-13 21:00:00,-10.222221387001468
2707,2023-05-13 22:00:00,-133.78893025871582
2708,2023-05-13 23:00:00,-224.76081829437618
2709,2023-05-14 00:00:00,-278.5395867409628
2710,2023-05-14 01:00:00,-305.09119377420774
2711,2023-05-14 02:00:00,-323.83354775036787
2712,2023-05-14 03:00:00,-349.77230746272386
2713,2023-05-14 04:00:00,-378.9750973965821
2714,2023-05-14 05:00:00,-386.61394598680687
2715,2023-05-14 06:00:00,-343.54953199175003
2716,2023-05-14 07:00:00,-241.635183321245
2717,2023-05-14 08:00:00,-107.54280743541472
2718,2023-05-14 09:00:00,8.812699611479559
2719,2023-05-14 10:00:00,65.45715839085776
2720,2023-05-14 11:00:00,56.44344999380894
2721,2023-05-14 12:00:00,15.143627171832634
2722,2023-05-14 13:00:00,-10.037515935397664
2723,2023-05-14 14:00:00,10.855321190433244
2724,2023-05-14 15:00:00,70.95840800170802
2725,2023-05-14 16:00:00,134.34808861690655
2726,2023-05-14 17:00:00,160.7968434756729
2727,2023-05-14 19:00:00,39.78835129911792
2728,2023-05-14 20:00:00,-83.48179972054271
2729,2023-05-14 23:00:00,-408.1554996857596
2730,2023-05-15 00:00:00,-237.69903579753992
2731,2023-05-15 01:00:00,-251.08782566405017
2732,2023-05-15 02:00:00,-255.80537769357426
2733,2023-05-15 03:00:00,-267.0092700266018
2734,2023-05-15 04:00:00,-280.9238630877136
2735,2023-05-15 05:00:00,-272.8809532622051
2736,2023-05-15 06:00:00,-213.90221523604197
2737,2023-05-15 07:00:00,-96.00139880064626
2738,2023-05-15 08:00:00,53.99151934766019
2739,2023-05-15 09:00:00,186.00766077725282
2740,2023-05-15 10:00:00,257.92461989578214
2741,2023-05-15 11:00:00,263.6543930783702
2742,2023-05-15 13:00:00,224.55527778766108
2743,2023-05-15 14:00:00,257.85415080827806
2744,2023-05-15 15:00:00,329.37189519849096
2745,2023-05-15 16:00:00,403.1003013862452
2746,2023-05-15 17:00:00,438.7414558419731
2747,2023-05-15 18:00:00,414.1679780243315
2748,2023-05-15 19:00:00,332.4712423466127
2749,2023-05-15 20:00:00,214.68118742030723
2750,2023-05-15 21:00:00,87.99820961153011
2751,2023-05-15 23:00:00,-101.18252616341556
2752,2023-05-16 00:00:00,-142.34631549523266
2753,2023-05-16 01:00:00,-156.44581103279984
2754,2023-05-16 02:00:00,-162.98370070327292
2755,2023-05-16 03:00:00,-177.04527918680714
2756,2023-05-16 04:00:00,-194.77205408508632
2757,2023-05-16 05:00:00,-191.40365031115158
2758,2023-05-16 06:00:00,-137.8616023919152
2759,2023-05-16 07:00:00,-26.052982499533186
2760,2023-05-16 08:00:00,117.30395410003322
2761,2023-05-16 09:00:00,242.25555775328658
2762,2023-05-16 10:00:00,306.7965996437063
2763,2023-05-16 11:00:00,304.9566388479183
2764,2023-05-16 13:00:00,250.59955417915057
2765,2023-05-16 15:00:00,340.7364806811611
2766,2023-05-16 16:00:00,407.5974848151902
2767,2023-05-16 17:00:00,436.8080306379961
2768,2023-05-16 18:00:00,406.32110604132487
2769,2023-05-16 19:00:00,319.2985173840669
2770,2023-05-16 20:00:00,196.8299231844319
2771,2023-05-16 21:00:00,66.16410681106561
2772,2023-05-16 22:00:00,-47.98388605602463
2773,2023-05-16 23:00:00,-128.76090809295857
2774,2023-05-17 00:00:00,-171.64932473470247
2775,2023-05-17 01:00:00,-186.70419754479008
2776,2023-05-17 02:00:00,-193.44002130846957
2777,2023-05-17 03:00:00,-206.9654678196125
2778,2023-05-17 04:00:00,-223.45645689652866
2779,2023-05-17 05:00:00,-218.19737631022122
2780,2023-05-17 06:00:00,-162.16405042502083
2781,2023-05-17 07:00:00,-47.32641731402282
2782,2023-05-17 08:00:00,99.52689036074798
2783,2023-05-17 09:00:00,228.3654971916607
2784,2023-05-17 10:00:00,297.1023457937685
2785,2023-05-17 11:00:00,299.68137420841805
2786,2023-05-17 12:00:00,269.37092193537666
2787,2023-05-17 13:00:00,254.47854002275471
2788,2023-05-17 14:00:00,284.86992623442325
2789,2023-05-17 15:00:00,353.6004731358439
2790,2023-05-17 16:00:00,424.6753608856388
2791,2023-05-17 17:00:00,457.8064951394059
2792,2023-05-17 18:00:00,430.87292844389555
2793,2023-05-17 19:00:00,346.96931855889994
2794,2023-05-17 20:00:00,227.12602085664977
2795,2023-05-17 22:00:00,-14.110682998903258
2796,2023-05-17 23:00:00,-94.00741310122191
2797,2023-05-18 00:00:00,-136.65104075436557
2798,2023-05-18 01:00:00,-152.10521885854064
2799,2023-05-18 02:00:00,-159.88161707253158
2800,2023-05-18 03:00:00,-175.07461335133337
2801,2023-05-18 04:00:00,-193.83447826186745
2802,2023-05-18 05:00:00,-191.4088728650937
2803,2023-05-18 06:00:00,-138.7262566853704
2804,2023-05-18 07:00:00,-27.699160402676796
2805,2023-05-18 08:00:00,114.95048901850964
2806,2023-05-18 09:00:00,239.26743659360983
2807,2023-05-18 11:00:00,300.9223621027924
2808,2023-05-18 12:00:00,265.6552662694908
2809,2023-05-18 14:00:00,271.4752016007355
2810,2023-05-18 15:00:00,335.68414422683657
2811,2023-05-18 16:00:00,402.58335471855645
2812,2023-05-18 17:00:00,431.9830900184859
2813,2023-05-18 18:00:00,401.857296391315
2814,2023-05-18 19:00:00,315.39063536894184
2815,2023-05-18 20:00:00,193.6971912555014
2816,2023-05-18 21:00:00,64.05137056826734
2817,2023-05-18 22:00:00,-48.80537610873159
2818,2023-05-18 23:00:00,-127.99316702717931
2819,2023-05-19 00:00:00,-168.96778628122985
2820,2023-05-19 01:00:00,-181.7583735125827
2821,2023-05-19 02:00:00,-185.85468370609243
2822,2023-05-19 03:00:00,-196.34236256705861
2823,2023-05-19 04:00:00,-209.37655017409406
2824,2023-05-19 05:00:00,-200.2236265968234
2825,2023-05-19 06:00:00,-139.8446912768294
2826,2023-05-19 07:00:00,-20.19872805326122
2827,2023-05-19 08:00:00,131.93235674597682
2828,2023-05-19 09:00:00,266.52026710771105
2829,2023-05-19 10:00:00,341.4750041235403
2830,2023-05-19 11:00:00,350.7322214299023
2831,2023-05-19 12:00:00,327.54636705908257
2832,2023-05-19 13:00:00,320.2052925594164
2833,2023-05-19 14:00:00,358.5490550695622
2834,2023-05-19 15:00:00,435.6014039359842
2835,2023-05-19 16:00:00,515.3298866296608
2836,2023-05-19 18:00:00,539.6501604551435
2837,2023-05-19 19:00:00,465.11164432338023
2838,2023-05-19 21:00:00,235.72210506293868
2839,2023-05-19 22:00:00,132.6098184533311
2840,2023-05-19 23:00:00,62.17068496769977
2841,2023-05-20 00:00:00,-183.2531301583465
2842,2023-05-20 01:00:00,-189.64418950280134
2843,2023-05-20 02:00:00,-188.67415011063753
2844,2023-05-20 03:00:00,-195.5186675417175
2845,2023-05-20 04:00:00,-206.40955189667068
2846,2023-05-20 05:00:00,-196.67545102076065
2847,2023-05-20 06:00:00,-137.32442549365027
2848,2023-05-20 07:00:00,-20.346379224469217
2849,2023-05-20 08:00:00,127.46245705170486
2850,2023-05-20 09:00:00,256.07642538917236
2851,2023-05-20 10:00:00,323.4253011892575
2852,2023-05-20 11:00:00,323.4816258573951
2853,2023-05-20 12:00:00,289.5536286131951
2854,2023-05-20 13:00:00,269.99941987253857
2855,2023-05-20 15:00:00,356.9158808267125
2856,2023-05-20 16:00:00,420.5943648374123
2857,2023-05-20 17:00:00,445.5772920591778
2858,2023-05-20 18:00:00,409.8344098679463
2859,2023-05-20 19:00:00,316.5558318158988
2860,2023-05-20 20:00:00,186.87089866521865
2861,2023-05-20 21:00:00,48.07913440752009
2862,2023-05-20 22:00:00,-75.04307382572705
2863,2023-05-20 23:00:00,-165.57123016719385
2864,2023-05-21 00:00:00,-218.90706768508898
2865,2023-05-21 01:00:00,-245.0165763707153
2866,2023-05-21 02:00:00,-263.31769634309757
2867,2023-05-21 03:00:00,-288.81611813990725
2868,2023-05-21 05:00:00,-324.7798958596995
2869,2023-05-21 06:00:00,-281.27802226049
2870,2023-05-21 07:00:00,-178.92723663222722
2871,2023-05-21 08:00:00,-44.39947797295622
2872,2023-05-21 09:00:00,72.39032621283141
2873,2023-05-21 10:00:00,129.4679650487671
2874,2023-05-21 11:00:00,120.88628827320161
2875,2023-05-21 12:00:00,80.01731732142662
2876,2023-05-21 13:00:00,55.26581510605007
2877,2023-05-21 14:00:00,76.5870509535784
2878,2023-05-21 15:00:00,137.11726321463834
2879,2023-05-21 16:00:00,200.93276496659126
2880,2023-05-21 17:00:00,227.8060056848972
2881,2023-05-21 19:00:00,107.6423559282089
2882,2023-05-21 20:00:00,-15.207500062486758
2883,2023-05-21 21:00:00,-145.6740568007803
2884,2023-05-21 22:00:00,-259.08414025351533
2885,2023-05-21 23:00:00,-338.62918707349394
2886,2023-05-22 00:00:00,-167.75844443780085
2887,2023-05-22 01:00:00,-180.7345355489485
2888,2023-05-22 02:00:00,-185.04099897328518
2889,2023-05-22 03:00:00,-195.83544292812172
2890,2023-05-22 04:00:00,-209.34225779827693
2891,2023-05-22 05:00:00,-200.8932698250478
2892,2023-05-22 06:00:00,-141.51018344172087
2893,2023-05-22 07:00:00,-23.206778069027564
2894,2023-05-22 08:00:00,127.18694007543095
2895,2023-05-22 09:00:00,259.60206316308586
2896,2023-05-22 10:00:00,331.91615632485036
2897,2023-05-22 11:00:00,338.04118678659836
2898,2023-05-22 12:00:00,311.21711748894023
2899,2023-05-22 13:00:00,299.72683977015964
2900,2023-05-22 14:00:00,333.4151661252048
2901,2023-05-22 15:00:00,405.32037176466133
2902,2023-05-22 16:00:00,479.43421862023155
2903,2023-05-22 17:00:00,515.4587648073566
2904,2023-05-22 18:00:00,491.2666015775276
2905,2023-05-22 19:00:00,409.9490752727519
2906,2023-05-22 20:00:00,292.5360965941399
2907,2023-05-22 21:00:00,166.2280341245817
2908,2023-05-22 22:00:00,55.703310839974904
2909,2023-05-22 23:00:00,-22.209463973066192
2910,2023-05-23 00:00:00,-63.00498573665391
2911,2023-05-23 01:00:00,-76.73848413301232
2912,2023-05-23 02:00:00,-82.91267406349488
2913,2023-05-23 03:00:00,-96.61287702568302
2914,2023-05-23 04:00:00,-113.9806272769685
2915,2023-05-23 05:00:00,-110.25557620168627
2916,2023-05-23 06:00:00,-56.3592846310255
2917,2023-05-23 07:00:00,55.801149129279366
2918,2023-05-23 08:00:00,199.50744385486854
2919,2023-05-23 09:00:00,324.8059241299201
2920,2023-05-23 10:00:00,389.69133553518014
2921,2023-05-23 11:00:00,388.193211739746
2922,2023-05-23 12:00:00,353.66792334831274
2923,2023-05-23 13:00:00,334.51210284216234
2924,2023-05-23 14:00:00,360.6801857264308
2925,2023-05-23 15:00:00,425.31457487186276
2926,2023-05-23 16:00:00,492.50437893452397
2927,2023-05-23 17:00:00,522.0410437163723
2928,2023-05-23 18:00:00,491.8775330568348
2929,2023-05-23 19:00:00,405.1756294622638
2930,2023-05-23 20:00:00,283.02496780667263
2931,2023-05-23 21:00:00,152.674308002874
2932,2023-05-23 22:00:00,38.83867250876784
2933,2023-05-23 23:00:00,-41.62881437765009
2934,2023-05-24 00:00:00,-84.21054090527798
2935,2023-05-24 01:00:00,-98.9615912332057
2936,2023-05-24 02:00:00,-105.39648252570976
2937,2023-05-24 03:00:00,-118.6239087334543
2938,2023-05-24 04:00:00,-134.81981162483595
2939,2023-05-24 05:00:00,-129.26860067856632
2940,2023-05-24 06:00:00,-72.94612175212313
2941,2023-05-24 07:00:00,42.17766581186001
2942,2023-05-24 08:00:00,189.31410830939848
2943,2023-05-24 09:00:00,318.43280953574913
2944,2023-05-24 10:00:00,387.44669152883387
2945,2023-05-24 11:00:00,390.299671981457
2946,2023-05-24 12:00:00,360.26007029417383
2947,2023-05-24 13:00:00,345.6354176471814
2948,2023-05-24 14:00:00,376.29139217521924
2949,2023-05-24 15:00:00,445.2833670515743
2950,2023-05-24 16:00:00,516.6165033023929
2951,2023-05-24 17:00:00,550.0026876707011
2952,2023-05-24 18:00:00,523.3209540545824
2953,2023-05-24 19:00:00,439.66594180793294
2954,2023-05-24 20:00:00,320.06798815056015
2955,2023-05-24 21:00:00,191.72534604152082
2956,2023-05-24 22:00:00,79.31214020997623
2957,2023-05-24 23:00:00,-0.34911306529591
2958,2023-05-25 00:00:00,-42.76058759255642
2959,2023-05-25 01:00:00,-57.98595315739897
2960,2023-05-25 02:00:00,-65.53689604628937
2961,2023-05-25 03:00:00,-80.50781057808086
2962,2023-05-25 04:00:00,-99.04898343674455
2963,2023-05-25 05:00:00,-96.40809151595829
2964,2023-05-25 06:00:00,-43.513609923725994
2965,2023-05-25 07:00:00,67.721915344976
2966,2023-05-25 08:00:00,210.57654227349553
2967,2023-05-25 09:00:00,335.0950011100051
2968,2023-05-25 10:00:00,399.2727433684265
2969,2023-05-25 11:00:00,397.14249260253393
2970,2023-05-25 12:00:00,362.06642328845953
2971,2023-05-25 13:00:00,342.44965930636624
2972,2023-05-25 14:00:00,368.2578302360912
2973,2023-05-25 15:00:00,432.6471913935221
2974,2023-05-25 16:00:00,499.72325831581543
2975,2023-05-25 17:00:00,529.2962753436851
2976,2023-05-25 18:00:00,499.3401764409431
2977,2023-05-25 19:00:00,413.03961108807835
2978,2023-05-25 20:00:00,291.5086518482341
2979,2023-05-25 21:00:00,162.0216937615109
2980,2023-05-25 22:00:00,49.320176219582294
2981,2023-05-25 23:00:00,-29.716029936443988
2982,2023-05-26 00:00:00,-70.54271943057978
2983,2023-05-26 01:00:00,-83.18904223184876
2984,2023-05-26 02:00:00,-87.14476339028744
2985,2023-05-26 03:00:00,-97.49553837574103
2986,2023-05-26 04:00:00,-110.39651674609684
2987,2023-05-26 05:00:00,-101.11408776113007
2988,2023-05-26 06:00:00,-40.609359774204904
2989,2023-05-26 07:00:00,79.15867476353026
2990,2023-05-26 08:00:00,231.40810120720064
2991,2023-05-26 09:00:00,366.110615497664
2992,2023-05-26 10:00:00,441.17621098689375
2993,2023-05-26 11:00:00,450.54053385986595
2994,2023-05-26 12:00:00,427.4580249935151
2995,2023-05-26 13:00:00,420.21652905645755
2996,2023-05-26 14:00:00,458.6560966249948
2997,2023-05-26 15:00:00,535.8004707599523
2998,2023-05-26 16:00:00,615.617192944956
2999,2023-05-26 17:00:00,657.7746306232148
3000,2023-05-26 18:00:00,640.10256594536
3001,2023-05-26 19:00:00,565.6408990007706
3002,2023-05-26 20:00:00,455.3600619247958
3003,2023-05-26 21:00:00,336.3936332599095
3004,2023-05-26 22:00:00,233.34676226089803
3005,2023-05-26 23:00:00,162.96922496494642
3006,2023-05-27 00:00:00,-109.73947294065323
3007,2023-05-27 01:00:00,-116.07658553018462
3008,2023-05-27 02:00:00,-115.0564287997916
3009,2023-05-27 03:00:00,-121.85466103939001
3010,2023-05-27 04:00:00,-132.70309478779416
3011,2023-05-27 05:00:00,-122.93038003013174
3012,2023-05-27 06:00:00,-63.54457920246665
3013,2023-05-27 07:00:00,53.46440225133307
3014,2023-05-27 08:00:00,201.30033234062643
3015,2023-05-27 09:00:00,329.93755215582445
3016,2023-05-27 10:00:00,397.3058364411926
3017,2023-05-27 11:00:00,397.3777262437647
3018,2023-05-27 12:00:00,363.4614507159183
3019,2023-05-27 13:00:00,343.91512049029245
3020,2023-05-27 14:00:00,368.6661188359432
3021,2023-05-27 15:00:00,430.83820460632774
3022,2023-05-27 16:00:00,494.51423828387755
3023,2023-05-27 17:00:00,519.4908756741319
3024,2023-05-27 18:00:00,483.7378658630845
3025,2023-05-27 19:00:00,390.4453243979921
3026,2023-05-27 20:00:00,260.7425943224279
3027,2023-05-27 21:00:00,121.9292022238038
3028,2023-05-27 22:00:00,-1.2184618941593044
3029,2023-05-27 23:00:00,-91.77589899562747
3030,2023-05-28 00:00:00,-117.80218279350521
3031,2023-05-28 01:00:00,-143.9486113154157
3032,2023-05-28 02:00:00,-162.29046474996375
3033,2023-05-28 03:00:00,-187.83342929820088
3034,2023-05-28 04:00:00,-216.64515652339668
3035,2023-05-28 05:00:00,-223.89770160955499
3036,2023-05-28 06:00:00,-180.45176974807168
3037,2023-05-28 07:00:00,-78.16071493270636
3038,2023-05-28 08:00:00,56.303529617020246
3039,2023-05-28 09:00:00,173.02604244520415
3040,2023-05-28 10:00:00,230.03261902150075
3041,2023-05-28 11:00:00,221.37611571508572
3042,2023-05-28 12:00:00,180.42856086697122
3043,2023-05-28 13:00:00,155.59472457877564
3044,2023-05-28 14:00:00,176.8298836602341
3045,2023-05-28 15:00:00,237.27028421005912
3046,2023-05-28 16:00:00,300.99224735071857
3047,2023-05-28 17:00:00,327.7682308587886
3048,2023-05-28 18:00:00,295.52649643230126
3049,2023-05-28 19:00:00,207.3989455448912
3050,2023-05-28 20:00:00,84.4407292060535
3051,2023-05-28 21:00:00,-46.13787044481779
3052,2023-05-28 22:00:00,-159.66366969723452
3053,2023-05-28 23:00:00,-239.32809523460816
3054,2023-05-29 00:00:00,-159.25810160211762
3055,2023-05-29 01:00:00,-172.3608662979825
3056,2023-05-29 02:00:00,-176.79763471492362
3057,2023-05-29 03:00:00,-187.72600402999865
3058,2023-05-29 04:00:00,-201.37035331633456
3059,2023-05-29 05:00:00,-193.06249725495627
3060,2023-05-29 06:00:00,-133.8241284327176
3061,2023-05-29 07:00:00,-15.669014177500742
3062,2023-05-29 08:00:00,134.57285165085705
3063,2023-05-29 09:00:00,266.832573838719
3064,2023-05-29 10:00:00,338.98773040134535
3065,2023-05-29 11:00:00,344.95030168989445
3066,2023-05-29 12:00:00,317.9602640351733
3067,2023-05-29 13:00:00,306.3005224172567
3068,2023-05-29 14:00:00,339.81590322285143
3069,2023-05-29 15:00:00,411.54469580978883
3070,2023-05-29 16:00:00,485.4786764945174
3071,2023-05-29 17:00:00,521.3199180478612
3072,2023-05-29 18:00:00,496.9410265946923
3073,2023-05-29 19:00:00,415.43336361308525
3074,2023-05-29 20:00:00,297.82685518192267
3075,2023-05-29 21:00:00,171.3218854902101
3076,2023-05-29 22:00:00,60.59689337108344
3077,2023-05-29 23:00:00,-17.519495794247177
3078,2023-05-30 00:00:00,32.15575649666724
3079,2023-05-30 01:00:00,18.212001922239892
3080,2023-05-30 02:00:00,11.824259976720526
3081,2023-05-30 03:00:00,-2.092773815758221
3082,2023-05-30 04:00:00,-19.68061645100903
3083,2023-05-30 05:00:00,-16.178901849033934
3084,2023-05-30 06:00:00,37.49082687761566
3085,2023-05-30 07:00:00,149.4214893378478
3086,2023-05-30 08:00:00,292.89482248099506
3087,2023-05-30 09:00:00,417.95716923230907
3088,2023-05-30 10:00:00,482.6032937735747
3089,2023-05-30 11:00:00,480.8627485698661
3090,2023-05-30 12:00:00,446.09192324322703
3091,2023-05-30 13:00:00,426.68746950140076
3092,2023-05-30 14:00:00,452.6038422842802
3093,2023-05-30 15:00:00,516.9834641068942
3094,2023-05-30 16:00:00,583.9154634682102
3095,2023-05-30 17:00:00,613.1913062339187
3096,2023-05-30 18:00:00,582.7639764854619
3097,2023-05-30 19:00:00,495.79527718594704
3098,2023-05-30 20:00:00,373.3748638591011
3099,2023-05-30 21:00:00,242.75151726446364
3100,2023-05-30 22:00:00,128.64028088918894
3101,2023-05-30 23:00:00,47.894300265708836
3102,2023-05-31 00:00:00,5.031208557845332
3103,2023-05-31 01:00:00,-10.004056791462745
3104,2023-05-31 02:00:00,-16.725991159543184
3105,2023-05-31 03:00:00,-30.243266531046572
3106,2023-05-31 04:00:00,-46.731802520128895
3107,2023-05-31 05:00:00,-41.475986293845324
3108,2023-05-31 06:00:00,14.54835880129076
3109,2023-05-31 07:00:00,129.37129609023674
3110,2023-05-31 08:00:00,276.2041947109535
3111,2023-05-31 09:00:00,405.01668146630686
3112,2023-05-31 10:00:00,473.72170157881607
3113,2023-05-31 11:00:00,476.26319607722894
3114,2023-05-31 12:00:00,445.9095078575873
3115,2023-05-31 13:00:00,430.9681917620004
3116,2023-05-31 14:00:00,461.30494974471696
3117,2023-05-31 15:00:00,529.9751789455884
3118,2023-05-31 16:00:00,600.9840645062338
3119,2023-05-31 17:00:00,634.0435174531716
3120,2023-05-31 18:00:00,607.0325960882317
3121,2023-05-31 19:00:00,523.0459643292146
3122,2023-05-31 20:00:00,403.11398410091556
3123,2023-05-31 21:00:00,274.43493320287956
3124,2023-05-31 22:00:00,161.68296134266006
3125,2023-05-31 23:00:00,81.68060990737419
3126,2023-06-01 00:00:00,38.92573034441847
3127,2023-06-01 01:00:00,23.354678227797393
3128,2023-06-01 02:00:00,15.455792783285688
3129,2023-06-01 03:00:00,0.13470530996266916
3130,2023-06-01 04:00:00,-18.75884512645939
3131,2023-06-01 05:00:00,-16.472509553552868
3132,2023-06-01 06:00:00,36.065262901885234
3133,2023-06-01 07:00:00,146.94195234356542
3134,2023-06-01 08:00:00,289.4356429600073
3135,2023-06-01 09:00:00,413.59109131716264
3136,2023-06-01 10:00:00,477.40377535306516
3137,2023-06-01 11:00:00,474.90644515338954
3138,2023-06-01 12:00:00,439.46130181185924
3139,2023-06-01 13:00:00,419.4734959505204
3140,2023-06-01 14:00:00,444.90868396024626
3141,2023-06-01 15:00:00,508.92314808109376
3142,2023-06-01 16:00:00,575.6224308547546
3143,2023-06-01 17:00:00,604.816803719176
3144,2023-06-01 18:00:00,574.4802278177253
3145,2023-06-01 19:00:00,487.79737989497767
3146,2023-06-01 20:00:00,365.8823598628881
3147,2023-06-01 21:00:00,236.00959019047315
3148,2023-06-01 22:00:00,122.92053774379707
3149,2023-06-01 23:00:00,43.49510095254604
3150,2023-06-02 00:00:00,2.277512735137293
3151,2023-06-02 01:00:00,-10.761349183031541
3152,2023-06-02 02:00:00,-15.11122207043013
3153,2023-06-02 03:00:00,-25.85773356907083
3154,2023-06-02 04:00:00,-39.15600534170983
3155,2023-06-02 05:00:00,-30.27239869872784
3156,2023-06-02 06:00:00,29.83200600828664
3157,2023-06-02 07:00:00,149.19824438471653
3158,2023-06-02 08:00:00,301.04442988545577
3159,2023-06-02 09:00:00,435.3422866009853
3160,2023-06-02 10:00:00,510.00183607586075
3161,2023-06-02 11:00:00,518.9587527320418
3162,2023-06-02 12:00:00,495.4675057072835
3163,2023-06-02 13:00:00,487.8159679892192
3164,2023-06-02 14:00:00,525.8442184825483
3165,2023-06-02 15:00:00,602.5760286227703
3166,2023-06-02 16:00:00,681.9789682871278
3167,2023-06-02 17:00:00,723.7214333395095
3168,2023-06-02 18:00:00,705.633234375111
3169,2023-06-02 19:00:00,630.7542999442408
3170,2023-06-02 20:00:00,520.0550906643871
3171,2023-06-02 21:00:00,400.66921356986745
3172,2023-06-02 22:00:00,297.2018464207654
3173,2023-06-02 23:00:00,226.40279376329173
3174,2023-06-03 00:00:00,-19.385754282781136
3175,2023-06-03 01:00:00,-26.14633508317479
3176,2023-06-03 02:00:00,-25.550580196464466
3177,2023-06-03 03:00:00,-32.774119397433196
3178,2023-06-03 04:00:00,-44.04873670198225
3179,2023-06-03 05:00:00,-34.703053582953316
3180,2023-06-03 06:00:00,24.25489602548808
3181,2023-06-03 07:00:00,140.83523517310823
3182,2023-06-03 08:00:00,288.2417603371959
3183,2023-06-03 09:00:00,416.44884108206145
3184,2023-06-03 10:00:00,483.38628057878555
3185,2023-06-03 11:00:00,483.0266482969047
3186,2023-06-03 12:00:00,448.6782017819493
3187,2023-06-03 13:00:00,428.69908003241335
3188,2023-06-03 14:00:00,453.0154979107649
3189,2023-06-03 15:00:00,514.7524394784551
3190,2023-06-03 16:00:00,577.9927934952811
3191,2023-06-03 17:00:00,602.5332439872309
3192,2023-06-03 18:00:00,566.3435682341646
3193,2023-06-03 19:00:00,472.61390993221903
3194,2023-06-03 20:00:00,342.4736402331568
3195,2023-06-03 21:00:00,203.22231376631785
3196,2023-06-03 22:00:00,79.63634855408739
3197,2023-06-03 23:00:00,-11.359728417830638
3198,2023-06-04 00:00:00,-65.16761886550523
3199,2023-06-04 01:00:00,-91.75328117502522
3200,2023-06-04 02:00:00,-110.53462365234742
3201,2023-06-04 03:00:00,-136.5173047757212
3202,2023-06-04 04:00:00,-165.76894846429315
3203,2023-06-04 05:00:00,-173.46158230192174
3204,2023-06-04 06:00:00,-130.45588396484385
3205,2023-06-04 07:00:00,-28.605180000352505
3206,2023-06-04 08:00:00,105.4186237407308
3207,2023-06-04 09:00:00,221.70063311152722
3208,2023-06-04 10:00:00,278.2666707893132
3209,2023-06-04 11:00:00,269.1696202818917
3210,2023-06-04 12:00:00,227.78153698848996
3211,2023-06-04 13:00:00,202.50721797798752
3212,2023-06-04 14:00:00,223.3019669410592
3213,2023-06-04 15:00:00,283.30205676078293
3214,2023-06-04 16:00:00,346.5838352702552
3215,2023-06-04 17:00:00,372.919786837952
3216,2023-06-04 18:00:00,340.23819967615555
3217,2023-06-04 19:00:00,251.67100165668825
3218,2023-06-04 20:00:00,128.27337011029928
3219,2023-06-04 21:00:00,-2.7443866358094624
3220,2023-06-04 22:00:00,-116.70905875759001
3221,2023-06-04 23:00:00,-196.812046964498
3222,2023-06-05 00:00:00,-26.502562310519238
3223,2023-06-05 01:00:00,-40.0431917293746
3224,2023-06-05 02:00:00,-44.91743735873496
3225,2023-06-05 03:00:00,-56.28287083449129
3226,2023-06-05 04:00:00,-70.36384581783193
3227,2023-06-05 05:00:00,-62.49215168037006
3228,2023-06-05 06:00:00,-3.6894558345600217
3229,2023-06-05 07:00:00,114.03049944483826
3230,2023-06-05 08:00:00,263.83774522040704
3231,2023-06-05 09:00:00,395.6634110915448
3232,2023-06-05 10:00:00,467.3850997299339
3233,2023-06-05 11:00:00,472.91481602697627
3234,2023-06-05 12:00:00,445.4925607198959
3235,2023-06-05 13:00:00,433.4012630552912
3236,2023-06-05 14:00:00,466.4857735493815
3237,2023-06-05 15:00:00,537.7844055452017
3238,2023-06-05 16:00:00,611.2889592192466
3239,2023-06-05 17:00:00,646.7015310362569
3240,2023-06-05 18:00:00,621.8947506854286
3241,2023-06-05 19:00:00,539.9600030591985
3242,2023-06-05 20:00:00,421.9272375062361
3243,2023-06-05 21:00:00,294.9968613172049
3244,2023-06-05 22:00:00,183.84733629979354
3245,2023-06-05 23:00:00,105.30731064394948
3246,2023-06-06 00:00:00,-178.86358610414487
3247,2023-06-06 01:00:00,-193.2291165623476
3248,2023-06-06 02:00:00,-200.0376705004668
3249,2023-06-06 03:00:00,-214.37453021488471
3250,2023-06-06 04:00:00,-232.38119069197614
3251,2023-06-06 05:00:00,-229.2972639904993
3252,2023-06-06 06:00:00,-176.04427154686863
3253,2023-06-06 07:00:00,-64.52927222458686
3254,2023-06-06 08:00:00,78.52949227411392
3255,2023-06-06 09:00:00,203.1783860574577
3256,2023-06-06 10:00:00,267.412194318574
3257,2023-06-06 11:00:00,265.26049036208946
3258,2023-06-06 12:00:00,230.0796844799941
3259,2023-06-06 13:00:00,210.2664488557833
3260,2023-06-06 14:00:00,235.77525875574963
3261,2023-06-06 15:00:00,299.7485568242867
3262,2023-06-06 16:00:00,366.2754915153225
3263,2023-06-06 17:00:00,395.14754846722167
3264,2023-06-06 18:00:00,364.31773136042636
3265,2023-06-06 19:00:00,276.94786256561446
3266,2023-06-06 20:00:00,154.12761682247168
3267,2023-06-06 21:00:00,23.1057939413854
3268,2023-06-06 22:00:00,-91.40254374243563
3269,2023-06-06 23:00:00,-172.54423203292794
3270,2023-06-07 00:00:00,26.944094703909713
3271,2023-06-07 01:00:00,11.515964208465135
3272,2023-06-07 04:00:00,-26.381614597379155
3273,2023-06-07 05:00:00,-21.512762913071526
3274,2023-06-07 06:00:00,34.12613656771367
3275,2023-06-07 07:00:00,148.56516429118844
3276,2023-06-07 08:00:00,295.0157063188082
3277,2023-06-07 09:00:00,423.44740619270806
3278,2023-06-07 10:00:00,491.7732256371196
3279,2023-06-07 11:00:00,493.9371220151193
3280,2023-06-07 12:00:00,463.207454350627
3281,2023-06-07 13:00:00,447.89179339530574
3282,2023-06-07 14:00:00,477.85585683397113
3283,2023-06-07 15:00:00,546.1550573161912
3284,2023-06-07 16:00:00,616.7945952943253
3285,2023-06-07 17:00:00,649.4863968977807
3286,2023-06-07 18:00:00,622.1095353368044
3287,2023-06-07 19:00:00,537.7586892256102
3288,2023-06-07 20:00:00,417.46423494736257
3289,2023-06-07 21:00:00,288.4244646114295
3290,2023-06-07 22:00:00,175.31354198498303
3291,2023-06-07 23:00:00,94.95402231582574
3292,2023-06-08 00:00:00,51.84377069853568
3293,2023-06-08 01:00:00,35.919156161833996
3294,2023-06-08 02:00:00,27.668531149747338
3295,2023-06-08 03:00:00,11.997539986379422
3296,2023-06-08 04:00:00,-7.244065453438395
3297,2023-06-08 05:00:00,-5.3039235979144905
3298,2023-06-08 06:00:00,46.88952880256409
3299,2023-06-08 07:00:00,157.42378402659983
3300,2023-06-08 08:00:00,299.57693822888126
3301,2023-06-08 09:00:00,423.3937597095029
3302,2023-06-08 10:00:00,486.86973794163663
3303,2023-06-08 11:00:00,484.0376343290575
3304,2023-06-08 12:00:00,448.25966107289594
3305,2023-06-08 13:00:00,427.94097966999493
3306,2023-06-08 14:00:00,453.04725719817225
3307,2023-06-08 15:00:00,516.7347863507081
3308,2023-06-08 16:00:00,583.1091199123243
3309,2023-06-08 17:00:00,611.9805393469885
3310,2023-06-08 18:00:00,581.3230156169224
3311,2023-06-08 19:00:00,494.32123506359443
3312,2023-06-08 20:00:00,372.0893069696865
3313,2023-06-08 21:00:00,241.90166298367907
3314,2023-06-08 22:00:00,128.49977891741847
3315,2023-06-08 23:00:00,48.76356193521269
3316,2023-06-09 00:00:00,7.2372534749629835
3317,2023-06-09 01:00:00,-6.1082604359176
3318,2023-06-09 02:00:00,-10.762708973933059
3319,2023-06-09 03:00:00,-21.811711911905036
3320,2023-06-09 04:00:00,-35.41038324870567
3321,2023-06-09 05:00:00,-26.825076856920873
3322,2023-06-09 06:00:00,32.98313414363659
3323,2023-06-09 07:00:00,152.05529237004413
3324,2023-06-09 08:00:00,303.6095180758401
3325,2023-06-09 09:00:00,437.61754193378533
3326,2023-06-09 10:00:00,511.98939186729825
3327,2023-06-09 11:00:00,520.6607484492858
3328,2023-06-09 12:00:00,496.88608676433796
3329,2023-06-09 13:00:00,488.95328553160266
3330,2023-06-09 14:00:00,526.7024291723352
3331,2023-06-09 15:00:00,603.157294432677
3332,2023-06-09 16:00:00,682.2854562754801
3333,2023-06-09 17:00:00,723.7553154633292
3334,2023-06-09 18:00:00,705.3966872500454
3335,2023-06-09 19:00:00,630.2495046537199
3336,2023-06-09 20:00:00,519.2842325447341
3337,2023-06-09 21:00:00,399.6344820026095
3338,2023-06-09 22:00:00,295.9054346153729
3339,2023-06-09 23:00:00,224.84689856130314
3340,2023-06-10 00:00:00,-21.198932624493693
3341,2023-06-10 01:00:00,-28.214593095954854
3342,2023-06-10 02:00:00,-27.871711405491965
3343,2023-06-10 03:00:00,-35.34591452976554
3344,2023-06-10 04:00:00,-46.868983883580995
3345,2023-06-10 05:00:00,-37.76953856315146
3346,2023-06-10 06:00:00,20.944389699048997
3347,2023-06-10 07:00:00,137.28292592902034
3348,2023-06-10 08:00:00,284.4498683863949
3349,2023-06-10 09:00:00,412.4195882076124
3350,2023-06-10 10:00:00,479.12188997066403
3351,2023-06-10 11:00:00,478.5293443001499
3352,2023-06-10 12:00:00,443.95020973297676
3353,2023-06-10 13:00:00,423.7426260522079
3354,2023-06-10 14:00:00,447.83280870569763
3355,2023-06-10 15:00:00,509.34574214856497
3356,2023-06-10 16:00:00,572.3659687654922
3357,2023-06-10 17:00:00,596.6885189473271
3358,2023-06-10 18:00:00,560.2831697714369
3359,2023-06-10 19:00:00,466.34006455537497
3360,2023-06-10 20:00:00,335.9885738771965
3361,2023-06-10 21:00:00,196.52825160467742
3362,2023-06-10 22:00:00,72.73551479851164
3363,2023-06-10 23:00:00,-18.465110688312222
3364,2023-06-11 00:00:00,-72.47532790494029
3365,2023-06-11 01:00:00,-99.26109675046536
3366,2023-06-11 02:00:00,-118.24032722829264
3367,2023-06-11 03:00:00,-144.4186797005948
3368,2023-06-11 04:00:00,-173.86378014218633
3369,2023-06-11 05:00:00,-181.7476583974085
3370,2023-06-11 06:00:00,-138.93099455325955
3371,2023-06-11 07:00:00,-37.26711776630253
3372,2023-06-11 08:00:00,96.57206333113606
3373,2023-06-11 09:00:00,212.67165163266162
3374,2023-06-11 10:00:00,269.05746669037364
3375,2023-06-11 11:00:00,259.78238870066417
3376,2023-06-11 12:00:00,218.21846958750083
3377,2023-06-11 13:00:00,192.770502771141
3378,2023-06-11 14:00:00,213.3937881203972
3379,2023-06-11 15:00:00,273.22459454013614
3380,2023-06-11 16:00:00,336.3392656961148
3381,2023-06-11 17:00:00,362.51028165388163
3382,2023-06-11 18:00:00,329.66592613012995
3383,2023-06-11 19:00:00,240.93812235593143
3384,2023-06-11 20:00:00,117.3820428558966
3385,2023-06-11 21:00:00,-13.792009009564538
3386,2023-06-11 22:00:00,-127.91082854102132
3387,2023-06-11 23:00:00,-208.16582173517475
3388,2023-06-12 00:00:00,-38.006205070357055
3389,2023-06-12 01:00:00,-51.694571083601716
3390,2023-06-12 02:00:00,-56.71442765071521
3391,2023-06-12 03:00:00,-68.22335230139316
3392,2023-06-12 04:00:00,-82.44570473896346
3393,2023-06-12 05:00:00,-74.7132805257487
3394,2023-06-12 06:00:00,-16.04775341165316
3395,2023-06-12 07:00:00,101.53712785050507
3396,2023-06-12 08:00:00,251.2113876951352
3397,2023-06-12 09:00:00,382.90614895764406
3398,2023-06-12 10:00:00,454.4990074054904
3399,2023-06-12 11:00:00,459.9019608919501
3400,2023-06-12 12:00:00,432.35500296472844
3401,2023-06-12 13:00:00,420.14105556974084
3402,2023-06-12 14:00:00,453.1049617663425
3403,2023-06-12 15:00:00,524.2850273255078
3404,2023-06-12 16:00:00,597.6730447136163
3405,2023-06-12 17:00:00,632.971102559934
3406,2023-06-12 18:00:00,608.0518225933184
3407,2023-06-12 19:00:00,526.0065816181836
3408,2023-06-12 20:00:00,407.86532077745835
3409,2023-06-12 21:00:00,280.8284390312476
3410,2023-06-12 22:00:00,169.57438973788152
3411,2023-06-12 23:00:00,90.93181251677538
3412,2023-06-13 00:00:00,49.40604224215687
3413,2023-06-13 01:00:00,34.94187948705658
3414,2023-06-13 02:00:00,28.036639583475647
3415,2023-06-13 03:00:00,13.605031210937995
3416,2023-06-13 04:00:00,-4.494449741600704
3417,2023-06-13 05:00:00,-1.5014245666559418
3418,2023-06-13 06:00:00,51.66257595463216
3419,2023-06-13 07:00:00,163.09048353280235
3420,2023-06-13 08:00:00,306.0640469061163
3421,2023-06-13 09:00:00,430.6296205446748
3422,2023-06-13 10:00:00,494.7819799011826
3423,2023-06-13 11:00:00,492.55068845254436
3424,2023-06-13 12:00:00,457.2921465455113
3425,2023-06-13 13:00:00,437.4030163581662
3426,2023-06-13 14:00:00,462.83776303232855
3427,2023-06-13 15:00:00,526.738819019653
3428,2023-06-13 16:00:00,593.195322484296
3429,2023-06-13 17:00:00,621.9987486931557
3430,2023-06-13 18:00:00,591.1020908751045
3431,2023-06-13 19:00:00,503.6671608631148
3432,2023-06-13 20:00:00,380.78362278741594
3433,2023-06-13 21:00:00,249.7002657668736
3434,2023-06-13 22:00:00,135.13214137110532
3435,2023-06-13 23:00:00,53.93240295340192
3436,2023-06-14 00:00:00,10.618691248504376
3437,2023-06-14 01:00:00,-4.864048995971473
3438,2023-06-14 02:00:00,-12.030306112256994
3439,2023-06-14 03:00:00,-25.988745298554193
3440,2023-06-14 04:00:00,-42.91527963429155
3441,2023-06-14 05:00:00,-38.09429000908483
3442,2023-06-14 06:00:00,17.498406241730464
3443,2023-06-14 07:00:00,131.89287821299354
3444,2023-06-14 08:00:00,278.30050055033473
3445,2023-06-14 09:00:00,406.6909053320195
3446,2023-06-14 10:00:00,474.9770427654021
3447,2023-06-14 11:00:00,477.1028586486432
3448,2023-06-14 12:00:00,446.33670038458257
3449,2023-06-14 13:00:00,430.98612707070976
3450,2023-06-14 14:00:00,460.91684467672985
3451,2023-06-14 15:00:00,529.1842541031381
3452,2023-06-14 16:00:00,599.793544026267
3453,2023-06-14 17:00:00,632.4566287303292
3454,2023-06-14 18:00:00,605.0525695667163
3455,2023-06-14 19:00:00,520.6760332495762
3456,2023-06-14 20:00:00,400.3573842333699
3457,2023-06-14 21:00:00,271.2949026510039
3458,2023-06-14 22:00:00,158.16274028683466
3459,2023-06-14 23:00:00,77.78344036675051
3460,2023-06-15 00:00:00,34.65485593480551
3461,2023-06-15 01:00:00,18.713343951130497
3462,2023-06-15 02:00:00,10.44724476871059
3463,2023-06-15 03:00:00,-5.237809395761474
3464,2023-06-15 04:00:00,-24.4920788069648
3465,2023-06-15 05:00:00,-22.56321402699507
3466,2023-06-15 06:00:00,29.620336030566477
3467,2023-06-15 07:00:00,140.14605147203048
3468,2023-06-15 08:00:00,282.29201626545847
3469,2023-06-15 09:00:00,406.10298653262146
3470,2023-06-15 10:00:00,469.57443953852635
3471,2023-06-15 11:00:00,466.7391244857315
3472,2023-06-15 12:00:00,430.95924137461793
3473,2023-06-15 13:00:00,410.63993949421024
3474,2023-06-15 14:00:00,435.7468737159957
3475,2023-06-15 15:00:00,499.43632452573354
3476,2023-06-15 16:00:00,565.813832518412
3477,2023-06-15 17:00:00,594.6896669545326
3478,2023-06-15 18:00:00,564.0377866145004
3479,2023-06-15 19:00:00,477.0428656644032
3480,2023-06-15 20:00:00,354.8190012362887
3481,2023-06-15 21:00:00,224.64061278674703
3482,2023-06-15 22:00:00,111.24916403021783
3483,2023-06-15 23:00:00,31.5245499990298
3484,2023-06-16 00:00:00,-9.988999973471607
3485,2023-06-16 01:00:00,-23.32061193993661
3486,2023-06-16 02:00:00,-27.960027136559802
3487,2023-06-16 03:00:00,-38.99287736854751
3488,2023-06-16 04:00:00,-52.5742886571482
3489,2023-06-16 05:00:00,-43.97062684682396
3490,2023-06-16 06:00:00,15.857022982677677
3491,2023-06-16 07:00:00,134.9496915134007
3492,2023-06-16 08:00:00,286.5254871279908
3493,2023-06-16 09:00:00,420.55612862487413
3494,2023-06-16 10:00:00,494.95163210020644
3495,2023-06-16 11:00:00,503.64766634073214
3496,2023-06-16 12:00:00,479.8986946862962
3497,2023-06-16 13:00:00,471.99258414519824
3498,2023-06-16 14:00:00,509.7694074712364
3499,2023-06-16 15:00:00,586.2529297802508
3500,2023-06-16 16:00:00,665.4107144674392
3501,2023-06-16 17:00:00,706.9111507503966
3502,2023-06-16 18:00:00,688.5840424011612
3503,2023-06-16 19:00:00,613.4693110026438
3504,2023-06-16 20:00:00,502.53741004442827
3505,2023-06-16 21:00:00,382.92193926144597
3506,2023-06-16 22:00:00,279.22806897320515
3507,2023-06-16 23:00:00,208.20559613382082
3508,2023-06-17 00:00:00,-37.80329689253122
3509,2023-06-17 01:00:00,-44.7811553670829
3510,2023-06-17 02:00:00,-44.39961889090421
3511,2023-06-17 03:00:00,-51.83432542360174
3512,2023-06-17 04:00:00,-63.317067315172096
3513,2023-06-17 05:00:00,-54.176474512447015
3514,2023-06-17 06:00:00,4.579410452555095
3515,2023-06-17 07:00:00,120.96070187605119
3516,2023-06-17 08:00:00,268.17118734686596
3517,2023-06-17 09:00:00,396.1852274369288
3518,2023-06-17 10:00:00,462.93261617668225
3519,2023-06-17 11:00:00,462.3859137484724
3520,2023-06-17 12:00:00,427.85336831966254
3521,2023-06-17 13:00:00,407.69310936144325
3522,2023-06-17 14:00:00,431.8313421046568
3523,2023-06-17 15:00:00,493.39304085174547
3524,2023-06-17 16:00:00,556.461084477074
3525,2023-06-17 17:00:00,580.8321470382712
3526,2023-06-17 18:00:00,544.4759956977759
3527,2023-06-17 19:00:00,450.5827639456275
3528,2023-06-17 20:00:00,320.2818126046121
3529,2023-06-17 21:00:00,180.87268589116692
3530,2023-06-17 22:00:00,57.13179128487954
3531,2023-06-17 23:00:00,-34.01635485391435
3532,2023-06-18 00:00:00,-87.97346498083937
3533,2023-06-18 01:00:00,-114.7055082997019
3534,2023-06-18 02:00:00,-133.6304040517232
3535,2023-06-18 03:00:00,-159.75382173040234
3536,2023-06-18 04:00:00,-189.14339635449153
3537,2023-06-18 05:00:00,-196.9711667172201
3538,2023-06-18 06:00:00,-154.09782177367646
3539,2023-06-18 07:00:00,-52.3766994395171
3540,2023-06-18 08:00:00,81.52028298990342
3541,2023-06-18 09:00:00,197.67821982505768
3542,2023-06-18 10:00:00,254.12292214583834
3543,2023-06-18 11:00:00,244.90726177116966
3544,2023-06-18 12:00:00,203.40328235072602
3545,2023-06-18 13:00:00,178.01576911175707
3546,2023-06-18 14:00:00,198.70001385666768
3547,2023-06-18 15:00:00,258.59227750737136
3548,2023-06-18 16:00:00,321.7688958529586
3549,2023-06-18 17:00:00,348.0023411829336
3550,2023-06-18 18:00:00,315.2208895532521
3551,2023-06-18 19:00:00,226.5564566243605
3552,2023-06-18 20:00:00,103.06420745275383
3553,2023-06-18 21:00:00,-28.045561936854057
3554,2023-06-18 22:00:00,-142.0996541210646
3555,2023-06-18 23:00:00,-222.28948221582473
3556,2023-06-19 00:00:00,-52.0642697465326
3557,2023-06-19 01:00:00,-65.68661616281366
3558,2023-06-19 02:00:00,-70.64003617136689
3559,2023-06-19 03:00:00,-82.0821140049411
3560,2023-06-19 04:00:00,-96.23721596467752
3561,2023-06-19 05:00:00,-88.43714409824909
3562,2023-06-19 06:00:00,-29.703578540073295
3563,2023-06-19 07:00:00,87.94972569318637
3564,2023-06-19 08:00:00,237.69278689144144
3565,2023-06-19 09:00:00,369.45672183620974
3566,2023-06-19 10:00:00,441.1191203701248
3567,2023-06-19 11:00:00,446.591974530776
3568,2023-06-19 12:00:00,419.11527216836856
3569,2023-06-19 13:00:00,406.97192962757606
3570,2023-06-19 14:00:00,440.00678450477415
3571,2023-06-19 15:00:00,511.2581372059491
3572,2023-06-19 16:00:00,584.7177749514551
3573,2023-06-19 17:00:00,620.0877812375027
3574,2023-06-19 18:00:00,595.2407727854779
3575,2023-06-19 19:00:00,513.268121496766
3576,2023-06-19 20:00:00,395.19976372213137
3577,2023-06-19 21:00:00,268.2360937647483
3578,2023-06-19 22:00:00,157.05556042685913
3579,2023-06-19 23:00:00,78.48679889154101
3580,2023-06-20 00:00:00,37.0351397089658
3581,2023-06-20 01:00:00,22.645379261369044
3582,2023-06-20 02:00:00,15.814828783122465
3583,2023-06-20 03:00:00,1.458192985911836
3584,2023-06-20 04:00:00,-16.566036091121873
3585,2023-06-20 05:00:00,-13.497483477392905
3586,2023-06-20 06:00:00,39.74231642522534
3587,2023-06-20 07:00:00,151.2462918206931
3588,2023-06-20 08:00:00,294.29618807047234
3589,2023-06-20 09:00:00,418.93835635858557
3590,2023-06-20 10:00:00,483.1675690064115
3591,2023-06-20 11:00:00,481.0133864369889
3592,2023-06-20 12:00:00,445.8322060829747
3593,2023-06-20 13:00:00,426.02068731875113
3594,2023-06-20 14:00:00,451.53329259523184
3595,2023-06-20 15:00:00,515.5124517948852
3596,2023-06-20 16:00:00,582.0473006179975
3597,2023-06-20 17:00:00,610.9293120032178
3598,2023-06-20 18:00:00,580.111476940843
3599,2023-06-20 19:00:00,492.7556051577029
3600,2023-06-20 20:00:00,369.95135878790495
3601,2023-06-20 21:00:00,238.94752507076794
3602,2023-06-20 22:00:00,124.45915380004323
3603,2023-06-20 23:00:00,43.33939668144404
3604,2023-06-21 00:00:00,0.10589290578491273
3605,2023-06-21 01:00:00,-15.296414207724126
3606,2023-06-21 02:00:00,-22.382014305717888
3607,2023-06-21 03:00:00,-36.25957379191303
3608,2023-06-21 04:00:00,-53.10500683030338
3609,2023-06-21 05:00:00,-48.20269530415959
3610,2023-06-21 06:00:00,7.47154259351737
3611,2023-06-21 07:00:00,121.94777519339087
3612,2023-06-21 08:00:00,268.4373764904707
3613,2023-06-21 09:00:00,396.90997802028255
3614,2023-06-21 10:00:00,465.27852956643403
3615,2023-06-21 11:00:00,467.4869765962548
3616,2023-06-21 12:00:00,436.80366629890864
3617,2023-06-21 13:00:00,421.5361576628078
3618,2023-06-21 14:00:00,451.55015664941266
3619,2023-06-21 15:00:00,519.9010642752272
3620,2023-06-21 16:00:00,590.5940694046965
3621,2023-06-21 17:00:00,623.3410866522131
3622,2023-06-21 18:00:00,596.0211777744503
3623,2023-06-21 19:00:00,511.72900999808496
3624,2023-06-21 20:00:00,391.4949484088088
3625,2023-06-21 21:00:00,262.51727385968746
3626,2023-06-21 22:00:00,149.4701389567258
3627,2023-06-21 23:00:00,69.17608783423555
3628,2023-06-22 00:00:00,26.132974573577485
3629,2023-06-22 01:00:00,10.27715724717575
3630,2023-06-22 02:00:00,2.0969774250615103
3631,2023-06-22 03:00:00,-13.501931365251806
3632,2023-06-22 04:00:00,-32.669827973138496
3633,2023-06-22 05:00:00,-30.654361471873386
3634,2023-06-22 06:00:00,21.616020834226987
3635,2023-06-22 07:00:00,132.22880073566296
3636,2023-06-22 08:00:00,274.46206398099156
3637,2023-06-22 09:00:00,398.3605685616033
3638,2023-06-22 10:00:00,461.9197937112491
3639,2023-06-22 11:00:00,459.1724906773094
3640,2023-06-22 12:00:00,423.48086160151865
3641,2023-06-22 13:00:00,403.2500579984869
3642,2023-06-22 14:00:00,428.4457370502828
3643,2023-06-22 15:00:00,492.2241816393679
3644,2023-06-22 16:00:00,558.6909348345582
3645,2023-06-22 17:00:00,587.656268471185
3646,2023-06-22 18:00:00,557.0941439620697
3647,2023-06-22 19:00:00,470.1892382020777
3648,2023-06-22 20:00:00,348.0556511265662
3649,2023-06-22 21:00:00,217.96780507802475
3650,2023-06-22 22:00:00,104.66716672036245
3651,2023-06-22 23:00:00,25.033634130582243
3652,2023-06-23 00:00:00,-16.38856025983381
3653,2023-06-23 01:00:00,-29.628539314163163
3654,2023-06-23 04:00:00,-58.605620421288194
3655,2023-06-23 05:00:00,-49.90918314004975
3656,2023-06-23 06:00:00,10.011536462249069
3657,2023-06-23 07:00:00,129.19757266187597
3658,2023-06-23 08:00:00,280.867037498856
3659,2023-06-23 09:00:00,414.99165349822664
3660,2023-06-23 10:00:00,489.48144054071133
3661,2023-06-23 11:00:00,498.2720712699628
3662,2023-06-23 12:00:00,474.61801291574733
3663,2023-06-23 13:00:00,466.80713646606847
3664,2023-06-23 14:00:00,504.679518685109
3665,2023-06-23 15:00:00,581.2589287708296
3666,2023-06-23 16:00:00,660.512934245778
3667,2023-06-23 17:00:00,702.109928509834
3668,2023-06-23 18:00:00,683.8797195692445
3669,2023-06-23 19:00:00,608.8622332895436
3670,2023-06-23 20:00:00,498.02792749260163
3671,2023-06-23 21:00:00,378.51040629178686
3672,2023-06-23 22:00:00,274.91484442918124
3673,2023-06-23 23:00:00,203.99104332147147
3674,2023-06-24 00:00:00,-41.918810146072644
3675,2023-06-24 01:00:00,-48.797256699185596
3676,2023-06-24 02:00:00,-48.3159313365322
3677,2023-06-24 03:00:00,-55.65046739812135
3678,2023-06-24 04:00:00,-67.03265256626887
3679,2023-06-24 05:00:00,-57.79111208875136
3680,2023-06-24 06:00:00,1.0661162338232941
3681,2023-06-24 07:00:00,117.54915146461607
3682,2023-06-24 08:00:00,264.86178598316275
3683,2023-06-24 09:00:00,392.9783851862335
3684,2023-06-24 10:00:00,459.82874795532587
3685,2023-06-24 11:00:00,459.3854393537455
3686,2023-06-24 12:00:00,424.956712438996
3687,2023-06-24 13:00:00,404.9007016192695
3688,2023-06-24 14:00:00,429.1436170583036
3689,2023-06-24 15:00:00,490.8104380245196
3690,2023-06-24 16:00:00,553.9840483848545
3691,2023-06-24 17:00:00,578.4629822930905
3692,2023-06-24 18:00:00,542.2151566025343
3693,2023-06-24 19:00:00,448.4307098296492
3694,2023-06-24 20:00:00,318.2390078285921
3695,2023-06-24 21:00:00,178.93959987252703
3696,2023-06-24 22:00:00,55.30889849267669
3697,2023-06-24 23:00:00,-35.72857489186865
3698,2023-06-25 00:00:00,-89.5745276603347
3699,2023-06-25 01:00:00,-116.19492395771564
3700,2023-06-25 02:00:00,-135.00767794281282
3701,2023-06-25 03:00:00,-161.018454041805
3702,2023-06-25 05:00:00,-198.0089961408662
3703,2023-06-25 06:00:00,-155.0214797573234
3704,2023-06-25 07:00:00,-53.18566590700087
3705,2023-06-25 08:00:00,80.8265331625606
3706,2023-06-25 09:00:00,197.10021680194743
3707,2023-06-25 10:00:00,253.66120112004216
3708,2023-06-25 11:00:00,244.5623629560111
3709,2023-06-25 12:00:00,203.17575094969186
3710,2023-06-25 13:00:00,177.9061553275378
3711,2023-06-25 14:00:00,198.70887284824394
3712,2023-06-25 15:00:00,258.7201693869579
3713,2023-06-25 16:00:00,322.01638565734737
3714,2023-06-25 17:00:00,348.3699988523157
3715,2023-06-25 18:00:00,315.7092899098584
3716,2023-06-25 19:00:00,227.16617934161877
3717,2023-06-25 20:00:00,103.7958370416911
3718,2023-06-25 21:00:00,-27.191436194706085
3719,2023-06-25 22:00:00,-141.12243815325053
3720,2023-06-25 23:00:00,-221.18857722546238
3721,2023-06-26 00:00:00,-50.83907223767423
3722,2023-06-26 01:00:00,-64.33651798007463
3723,2023-06-26 02:00:00,-69.16442452376603
3724,2023-06-26 03:00:00,-80.4803715195564
3725,2023-06-26 04:00:00,-94.50872072770761
3726,2023-06-26 05:00:00,-86.58126968628926
3727,2023-06-26 06:00:00,-27.719694068207133
3728,2023-06-26 07:00:00,90.06225552193075
3729,2023-06-26 08:00:00,239.93460173630848
3730,2023-06-26 09:00:00,371.82846568894604
3731,2023-06-26 10:00:00,443.6214414780604
3732,2023-06-26 11:00:00,449.2255253613134
3733,2023-06-26 12:00:00,421.8807093539249
3734,2023-06-26 13:00:00,409.8699139082649
3735,2023-06-26 14:00:00,443.0379806716163
3736,2023-06-26 15:00:00,514.4232140386625
3737,2023-06-26 16:00:00,588.0174051742426
3738,2023-06-26 17:00:00,623.522641434964
3739,2023-06-26 18:00:00,598.8115433556544
3740,2023-06-26 19:00:00,516.9754865829908
3741,2023-06-26 20:00:00,399.0444111513769
3742,2023-06-26 21:00:00,272.2187149623163
3743,2023-06-26 22:00:00,161.17685037228676
3744,2023-06-26 23:00:00,82.74745603335904
3745,2023-06-27 00:00:00,41.43586589320816
3746,2023-06-27 01:00:00,27.186879660686685
3747,2023-06-27 02:00:00,20.497811821711224
3748,2023-06-27 03:00:00,6.283370266934867
3749,2023-06-27 04:00:00,-11.597949879101947
3750,2023-06-27 05:00:00,-8.385770617274915
3751,2023-06-27 06:00:00,44.99837658523961
3752,2023-06-27 07:00:00,156.64742278324354
3753,2023-06-27 08:00:00,299.8431161048839
3754,2023-06-27 09:00:00,424.63181043103395
3755,2023-06-27 10:00:00,489.0082806716947
3756,2023-06-27 11:00:00,487.00208976008895
3757,2023-06-27 12:00:00,451.96963755525996
3758,2023-06-27 13:00:00,432.30758576055257
3759,2023-06-27 14:00:00,457.9703990641071
3760,2023-06-27 15:00:00,522.1005094890891
3761,2023-06-27 16:00:00,588.7870547954566
3762,2023-06-27 17:00:00,617.8215098643359
3763,2023-06-27 18:00:00,587.1568675466025
3764,2023-06-27 19:00:00,499.9549393262735
3765,2023-06-27 20:00:00,377.30538899926677
3766,2023-06-27 21:00:00,246.4570053471573
3767,2023-06-27 22:00:00,132.12483962842288
3768,2023-06-27 23:00:00,51.16204489522329
3769,2023-06-28 00:00:00,8.0862615786952
3770,2023-06-28 01:00:00,-7.157565864200791
3771,2023-06-28 02:00:00,-14.083926050747209
3772,2023-06-28 03:00:00,-27.80148445996383
3773,2023-06-28 04:00:00,-44.48615445595351
3774,2023-06-28 05:00:00,-39.42231721221859
3775,2023-06-28 06:00:00,16.4142096608673
3776,2023-06-28 07:00:00,131.05349496613826
3777,2023-06-28 08:00:00,277.7069130520946
3778,2023-06-28 09:00:00,406.34409570905603
3779,2023-06-28 10:00:00,474.8779928335167
3780,2023-06-28 11:00:00,477.252549902959
3781,2023-06-28 12:00:00,446.73611399742236
3782,2023-06-28 13:00:00,431.63624387219295
3783,2023-06-28 14:00:00,461.8186451343212
3784,2023-06-28 15:00:00,530.3387183204202
3785,2023-06-28 16:00:00,601.2016517069812
3786,2023-06-28 17:00:00,634.1193591698927
3787,2023-06-28 18:00:00,606.9709016293757
3788,2023-06-28 19:00:00,522.8509453294021
3789,2023-06-28 20:00:00,402.78985425666326
3790,2023-06-28 21:00:00,273.9859080403742
3791,2023-06-28 22:00:00,161.1132579034482
3792,2023-06-28 23:00:00,80.99444651604728
3793,2023-06-29 00:00:00,38.12732632272571
3794,2023-06-29 01:00:00,22.448253657760034
3795,2023-06-29 02:00:00,14.445568194042664
3796,2023-06-29 03:00:00,-0.9750985550097369
3797,2023-06-29 04:00:00,-19.964007590615694
3798,2023-06-29 05:00:00,-17.768810270935774
3799,2023-06-29 06:00:00,34.682043668508214
3800,2023-06-29 07:00:00,145.4760334618154
3801,2023-06-29 08:00:00,287.891242167701
3802,2023-06-29 09:00:00,411.97242493168795
3803,2023-06-29 10:00:00,475.7150580175054
3804,2023-06-29 11:00:00,473.1518895598806
3805,2023-06-29 12:00:00,437.64511845232477
3806,2023-06-29 13:00:00,417.59989280157913
3807,2023-06-29 14:00:00,442.9818662674227
3808,2023-06-29 15:00:00,506.94731805043284
3809,2023-06-29 16:00:00,573.6017873987748
3810,2023-06-29 17:00:00,602.7555421823988
3811,2023-06-29 18:00:00,572.3825397146879
3812,2023-06-29 19:00:00,485.6674526380549
3813,2023-06-29 20:00:00,363.72437648348125
3814,2023-06-29 21:00:00,233.8277290637771
3815,2023-06-29 22:00:00,120.71897235303737
3816,2023-06-29 23:00:00,41.27799959552601
3817,2023-06-30 00:00:00,0.04903823956641418
3818,2023-06-30 01:00:00,-12.997039691741918
3819,2023-06-30 02:00:00,-17.34997746637663
3820,2023-06-30 03:00:00,-28.09540897915832
3821,2023-06-30 04:00:00,-41.38846242265268
3822,2023-06-30 05:00:00,-32.495505901563575
3823,2023-06-30 06:00:00,27.622373169748442
3824,2023-06-30 07:00:00,147.00620306852218
3825,2023-06-30 08:00:00,298.8740896660374
3826,2023-06-30 09:00:00,433.1977491679079
3827,2023-06-30 10:00:00,507.8871949965246
3828,2023-06-30 11:00:00,516.8780931837877
3829,2023-06-30 12:00:00,493.42490420213517
3830,2023-06-30 13:00:00,485.81549211481047
3831,2023-06-30 14:00:00,523.889926635363
3832,2023-06-30 15:00:00,600.6719697440416
3833,2023-06-30 16:00:00,680.1291815994306
3834,2023-06-30 17:00:00,721.9299480847225
3835,2023-06-30 18:00:00,703.9040695503883
3836,2023-06-30 19:00:00,629.0914640417485
3837,2023-06-30 20:00:00,518.4625814092102
3838,2023-06-30 21:00:00,399.15101765908753
3839,2023-06-30 22:00:00,295.76193926328756
3840,2023-06-30 23:00:00,225.0451392205649
3841,2023-07-01 00:00:00,-20.657204156505003
3842,2023-07-01 01:00:00,-27.32764029791454
3843,2023-07-01 02:00:00,-26.637813084705783
3844,2023-07-01 03:00:00,-33.76336486857258
3845,2023-07-01 04:00:00,-44.936092499979225
3846,2023-07-01 05:00:00,-35.48463054180746
3847,2023-07-01 06:00:00,23.58297373126993
3848,2023-07-01 07:00:00,140.27682976841788
3849,2023-07-01 08:00:00,287.80072019314923
3850,2023-07-01 09:00:00,416.1290004765318
3851,2023-07-01 10:00:00,483.19145944254853
3852,2023-07-01 11:00:00,482.9606519474893
3853,2023-07-01 12:00:00,448.7448206889482
3854,2023-07-01 13:00:00,428.9020895645216
3855,2023-07-01 14:00:00,453.3586580958341
3856,2023-07-01 15:00:00,515.2394947498295
3857,2023-07-01 16:00:00,578.6274724470991
3858,2023-07-01 17:00:00,603.3192591409941
3859,2023-07-01 18:00:00,567.2846157771968
3860,2023-07-01 19:00:00,473.71366949751877
3861,2023-07-01 20:00:00,343.7357746211967
3862,2023-07-01 21:00:00,204.6504687692407
3863,2023-07-01 22:00:00,81.23415265622322
3864,2023-07-01 23:00:00,-9.588664260404215
3865,2023-07-02 00:00:00,-63.219701439445316
3866,2023-07-02 01:00:00,-89.62493526682167
3867,2023-07-02 02:00:00,-108.22229227514345
3868,2023-07-02 03:00:00,-134.01744940891479
3869,2023-07-02 04:00:00,-163.07804925798683
3870,2023-07-02 05:00:00,-170.5761383548326
3871,2023-07-02 06:00:00,-127.37241350705222
3872,2023-07-02 07:00:00,-25.320220644821717
3873,2023-07-02 08:00:00,108.90851478137228
3874,2023-07-02 09:00:00,225.3988787815113
3875,2023-07-02 10:00:00,282.17667399929996
3876,2023-07-02 11:00:00,273.294763663003
3877,2023-07-02 12:00:00,232.12518267551098
3878,2023-07-02 13:00:00,207.07270739395636
3879,2023-07-02 14:00:00,228.09262057412067
3880,2023-07-02 15:00:00,288.3211739638915
3881,2023-07-02 16:00:00,351.83469400899867
3882,2023-07-02 17:00:00,378.4056435285851
3883,2023-07-02 18:00:00,345.9622889335452
3884,2023-07-02 19:00:00,257.63653609990496
3885,2023-07-02 20:00:00,134.4835401568679
3886,2023-07-02 21:00:00,3.7135870126393797
3887,2023-07-02 22:00:00,-110.00013613655295
3888,2023-07-02 23:00:00,-189.84905281024984
3889,2023-07-03 00:00:00,-19.282397091688694
3890,2023-07-03 01:00:00,-32.56277914376773
3891,2023-07-03 02:00:00,-37.173724528509666
3892,2023-07-03 03:00:00,-48.27282850836227
3893,2023-07-03 04:00:00,-62.0844685562671
3894,2023-07-03 05:00:00,-53.94045806652022
3895,2023-07-03 06:00:00,5.137511348388756
3896,2023-07-03 07:00:00,123.13567300650787
3897,2023-07-03 08:00:00,273.22403341092775
3898,2023-07-03 09:00:00,405.33369736174376
3899,2023-07-03 10:00:00,477.3422425817341
3900,2023-07-03 11:00:00,483.16164882152384
3901,2023-07-03 12:00:00,456.0318914945906
3902,2023-07-03 13:00:00,444.2358743441597
3903,2023-07-03 14:00:00,477.61842220401
3904,2023-07-03 15:00:00,549.2178225589155
3905,2023-07-03 16:00:00,623.0258495521821
3906,2023-07-03 17:00:00,658.7445734434356
3907,2023-07-03 18:00:00,634.2465975462878
3908,2023-07-03 19:00:00,552.6232802087227
3909,2023-07-03 20:00:00,434.9045440674459
3910,2023-07-03 21:00:00,308.29076953714895
3911,2023-07-03 22:00:00,197.460391385325
3912,2023-07-03 23:00:00,119.24203060088485
3913,2023-07-04 00:00:00,78.14100336988966
3914,2023-07-04 01:00:00,64.10209155707798
3915,2023-07-04 02:00:00,57.62259172129012
3916,2023-07-04 03:00:00,43.617193738030494
3917,2023-07-04 04:00:00,25.944374647651074
3918,2023-07-04 05:00:00,29.364494261729163
3919,2023-07-04 06:00:00,82.95600287600655
3920,2023-07-04 07:00:00,194.81181321318678
3921,2023-07-04 08:00:00,338.2136549902583
3922,2023-07-04 09:00:00,463.2078636389248
3923,2023-07-04 10:00:00,527.7891955025987
3924,2023-07-04 11:00:00,525.9871949080454
3925,2023-07-04 12:00:00,491.15824302514477
3926,2023-07-04 13:00:00,471.6989828116017
3927,2023-07-04 14:00:00,497.56386014841314
3928,2023-07-04 15:00:00,561.8952881804682
3929,2023-07-04 16:00:00,628.7823857281575
3930,2023-07-04 17:00:00,658.0166086913415
3931,2023-07-04 18:00:00,627.5509308601801
3932,2023-07-04 19:00:00,540.5471446143237
3933,2023-07-04 20:00:00,418.0948945961659
3934,2023-07-04 21:00:00,287.44295037665205
3935,2023-07-04 22:00:00,173.3063439558846
3936,2023-07-04 23:00:00,92.53820907617524
3937,2023-07-05 00:00:00,49.65616682844447
3938,2023-07-05 01:00:00,34.605142261657875
3939,2023-07-05 02:00:00,27.870627334208535
3940,2023-07-05 03:00:00,14.343937084927575
3941,2023-07-05 04:00:00,-2.150861360052147
3942,2023-07-05 05:00:00,3.1018312779157498
3943,2023-07-05 06:00:00,59.12617780485604
3944,2023-07-05 07:00:00,173.95222741345933
3945,2023-07-05 08:00:00,320.7913348048569
3946,2023-07-05 09:00:00,449.61311210135443
3947,2023-07-05 10:00:00,518.3304895037495
3948,2023-07-05 11:00:00,520.8873927745146
3949,2023-07-05 12:00:00,490.5521492439739
3950,2023-07-05 13:00:00,475.6322979201311
3951,2023-07-05 14:00:00,505.9935246238972
3952,2023-07-05 15:00:00,574.6912101050596
3953,2023-07-05 16:00:00,645.7305228333419
3954,2023-07-05 17:00:00,678.8233568710732
3955,2023-07-05 18:00:00,651.8487533095032
3956,2023-07-05 19:00:00,567.9013585663383
3957,2023-07-05 20:00:00,448.0115167934032
3958,2023-07-05 21:00:00,319.3774877818272
3959,2023-07-05 22:00:00,206.67340291650464
3960,2023-07-05 23:00:00,126.72178502719859
3961,2023-07-06 00:00:00,84.02046673838072
3962,2023-07-06 01:00:00,68.5057845445495
3963,2023-07-06 02:00:00,60.66605831330378
3964,2023-07-06 03:00:00,45.40689974494359
3965,2023-07-06 04:00:00,26.578028049832795
3966,2023-07-06 05:00:00,28.93177208579175
3967,2023-07-06 06:00:00,81.53966236105197
3968,2023-07-06 07:00:00,192.48915836770394
3969,2023-07-06 08:00:00,335.0583234417585
3970,2023-07-06 09:00:00,459.29189303329406
3971,2023-07-06 10:00:00,523.1853237363216
3972,2023-07-06 11:00:00,520.7713440484923
3973,2023-07-06 12:00:00,485.41213324072316
3974,2023-07-06 13:00:00,465.51281985604237
3975,2023-07-06 14:00:00,491.03903799845284
3976,2023-07-06 15:00:00,555.1470473695057
3977,2023-07-06 16:00:00,621.9423677476253
3978,2023-07-06 17:00:00,651.2352475779826
3979,2023-07-06 18:00:00,620.9996247940086
3980,2023-07-06 19:00:00,534.4201527002014
3981,2023-07-06 20:00:00,412.6109075451321
3982,2023-07-06 21:00:00,282.846287905399
3983,2023-07-06 22:00:00,169.8677365716764
3984,2023-07-06 23:00:00,90.55512765669778
3985,2023-07-07 00:00:00,49.452669548572686
3986,2023-07-07 01:00:00,36.53121524739964
3987,2023-07-07 02:00:00,32.301002546909274
3988,2023-07-07 03:00:00,21.67637866218854
3989,2023-07-07 04:00:00,8.502196585559574
3990,2023-07-07 05:00:00,17.512069462760422
3991,2023-07-07 06:00:00,77.74489120220906
3992,2023-07-07 07:00:00,197.24167147631442
3993,2023-07-07 08:00:00,349.2204976201541
3994,2023-07-07 09:00:00,483.65306739526
3995,2023-07-07 10:00:00,558.4493758585472
3996,2023-07-07 11:00:00,567.545070738739
3997,2023-07-07 12:00:00,544.1945943098372
3998,2023-07-07 13:00:00,536.6857925165042
3999,2023-07-07 14:00:00,574.858717043792
4000,2023-07-07 15:00:00,651.7371119278039
4001,2023-07-07 16:00:00,731.2885194941981
4002,2023-07-07 17:00:00,773.18130786488
4003,2023-07-07 18:00:00,755.2452597432627
4004,2023-07-07 19:00:00,680.5202756239125
4005,2023-07-07 20:00:00,569.9767879121462
4006,2023-07-07 21:00:00,450.74837525852865
4007,2023-07-07 22:00:00,347.4401869068941
4008,2023-07-07 23:00:00,276.8019987258995
4009,2023-07-08 00:00:00,31.175972006513348
4010,2023-07-08 01:00:00,24.579540414567617
4011,2023-07-08 02:00:00,25.341043280462173
4012,2023-07-08 03:00:00,18.284821583398042
4013,2023-07-08 04:00:00,7.179061911652838
4014,2023-07-08 05:00:00,16.69511328251707
4015,2023-07-08 06:00:00,75.82491211144549
4016,2023-07-08 07:00:00,192.578551667066
4017,2023-07-08 08:00:00,340.15979851611974
4018,2023-07-08 09:00:00,468.54299222216173
4019,2023-07-08 10:00:00,535.6579058080298
4020,2023-07-08 11:00:00,535.4770784788144
4021,2023-07-08 12:00:00,501.30873741814315
4022,2023-07-08 13:00:00,481.5109911445284
4023,2023-07-08 14:00:00,506.01002393975205
4024,2023-07-08 15:00:00,567.9307891788484
4025,2023-07-08 16:00:00,631.3561448370087
4026,2023-07-08 17:00:00,656.0827440567219
4027,2023-07-08 18:00:00,620.0825701487872
4028,2023-07-08 19:00:00,526.543498508161
4029,2023-07-08 20:00:00,396.59486912211605
4030,2023-07-08 21:00:00,257.5362054011314
4031,2023-07-08 22:00:00,134.1438940373755
4032,2023-07-08 23:00:00,43.34243060681308
4033,2023-07-09 00:00:00,-10.26991806542216
4034,2023-07-09 01:00:00,-36.65914191752995
4035,2023-07-09 02:00:00,-55.24318086860606
4036,2023-07-09 03:00:00,-81.02772507926531
4037,2023-07-09 04:00:00,-110.08043020174236
4038,2023-07-09 05:00:00,-117.5733556364033
4039,2023-07-09 06:00:00,-74.36721090258351
4040,2023-07-09 07:00:00,27.68464553625367
4041,2023-07-09 08:00:00,161.91027586928112
4042,2023-07-09 09:00:00,278.3947539398711
4043,2023-07-09 10:00:00,335.16387038395794
4044,2023-07-09 11:00:00,326.27047661498204
4045,2023-07-09 12:00:00,285.086595909425
4046,2023-07-09 13:00:00,260.0169931767515
4047,2023-07-09 14:00:00,281.01693991390533
4048,2023-07-09 15:00:00,341.2226767949803
4049,2023-07-09 16:00:00,404.7105193980983
4050,2023-07-09 17:00:00,431.252919845613
4051,2023-07-09 18:00:00,398.7781340612306
4052,2023-07-09 19:00:00,310.418057626443
4053,2023-07-09 20:00:00,187.22783557769313
4054,2023-07-09 21:00:00,56.41774391320686
4055,2023-07-09 22:00:00,-57.339039857251436
4056,2023-07-09 23:00:00,-137.23394874531007
4057,2023-07-10 00:00:00,33.28377386481975
4058,2023-07-10 01:00:00,19.951508734398175
4059,2023-07-10 02:00:00,15.285721423257513
4060,2023-07-10 03:00:00,4.128808005747743
4061,2023-07-10 04:00:00,-9.743617457180079
4062,2023-07-10 05:00:00,-1.6633765922239547
4063,2023-07-10 06:00:00,57.34783094317018
4064,2023-07-10 07:00:00,175.27623067240094
4065,2023-07-10 08:00:00,325.29182148120003
4066,2023-07-10 09:00:00,457.32570079407674
4067,2023-07-10 10:00:00,529.2554391708596
4068,2023-07-10 11:00:00,534.9930094279152
4069,2023-07-10 12:00:00,507.7783802594333
4070,2023-07-10 13:00:00,495.8944489038964
4071,2023-07-10 14:00:00,529.1860339373791
4072,2023-07-10 15:00:00,600.6914167962345
4073,2023-07-10 16:00:00,674.4023658078809
4074,2023-07-10 17:00:00,710.0209456423337
4075,2023-07-10 18:00:00,685.4197542648972
4076,2023-07-10 19:00:00,603.690144894884
4077,2023-07-10 20:00:00,485.8620352686476
4078,2023-07-10 21:00:00,359.13580115256804
4079,2023-07-10 22:00:00,248.18987288664465
4080,2023-07-10 23:00:00,169.85286727163384
4081,2023-07-11 00:00:00,128.63009653856912
4082,2023-07-11 01:00:00,114.4663388525249
4083,2023-07-11 02:00:00,107.85888728743697
4084,2023-07-11 03:00:00,93.72242849192665
4085,2023-07-11 04:00:00,75.91543651622064
4086,2023-07-11 05:00:00,79.19826842696813
4087,2023-07-11 06:00:00,132.6493720072953
4088,2023-07-11 07:00:00,244.36165772431
4089,2023-07-11 08:00:00,387.6168532878173
4090,2023-07-11 09:00:00,512.4612923515177
4091,2023-07-11 10:00:00,576.8897297422004
4092,2023-07-11 11:00:00,574.9317085140367
4093,2023-07-11 12:00:00,539.9436088226021
4094,2023-07-11 13:00:00,520.3220728345688
4095,2023-07-11 14:00:00,546.0215459233705
4096,2023-07-11 15:00:00,610.1844409525759
4097,2023-07-11 16:00:00,676.8998767382341
4098,2023-07-11 17:00:00,705.9593093974947
4099,2023-07-11 18:00:00,675.3157132196184
4100,2023-07-11 19:00:00,588.1308813321108
4101,2023-07-11 20:00:00,465.4944593438496
4102,2023-07-11 21:00:00,334.6552181117701
4103,2023-07-11 22:00:00,220.32819113370567
4104,2023-07-11 23:00:00,139.3665139173088
4105,2023-07-12 00:00:00,96.2878095719704
4106,2023-07-12 01:00:00,81.03700544067055
4107,2023-07-12 02:00:00,74.09959600868854
4108,2023-07-12 03:00:00,60.366899118048025
4109,2023-07-12 04:00:00,43.662984953253954
4110,2023-07-12 05:00:00,48.703456112623655
4111,2023-07-12 06:00:00,104.51247897339482
4112,2023-07-12 07:00:00,219.1201065683205
4113,2023-07-12 08:00:00,365.73769770718883
4114,2023-07-12 09:00:00,494.3348688600028
4115,2023-07-12 10:00:00,562.8245548540175
4116,2023-07-12 11:00:00,565.1506863360497
4117,2023-07-12 12:00:00,534.5815957864271
4118,2023-07-12 13:00:00,519.4248276092371
4119,2023-07-12 14:00:00,549.5460733071684
4120,2023-07-12 15:00:00,618.0007195582448
4121,2023-07-12 16:00:00,688.793941027275
4122,2023-07-12 17:00:00,721.6376382319224
4123,2023-07-12 18:00:00,694.4108589938049
4124,2023-07-12 19:00:00,610.208256710471
4125,2023-07-12 20:00:00,490.0601827818996
4126,2023-07-12 21:00:00,361.16490449568636
4127,2023-07-12 22:00:00,248.19656103027538
4128,2023-07-12 23:00:00,167.9776832431549
4129,2023-07-13 00:00:00,125.00611205733526
4130,2023-07-13 01:00:00,109.21819252784027
4131,2023-07-13 02:00:00,101.10225334841653
4132,2023-07-13 03:00:00,85.5639153040789
4133,2023-07-13 04:00:00,66.45290695697909
4134,2023-07-13 05:00:00,68.5215667751902
4135,2023-07-13 06:00:00,120.8414351392294
4136,2023-07-13 07:00:00,231.49998166664835
4137,2023-07-13 08:00:00,373.77528011309045
4138,2023-07-13 09:00:00,497.71207655766295
4139,2023-07-13 10:00:00,561.3058385265178
4140,2023-07-13 11:00:00,558.5893056882926
4141,2023-07-13 12:00:00,522.9246687534458
4142,2023-07-13 13:00:00,502.71706796110914
4143,2023-07-13 14:00:00,527.9321493690009
4144,2023-07-13 15:00:00,591.7261848934099
4145,2023-07-13 16:00:00,658.2047067774279
4146,2023-07-13 17:00:00,687.177976207139
4147,2023-07-13 18:00:00,656.6199440895037
4148,2023-07-13 19:00:00,569.7152769748787
4149,2023-07-13 20:00:00,447.57806460911337
4150,2023-07-13 21:00:00,317.4827193234525
4151,2023-07-13 22:00:00,204.17069790511596
4152,2023-07-13 23:00:00,124.52188873496745
4153,2023-07-14 00:00:00,83.08051470902245
4154,2023-07-14 01:00:00,69.81744359164082
4155,2023-07-14 02:00:00,65.24292819320644
4156,2023-07-14 03:00:00,54.27133099150248
4157,2023-07-14 04:00:00,40.747520502349545
4158,2023-07-14 05:00:00,49.40512562102657
4159,2023-07-14 06:00:00,109.28305628069788
4160,2023-07-14 07:00:00,228.42233840711316
4161,2023-07-14 08:00:00,380.04107583927953
4162,2023-07-14 09:00:00,514.1109830848333
4163,2023-07-14 10:00:00,588.5420722030476
4164,2023-07-14 11:00:00,597.2700081521327
4165,2023-07-14 12:00:00,573.5492506878131
4166,2023-07-14 13:00:00,565.6676634684155
4167,2023-07-14 14:00:00,603.465316142099
4168,2023-07-14 15:00:00,679.9659709429183
4169,2023-07-14 16:00:00,759.1371886174271
4170,2023-07-14 17:00:00,800.6473559883443
4171,2023-07-14 18:00:00,782.3262746362834
4172,2023-07-14 19:00:00,707.2138642055318
4173,2023-07-14 20:00:00,596.2805764738592
4174,2023-07-14 21:00:00,476.66000969746517
4175,2023-07-14 22:00:00,372.95733294685124
4176,2023-07-14 23:00:00,301.92234215848646
4177,2023-07-15 23:00:00,58.28785899840386
4178,2023-07-16 00:00:00,4.225775242069261
4179,2023-07-16 01:00:00,-22.614900796809792
4180,2023-07-16 02:00:00,-41.6520833959778
4181,2023-07-16 03:00:00,-67.89143689061035
4182,2023-07-16 04:00:00,-97.40059093220299
4183,2023-07-16 05:00:00,-105.3515787413312
4184,2023-07-16 06:00:00,-62.605083485478076
4185,2023-07-16 07:00:00,38.98556290161483
4186,2023-07-16 08:00:00,172.7484493051333
4187,2023-07-16 09:00:00,288.7686764378069
4188,2023-07-16 10:00:00,345.07206197072213
4189,2023-07-16 11:00:00,335.71148452180813
4190,2023-07-16 12:00:00,294.05899471914177
4191,2023-07-16 13:00:00,268.51938500959653
4192,2023-07-16 14:00:00,289.04795456006696
4193,2023-07-16 15:00:00,348.78097188912193
4194,2023-07-16 16:00:00,411.79478056349797
4195,2023-07-16 17:00:00,437.86186084872656
4196,2023-07-16 18:00:00,404.9104969620875
4197,2023-07-16 19:00:00,316.07261292278395
4198,2023-07-16 20:00:00,192.4033823545533
4199,2023-07-16 21:00:00,61.11310998141943
4200,2023-07-16 22:00:00,-53.124997820343225
4201,2023-07-16 23:00:00,-133.50234506266207
4202,2023-07-17 00:00:00,36.531854021869066
4203,2023-07-17 01:00:00,22.715009452198984
4204,2023-07-17 02:00:00,17.563616204334494
4205,2023-07-17 03:00:00,5.920099874459595
4206,2023-07-17 04:00:00,-8.43989581490166
4207,2023-07-17 05:00:00,-0.8481627104022778
4208,2023-07-17 06:00:00,57.67362942918743
4209,2023-07-17 07:00:00,175.1117361496129
4210,2023-07-17 08:00:00,324.63618646689184
4211,2023-07-17 09:00:00,456.1781080544536
4212,2023-07-17 10:00:00,527.6151018310757
4213,2023-07-17 11:00:00,532.8591710837084
4214,2023-07-17 12:00:00,505.15031506889176
4215,2023-07-17 13:00:00,492.7714617125876
4216,2023-07-17 14:00:00,525.5674603562697
4217,2023-07-17 15:00:00,596.5766233155787
4218,2023-07-17 16:00:00,669.7907498835693
4219,2023-07-17 17:00:00,704.9119357915541
4220,2023-07-17 18:00:00,679.8128101564021
4221,2023-07-17 19:00:00,597.5847574338327
4222,2023-07-17 20:00:00,479.2577266861613
4223,2023-07-17 21:00:00,352.03212508362105
4224,2023-07-17 22:00:00,240.5864144499803
4225,2023-07-17 23:00:00,161.74924314252604
4226,2023-07-18 00:00:00,120.02595503686135
4227,2023-07-18 01:00:00,105.36135999069879
4228,2023-07-18 02:00:00,98.25278286234698
4229,2023-07-18 03:00:00,83.61494213406698
4230,2023-07-18 04:00:00,65.30634376143186
4231,2023-07-18 05:00:00,68.087376774461
4232,2023-07-18 06:00:00,121.03652097493827
4233,2023-07-18 07:00:00,232.24671890648628
4234,2023-07-18 08:00:00,374.9997304034724
4235,2023-07-18 09:00:00,499.341921295919
4236,2023-07-18 10:00:00,563.268078633354
4237,2023-07-18 11:00:00,560.8077777398921
4238,2023-07-18 12:00:00,525.3174310670985
4239,2023-07-18 13:00:00,505.19371314043633
4240,2023-07-18 14:00:00,530.3911017005087
4241,2023-07-18 15:00:00,594.052042029636
4242,2023-07-18 16:00:00,660.2656853820484
4243,2023-07-18 17:00:00,688.8235203426935
4244,2023-07-18 18:00:00,657.6785536964179
4245,2023-07-18 19:00:00,569.9926110723966
4246,2023-07-18 20:00:00,446.8553706259697
4247,2023-07-18 21:00:00,315.5156357427898
4248,2023-07-18 22:00:00,200.68847249695722
4249,2023-07-18 23:00:00,119.22704894263066
4250,2023-07-19 00:00:00,75.64902077858875
4251,2023-07-19 01:00:00,59.8993479200424
4252,2023-07-19 02:00:00,52.463557431107546
4253,2023-07-19 03:00:00,38.2329997343609
4254,2023-07-19 04:00:00,21.031777575682014
4255,2023-07-19 05:00:00,25.5755261280232
4256,2023-07-19 06:00:00,80.88844431778506
4257,2023-07-19 07:00:00,195.00061771663144
4258,2023-07-19 08:00:00,341.1234376520546
4259,2023-07-19 09:00:00,469.22655311220683
4260,2023-07-19 10:00:00,537.2229313919181
4261,2023-07-19 11:00:00,539.0565355987289
4262,2023-07-19 12:00:00,507.99573064327603
4263,2023-07-19 13:00:00,492.3480933266512
4264,2023-07-19 14:00:00,521.9793475148924
4265,2023-07-19 15:00:00,589.9449122082339
4266,2023-07-19 16:00:00,660.2499943706916
4267,2023-07-19 17:00:00,692.6065267531258
4268,2023-07-19 18:00:00,664.8935893805201
4269,2023-07-19 19:00:00,580.205867802912
4270,2023-07-19 20:00:00,459.5737455256051
4271,2023-07-19 21:00:00,330.1955218698473
4272,2023-07-19 22:00:00,216.745368014848
4273,2023-07-19 23:00:00,136.04584674910672
4274,2023-07-20 00:00:00,92.5948308523422
4275,2023-07-20 01:00:00,76.32869718979447
4276,2023-07-20 02:00:00,67.73580618672992
4277,2023-07-20 03:00:00,51.72181029709847
4278,2023-07-20 04:00:00,32.13646965476951
4279,2023-07-20 05:00:00,33.73215425726514
4280,2023-07-20 06:00:00,85.58043591115245
4281,2023-07-20 07:00:00,195.7688155830212
4282,2023-07-20 08:00:00,337.5753982885169
4283,2023-07-20 09:00:00,461.04496129514416
4284,2023-07-20 10:00:00,524.1730032036836
4285,2023-07-20 11:00:00,520.9922946758054
4286,2023-07-20 12:00:00,484.86505732091035
4287,2023-07-20 13:00:00,464.1964621729049
4288,2023-07-20 14:00:00,488.9521859832435
4289,2023-07-20 15:00:00,552.2885312522702
4290,2023-07-20 16:00:00,618.3110607142651
4291,2023-07-20 17:00:00,646.8300659159997
4292,2023-07-20 18:00:00,615.8195280256896
4293,2023-07-20 19:00:00,528.4641437361295
4294,2023-07-20 20:00:00,405.8780328214007
4295,2023-07-20 21:00:00,275.33563750035694
4296,2023-07-20 22:00:00,161.5784443519434
4297,2023-07-20 23:00:00,81.48637140363013
4298,2023-07-21 00:00:00,39.603671071522086
4299,2023-07-21 01:00:00,25.901240509661164
4300,2023-07-21 02:00:00,20.889361783528557
4301,2023-07-21 03:00:00,9.48242649250119
4302,2023-07-21 04:00:00,-4.4746678814101415
4303,2023-07-21 05:00:00,3.7517364029127407
4304,2023-07-21 06:00:00,63.20057796457144
4305,2023-07-21 07:00:00,181.91291126962835
4306,2023-07-21 08:00:00,333.1068685382668
4307,2023-07-21 09:00:00,466.7541925437088
4308,2023-07-21 10:00:00,540.7649233998327
4309,2023-07-21 11:00:00,549.0747539966512
4310,2023-07-21 12:00:00,524.9381718561855
4311,2023-07-21 13:00:00,516.6430682355431
4312,2023-07-21 15:00:00,630.1213772989829
4313,2023-07-21 16:00:00,708.8861673234298
4314,2023-07-21 17:00:00,749.9923240313535
4315,2023-07-21 18:00:00,731.2696757591004
4316,2023-07-21 19:00:00,655.75816871764
4317,2023-07-21 20:00:00,544.4282810558252
4318,2023-07-21 21:00:00,424.4136372540771
4319,2023-07-21 22:00:00,320.31943239559575
4320,2023-07-21 23:00:00,248.89548824813826
4321,2023-07-22 00:00:00,2.484012024874204
4322,2023-07-22 01:00:00,-4.897516629909688
4323,2023-07-22 02:00:00,-4.920712404392589
4324,2023-07-22 03:00:00,-12.761188295639585
4325,2023-07-22 04:00:00,-24.65071166584471
4326,2023-07-22 05:00:00,-15.917887446983258
4327,2023-07-22 06:00:00,42.42926685717188
4328,2023-07-22 07:00:00,158.40089059959604
4329,2023-07-22 08:00:00,305.20079644990375
4330,2023-07-22 09:00:00,432.8033700545375
4331,2023-07-22 10:00:00,499.1384305465068
4332,2023-07-22 11:00:00,498.1785632181742
4333,2023-07-22 12:00:00,463.23204134681976
4334,2023-07-22 13:00:00,442.65701951243045
4335,2023-07-22 14:00:00,466.3797280675112
4336,2023-07-22 15:00:00,527.5251664231765
4337,2023-07-22 16:00:00,590.1762385642892
4338,2023-07-22 17:00:00,614.1296436341568
4339,2023-07-22 18:00:00,577.3551738899978
4340,2023-07-22 19:00:00,483.0429878878209
4341,2023-07-22 20:00:00,352.32247149361297
4342,2023-07-22 21:00:00,212.4931939849302
4343,2023-07-22 22:00:00,88.33158782376711
4344,2023-07-22 23:00:00,-3.237805642527917
4345,2023-07-23 00:00:00,-57.61667389295869
4346,2023-07-23 01:00:00,-84.77096122800575
4347,2023-07-23 02:00:00,-104.11856199178072
4348,2023-07-23 03:00:00,-130.66512082548147
4349,2023-07-23 04:00:00,-160.47824793160456
4350,2023-07-23 05:00:00,-168.72995733916423
4351,2023-07-23 06:00:00,-126.28091327199789
4352,2023-07-23 07:00:00,-24.984428971117126
4353,2023-07-23 08:00:00,108.48760289223154
4354,2023-07-23 09:00:00,224.22030120121195
4355,2023-07-23 10:00:00,280.23950155280187
4356,2023-07-23 11:00:00,270.5981002284603
4357,2023-07-23 12:00:00,228.66816526274025
4358,2023-07-23 13:00:00,202.85450622822756
4359,2023-07-23 14:00:00,223.11243917938737
4360,2023-07-23 15:00:00,282.57824923856487
4361,2023-07-23 16:00:00,345.3282963136826
4362,2023-07-23 17:00:00,371.1375833141663
4363,2023-07-23 18:00:00,337.931903490183
4364,2023-07-23 19:00:00,248.84319638905288
4365,2023-07-23 20:00:00,124.92665088508348
4366,2023-07-23 21:00:00,-6.607413302755731
4367,2023-07-23 22:00:00,-121.08577509349013
4368,2023-07-23 23:00:00,-201.69982406724424
4369,2023-07-24 00:00:00,-31.898760309404395
4370,2023-07-24 01:00:00,-45.94515991258049
4371,2023-07-24 02:00:00,-51.32251432092258
4372,2023-07-24 03:00:00,-63.18838462095195
4373,2023-07-24 04:00:00,-77.76711406105275
4374,2023-07-24 05:00:00,-70.3904817444259
4375,2023-07-24 06:00:00,-12.080144966971034
4376,2023-07-24 07:00:00,105.15016398225029
4377,2023-07-24 08:00:00,254.47048601774335
4378,2023-07-24 09:00:00,385.8119603916279
4379,2023-07-24 10:00:00,457.0521993548222
4380,2023-07-24 11:00:00,462.1032171930568
4381,2023-07-24 12:00:00,434.20502389658645
4382,2023-07-24 13:00:00,421.6405578261246
4383,2023-07-24 14:00:00,454.2546784621021
4384,2023-07-24 15:00:00,525.0857079706318
4385,2023-07-24 16:00:00,598.1254551890482
4386,2023-07-24 17:00:00,633.0760251200761
4387,2023-07-24 18:00:00,607.810055828317
4388,2023-07-24 19:00:00,525.4189404381335
4389,2023-07-24 20:00:00,406.9326363781204
4390,2023-07-24 21:00:00,279.5515588884595
4391,2023-07-24 22:00:00,167.95417755328424
4392,2023-07-24 23:00:00,88.96914820554838
4393,2023-07-25 00:00:00,47.101821885740605
4394,2023-07-25 01:00:00,32.2970153187014
4395,2023-07-25 02:00:00,25.052059929972444
4396,2023-07-25 03:00:00,10.281680462494393
4397,2023-07-25 04:00:00,-8.155611158140715
4398,2023-07-25 05:00:00,-5.499420258699871
4399,2023-07-25 06:00:00,47.32873833170183
4400,2023-07-25 07:00:00,158.42181220261466
4401,2023-07-25 08:00:00,301.0615659347698
4402,2023-07-25 09:00:00,425.29436979952214
4403,2023-07-25 10:00:00,489.11501499060967
4404,2023-07-25 11:00:00,486.5530806604735
4405,2023-07-25 12:00:00,450.9649827897715
4406,2023-07-25 13:00:00,430.7473991271014
4407,2023-07-25 14:00:00,455.8548103257611
4408,2023-07-25 15:00:00,519.4296642892408
4409,2023-07-25 16:00:00,585.5611145613608
4410,2023-07-25 17:00:00,614.0406517417489
4411,2023-07-25 18:00:00,582.8212842961581
4412,2023-07-25 19:00:00,495.06483924545955
4413,2023-07-25 20:00:00,371.86099582580164
4414,2023-07-25 21:00:00,240.45855819988836
4415,2023-07-25 22:00:00,125.57259290240742
4416,2023-07-25 23:00:00,44.056268156755095
4417,2023-07-26 00:00:00,0.42723951522961556
4418,2023-07-26 01:00:00,-15.369533556532161
4419,2023-07-26 03:00:00,-37.11838469830926
4420,2023-07-26 04:00:00,-54.35501202065237
4421,2023-07-26 05:00:00,-49.84277322514632
4422,2023-07-26 06:00:00,5.442528651798881
4423,2023-07-26 07:00:00,119.53097689790177
4424,2023-07-26 08:00:00,265.6339602573038
4425,2023-07-26 09:00:00,393.7211248277872
4426,2023-07-26 10:00:00,461.7054347238726
4427,2023-07-26 11:00:00,463.53084955221755
4428,2023-07-26 12:00:00,432.4657304320941
4429,2023-07-26 13:00:00,416.8176500680272
4430,2023-07-26 14:00:00,446.45232792644595
4431,2023-07-26 15:00:00,514.4251783122304
4432,2023-07-26 16:00:00,584.7414031817168
4433,2023-07-26 17:00:00,617.1129300026786
4434,2023-07-26 18:00:00,589.41883318944
4435,2023-07-26 19:00:00,504.75379240191927
4436,2023-07-26 20:00:00,384.1481849527237
4437,2023-07-26 21:00:00,254.80030367635095
4438,2023-07-26 22:00:00,141.38431295926722
4439,2023-07-26 23:00:00,60.722768515143684
4440,2023-07-27 00:00:00,17.31353574533506
4441,2023-07-27 01:00:00,1.0929838461937322
4442,2023-07-27 02:00:00,-7.450534718488626
4443,2023-07-27 03:00:00,-23.411375747825133
4444,2023-07-27 04:00:00,-42.939787647588645
4445,2023-07-27 05:00:00,-41.28340926754109
4446,2023-07-27 06:00:00,10.629322083046276
4447,2023-07-27 07:00:00,120.88589796893943
4448,2023-07-27 08:00:00,262.76441369257304
4449,2023-07-27 09:00:00,386.30963654146194
4450,2023-07-27 10:00:00,449.5170548464859
4451,2023-07-27 11:00:00,446.4194287247648
4452,2023-07-27 12:00:00,410.37896893517797
4453,2023-07-27 13:00:00,389.80083541079944
4454,2023-07-27 14:00:00,414.650693493275
4455,2023-07-27 15:00:00,478.08483401506055
4456,2023-07-27 16:00:00,544.2088077533077
4457,2023-07-27 17:00:00,572.8328940245602
4458,2023-07-27 18:00:00,541.9310614935135
4459,2023-07-27 19:00:00,454.68799407047857
4460,2023-07-27 20:00:00,332.2177984823759
4461,2023-07-27 21:00:00,201.79490362422482
4462,2023-07-27 22:00:00,88.1607824823937
4463,2023-07-27 23:00:00,8.19533922011317
4464,2023-07-28 00:00:00,-33.557187864591015
4465,2023-07-28 01:00:00,-47.125916022538235
4466,2023-07-28 02:00:00,-52.00057783514467
4467,2023-07-28 03:00:00,-63.266796626430875
4468,2023-07-28 04:00:00,-77.07969009173149
4469,2023-07-28 05:00:00,-68.70561592778924
4470,2023-07-28 06:00:00,-9.10565121368549
4471,2023-07-28 07:00:00,109.76124256724839
4472,2023-07-28 08:00:00,261.11318142580484
4473,2023-07-28 09:00:00,394.9218916773044
4474,2023-07-28 10:00:00,469.09739672641797
4475,2023-07-28 11:00:00,477.57537251006045
4476,2023-07-28 12:00:00,453.6102893298804
4477,2023-07-28 13:00:00,445.4900210081572
4478,2023-07-28 14:00:00,483.0546469193221
4479,2023-07-28 15:00:00,559.327938626686
4480,2023-07-28 16:00:00,638.2774658071023
4481,2023-07-28 17:00:00,679.5716237686339
4482,2023-07-28 18:00:00,661.0402222022092
4483,2023-07-28 19:00:00,585.7231884306308
4484,2023-07-28 20:00:00,474.59098148596644
4485,2023-07-28 21:00:00,354.77720649734397
4486,2023-07-28 22:00:00,250.8870389693126
4487,2023-07-28 23:00:00,179.67028085958594
4488,2023-07-29 00:00:00,-66.53088063696643
4489,2023-07-29 01:00:00,-73.69898614372318
4490,2023-07-29 02:00:00,-73.50567080972769
4491,2023-07-29 03:00:00,-81.12656833124964
4492,2023-07-29 04:00:00,-92.79346697549192
4493,2023-07-29 05:00:00,-83.83499279688442
4494,2023-07-29 06:00:00,-25.259184634711573
4495,2023-07-29 07:00:00,90.94407532195578
4496,2023-07-29 08:00:00,237.97857798639134
4497,2023-07-29 09:00:00,365.81868704807323
4498,2023-07-29 10:00:00,432.394199478888
4499,2023-07-29 11:00:00,431.67767821302357
4500,2023-07-29 12:00:00,396.97737395531396
4501,2023-07-29 13:00:00,376.65141854119224
4502,2023-07-29 14:00:00,400.62601935864444
4503,2023-07-29 15:00:00,462.02615268127096
4504,2023-07-29 16:00:00,524.9346991560832
4505,2023-07-29 17:00:00,549.1483344043932
4506,2023-07-29 18:00:00,512.6368269774157
4507,2023-07-29 19:00:00,418.59031153832177
4508,2023-07-29 20:00:00,288.1381498958486
4509,2023-07-29 21:00:00,148.5798870507725
4510,2023-07-29 22:00:00,24.691931068228342
4511,2023-07-29 23:00:00,-66.60120131061734
4512,2023-07-30 00:00:00,-120.70122233502656
4513,2023-07-30 01:00:00,-147.5741012408571
4514,2023-07-30 02:00:00,-166.6377574696524
4515,2023-07-30 04:00:00,-222.42204725444807
4516,2023-07-30 05:00:00,-230.3823560495862
4517,2023-07-30 06:00:00,-187.63947728153764
4518,2023-07-30 07:00:00,-86.04675009321221
4519,2023-07-30 08:00:00,47.723906820754394
4520,2023-07-30 09:00:00,163.75758613838963
4521,2023-07-30 10:00:00,220.0800971179113
4522,2023-07-30 11:00:00,210.74430956113474
4523,2023-07-30 12:00:00,169.12226488630887
4524,2023-07-30 13:00:00,143.61874590673153
4525,2023-07-30 14:00:00,164.1890417830926
4526,2023-07-30 15:00:00,223.96941060776518
4527,2023-07-30 16:00:00,287.0361851436779
4528,2023-07-30 17:00:00,313.1618344329946
4529,2023-07-30 18:00:00,280.2746311004836
4530,2023-07-30 19:00:00,191.50648716501695
4531,2023-07-30 20:00:00,67.91256385789276
4532,2023-07-30 21:00:00,-63.29684687962768
4533,2023-07-30 22:00:00,-177.4485518333777
4534,2023-07-30 23:00:00,-257.73396857450126
4535,2023-07-31 00:00:00,-87.60232528851742
4536,2023-07-31 01:00:00,-101.31622627070266
4537,2023-07-31 02:00:00,-106.35919127083503
4538,2023-07-31 03:00:00,-117.88880977735082
4539,2023-07-31 04:00:00,-132.1294535515923
4540,2023-07-31 05:00:00,-124.41293028394796
4541,2023-07-31 06:00:00,-65.76092596421836
4542,2023-07-31 07:00:00,51.81279833955344
4543,2023-07-31 08:00:00,201.47825466241446
4544,2023-07-31 09:00:00,333.1665533501932
4545,2023-07-31 10:00:00,404.7552775836573
4546,2023-07-31 11:00:00,410.1564125543283
4547,2023-07-31 12:00:00,382.6099390755941
4548,2023-07-31 13:00:00,370.3987662453559
4549,2023-07-31 14:00:00,403.36772422759327
4550,2023-07-31 15:00:00,474.55510579123904
4551,2023-07-31 16:00:00,547.952690330417
4552,2023-07-31 17:00:00,583.2625533203269
4553,2023-07-31 18:00:00,558.3573032567399
4554,2023-07-31 19:00:00,476.3283036354523
4555,2023-07-31 20:00:00,358.20548220824696
4556,2023-07-31 21:00:00,231.18922447109912
4557,2023-07-31 22:00:00,119.95797024197549
4558,2023-07-31 23:00:00,41.34034552877074
4559,2023-08-01 00:00:00,-0.15832849415838268
4560,2023-08-01 01:00:00,-14.593265003402365
4561,2023-08-01 02:00:00,-21.467162510759437
4562,2023-08-01 03:00:00,-35.86532623901684
4563,2023-08-01 04:00:00,-53.92927427438303
4564,2023-08-01 05:00:00,-50.89864195893756
4565,2023-08-01 06:00:00,2.305025822486158
4566,2023-08-01 07:00:00,113.77464658566569
4567,2023-08-01 08:00:00,256.7919548154698
4568,2023-08-01 09:00:00,381.4032906870384
4569,2023-08-01 10:00:00,445.6034152638358
4570,2023-08-01 11:00:00,443.4218775681402
4571,2023-08-01 12:00:00,408.215063448046
4572,2023-08-01 13:00:00,388.379620508254
4573,2023-08-01 14:00:00,413.86999925771914
4574,2023-08-01 15:00:00,477.8286174531919
4575,2023-08-01 16:00:00,544.3445985094753
4576,2023-08-01 17:00:00,573.2094028831029
4577,2023-08-01 18:00:00,542.3760089231225
4578,2023-08-01 19:00:00,455.00621353899913
4579,2023-08-01 20:00:00,332.1896658730298
4580,2023-08-01 21:00:00,201.17514001844881
4581,2023-08-01 22:00:00,86.67767242961258
4582,2023-08-01 23:00:00,5.550401322259432
4583,2023-08-02 00:00:00,-37.6890477729298
4584,2023-08-02 01:00:00,-53.0957453541335
4585,2023-08-02 02:00:00,-60.18419506877635
4586,2023-08-02 03:00:00,-74.0630774633996
4587,2023-08-02 04:00:00,-90.90832102359946
4588,2023-08-02 05:00:00,-86.0043220913505
4589,2023-08-02 06:00:00,-30.326913501005293
4590,2023-08-02 07:00:00,84.15395829151225
4591,2023-08-02 08:00:00,230.6496523419796
4592,2023-08-02 09:00:00,359.12978508961754
4593,2023-08-02 10:00:00,427.50729106031974
4594,2023-08-02 11:00:00,429.7261003242013
4595,2023-08-02 12:00:00,399.0545445280029
4596,2023-08-02 13:00:00,383.8001669477873
4597,2023-08-02 14:00:00,413.82865770989315
4598,2023-08-02 15:00:00,482.19540182894434
4599,2023-08-02 16:00:00,552.9055720455943
4600,2023-08-02 17:00:00,585.671066681487
4601,2023-08-02 18:00:00,558.3709310909271
4602,2023-08-02 19:00:00,474.09981593856526
4603,2023-08-02 20:00:00,353.8880696185547
4604,2023-08-02 21:00:00,224.9339561472841
4605,2023-08-02 22:00:00,111.9116111638701
4606,2023-08-02 23:00:00,31.643561725553923
4607,2023-08-03 00:00:00,-11.372355336843043
4608,2023-08-03 01:00:00,-27.19979928642516
4609,2023-08-03 02:00:00,-35.350446049575794
4610,2023-08-03 04:00:00,-70.0547768281879
4611,2023-08-03 05:00:00,-68.00640435092038
4612,2023-08-03 06:00:00,-15.702027559559383
4613,2023-08-03 07:00:00,94.94581724979793
4614,2023-08-03 08:00:00,237.2151976330773
4615,2023-08-03 09:00:00,361.150853219758
4616,2023-08-03 10:00:00,424.74824483596535
4617,2023-08-03 11:00:00,422.04010517198503
4618,2023-08-03 12:00:00,386.388617708195
4619,2023-08-03 13:00:00,366.1989151940324
4620,2023-08-03 14:00:00,391.4366359475325
4621,2023-08-03 15:00:00,455.2580438728605
4622,2023-08-03 16:00:00,521.7686629610082
4623,2023-08-03 17:00:00,550.7787458702177
4624,2023-08-03 18:00:00,520.262234748033
4625,2023-08-03 19:00:00,433.4037871164003
4626,2023-08-03 20:00:00,311.3174834433187
4627,2023-08-03 21:00:00,181.27772652716664
4628,2023-08-03 22:00:00,68.02596338336218
4629,2023-08-03 23:00:00,-11.557927648100758
4630,2023-08-04 00:00:00,-52.92973394721116
4631,2023-08-04 01:00:00,-66.1185982797632
4632,2023-08-04 02:00:00,-70.61427861368992
4633,2023-08-04 03:00:00,-81.50242349145762
4634,2023-08-04 04:00:00,-94.93817567410017
4635,2023-08-04 05:00:00,-86.18791776510378
4636,2023-08-04 06:00:00,-26.212751601393705
4637,2023-08-04 07:00:00,93.02833674822429
4638,2023-08-04 08:00:00,244.75343887742432
4639,2023-08-04 09:00:00,378.93425683060207
4640,2023-08-04 10:00:00,453.48078992402804
4641,2023-08-04 11:00:00,462.3286901722755
4642,2023-08-04 12:00:00,438.7324041294685
4643,2023-08-04 13:00:00,430.9797820274855
4644,2023-08-04 14:00:00,468.910879845209
4645,2023-08-04 15:00:00,545.5494459247079
4646,2023-08-04 16:00:00,624.8630268843765
4647,2023-08-04 17:00:00,666.519995168127
4648,2023-08-04 18:00:00,648.3501377855006
4649,2023-08-04 19:00:00,573.393359552683
4650,2023-08-04 20:00:00,462.6200971867813
4651,2023-08-04 21:00:00,343.16393369834464
4652,2023-08-04 22:00:00,239.6300226492596
4653,2023-08-04 23:00:00,168.7681442420719
4654,2023-08-05 00:00:00,-77.07953587151218
4655,2023-08-05 01:00:00,-83.89557967942497
4656,2023-08-05 02:00:00,-83.35164349378078
4657,2023-08-05 03:00:00,-90.62338197856144
4658,2023-08-05 04:00:00,-101.94260416168262
4659,2023-08-05 05:00:00,-92.63795667668055
4660,2023-08-05 06:00:00,-33.717498715713816
4661,2023-08-05 07:00:00,82.82886736706095
4662,2023-08-05 08:00:00,230.20491252883846
4663,2023-08-05 09:00:00,358.3849807078324
4664,2023-08-05 10:00:00,425.2988493427995
4665,2023-08-05 11:00:00,424.91906202971165
4666,2023-08-05 12:00:00,390.5538503562532
4667,2023-08-05 13:00:00,370.5613272494491
4668,2023-08-05 14:00:00,394.8676814013555
4669,2023-08-05 15:00:00,456.5978706075211
4670,2023-08-05 16:00:00,519.8347572440339
4671,2023-08-05 17:00:00,544.3749988986604
4672,2023-08-05 18:00:00,508.1883462832129
4673,2023-08-05 19:00:00,414.464916457325
4674,2023-08-05 20:00:00,284.3340538430258
4675,2023-08-05 21:00:00,145.0952862790457
4676,2023-08-05 22:00:00,21.525004880365344
4677,2023-08-05 23:00:00,-69.45229031883224
4678,2023-08-06 00:00:00,-123.23832807118603
4679,2023-08-06 01:00:00,-149.79909386978198
4680,2023-08-06 02:00:00,-168.55252319498402
4681,2023-08-06 03:00:00,-194.50430176855423
4682,2023-08-06 04:00:00,-223.72208079423388
4683,2023-08-06 05:00:00,-231.3779152426269
4684,2023-08-06 06:00:00,-188.33251018456244
4685,2023-08-06 07:00:00,-86.43921965348275
4686,2023-08-06 08:00:00,47.63002300035856
4687,2023-08-06 09:00:00,163.96029603662095
4688,2023-08-06 10:00:00,220.5773945328242
4689,2023-08-06 11:00:00,211.5341743423195
4690,2023-08-06 12:00:00,170.20266316827028
4691,2023-08-06 13:00:00,144.98763035053588
4692,2023-08-06 14:00:00,165.8443518109726
4693,2023-08-06 15:00:00,225.90907264497648
4694,2023-08-06 16:00:00,289.25811284793076
4695,2023-08-06 17:00:00,315.66392895599733
4696,2023-08-06 18:00:00,283.0547813002983
4697,2023-08-06 19:00:00,194.56256986603796
4698,2023-08-06 20:00:00,71.24525499021843
4699,2023-08-06 21:00:00,-59.6896940100674
4700,2023-08-06 22:00:00,-173.56909524132206
4701,2023-08-06 23:00:00,-253.58437733891657
4702,2023-08-07 00:00:00,-83.1847793185863
4703,2023-08-07 01:00:00,-96.6329160589342
4704,2023-08-07 02:00:00,-101.4123176481672
4705,2023-08-07 03:00:00,-112.68058367074778
4706,2023-08-07 04:00:00,-126.66209573172719
4707,2023-08-07 05:00:00,-118.68867113876624
4708,2023-08-07 06:00:00,-59.78200522950738
4709,2023-08-07 07:00:00,58.04413180954754
4710,2023-08-07 08:00:00,207.9597431445643
4711,2023-08-07 09:00:00,339.8959304973441
4712,2023-08-07 10:00:00,411.7302686810057
4713,2023-08-07 11:00:00,417.37473475365914
4714,2023-08-07 12:00:00,390.06930163872516
4715,2023-08-07 13:00:00,378.0968708081292
4716,2023-08-07 14:00:00,411.30226503245905
4717,2023-08-07 15:00:00,482.7237699310429
4718,2023-08-07 16:00:00,556.3531580130157
4719,2023-08-07 17:00:00,591.892498101334
4720,2023-08-07 18:00:00,567.2143922812547
4721,2023-08-07 19:00:00,485.41019790095913
4722,2023-08-07 20:00:00,367.50983678523875
4723,2023-08-07 21:00:00,240.71368878505672
4724,2023-08-07 22:00:00,129.70018829348356
4725,2023-08-07 23:00:00,51.29795614243824
4726,2023-08-08 00:00:00,10.012308590055596
4727,2023-08-08 01:00:00,-4.2119722339637065
4728,2023-08-08 02:00:00,-10.877589267021222
4729,2023-08-08 03:00:00,-25.06985192773405
4730,2023-08-08 04:00:00,-42.930282245931835
4731,2023-08-08 05:00:00,-39.698519265276445
4732,2023-08-08 06:00:00,13.703888670683739
4733,2023-08-08 07:00:00,125.36985586477198
4734,2023-08-08 08:00:00,268.58111382838916
4735,2023-08-08 09:00:00,393.38400000877357
4736,2023-08-08 10:00:00,457.7732729834935
4737,2023-08-08 11:00:00,455.77847953539435
4738,2023-08-08 12:00:00,420.75600349658123
4739,2023-08-08 13:00:00,401.1024907253662
4740,2023-08-08 14:00:00,426.77239019451633
4741,2023-08-08 15:00:00,490.9081183854935
4742,2023-08-08 16:00:00,557.5987976656013
4743,2023-08-08 17:00:00,586.6358876852842
4744,2023-08-08 18:00:00,555.9723662265937
4745,2023-08-08 19:00:00,468.7700298644065
4746,2023-08-08 20:00:00,346.118527657602
4747,2023-08-08 21:00:00,215.26663381322658
4748,2023-08-08 22:00:00,100.92938518481978
4749,2023-08-08 23:00:00,19.95992058361321
4750,2023-08-09 00:00:00,-23.124133603075478
4751,2023-08-09 01:00:00,-38.37784682793611
4752,2023-08-09 02:00:00,-45.315721408574575
4753,2023-08-09 03:00:00,-59.0464363677504
4754,2023-08-09 04:00:00,-75.74591842219795
4755,2023-08-09 05:00:00,-70.69856192568255
4756,2023-08-09 06:00:00,-14.880197488348443
4757,2023-08-09 07:00:00,99.73923088219391
4758,2023-08-09 08:00:00,246.37108491037463
4759,2023-08-09 09:00:00,374.9849839338226
4760,2023-08-09 10:00:00,443.4938655995095
4761,2023-08-09 11:00:00,445.8416633254532
4762,2023-08-09 12:00:00,415.29671231203076
4763,2023-08-09 13:00:00,400.1665596328928
4764,2023-08-09 14:00:00,430.3168994079134
4765,2023-08-09 15:00:00,498.80312087954303
4766,2023-08-09 16:00:00,569.6304012239506
4767,2023-08-09 17:00:00,602.5106434162483
4768,2023-08-09 18:00:00,575.3228976805599
4769,2023-08-09 19:00:00,491.1618197609738
4770,2023-08-09 20:00:00,371.0577633468695
4771,2023-08-09 21:00:00,242.2089979574207
4772,2023-08-09 22:00:00,129.28966494388112
4773,2023-08-09 23:00:00,49.122297279336436
4774,2023-08-10 00:00:00,6.204737932566218
4775,2023-08-10 01:00:00,-9.526666042401985
4776,2023-08-10 02:00:00,-17.58358402456838
4777,2023-08-10 03:00:00,-33.06039335984073
4778,2023-08-10 04:00:00,-52.107363688986766
4779,2023-08-10 05:00:00,-49.97215479978186
4780,2023-08-10 06:00:00,2.4167753559783023
4781,2023-08-10 07:00:00,113.14689801399744
4782,2023-08-10 08:00:00,255.49628845089987
4783,2023-08-10 09:00:00,379.5096942293146
4784,2023-08-10 10:00:00,443.1825842756009
4785,2023-08-10 11:00:00,440.54769958736654
4786,2023-08-10 12:00:00,404.9672321363462
4787,2023-08-10 13:00:00,384.84632335285727
4788,2023-08-10 14:00:00,410.1506204099792
4789,2023-08-10 15:00:00,474.036396263249
4790,2023-08-10 16:00:00,540.6091841358668
4791,2023-08-10 17:00:00,569.6792460977803
4792,2023-08-10 18:00:00,539.220533877281
4793,2023-08-10 19:00:00,452.4177147663403
4794,2023-08-10 20:00:00,330.3848791786382
4795,2023-08-10 21:00:00,200.39644001419603
4796,2023-08-10 22:00:00,87.1938545875123
4797,2023-08-10 23:00:00,7.657011692659751
4798,2023-08-11 00:00:00,-33.669865429422856
4799,2023-08-11 01:00:00,-46.81590875190341
4800,2023-08-11 02:00:00,-51.27086528642272
4801,2023-08-11 03:00:00,-62.1203724521408
4802,2023-08-11 04:00:00,-75.51956174136191
4803,2023-08-11 05:00:00,-66.73480430681667
4804,2023-08-11 06:00:00,-6.727190393173373
4805,2023-08-11 07:00:00,112.54430568180521
4806,2023-08-11 08:00:00,264.29778741209475
4807,2023-08-11 09:00:00,398.50496891170883
4808,2023-08-11 10:00:00,473.07586169158526
4809,2023-08-11 11:00:00,481.9461301228704
4810,2023-08-11 12:00:00,458.3702332626502
4811,2023-08-11 13:00:00,450.63603398571877
4812,2023-08-11 14:00:00,488.58360105583915
4813,2023-08-11 15:00:00,565.2366957363348
4814,2023-08-11 16:00:00,644.5628777200008
4815,2023-08-11 17:00:00,686.2305326378503
4816,2023-08-11 18:00:00,668.0694608360893
4817,2023-08-11 19:00:00,593.119580597208
4818,2023-08-11 20:00:00,482.35134223700004
4819,2023-08-11 21:00:00,362.898342480363
4820,2023-08-11 22:00:00,259.3657487329157
4821,2023-08-11 23:00:00,188.50335518223298
4822,2023-08-12 00:00:00,-57.346658436243985
4823,2023-08-12 01:00:00,-64.16683989798753
4824,2023-08-12 02:00:00,-63.62883118301653
4825,2023-08-12 03:00:00,-70.90827250916985
4826,2023-08-12 04:00:00,-82.2369583557126
4827,2023-08-12 05:00:00,-72.9435206774873
4828,2023-08-12 06:00:00,-14.036003892195595
4829,2023-08-12 07:00:00,102.49570452902216
4830,2023-08-12 08:00:00,249.85539052706906
4831,2023-08-12 09:00:00,378.0174131442494
4832,2023-08-12 10:00:00,444.9115649985569
4833,2023-08-12 11:00:00,444.51040497760437
4834,2023-08-12 12:00:00,410.12218005735383
4835,2023-08-12 13:00:00,390.1050186429398
4836,2023-08-12 14:00:00,414.38512499627143
4837,2023-08-12 15:00:00,476.08747256841593
4838,2023-08-12 16:00:00,539.2949394924957
4839,2023-08-12 17:00:00,563.8041991772375
4840,2023-08-12 18:00:00,527.5850182528538
4841,2023-08-12 19:00:00,433.8275297745
4842,2023-08-12 20:00:00,303.661094242847
4843,2023-08-12 21:00:00,164.38525563171058
4844,2023-08-12 22:00:00,40.776421292452284
4845,2023-08-12 23:00:00,-50.24089244911357
4846,2023-08-13 00:00:00,-104.06839798369984
4847,2023-08-13 01:00:00,-130.67206437234597
4848,2023-08-13 02:00:00,-149.46981059731584
4849,2023-08-13 03:00:00,-175.46730582047695
4850,2023-08-13 04:00:00,-204.73218463397038
4851,2023-08-13 05:00:00,-212.4364853172188
4852,2023-08-13 06:00:00,-169.44089622225144
4853,2023-08-13 07:00:00,-67.59875457588785
4854,2023-08-13 08:00:00,66.41802309563337
4855,2023-08-13 09:00:00,182.6945319444537
4856,2023-08-13 10:00:00,239.25658398542723
4857,2023-08-13 11:00:00,230.15705204919755
4858,2023-08-13 12:00:00,188.76798087058344
4859,2023-08-13 13:00:00,163.4941568384719
4860,2023-08-13 14:00:00,184.29087298973548
4861,2023-08-13 15:00:00,244.29439155081124
4862,2023-08-13 16:00:00,307.5810496882799
4863,2023-08-13 17:00:00,333.9233211376655
4864,2023-08-13 18:00:00,301.2494834704318
4865,2023-08-13 19:00:00,212.69145392651296
4866,2023-08-13 20:00:00,89.3043992147901
4867,2023-08-13 21:00:00,-41.70138295948877
4868,2023-08-13 22:00:00,-155.6526933807937
4869,2023-08-13 23:00:00,-235.7409433410194
4870,2023-08-14 00:00:00,-65.41535450145705
4871,2023-08-14 01:00:00,-78.93852435276432
4872,2023-08-14 02:00:00,-83.79396561298736
4873,2023-08-14 03:00:00,-95.13926046655584
4874,2023-08-14 04:00:00,-109.19877311724053
4875,2023-08-14 05:00:00,-101.3043034646515
4876,2023-08-14 06:00:00,-42.477529444403274
4877,2023-08-14 07:00:00,75.26779616743482
4878,2023-08-14 08:00:00,225.10169395414573
4879,2023-08-14 09:00:00,356.9552830278822
4880,2023-08-14 10:00:00,428.7061556037228
4881,2023-08-14 11:00:00,434.2663061279526
4882,2023-08-14 12:00:00,406.87572491169044
4883,2023-08-14 13:00:00,394.81733077643014
4884,2023-08-14 14:00:00,427.9359638576416
4885,2023-08-14 15:00:00,499.2699271041099
4886,2023-08-14 16:00:00,572.8110103407483
4887,2023-08-14 17:00:00,608.26129968248
4888,2023-08-14 18:00:00,583.4934144939359
4889,2023-08-14 19:00:00,501.59872936652505
4890,2023-08-14 20:00:00,383.60718333585464
4891,2023-08-14 21:00:00,256.71917345364244
4892,2023-08-14 22:00:00,145.6131512721629
4893,2023-08-14 23:00:00,67.11775473188521
4894,2023-08-15 00:00:00,-170.35434660869186
4895,2023-08-15 01:00:00,-184.67302596170998
4896,2023-08-15 02:00:00,-191.43363306457636
4897,2023-08-15 03:00:00,-205.72146036195494
4898,2023-08-15 04:00:00,-223.67801295654746
4899,2023-08-15 05:00:00,-220.54291300818485
4900,2023-08-15 06:00:00,-167.23769203649607
4901,2023-08-15 07:00:00,-55.66941895098114
4902,2023-08-15 08:00:00,87.44365449828416
4903,2023-08-15 09:00:00,212.1478824263295
4904,2023-08-15 10:00:00,276.4380400370286
4905,2023-08-15 11:00:00,274.3436906785571
4906,2023-08-15 12:00:00,239.22123469488665
4907,2023-08-15 13:00:00,219.46733437353436
4908,2023-08-15 14:00:00,245.03645508299778
4909,2023-08-15 15:00:00,309.0710296152752
4910,2023-08-15 16:00:00,375.6601965864391
4911,2023-08-15 17:00:00,404.59543182516285
4912,2023-08-15 18:00:00,373.82972923013506
4913,2023-08-15 19:00:00,286.5249014116081
4914,2023-08-15 20:00:00,163.7706133827022
4915,2023-08-15 21:00:00,32.81565524897323
4916,2023-08-15 22:00:00,-81.62492033082412
4917,2023-08-15 23:00:00,-162.69795881641375
4918,2023-08-16 00:00:00,-9.793154376954732
4919,2023-08-16 01:00:00,-25.150888487101383
4920,2023-08-16 02:00:00,-32.19298419598033
4921,2023-08-16 03:00:00,-46.02810512820116
4922,2023-08-16 04:00:00,-62.83216269762261
4923,2023-08-16 05:00:00,-57.88953603737275
4924,2023-08-16 06:00:00,-2.176040635560298
4925,2023-08-16 07:00:00,112.33839452204313
4926,2023-08-16 08:00:00,258.86514612136443
4927,2023-08-16 09:00:00,387.373848310819
4928,2023-08-16 10:00:00,455.7774534963354
4929,2023-08-16 11:00:00,458.01990972995156
4930,2023-08-16 12:00:00,427.3695667574649
4931,2023-08-16 13:00:00,412.1339860902628
4932,2023-08-16 14:00:00,442.17887618049366
4933,2023-08-16 15:00:00,510.5596405021657
4934,2023-08-16 16:00:00,581.2814703435073
4935,2023-08-16 17:00:00,614.0562827074862
4936,2023-08-16 18:00:00,586.7631417062346
4937,2023-08-16 19:00:00,502.4967168800207
4938,2023-08-16 20:00:00,382.28737559635556
4939,2023-08-16 21:00:00,253.3334009398481
4940,2023-08-16 22:00:00,140.30894770250472
4941,2023-08-16 23:00:00,60.036562193686194
4942,2023-08-17 00:00:00,17.014100591366912
4943,2023-08-17 01:00:00,1.1779230415924076
4944,2023-08-17 02:00:00,-6.98362686261126
4945,2023-08-17 03:00:00,-22.564913620559594
4946,2023-08-17 04:00:00,-41.71619414066379
4947,2023-08-17 05:00:00,-39.68511562425553
4948,2023-08-17 06:00:00,12.599876463236
4949,2023-08-17 07:00:00,123.22626569931373
4950,2023-08-17 08:00:00,265.47213957322606
4951,2023-08-17 09:00:00,389.38225774856846
4952,2023-08-17 10:00:00,452.95210110163873
4953,2023-08-17 11:00:00,450.2144224546879
4954,2023-08-17 12:00:00,414.5314254778949
4955,2023-08-17 13:00:00,394.30826315114814
4956,2023-08-17 14:00:00,419.51059407899476
4957,2023-08-17 15:00:00,483.294702502314
4958,2023-08-17 16:00:00,549.7661327883808
4959,2023-08-17 17:00:00,578.7351580303115
4960,2023-08-17 18:00:00,548.1757408183184
4961,2023-08-17 19:00:00,461.27255918097376
4962,2023-08-17 20:00:00,339.13971412414105
4963,2023-08-17 21:00:00,209.05162899903752
4964,2023-08-17 22:00:00,95.74977141848785
4965,2023-08-17 23:00:00,16.11404034647802
4966,2023-08-18 00:00:00,-25.31133096069135
4967,2023-08-18 01:00:00,-38.55546460409903
4968,2023-08-18 02:00:00,-43.10809786768891
4969,2023-08-18 03:00:00,-54.0548585942839
4970,2023-08-18 04:00:00,-67.55086883635994
4971,2023-08-18 05:00:00,-58.86249047803403
4972,2023-08-18 06:00:00,1.0491953827273335
4973,2023-08-18 07:00:00,120.22522340685269
4974,2023-08-18 08:00:00,271.8837059209157
4975,2023-08-18 09:00:00,405.9963657182632
4976,2023-08-18 10:00:00,480.4732228475733
4977,2023-08-18 11:00:00,489.24995005083304
4978,2023-08-18 12:00:00,465.5810146125294
4979,2023-08-18 13:00:00,457.75428747834917
4980,2023-08-18 14:00:00,495.609845326819
4981,2023-08-18 15:00:00,572.1714571868678
4982,2023-08-18 16:00:00,651.4066903491279
4983,2023-08-18 17:00:00,692.9839379096342
4984,2023-08-18 18:00:00,674.7330074999549
4985,2023-08-18 19:00:00,599.6938245420693
4986,2023-08-18 20:00:00,488.8368463355368
4987,2023-08-18 21:00:00,369.2956764313811
4988,2023-08-18 22:00:00,265.6754888962115
4989,2023-08-18 23:00:00,194.72608442763416
4990,2023-08-19 00:00:00,-51.21035087882473
4991,2023-08-19 01:00:00,-58.11635861901297
4992,2023-08-19 02:00:00,-57.66357473583088
4993,2023-08-19 03:00:00,-65.02763357198936
4994,2023-08-19 04:00:00,-76.44032389042246
4995,2023-08-19 05:00:00,-67.23027209469828
4996,2023-08-19 06:00:00,-8.405517204768586
4997,2023-08-19 07:00:00,108.04405854574043
4998,2023-08-19 08:00:00,255.32224616954892
4999,2023-08-19 09:00:00,383.40340962571184
5000,2023-08-19 10:00:00,450.2173462882166
5001,2023-08-19 11:00:00,449.7366196444792
5002,2023-08-19 12:00:00,415.2694810951168
5003,2023-08-19 13:00:00,395.1740633338526
5004,2023-08-19 14:00:00,419.3765747258682
5005,2023-08-19 15:00:00,481.00199268351105
5006,2023-08-19 16:00:00,544.1331991313791
5007,2023-08-19 17:00:00,568.5668711125139
5008,2023-08-19 18:00:00,532.2727787330277
5009,2023-08-19 19:00:00,438.441058359713
5010,2023-08-19 20:00:00,308.2010736517502
5011,2023-08-19 21:00:00,168.85237157774168
5012,2023-08-19 22:00:00,45.17136232445557
5013,2023-08-19 23:00:00,-45.917435108800646
5014,2023-08-20 00:00:00,-99.81573058620597
5015,2023-08-20 01:00:00,-126.4894908213117
5016,2023-08-20 02:00:00,-145.35663258593297
5017,2023-08-20 03:00:00,-171.42282300410346
5018,2023-08-20 04:00:00,-200.75569478057045
5019,2023-08-20 05:00:00,-208.52728446685623
5020,2023-08-20 06:00:00,-165.59827884525677
5021,2023-08-20 07:00:00,-63.82201372723125
5022,2023-08-20 08:00:00,70.12959561635842
5023,2023-08-20 09:00:00,186.34164543482646
5024,2023-08-20 10:00:00,242.83994870591965
5025,2023-08-20 11:00:00,233.67737904162794
5026,2023-08-20 12:00:00,192.22598180683732
5027,2023-08-20 13:00:00,166.89054388930168
5028,2023-08-20 14:00:00,187.62635864232203
5029,2023-08-20 15:00:00,247.56968847923585
5030,2023-08-20 16:00:00,310.79687058778154
5031,2023-08-20 17:00:00,337.08037857702215
5032,2023-08-20 18:00:00,304.34848974232784
5033,2023-08-20 19:00:00,215.7362495964878
5034,2023-08-20 20:00:00,92.29569546110096
5035,2023-08-20 21:00:00,-38.762875685687504
5036,2023-08-20 22:00:00,-152.7662655032553
5037,2023-08-20 23:00:00,-232.9058863102019
5038,2023-08-21 00:00:00,-62.6309609250481
5039,2023-08-21 01:00:00,-76.20408816913044
5040,2023-08-21 02:00:00,-81.10878220736822
5041,2023-08-21 03:00:00,-92.50262683740763
5042,2023-08-21 04:00:00,-106.60998800802454
5043,2023-08-21 05:00:00,-98.76266750993923
5044,2023-08-21 06:00:00,-39.982345313595516
5045,2023-08-21 07:00:00,77.71722363390438
5046,2023-08-21 08:00:00,227.5060575966918
5047,2023-08-21 09:00:00,359.3152732349367
5048,2023-08-21 10:00:00,431.0224601718331
5049,2023-08-21 11:00:00,436.5396101284415
5050,2023-08-21 12:00:00,409.1067105400978
5051,2023-08-21 13:00:00,397.00667723979757
5052,2023-08-21 14:00:00,430.08434721361675
5053,2023-08-21 15:00:00,501.3780201578659
5054,2023-08-21 16:00:00,574.8794824827917
5055,2023-08-21 17:00:00,610.2908167744652
5056,2023-08-21 18:00:00,585.4846387384093
5057,2023-08-21 19:00:00,503.5523191652677
5058,2023-08-21 20:00:00,385.5237931850289
5059,2023-08-21 21:00:00,258.5994537874215
5060,2023-08-21 22:00:00,147.457748365231
5061,2023-08-21 23:00:00,68.92731055684587
5062,2023-08-22 00:00:00,27.51346930032301
5063,2023-08-22 01:00:00,13.16101924136791
5064,2023-08-22 02:00:00,6.36726977972242
5065,2023-08-22 03:00:00,-7.953076307564942
5066,2023-08-22 04:00:00,-25.941529035814455
5067,2023-08-22 05:00:00,-22.8377155714808
5068,2023-08-22 06:00:00,30.43682742779052
5069,2023-08-22 07:00:00,141.97502580269133
5070,2023-08-22 08:00:00,285.05862243648164
5071,2023-08-22 09:00:00,409.7339659817468
5072,2023-08-22 10:00:00,473.9958260472804
5073,2023-08-22 11:00:00,471.8737602878906
5074,2023-08-22 12:00:00,436.7241632498724
5075,2023-08-22 13:00:00,416.94369131090116
5076,2023-08-22 14:00:00,442.48680382564817
5077,2023-08-22 15:00:00,506.49592746387395
5078,2023-08-22 16:00:00,573.0601946319994
5079,2023-08-22 17:00:00,601.9710748274201
5080,2023-08-22 18:00:00,571.1815555327481
5081,2023-08-22 19:00:00,483.85344284051064
5082,2023-08-22 20:00:00,361.0763951538373
5083,2023-08-22 21:00:00,230.09919585560377
5084,2023-08-22 22:00:00,115.63689081322441
5085,2023-08-22 23:00:00,34.542627671976504
5086,2023-08-23 00:00:00,-8.665958533852603
5087,2023-08-23 01:00:00,-24.043928745395846
5088,2023-08-23 02:00:00,-31.105776976256777
5089,2023-08-23 03:00:00,-44.9601740952246
5090,2023-08-23 04:00:00,-61.78303885837434
5091,2023-08-23 05:00:00,-56.858757803581625
5092,2023-08-23 06:00:00,-1.1631539190665876
5093,2023-08-23 07:00:00,113.33383623266917
5094,2023-08-23 08:00:00,259.84358167906095
5095,2023-08-23 09:00:00,388.3357088517265
5096,2023-08-23 10:00:00,456.7231623370889
5097,2023-08-23 11:00:00,458.94988231832264
5098,2023-08-23 12:00:00,428.2842105881003
5099,2023-08-23 13:00:00,413.0337006401504
5100,2023-08-23 14:00:00,443.064052838909
5101,2023-08-23 15:00:00,511.4306624998557
5102,2023-08-23 16:00:00,582.1387127043097
5103,2023-08-23 17:00:00,614.9001121613547
5104,2023-08-23 18:00:00,587.5939166444721
5105,2023-08-23 19:00:00,503.31478729169623
5106,2023-08-23 20:00:00,383.0930830140196
5107,2023-08-23 21:00:00,254.12707836741646
5108,2023-08-23 22:00:00,141.0909195827105
5109,2023-08-23 23:00:00,60.80714434360664
5110,2023-08-24 00:00:00,17.773600148690775
5111,2023-08-24 01:00:00,1.9266384200320203
5112,2023-08-24 02:00:00,-6.245406021380944
5113,2023-08-24 03:00:00,-21.8369064896103
5114,2023-08-24 04:00:00,-40.99812876588484
5115,2023-08-24 05:00:00,-38.97672894528813
5116,2023-08-24 06:00:00,13.298838557510834
5117,2023-08-24 07:00:00,123.91604833496329
5118,2023-08-24 08:00:00,266.15297885054355
5119,2023-08-24 09:00:00,390.05438072315474
5120,2023-08-24 10:00:00,453.61572572833404
5121,2023-08-24 11:00:00,450.8697575702038
5122,2023-08-24 12:00:00,415.17867076401626
5123,2023-08-24 13:00:00,394.9476091160545
5124,2023-08-24 14:00:00,420.14222202165206
5125,2023-08-24 15:00:00,483.9187844860671
5126,2023-08-24 16:00:00,550.382831636684
5127,2023-08-24 17:00:00,579.3446272761056
5128,2023-08-24 18:00:00,548.7781247122152
5129,2023-08-24 19:00:00,461.8679926645285
5130,2023-08-24 20:00:00,339.7283227933382
5131,2023-08-24 21:00:00,209.63352913166085
5132,2023-08-24 22:00:00,96.32506993288072
5133,2023-08-24 23:00:00,16.682834798426143
5134,2023-08-25 00:00:00,-24.74895239001367
5135,2023-08-25 01:00:00,-37.99942309901846
5136,2023-08-25 02:00:00,-42.55832400496854
5137,2023-08-25 03:00:00,-53.511292331139146
5138,2023-08-25 04:00:00,-67.01345951467104
5139,2023-08-25 05:00:00,-58.33119682174825
5140,2023-08-25 06:00:00,1.5744052598124938
5141,2023-08-25 07:00:00,120.74437201623216
5142,2023-08-25 08:00:00,272.3968064105913
5143,2023-08-25 09:00:00,406.5034218613422
5144,2023-08-25 10:00:00,480.9742290671837
5145,2023-08-25 11:00:00,489.74489142775997
5146,2023-08-25 12:00:00,466.06986690437554
5147,2023-08-25 13:00:00,458.23701711581487
5148,2023-08-25 14:00:00,496.08640945582727
5149,2023-08-25 15:00:00,572.6418036694433
5150,2023-08-25 16:00:00,651.8707577892753
5151,2023-08-25 17:00:00,693.4416556728579
5152,2023-08-25 18:00:00,675.1842957484989
5153,2023-08-25 19:00:00,600.1385942481131
5154,2023-08-25 20:00:00,489.2749993133045
5155,2023-08-25 21:00:00,369.72710535405076
5156,2023-08-25 22:00:00,266.100077356925
5157,2023-08-25 23:00:00,195.14370694611608
5158,2023-08-26 00:00:00,-50.79982881798452
5159,2023-08-26 01:00:00,-57.71308051227521
5160,2023-08-26 02:00:00,-57.26769305047506
5161,2023-08-26 03:00:00,-64.6393096867744
5162,2023-08-26 04:00:00,-76.05972805915508
5163,2023-08-26 05:00:00,-66.85758340153816
5164,2023-08-26 06:00:00,-8.04092352783627
5165,2023-08-26 07:00:00,108.400360588947
5166,2023-08-26 08:00:00,255.670051277496
5167,2023-08-26 09:00:00,383.7425038420496
5168,2023-08-26 10:00:00,450.5475070693233
5169,2023-08-26 11:00:00,450.05761590897225
5170,2023-08-26 12:00:00,415.5810732829365
5171,2023-08-26 13:00:00,395.47600344493486
5172,2023-08-26 14:00:00,419.66860640394384
5173,2023-08-26 15:00:00,481.28385125813986
5174,2023-08-26 16:00:00,544.4046116838209
5175,2023-08-26 17:00:00,568.8275565369946
5176,2023-08-26 18:00:00,532.5224478103517
5177,2023-08-26 19:00:00,438.6794138146065
5178,2023-08-26 20:00:00,308.427810213983
5179,2023-08-26 21:00:00,169.0671760704794
5180,2023-08-26 22:00:00,45.3739137210614
5181,2023-08-26 23:00:00,-45.72746560996225
5182,2023-08-27 00:00:00,-99.63867949004165
5183,2023-08-27 01:00:00,-126.32570224604504
5184,2023-08-27 02:00:00,-145.20645820932262
5185,2023-08-27 03:00:00,-171.28662196783685
5186,2023-08-27 04:00:00,-200.63383361539294
5187,2023-08-27 06:00:00,-165.50622616263155
5188,2023-08-27 07:00:00,-63.74544402592261
5189,2023-08-27 08:00:00,70.19028708371582
5190,2023-08-27 09:00:00,186.38605643548865
5191,2023-08-27 10:00:00,242.8676701338638
5192,2023-08-27 11:00:00,233.6879950018811
5193,2023-08-27 12:00:00,192.21906970989147
5194,2023-08-27 13:00:00,166.86567453186848
5195,2023-08-27 14:00:00,187.58309631791377
5196,2023-08-27 15:00:00,247.50759106495866
5197,2023-08-27 16:00:00,310.7154896346085
5198,2023-08-27 17:00:00,336.979259428824
5199,2023-08-27 18:00:00,304.2271716093063
5200,2023-08-27 19:00:00,215.59113697055068
5201,2023-08-27 20:00:00,92.12631572876484
5202,2023-08-27 21:00:00,-38.957000951255566
5203,2023-08-27 22:00:00,-152.98562044688492
5204,2023-08-27 23:00:00,-233.15096067624333
5205,2023-08-28 00:00:00,-62.902249959291936
5206,2023-08-28 01:00:00,-76.50209250818577
5207,2023-08-28 02:00:00,-81.43400776877846
5208,2023-08-28 03:00:00,-92.85558471064772
5209,2023-08-28 04:00:00,-106.99119433623761
5210,2023-08-28 05:00:00,-99.17264339562078
5211,2023-08-28 06:00:00,-40.42161668125661
5212,2023-08-28 07:00:00,77.24812613668382
5213,2023-08-28 08:00:00,227.0065987194949
5214,2023-08-28 09:00:00,358.78491323814035
5215,2023-08-28 10:00:00,430.4606549567942
5216,2023-08-28 11:00:00,435.9458113402542
5217,2023-08-28 12:00:00,408.4803656983373
5218,2023-08-28 13:00:00,396.3472298562848
5219,2023-08-28 14:00:00,429.39123691258254
5220,2023-08-28 15:00:00,500.6506828039399
5221,2023-08-28 16:00:00,574.1173502924576
5222,2023-08-28 17:00:00,609.4933184636068
5223,2023-08-28 18:00:00,584.6511996243506
5224,2023-08-28 19:00:00,502.6823613048298
5225,2023-08-28 20:00:00,384.6167355017272
5226,2023-08-28 21:00:00,257.6547122082312
5227,2023-08-28 22:00:00,146.47473590908166
5228,2023-08-28 23:00:00,67.90543752430605
5229,2023-08-29 00:00:00,26.452143364576244
5230,2023-08-29 01:00:00,12.059645589519647
5231,2023-08-29 02:00:00,5.2252512465485665
5232,2023-08-29 03:00:00,-9.136339111079678
5233,2023-08-29 04:00:00,-27.166637577382602
5234,2023-08-29 05:00:00,-24.105273286800838
5235,2023-08-29 06:00:00,29.126215298311422
5236,2023-08-29 07:00:00,140.6207523307362
5237,2023-08-29 08:00:00,283.66007914700583
5238,2023-08-29 09:00:00,408.29054298707194
5239,2023-08-29 10:00:00,472.5069121940841
5240,2023-08-29 11:00:00,470.33874328285935
5241,2023-08-29 12:00:00,435.1424298061306
5242,2023-08-29 13:00:00,415.31462728452163
5243,2023-08-29 14:00:00,440.80979435347865
5244,2023-08-29 15:00:00,504.770357107365
5245,2023-08-29 16:00:00,571.2854475082788
5246,2023-08-29 17:00:00,600.1465347700353
5247,2023-08-29 18:00:00,569.3066062079514
5248,2023-08-29 19:00:00,481.92746790574927
5249,2023-08-29 20:00:00,359.0987783956876
5250,2023-08-29 21:00:00,228.0693213337188
5251,2023-08-29 22:00:00,113.55414299335412
5252,2023-08-29 23:00:00,32.40639158336191
5253,2023-08-30 00:00:00,-10.856297164915617
5254,2023-08-30 01:00:00,-26.28898334918361
5255,2023-08-30 02:00:00,-33.40615999455321
5256,2023-08-30 03:00:00,-47.31649684002235
5257,2023-08-30 04:00:00,-64.19591135929494
5258,2023-08-30 05:00:00,-59.32878868242864
5259,2023-08-30 06:00:00,-3.6909502263881677
5260,2023-08-30 07:00:00,110.74766916705707
5261,2023-08-30 08:00:00,257.198440363712
5262,2023-08-30 09:00:00,385.63099179987944
5263,2023-08-30 10:00:00,453.958270206953
5264,2023-08-30 11:00:00,456.12421806154464
5265,2023-08-30 12:00:00,425.39717958261684
5266,2023-08-30 13:00:00,410.0847108532769
5267,2023-08-30 14:00:00,440.05251495924443
5268,2023-08-30 15:00:00,508.35599008659153
5269,2023-08-30 16:00:00,579.000322331257
5270,2023-08-30 17:00:00,611.697423562742
5271,2023-08-30 18:00:00,584.3263528608853
5272,2023-08-30 19:00:00,499.98177481255505
5273,2023-08-30 20:00:00,379.6940519261954
5274,2023-08-30 21:00:00,250.6614624959887
5275,2023-08-30 22:00:00,137.55815663637793
5276,2023-08-30 23:00:00,57.206676054673295
5277,2023-08-31 00:00:00,14.104872431632089
5278,2023-08-31 01:00:00,-1.8108985093940646
5279,2023-08-31 02:00:00,-10.052297477473587
5280,2023-08-31 03:00:00,-25.71369319135377
5281,2023-08-31 04:00:00,-44.945346685211575
5282,2023-08-31 05:00:00,-42.99490916711912
5283,2023-08-31 06:00:00,9.209169975970923
5284,2023-08-31 07:00:00,119.75437050905832
5285,2023-08-31 08:00:00,261.91877620423435
5286,2023-08-31 09:00:00,385.7471431342241
5287,2023-08-31 10:00:00,449.2349486679648
5288,2023-08-31 11:00:00,446.4149422473637
5289,2023-08-31 12:00:00,410.6493242488998
5290,2023-08-31 13:00:00,390.3432445051457
5291,2023-08-31 14:00:00,415.46235854909526
5292,2023-08-31 15:00:00,479.1629476813454
5293,2023-08-31 16:00:00,545.5505534515055
5294,2023-08-31 17:00:00,574.4354462244477
5295,2023-08-31 18:00:00,543.79158601112
5296,2023-08-31 19:00:00,456.8036483501349
5297,2023-08-31 20:00:00,334.5857318862725
5298,2023-08-31 21:00:00,204.41225775021542
5299,2023-08-31 22:00:00,91.02469143629213
5300,2023-08-31 23:00:00,11.302929895762873
5301,2023-09-01 00:00:00,-30.208795463873457
5302,2023-09-01 01:00:00,-43.53960849381863
5303,2023-09-01 02:00:00,-48.17924809840716
5304,2023-09-01 03:00:00,-59.2133436136514
5305,2023-09-01 04:00:00,-72.79701845286559
5306,2023-09-01 05:00:00,-64.19663573259635
5307,2023-09-01 06:00:00,-4.37327766520275
5308,2023-09-01 07:00:00,114.71408944065945
5309,2023-09-01 08:00:00,266.2835770726403
5310,2023-09-01 09:00:00,400.3069073041953
5311,2023-09-01 10:00:00,474.6940996103933
5312,2023-09-01 11:00:00,483.3808262949269
5313,2023-09-01 12:00:00,459.62155432844327
5314,2023-09-01 13:00:00,451.7041544848855
5315,2023-09-01 14:00:00,489.4687034089427
5316,2023-09-01 15:00:00,565.9389702308855
5317,2023-09-01 16:00:00,645.0825224782859
5318,2023-09-01 17:00:00,686.5677536225587
5319,2023-09-01 18:00:00,668.2244718223096
5320,2023-09-01 19:00:00,593.0926031518007
5321,2023-09-01 20:00:00,482.1426057118152
5322,2023-09-01 21:00:00,362.50808398071143
5323,2023-09-01 22:00:00,258.7942131245416
5324,2023-09-01 23:00:00,187.75079505828444
5325,2023-09-02 00:00:00,-58.279982765760025
5326,2023-09-02 01:00:00,-65.28066041594954
5327,2023-09-02 02:00:00,-64.92287218831657
5328,2023-09-02 04:00:00,-83.89058255094119
5329,2023-09-02 05:00:00,-74.77649226756739
5330,2023-09-02 06:00:00,-16.048016569786427
5331,2023-09-02 07:00:00,100.30496468316409
5332,2023-09-02 08:00:00,247.48624506226014
5333,2023-09-02 09:00:00,375.47019117693594
5334,2023-09-02 10:00:00,442.18660322435016
5335,2023-09-02 11:00:00,441.60804766463525
5336,2023-09-02 12:00:00,407.0427790237768
5337,2023-09-02 13:00:00,386.8489332470421
5338,2023-09-02 14:00:00,410.9527221254329
5339,2023-09-02 15:00:00,472.4791266236611
5340,2023-09-02 16:00:00,535.5110323864112
5341,2023-09-02 17:00:00,559.8451203029698
5342,2023-09-02 18:00:00,523.451164497052
5343,2023-09-02 19:00:00,429.5193054907876
5344,2023-09-02 20:00:00,299.1789112443104
5345,2023-09-02 21:00:00,159.7295331786376
5346,2023-09-02 22:00:00,35.94758609215012
5347,2023-09-02 23:00:00,-55.24240626829186
5348,2023-09-03 00:00:00,-109.24214887178039
5349,2023-09-03 01:00:00,-136.0176033706317
5350,2023-09-03 02:00:00,-154.98668135013187
5351,2023-09-03 03:00:00,-181.15504457742358
5352,2023-09-03 05:00:00,-218.46453933562256
5353,2023-09-03 06:00:00,-175.63838275746846
5354,2023-09-03 07:00:00,-73.96518041594408
5355,2023-09-03 08:00:00,59.88315850199248
5356,2023-09-03 09:00:00,175.99173650629945
5357,2023-09-03 10:00:00,232.3863729247867
5358,2023-09-03 11:00:00,223.11994790786224
5359,2023-09-03 12:00:00,181.56451350255116
5360,2023-09-03 13:00:00,156.1248634073582
5361,2023-09-03 14:00:00,176.75629794930862
5362,2023-09-03 15:00:00,236.5950866481151
5363,2023-09-03 16:00:00,299.71757395182556
5364,2023-09-03 17:00:00,325.8962408710228
5365,2023-09-03 18:00:00,293.05937223918556
5366,2023-09-03 19:00:00,204.33889256659532
5367,2023-09-03 20:00:00,80.7899758021745
5368,2023-09-03 21:00:00,-50.37707309127191
5369,2023-09-03 22:00:00,-164.48564965729685
5370,2023-09-03 23:00:00,-244.7305559856402
5371,2023-09-04 00:00:00,-74.56100650524712
5372,2023-09-04 01:00:00,-88.23959150049669
5373,2023-09-04 02:00:00,-93.24981645979449
5374,2023-09-04 03:00:00,-104.74925636528744
5375,2023-09-04 04:00:00,-118.9622682176558
5376,2023-09-04 05:00:00,-111.22064472170757
5377,2023-09-04 06:00:00,-52.54605661588059
5378,2023-09-04 07:00:00,65.04775050693507
5379,2023-09-04 08:00:00,214.73080439910186
5380,2023-09-04 09:00:00,346.434231359294
5381,2023-09-04 10:00:00,418.0356307665278
5382,2023-09-04 11:00:00,423.44700422989774
5383,2023-09-04 12:00:00,395.90834921349574
5384,2023-09-04 13:00:00,383.7025917028555
5385,2023-09-04 14:00:00,416.6745789642239
5386,2023-09-04 15:00:00,487.8626211022878
5387,2023-09-04 16:00:00,561.258515067258
5388,2023-09-04 17:00:00,596.5643541099445
5389,2023-09-04 18:00:00,571.65276471852
5390,2023-09-04 19:00:00,489.61512859780004
5391,2023-09-04 20:00:00,371.481391914395
5392,2023-09-04 21:00:00,244.4519588245148
5393,2023-09-04 22:00:00,133.20528796601334
5394,2023-09-04 23:00:00,54.570024404764155
5395,2023-09-05 00:00:00,13.051508580066695
5396,2023-09-05 01:00:00,-1.4054532321985675
5397,2023-09-05 02:00:00,-8.3035398822216
5398,2023-09-05 03:00:00,-22.72803673558596
5399,2023-09-05 04:00:00,-40.82044182237351
5400,2023-09-05 05:00:00,-37.82037024007107
5401,2023-09-05 06:00:00,15.350653560204222
5402,2023-09-05 07:00:00,126.78556772194837
5403,2023-09-05 08:00:00,269.7661275481663
5404,2023-09-05 09:00:00,394.338694198809
5405,2023-09-05 10:00:00,458.4980499176545
5406,2023-09-05 11:00:00,456.2737650828321
5407,2023-09-05 12:00:00,421.02224707933055
5408,2023-09-05 13:00:00,401.14016520197714
5409,2023-09-05 14:00:00,426.5819918481882
5410,2023-09-05 15:00:00,490.4901668117798
5411,2023-09-05 16:00:00,556.9538357163898
5412,2023-09-05 17:00:00,585.7644813888879
5413,2023-09-05 18:00:00,554.8751047184466
5414,2023-09-05 19:00:00,467.4475253036079
5415,2023-09-05 20:00:00,344.57141513220915
5416,2023-09-05 21:00:00,213.49557128271414
5417,2023-09-05 22:00:00,98.93505337875229
5418,2023-09-05 23:00:00,17.743022924950225
5419,2023-09-06 00:00:00,-25.562871115840068
5420,2023-09-06 01:00:00,-41.03767565411468
5421,2023-09-06 02:00:00,-48.19587061733267
5422,2023-09-06 03:00:00,-62.146112695139124
5423,2023-09-06 04:00:00,-79.06430638410143
5424,2023-09-06 05:00:00,-74.234823906325
5425,2023-09-06 06:00:00,-18.633473847062504
5426,2023-09-06 07:00:00,95.76982171209298
5427,2023-09-06 08:00:00,242.18644633305587
5428,2023-09-06 09:00:00,370.5860410421743
5429,2023-09-06 10:00:00,438.8815651232285
5430,2023-09-06 11:00:00,441.01697348173946
5431,2023-09-06 12:00:00,410.26062271174345
5432,2023-09-06 13:00:00,394.92008116477297
5433,2023-09-06 14:00:00,424.86106412927745
5434,2023-09-06 15:00:00,493.1389818904147
5435,2023-09-06 16:00:00,563.7590325562079
5436,2023-09-06 17:00:00,596.4331399133059
5437,2023-09-06 18:00:00,569.0403748754676
5438,2023-09-06 19:00:00,484.6754137545298
5439,2023-09-06 20:00:00,364.36863068273084
5440,2023-09-06 21:00:00,235.31831549541968
5441,2023-09-06 22:00:00,122.19862973233191
5442,2023-09-06 23:00:00,41.83212642533158
5443,2023-09-07 00:00:00,-1.2833315293088674
5444,2023-09-07 01:00:00,-17.211377282710345
5445,2023-09-07 02:00:00,-25.463660553404765
5446,2023-09-07 03:00:00,-41.13453916258632
5447,2023-09-07 04:00:00,-60.37426336370419
5448,2023-09-07 05:00:00,-58.43047369647908
5449,2023-09-07 06:00:00,-6.231609005824964
5450,2023-09-07 07:00:00,104.30982090826294
5451,2023-09-07 08:00:00,246.47191013793451
5452,2023-09-07 09:00:00,370.2994249360856
5453,2023-09-07 10:00:00,433.78785274368784
5454,2023-09-07 11:00:00,430.96995294700906
5455,2023-09-07 12:00:00,395.20793574422896
5456,2023-09-07 13:00:00,374.9069606435845
5457,2023-09-07 14:00:00,400.03269274813624
5458,2023-09-07 15:00:00,463.7414227898417
5459,2023-09-07 16:00:00,530.138701604781
5460,2023-09-07 17:00:00,559.0348087210588
5461,2023-09-07 18:00:00,528.4037131749983
5462,2023-09-07 19:00:00,441.4300993972299
5463,2023-09-07 20:00:00,319.228074768669
5464,2023-09-07 21:00:00,189.07206904110467
5465,2023-09-07 22:00:00,75.70355616139747
5466,2023-09-07 23:00:00,-3.997558590899871
5467,2023-09-08 00:00:00,-45.48703563612318
5468,2023-09-08 01:00:00,-58.79399079739008
5469,2023-09-08 02:00:00,-63.408155096573836
5470,2023-09-08 03:00:00,-74.4151501435189
5471,2023-09-08 04:00:00,-87.97009176376156
5472,2023-09-08 05:00:00,-79.33933566250218
5473,2023-09-08 06:00:00,-19.483956765730824
5474,2023-09-08 07:00:00,99.63708572881578
5475,2023-09-08 08:00:00,251.2419102685854
5476,2023-09-08 09:00:00,385.30224572455194
5477,2023-09-08 10:00:00,459.7281182218909
5478,2023-09-08 11:00:00,468.45520653831557
5479,2023-09-08 12:00:00,444.7379839659677
5480,2023-09-08 13:00:00,436.8643274336838
5481,2023-09-08 14:00:00,474.67431957438185
5482,2023-09-08 15:00:00,551.1917353457742
5483,2023-09-08 16:00:00,630.3841479223104
5484,2023-09-08 17:00:00,671.9199562789712
5485,2023-09-08 18:00:00,653.6289738786837
5486,2023-09-08 19:00:00,578.5511319479373
5487,2023-09-08 20:00:00,467.65689356271747
5488,2023-09-08 21:00:00,348.0798680050122
5489,2023-09-08 22:00:00,244.4252350614112
5490,2023-09-08 23:00:00,173.44280110421715
5491,2023-09-09 00:00:00,-72.5252421427785
5492,2023-09-09 01:00:00,-79.46143065083817
5493,2023-09-09 02:00:00,-79.0373947969851
5494,2023-09-09 03:00:00,-86.42876338842015
5495,2023-09-09 04:00:00,-97.86731968088128
5496,2023-09-09 05:00:00,-88.68168461814517
5497,2023-09-09 06:00:00,-29.87989179474016
5498,2023-09-09 07:00:00,86.54818195042049
5499,2023-09-09 08:00:00,233.80633299583855
5500,2023-09-09 09:00:00,361.86893059188475
5501,2023-09-09 10:00:00,428.66577739287595
5502,2023-09-09 11:00:00,428.1694421234102
5503,2023-09-09 12:00:00,393.6881813814915
5504,2023-09-09 13:00:00,373.58013300156796
5505,2023-09-09 14:00:00,397.77151047048545
5506,2023-09-09 15:00:00,459.3872962606608
5507,2023-09-09 16:00:00,522.5103773244309
5508,2023-09-09 17:00:00,546.9374356862766
5509,2023-09-09 18:00:00,510.638246388042
5510,2023-09-09 19:00:00,416.8029506919588
5511,2023-09-09 20:00:00,286.5609171002414
5512,2023-09-09 21:00:00,147.21169738252522
5513,2023-09-09 22:00:00,23.53170647978635
5514,2023-09-09 23:00:00,-67.55453189916756
5515,2023-09-10 00:00:00,-121.44872296896358
5516,2023-09-10 01:00:00,-148.11682882190365
5517,2023-09-10 02:00:00,-166.97676167958903
5518,2023-09-10 03:00:00,-193.034184149077
5519,2023-09-10 04:00:00,-222.35672447777165
5520,2023-09-10 06:00:00,-187.17393756543166
5521,2023-09-10 07:00:00,-85.38262425789947
5522,2023-09-10 08:00:00,48.5856140883819
5523,2023-09-10 09:00:00,164.81587794413633
5524,2023-09-10 10:00:00,221.33398440550872
5525,2023-09-10 11:00:00,212.19281117996144
5526,2023-09-10 12:00:00,170.7644076657424
5527,2023-09-10 13:00:00,145.45356472462214
5528,2023-09-10 14:00:00,166.21557963248813
5529,2023-09-10 15:00:00,226.18671865452123
5530,2023-09-10 16:00:00,289.4433227930314
5531,2023-09-10 17:00:00,315.75786940083844
5532,2023-09-10 18:00:00,283.0586394433649
5533,2023-09-10 19:00:00,194.47755336899618
5534,2023-09-10 20:00:00,71.06978086108953
5535,2023-09-10 21:00:00,-59.95437759036611
5536,2023-09-10 22:00:00,-173.92172020959939
5537,2023-09-10 23:00:00,-254.02365593885804
5538,2023-09-11 00:00:00,-83.70940428061007
5539,2023-09-11 01:00:00,-97.24156082200355
5540,2023-09-11 02:00:00,-102.10363653216234
5541,2023-09-11 03:00:00,-113.45321209598768
5542,2023-09-11 04:00:00,-127.51465041194808
5543,2023-09-11 05:00:00,-119.61975028893937
5544,2023-09-11 06:00:00,-60.79018877489327
5545,2023-09-11 07:00:00,56.96028202901189
5546,2023-09-11 08:00:00,206.80168315613955
5547,2023-09-11 09:00:00,338.6651339875689
5548,2023-09-11 10:00:00,410.4282267818336
5549,2023-09-11 11:00:00,416.0029558281708
5550,2023-09-11 12:00:00,388.62931105449707
5551,2023-09-11 13:00:00,376.59021073031397
5552,2023-09-11 14:00:00,409.73049418098697
5553,2023-09-11 15:00:00,481.08846338499103
5554,2023-09-11 16:00:00,554.6559069566687
5555,2023-09-11 17:00:00,590.1349096125626
5556,2023-09-11 18:00:00,565.3980891079085
5557,2023-09-11 19:00:00,483.53681821085286
5558,2023-09-11 20:00:00,365.5810339652121
5559,2023-09-11 21:00:00,238.73113116908962
5560,2023-09-11 22:00:00,127.66555895329024
5561,2023-09-11 23:00:00,49.21295264221621
5562,2023-09-12 00:00:00,7.878642757688226
5563,2023-09-12 01:00:00,-6.3925745604191775
5564,2023-09-12 02:00:00,-13.10338847200714
5565,2023-09-12 03:00:00,-27.33909486409658
5566,2023-09-12 04:00:00,-45.24120247453999
5567,2023-09-12 05:00:00,-42.049337305416316
5568,2023-09-12 06:00:00,11.314965092989468
5569,2023-09-12 07:00:00,122.94463156920425
5570,2023-09-12 08:00:00,266.1214059559992
5571,2023-09-12 09:00:00,390.8916377239458
5572,2023-09-12 10:00:00,455.25009725727614
5573,2023-09-12 11:00:00,453.2263428842882
5574,2023-09-12 12:00:00,418.1767697342956
5575,2023-09-12 13:00:00,398.4980346857076
5576,2023-09-12 14:00:00,424.1445975044219
5577,2023-09-12 15:00:00,488.2588851874838
5578,2023-09-12 16:00:00,554.9300303649227
5579,2023-09-12 17:00:00,583.9495026891543
5580,2023-09-12 18:00:00,553.2702896932092
5581,2023-09-12 19:00:00,466.0541974328377
5582,2023-09-12 20:00:00,343.3908841783958
5583,2023-09-12 21:00:00,212.52913310592618
5584,2023-09-12 22:00:00,98.18398975813548
5585,2023-09-12 23:00:00,17.208601376774624
5586,2023-09-13 00:00:00,-25.879397500182307
5587,2023-09-13 01:00:00,-41.135068408262896
5588,2023-09-13 02:00:00,-48.072906049480224
5589,2023-09-13 03:00:00,-61.801582079637484
5590,2023-09-13 04:00:00,-78.49701612392187
5591,2023-09-13 05:00:00,-73.44359570641842
5592,2023-09-13 06:00:00,-17.61714488686414
5593,2023-09-13 07:00:00,97.0123986157366
5594,2023-09-13 08:00:00,243.65640254196055
5595,2023-09-13 09:00:00,372.2844919735088
5596,2023-09-13 10:00:00,440.8096100286771
5597,2023-09-13 11:00:00,443.17569532149037
5598,2023-09-13 12:00:00,412.6510879859773
5599,2023-09-13 13:00:00,397.5433397445015
5600,2023-09-13 14:00:00,427.7181491049507
5601,2023-09-13 15:00:00,496.2309094112834
5602,2023-09-13 16:00:00,567.0868016811756
5603,2023-09-13 17:00:00,599.9977324516371
5604,2023-09-13 18:00:00,572.842755224354
5605,2023-09-13 19:00:00,488.71652876140456
5606,2023-09-13 20:00:00,368.64940949471793
5607,2023-09-13 21:00:00,239.83966939456815
5608,2023-09-13 22:00:00,126.96145201142532
5609,2023-09-13 23:00:00,46.837292230846515
5610,2023-09-14 00:00:00,3.96503465664145
5611,2023-09-14 01:00:00,-11.718972291993737
5612,2023-09-14 02:00:00,-19.726396904132713
5613,2023-09-14 03:00:00,-35.151615706133356
5614,2023-09-14 04:00:00,-54.14489780834401
5615,2023-09-14 05:00:00,-51.953902720684624
5616,2023-09-14 06:00:00,0.4929115930617627
5617,2023-09-14 07:00:00,111.28301608571734
5618,2023-09-14 08:00:00,253.69448546832626
5619,2023-09-14 09:00:00,377.7720665016302
5620,2023-09-14 10:00:00,441.51122698488484
5621,2023-09-14 11:00:00,438.94470655005136
5622,2023-09-14 12:00:00,403.4346955219986
5623,2023-09-14 13:00:00,383.38633340897735
5624,2023-09-14 14:00:00,408.7652651958242
5625,2023-09-14 15:00:00,472.7277613763671
5626,2023-09-14 16:00:00,539.3793524465316
5627,2023-09-14 17:00:00,568.5302974613671
5628,2023-09-14 18:00:00,538.1545448878419
5629,2023-09-14 19:00:00,451.43675847229713
5630,2023-09-14 20:00:00,329.49102481091495
5631,2023-09-14 21:00:00,199.5917527504966
5632,2023-09-14 22:00:00,86.48039523757856
5633,2023-09-14 23:00:00,7.036836462150518
5634,2023-09-15 00:00:00,-34.194705202885416
5635,2023-09-15 01:00:00,-47.243366877347626
5636,2023-09-15 02:00:00,-51.598900974907906
5637,2023-09-15 03:00:00,-62.34695058524801
5638,2023-09-15 04:00:00,-75.64265312163542
5639,2023-09-15 05:00:00,-66.75238594190256
5640,2023-09-15 06:00:00,-6.637245729117325
5641,2023-09-15 07:00:00,112.74378648264253
5642,2023-09-15 08:00:00,264.6088072170537
5643,2023-09-15 09:00:00,398.92952335893244
5644,2023-09-15 10:00:00,473.6159389442723
5645,2023-09-15 11:00:00,482.6037105999642
5646,2023-09-15 12:00:00,459.14728939410486
5647,2023-09-15 13:00:00,451.5345299560943
5648,2023-09-15 14:00:00,489.60549255056026
5649,2023-09-15 15:00:00,566.3839296947408
5650,2023-09-15 16:00:00,645.8373920754159
5651,2023-09-15 17:00:00,687.6342560919143
5652,2023-09-15 18:00:00,669.6043125886455
5653,2023-09-15 19:00:00,594.7874701112798
5654,2023-09-15 20:00:00,484.15416900299465
5655,2023-09-15 21:00:00,364.8379957432004
5656,2023-09-15 22:00:00,261.44410728673654
5657,2023-09-15 23:00:00,190.72228711346224
5658,2023-09-16 00:00:00,-54.985295993340685
5659,2023-09-16 01:00:00,-61.661200986567366
5660,2023-09-16 02:00:00,-60.97708126662931
5661,2023-09-16 03:00:00,-68.1085887015619
5662,2023-09-16 04:00:00,-79.28752965702463
5663,2023-09-16 05:00:00,-69.84254820038328
5664,2023-09-16 06:00:00,-10.781701104785924
5665,2023-09-16 07:00:00,105.90511159758492
5666,2023-09-16 08:00:00,253.42166305605912
5667,2023-09-16 09:00:00,381.7422992625593
5668,2023-09-16 10:00:00,448.7967996163012
5669,2023-09-16 11:00:00,448.55770952537137
5670,2023-09-16 12:00:00,414.33326228720784
5671,2023-09-16 13:00:00,394.4815723930825
5672,2023-09-16 14:00:00,418.9288299973508
5673,2023-09-16 15:00:00,480.7999942148432
5674,2023-09-16 16:00:00,544.1779286336781
5675,2023-09-16 17:00:00,568.8592919068831
5676,2023-09-16 18:00:00,532.813835710251
5677,2023-09-16 19:00:00,439.2316779296821
5678,2023-09-16 20:00:00,309.24216368462703
5679,2023-09-16 21:00:00,170.14482138771214
5680,2023-09-16 22:00:00,46.71604261173309
5681,2023-09-16 23:00:00,-44.119672290160594
5682,2023-09-17 00:00:00,-97.76405188120714
5683,2023-09-17 01:00:00,-124.18308157281206
5684,2023-09-17 02:00:00,-142.79469691328976
5685,2023-09-17 03:00:00,-168.60458380187606
5686,2023-09-17 04:00:00,-197.6803937615535
5687,2023-09-17 05:00:00,-205.19418218725582
5688,2023-09-17 06:00:00,-162.0066547321071
5689,2023-09-17 07:00:00,-59.97116610731763
5690,2023-09-17 08:00:00,74.24034950304585
5691,2023-09-17 09:00:00,190.71296942252698
5692,2023-09-17 10:00:00,247.4724876518017
5693,2023-09-17 11:00:00,238.57175883617904
5694,2023-09-17 12:00:00,197.38280935904584
5695,2023-09-17 13:00:00,172.31040708939662
5696,2023-09-17 14:00:00,193.30982638023372
5697,2023-09-17 15:00:00,253.51731061349017
5698,2023-09-17 16:00:00,317.0091779483606
5699,2023-09-17 17:00:00,343.5578829550097
5700,2023-09-17 18:00:00,311.09168388225805
5701,2023-09-17 19:00:00,222.74247849596108
5702,2023-09-17 20:00:00,99.56541387186294
5703,2023-09-17 21:00:00,-31.229232040719864
5704,2023-09-17 22:00:00,-144.9645498462545
5705,2023-09-17 23:00:00,-224.83570093817164
5706,2023-09-18 00:00:00,-54.291927153536676
5707,2023-09-18 01:00:00,-67.59584634437428
5708,2023-09-18 02:00:00,-72.2309916914987
5709,2023-09-18 04:00:00,-97.19215419995228
5710,2023-09-18 05:00:00,-89.07437706794846
5711,2023-09-18 06:00:00,-30.023333531007495
5712,2023-09-18 07:00:00,87.94720252175216
5713,2023-09-18 08:00:00,238.00723043297103
5714,2023-09-18 09:00:00,370.0878479625297
5715,2023-09-18 10:00:00,442.06662585821266
5716,2023-09-18 11:00:00,447.85553699055276
5717,2023-09-18 12:00:00,420.6945499721485
5718,2023-09-18 13:00:00,408.8665618403255
5719,2023-09-18 14:00:00,442.2163908156533
5720,2023-09-18 15:00:00,513.7823178608992
5721,2023-09-18 16:00:00,587.5561106866612
5722,2023-09-18 17:00:00,623.2398332136974
5723,2023-09-18 18:00:00,598.7060825247522
5724,2023-09-18 19:00:00,517.0462108187577
5725,2023-09-18 20:00:00,399.2901346828279
5726,2023-09-18 21:00:00,272.6382285960791
5727,2023-09-18 22:00:00,161.76892147764923
5728,2023-09-18 23:00:00,83.51082856955188
5729,2023-09-19 00:00:00,42.36926042405025
5730,2023-09-19 01:00:00,28.288993370321094
5731,2023-09-19 02:00:00,21.76731853603016
5732,2023-09-19 03:00:00,7.718920470635425
5733,2023-09-19 04:00:00,-9.997728996810139
5734,2023-09-19 05:00:00,-6.622275158620994
5735,2023-09-19 06:00:00,46.92372727834609
5736,2023-09-19 07:00:00,158.73318614495787
5737,2023-09-19 08:00:00,302.08782641254373
5738,2023-09-19 09:00:00,427.03397881613176
5739,2023-09-19 10:00:00,491.5663951719924
5740,2023-09-19 11:00:00,489.71461537994395
5741,2023-09-19 12:00:00,454.83501629413865
5742,2023-09-19 13:00:00,435.3242366740718
5743,2023-09-19 14:00:00,461.1367183209711
5744,2023-09-19 15:00:00,525.4148704267515
5745,2023-09-19 16:00:00,592.2478079708026
5746,2023-09-19 17:00:00,621.4269831345556
5747,2023-09-19 18:00:00,590.9053661209892
5748,2023-09-19 19:00:00,503.8447458382494
5749,2023-09-19 20:00:00,381.33476357330505
5750,2023-09-19 21:00:00,250.62418569120655
5751,2023-09-19 22:00:00,136.42804108563146
5752,2023-09-19 23:00:00,55.59946053801204
5753,2023-09-20 00:00:00,12.656062292404698
5754,2023-09-20 01:00:00,-2.4572312999612222
5755,2023-09-20 02:00:00,-9.254930873182644
5756,2023-09-20 03:00:00,-22.84572383670303
5757,2023-09-20 04:00:00,-39.405545376467984
5758,2023-09-20 05:00:00,-34.21879841264786
5759,2023-09-20 06:00:00,21.738677812541027
5760,2023-09-20 07:00:00,136.49693056860744
5761,2023-09-20 08:00:00,283.26731277993696
5762,2023-09-20 09:00:00,412.01943490230485
5763,2023-09-20 10:00:00,480.6662256335809
5764,2023-09-20 11:00:00,483.1516093474305
5765,2023-09-20 12:00:00,452.7439121461234
5766,2023-09-20 13:00:00,437.75067191553546
5767,2023-09-20 14:00:00,468.0375735275089
5768,2023-09-20 15:00:00,536.6599968948691
5769,2023-09-20 16:00:00,607.623109802355
5770,2023-09-20 17:00:00,640.6388057763384
5771,2023-09-20 18:00:00,613.5861254911684
5772,2023-09-20 19:00:00,529.5597151148271
5773,2023-09-20 20:00:00,409.5899186641347
5774,2023-09-20 21:00:00,280.87499594863317
5775,2023-09-20 22:00:00,168.0890785352168
5776,2023-09-20 23:00:00,88.05468956043518
5777,2023-09-21 00:00:00,45.26966208696575
5778,2023-09-21 01:00:00,29.670333213200735
5779,2023-09-21 02:00:00,21.745023549776818
5780,2023-09-21 03:00:00,6.3993456874868
5781,2023-09-21 04:00:00,-12.516980135399166
5782,2023-09-21 05:00:00,-10.251623877988237
5783,2023-09-21 06:00:00,42.26694629784126
5784,2023-09-21 07:00:00,153.12619135514305
5785,2023-09-21 08:00:00,295.6041762467498
5786,2023-09-21 09:00:00,419.7456382019261
5787,2023-09-21 10:00:00,483.5460357273292
5788,2023-09-21 11:00:00,481.0380993805892
5789,2023-09-21 12:00:00,445.5840106523901
5790,2023-09-21 13:00:00,425.5889004478267
5791,2023-09-21 14:00:00,451.0184053819761
5792,2023-09-21 15:00:00,515.02878781598
5793,2023-09-21 16:00:00,581.7255703425941
5794,2023-09-21 17:00:00,610.9190043695387
5795,2023-09-21 18:00:00,580.5830309321507
5796,2023-09-21 19:00:00,493.9023065998009
5797,2023-09-21 20:00:00,371.99091103671503
5798,2023-09-21 21:00:00,242.12324636891978
5799,2023-09-21 22:00:00,129.04075910261145
5800,2023-09-21 23:00:00,49.62332721015224
5801,2023-09-22 00:00:00,8.415163104414233
5802,2023-09-22 01:00:00,-4.612876070301496
5803,2023-09-22 02:00:00,-8.95054820063163
5804,2023-09-22 03:00:00,-19.68350160709676
5805,2023-09-22 04:00:00,-32.966878683679454
5806,2023-09-22 05:00:00,-24.067061528533515
5807,2023-09-22 06:00:00,36.05484869371807
5808,2023-09-22 07:00:00,155.439866713148
5809,2023-09-22 08:00:00,307.30608506457884
5810,2023-09-22 09:00:00,441.6252068989839
5811,2023-09-22 10:00:00,516.30723276994
5812,2023-09-22 11:00:00,525.2878160780222
5813,2023-09-22 12:00:00,501.8214049035552
5814,2023-09-22 13:00:00,494.1958511647143
5815,2023-09-22 14:00:00,532.2512126455032
5816,2023-09-22 15:00:00,609.0112396532842
5817,2023-09-22 16:00:00,688.4434809114099
5818,2023-09-22 17:00:00,730.2163111134378
5819,2023-09-22 18:00:00,712.1595196557433
5820,2023-09-22 19:00:00,637.3130138889663
5821,2023-09-22 20:00:00,526.6472332211865
5822,2023-09-22 21:00:00,407.29576345223734
5823,2023-09-22 22:00:00,303.8637611132732
5824,2023-09-22 23:00:00,233.10100951482463
5825,2023-09-23 00:00:00,-12.650322457238985
5826,2023-09-23 01:00:00,-19.372793419888467
5827,2023-09-23 02:00:00,-18.738056152728547
5828,2023-09-23 03:00:00,-25.92176166471802
5829,2023-09-23 04:00:00,-37.155715193245186
5830,2023-09-23 05:00:00,-27.76855942514615
5831,2023-09-23 06:00:00,31.231650517051975
5832,2023-09-23 07:00:00,147.85501649562642
5833,2023-09-23 08:00:00,295.30531381835704
5834,2023-09-23 09:00:00,423.5568908971795
5835,2023-09-23 10:00:00,490.5395298088206
5836,2023-09-23 11:00:00,490.2257789016345
5837,2023-09-23 12:00:00,455.9238746570941
5838,2023-09-23 13:00:00,435.9919350331313
5839,2023-09-23 14:00:00,460.35615388410514
5840,2023-09-23 15:00:00,522.1414943013012
5841,2023-09-23 16:00:00,585.430824093639
5842,2023-09-23 17:00:00,610.0208064116164
5843,2023-09-23 18:00:00,573.8811976636855
5844,2023-09-23 19:00:00,480.202120737263
5845,2023-09-23 20:00:00,350.1129260132718
5846,2023-09-23 21:00:00,210.9131474173856
5847,2023-09-23 22:00:00,87.3791822926394
5848,2023-09-23 23:00:00,-3.564462984881004
5849,2023-09-24 00:00:00,-57.31951068735347
5850,2023-09-24 01:00:00,-83.85193970093007
5851,2023-09-24 02:00:00,-102.57967877226264
5852,2023-09-24 03:00:00,-128.5084067601308
5853,2023-09-24 04:00:00,-157.70576788517408
5854,2023-09-24 05:00:00,-165.34380998888932
5855,2023-09-24 06:00:00,-122.28323092057906
5856,2023-09-24 07:00:00,-20.377377332323448
5857,2023-09-24 08:00:00,113.7018248975594
5858,2023-09-24 09:00:00,230.039461653977
5859,2023-09-24 10:00:00,286.661335746919
5860,2023-09-24 11:00:00,277.62031088531995
5861,2023-09-24 12:00:00,236.28842274861378
5862,2023-09-24 13:00:00,211.07044877559133
5863,2023-09-24 14:00:00,231.92167310999565
5864,2023-09-24 15:00:00,291.97834918927555
5865,2023-09-24 16:00:00,355.3168054638343
5866,2023-09-24 17:00:00,381.7095070430519
5867,2023-09-24 18:00:00,349.0847229577286
5868,2023-09-24 19:00:00,260.5743619987139
5869,2023-09-24 20:00:00,137.23358251505297
5870,2023-09-24 21:00:00,6.272673958251318
5871,2023-09-24 22:00:00,-107.63517263899425
5872,2023-09-24 23:00:00,-187.68137664597432
5873,2023-09-25 00:00:00,-17.31516768315464
5874,2023-09-25 01:00:00,-30.799151142079097
5875,2023-09-25 02:00:00,-35.6168475050566
5876,2023-09-25 03:00:00,-46.92584664055954
5877,2023-09-25 04:00:00,-60.95052033175426
5878,2023-09-25 05:00:00,-53.022675939785245
5879,2023-09-25 06:00:00,5.836001230302031
5880,2023-09-25 07:00:00,123.61175114617384
5881,2023-09-25 08:00:00,273.4745872315317
5882,2023-09-25 09:00:00,405.355621573546
5883,2023-09-25 10:00:00,477.13243944659826
5884,2023-09-25 11:00:00,482.71702848910775
5885,2023-09-25 12:00:00,455.3493723029372
5886,2023-09-25 13:00:00,443.3123831345732
5887,2023-09-25 14:00:00,476.4508946340707
5888,2023-09-25 15:00:00,547.8032034091267
5889,2023-09-25 16:00:00,621.3610930482404
5890,2023-09-25 17:00:00,656.8266435437497
5891,2023-09-25 18:00:00,632.0724682801394
5892,2023-09-25 19:00:00,550.1899359682207
5893,2023-09-25 20:00:00,432.2089799226525
5894,2023-09-25 21:00:00,305.3299915426831
5895,2023-09-25 22:00:00,194.23141690076005
5896,2023-09-25 23:00:00,115.74188858508845
5897,2023-09-26 00:00:00,74.3667346989767
5898,2023-09-26 01:00:00,60.050749329819695
5899,2023-09-26 02:00:00,53.291241564679865
5900,2023-09-26 03:00:00,39.002914119095834
5901,2023-09-26 04:00:00,21.04425716775853
5902,2023-09-26 05:00:00,24.175643986435915
5903,2023-09-26 06:00:00,77.47553861001467
5904,2023-09-26 07:00:00,189.03686782679807
5905,2023-09-26 08:00:00,332.1413757256161
5906,2023-09-26 09:00:00,456.83541238261347
5907,2023-09-26 10:00:00,521.1137491174774
5908,2023-09-26 11:00:00,519.0059455301658
5909,2023-09-26 12:00:00,483.86839836269075
5910,2023-09-26 13:00:00,464.09776643917996
5911,2023-09-26 14:00:00,489.64851180637584
5912,2023-09-26 15:00:00,553.6630640775501
5913,2023-09-26 16:00:00,620.2305588418699
5914,2023-09-26 17:00:00,649.1424690467949
5915,2023-09-26 18:00:00,618.3517858467671
5916,2023-09-26 19:00:00,531.0203192690442
5917,2023-09-26 20:00:00,408.2377318924147
5918,2023-09-26 21:00:00,277.2528115219314
5919,2023-09-26 22:00:00,162.78060868102654
5920,2023-09-26 23:00:00,81.67427592876214
5921,2023-09-27 00:00:00,38.45145344577011
5922,2023-09-27 01:00:00,23.05708568203619
5923,2023-09-27 02:00:00,15.976684257391042
5924,2023-09-27 03:00:00,2.1015841741103145
5925,2023-09-27 04:00:00,-14.74412720513368
5926,2023-09-27 05:00:00,-9.844830081132073
5927,2023-09-27 06:00:00,45.823659154906835
5928,2023-09-27 07:00:00,160.2914107723279
5929,2023-09-27 08:00:00,306.76980083325407
5930,2023-09-27 09:00:00,435.22846309034884
5931,2023-09-27 10:00:00,503.5803496500967
5932,2023-09-27 11:00:00,505.7694084489302
5933,2023-09-27 12:00:00,475.06398927548753
5934,2023-09-27 13:00:00,459.77165384366845
5935,2023-09-27 14:00:00,489.7581109731716
5936,2023-09-27 15:00:00,558.0787646500403
5937,2023-09-27 16:00:00,628.7388068718374
5938,2023-09-27 17:00:00,661.450155473259
5939,2023-09-27 18:00:00,634.0918755837957
5940,2023-09-27 19:00:00,549.7586379235426
5941,2023-09-27 20:00:00,429.48081118694915
5942,2023-09-27 21:00:00,300.45667996948134
5943,2023-09-27 22:00:00,187.3604007394542
5944,2023-09-27 23:00:00,107.01452162030412
5945,2023-09-28 00:00:00,-142.55975120608355
5946,2023-09-28 01:00:00,-158.472751422843
5947,2023-09-28 02:00:00,-166.71278512204083
5948,2023-09-28 03:00:00,-182.37421430024884
5949,2023-09-28 04:00:00,-201.60729321602443
5950,2023-09-28 05:00:00,-199.65966623095417
5951,2023-09-28 06:00:00,-147.45977582993152
5952,2023-09-28 07:00:00,-36.92013527478889
5953,2023-09-28 08:00:00,105.23734625188123
5954,2023-09-28 09:00:00,229.05743190717965
5955,2023-09-28 10:00:00,292.53560622026225
5956,2023-09-28 11:00:00,289.70462584473717
5957,2023-09-28 12:00:00,253.92669844655816
5958,2023-09-28 13:00:00,233.60698115881237
5959,2023-09-28 14:00:00,258.71113692092155
5960,2023-09-28 15:00:00,322.39545446638476
5961,2023-09-28 16:00:00,388.76548282915996
5962,2023-09-28 17:00:00,417.6314999183363
5963,2023-09-28 18:00:00,386.96747333647033
5964,2023-09-28 19:00:00,299.95808627074916
5965,2023-09-28 20:00:00,177.7174450462465
5966,2023-09-28 21:00:00,47.51997852376178
5967,2023-09-28 22:00:00,-65.89284002432521
5968,2023-09-28 23:00:00,-145.64110581017135
5969,2023-09-29 00:00:00,-353.82350356657025
5970,2023-09-29 01:00:00,-367.1833012380515
5971,2023-09-29 02:00:00,-371.8531537868339
5972,2023-09-29 03:00:00,-382.91868255481177
5973,2023-09-29 04:00:00,-396.5350029384787
5974,2023-09-29 05:00:00,-387.9684699939643
5975,2023-09-29 06:00:00,-328.1801578358294
5976,2023-09-29 07:00:00,-209.12902465612004
5977,2023-09-29 08:00:00,-57.59695077911138
5978,2023-09-29 09:00:00,76.38779403155883
5979,2023-09-29 10:00:00,150.73523748269534
5980,2023-09-29 11:00:00,159.38106012879945
5981,2023-09-29 12:00:00,135.5797372189765
5982,2023-09-29 13:00:00,127.61914783081878
5983,2023-09-29 14:00:00,165.3393769373727
5984,2023-09-29 15:00:00,241.76420202065506
5985,2023-09-29 16:00:00,320.8611989828317
5986,2023-09-29 17:00:00,362.2987696908255
5987,2023-09-29 18:00:00,343.9067307205419
5988,2023-09-29 19:00:00,268.72501658058854
5989,2023-09-29 20:00:00,157.7240938238109
5990,2023-09-29 21:00:00,38.037575396679046
5991,2023-09-29 22:00:00,-65.7293550518414
5992,2023-09-29 23:00:00,-136.82688711014106
5993,2023-09-30 00:00:00,-255.3347092169195
5994,2023-09-30 01:00:00,-262.3915841203219
5995,2023-09-30 02:00:00,-262.0910219854381
5996,2023-09-30 03:00:00,-269.60864681799825
5997,2023-09-30 04:00:00,-281.1762368893229
5998,2023-09-30 05:00:00,-272.1224079538491
5999,2023-09-30 06:00:00,-213.45518824856643
6000,2023-09-30 07:00:00,-97.16444905839074
6001,2023-09-30 08:00:00,49.95361173295777
6002,2023-09-30 09:00:00,177.87336931486246
6003,2023-09-30 10:00:00,244.5246324539922
6004,2023-09-30 11:00:00,243.87997617055422
6005,2023-09-30 12:00:00,209.24766355724884
6006,2023-09-30 13:00:00,188.98583911458678
6007,2023-09-30 14:00:00,213.02072319635818
6008,2023-09-30 15:00:00,274.47730532245004
6009,2023-09-30 16:00:00,337.4384796649234
6010,2023-09-30 17:00:00,361.70093567169175
6011,2023-09-30 18:00:00,325.2344559810046
6012,2023-09-30 19:00:00,231.22918963633725
6013,2023-09-30 20:00:00,100.8145130998683
6014,2023-09-30 21:00:00,-38.71001369691041
6015,2023-09-30 22:00:00,-162.5679674962973
6016,2023-09-30 23:00:00,-253.8348160749507
6017,2023-10-01 00:00:00,-62.37079555279155
6018,2023-10-01 01:00:00,-89.22477994962543
6019,2023-10-01 02:00:00,-108.27321203354018
6020,2023-10-01 03:00:00,-134.52174518459793
6021,2023-10-01 05:00:00,-171.9939937250379
6022,2023-10-01 06:00:00,-129.2504043275543
6023,2023-10-01 08:00:00,106.10366354399352
6024,2023-10-01 09:00:00,222.12735187472407
6025,2023-10-01 10:00:00,278.43634096599095
6026,2023-10-01 11:00:00,269.0835191697387
6027,2023-10-01 12:00:00,227.44094670200218
6028,2023-10-01 13:00:00,201.91342541726718
6029,2023-10-01 14:00:00,222.45626375362096
6030,2023-10-01 15:00:00,282.2057393233983
6031,2023-10-01 16:00:00,345.23820461741815
6032,2023-10-01 17:00:00,371.3261486786252
6033,2023-10-01 18:00:00,338.39786431831004
6034,2023-10-01 19:00:00,249.585283988384
6035,2023-10-01 20:00:00,125.94358956315328
6036,2023-10-01 21:00:00,-5.316906115931374
6037,2023-10-01 22:00:00,-119.52298877475636
6038,2023-10-01 23:00:00,-199.86605466972082
6039,2023-10-02 00:00:00,-177.83943326062823
6040,2023-10-02 01:00:00,-191.61336532196526
6041,2023-10-02 02:00:00,-196.7195674449693
6042,2023-10-02 03:00:00,-208.31560697936865
6043,2023-10-02 04:00:00,-222.62583333536412
6044,2023-10-02 05:00:00,-214.98203167822587
6045,2023-10-02 06:00:00,-156.40586524316353
6046,2023-10-02 07:00:00,-38.911072172802506
6047,2023-10-02 08:00:00,110.67238269032009
6048,2023-10-02 09:00:00,242.275633001363
6049,2023-10-02 10:00:00,313.7762854485966
6050,2023-10-02 11:00:00,319.0863489004223
6051,2023-10-02 12:00:00,291.4458280307232
6052,2023-10-02 13:00:00,279.1376559822238
6053,2023-10-02 14:00:00,312.00668712629397
6054,2023-10-02 15:00:00,383.09123861995215
6055,2023-10-02 16:00:00,456.38311441268974
6056,2023-10-02 17:00:00,491.5844147007989
6057,2023-10-02 18:00:00,466.56777286330396
6058,2023-10-02 19:00:00,384.42457744018793
6059,2023-10-02 20:00:00,266.1847813851608
6060,2023-10-02 21:00:00,139.04879555096352
6061,2023-10-02 22:00:00,27.695085264183604
6062,2023-10-02 23:00:00,-51.04769780965506
6063,2023-10-03 00:00:00,-175.1189454927242
6064,2023-10-03 01:00:00,-189.68436741512218
6065,2023-10-03 02:00:00,-196.6913748021358
6066,2023-10-03 03:00:00,-211.22524665415884
6067,2023-10-03 04:00:00,-229.42747470037517
6068,2023-10-03 05:00:00,-226.53766779434537
6069,2023-10-03 06:00:00,-173.47734420596788
6070,2023-10-03 07:00:00,-62.153559675684335
6071,2023-10-03 08:00:00,80.71544715399716
6072,2023-10-03 09:00:00,205.17604341441867
6073,2023-10-03 10:00:00,269.22301729413897
6074,2023-10-03 11:00:00,266.88594501891333
6075,2023-10-03 12:00:00,231.52123974976897
6076,2023-10-03 13:00:00,211.52557653418762
6077,2023-10-03 14:00:00,236.85343340674493
6078,2023-10-03 15:00:00,300.6472557574273
6079,2023-10-03 16:00:00,366.996194730694
6080,2023-10-03 17:00:00,395.69173860955516
6081,2023-10-03 18:00:00,364.6868936623937
6082,2023-10-03 19:00:00,277.14348480307103
6083,2023-10-03 20:00:00,154.151189278064
6084,2023-10-03 21:00:00,22.958809328908956
6085,2023-10-03 22:00:00,-91.71859031189726
6086,2023-10-03 23:00:00,-173.02784310930406
6087,2023-10-04 00:00:00,14.037566477846184
6088,2023-10-04 01:00:00,-1.5551267962574116
6089,2023-10-04 02:00:00,-8.831536415424267
6090,2023-10-04 03:00:00,-22.900314333530986
6091,2023-10-04 04:00:00,-39.93736036954587
6092,2023-10-04 05:00:00,-35.22704214538348
6093,2023-10-04 06:00:00,20.254836287041144
6094,2023-10-04 07:00:00,134.53835730294549
6095,2023-10-04 08:00:00,280.8349088217543
6096,2023-10-04 09:00:00,409.11413621922986
6097,2023-10-04 10:00:00,477.28900298125916
6098,2023-10-04 11:00:00,479.30346818470696
6099,2023-10-04 12:00:00,448.4258925008056
6100,2023-10-04 13:00:00,432.96384830303725
6101,2023-10-04 14:00:00,462.7830547995601
6102,2023-10-04 15:00:00,530.9389261461905
6103,2023-10-04 16:00:00,601.4366642349219
6104,2023-10-04 17:00:00,633.9881965623259
6105,2023-10-04 18:00:00,606.4725976715357
6106,2023-10-04 19:00:00,521.9845474298861
6107,2023-10-04 20:00:00,401.55442345198674
6108,2023-10-04 21:00:00,272.38051898647814
6109,2023-10-04 22:00:00,159.13699890491466
6110,2023-10-04 23:00:00,78.64641947763837
6111,2023-10-05 00:00:00,35.40664679471732
6112,2023-10-05 01:00:00,19.354050801590688
6113,2023-10-05 02:00:00,10.976984805677716
6114,2023-10-05 03:00:00,-4.818906064165759
6115,2023-10-05 04:00:00,-24.183869187310563
6116,2023-10-05 05:00:00,-22.365542305506807
6117,2023-10-05 06:00:00,29.707638457456426
6118,2023-10-05 07:00:00,140.12316594673825
6119,2023-10-05 08:00:00,282.1591368235052
6120,2023-10-05 09:00:00,405.8603198340259
6121,2023-10-05 10:00:00,469.2222048373793
6122,2023-10-05 11:00:00,466.27755356244063
6123,2023-10-05 12:00:00,430.38857847410895
6124,2023-10-05 13:00:00,409.96044127140823
6125,2023-10-05 14:00:00,434.95880917225315
6126,2023-10-05 15:00:00,498.539974948127
6127,2023-10-05 16:00:00,564.8094913998361
6128,2023-10-05 17:00:00,593.5776399453083
6129,2023-10-05 18:00:00,562.8183914380508
6130,2023-10-05 19:00:00,475.716432047882
6131,2023-10-05 20:00:00,353.3858708312639
6132,2023-10-05 21:00:00,223.10113911224573
6133,2023-10-05 22:00:00,109.60371236645909
6134,2023-10-05 23:00:00,29.77349732612234
6135,2023-10-06 00:00:00,-11.84526506939946
6136,2023-10-06 01:00:00,-25.281689339150176
6137,2023-10-06 02:00:00,-30.025505282978884
6138,2023-10-06 03:00:00,-41.16233335201315
6139,2023-10-06 04:00:00,-54.847288303107604
6140,2023-10-06 05:00:00,-46.346724816723224
6141,2023-10-06 06:00:00,13.378283105518022
6142,2023-10-06 07:00:00,132.36877712565826
6143,2023-10-06 08:00:00,283.84287650824297
6144,2023-10-06 09:00:00,417.77231083625617
6145,2023-10-06 10:00:00,492.06710687557677
6146,2023-10-06 11:00:00,500.6629440069836
6147,2023-10-06 12:00:00,476.8142960285887
6148,2023-10-06 13:00:00,468.80904031702937
6149,2023-10-06 14:00:00,506.4872598826277
6150,2023-10-06 15:00:00,582.8727299843915
6151,2023-10-06 16:00:00,661.9330240581995
6152,2023-10-06 17:00:00,703.3365412250862
6153,2023-10-06 18:00:00,684.9130950741796
6154,2023-10-06 19:00:00,609.7026168682604
6155,2023-10-06 20:00:00,498.6755696625687
6156,2023-10-06 21:00:00,378.9655626348658
6157,2023-10-06 22:00:00,275.17777543333733
6158,2023-10-06 23:00:00,204.0620142045716
6159,2023-10-07 00:00:00,-42.039529612814846
6160,2023-10-07 01:00:00,-49.10939233528114
6161,2023-10-07 02:00:00,-48.81920474907983
6162,2023-10-07 03:00:00,-56.34459612815681
6163,2023-10-07 04:00:00,-67.91735027584565
6164,2023-10-07 05:00:00,-58.86608870746261
6165,2023-10-07 06:00:00,-0.19884568357761623
6166,2023-10-07 07:00:00,116.09450124299995
6167,2023-10-07 08:00:00,263.2177476694814
6168,2023-10-07 09:00:00,391.1452620389955
6169,2023-10-07 10:00:00,457.8068461014374
6170,2023-10-07 11:00:00,457.17506763339054
6171,2023-10-07 12:00:00,422.55818223239737
6172,2023-10-07 13:00:00,402.3143266717732
6173,2023-10-07 14:00:00,426.36971332819405
6174,2023-10-07 15:00:00,487.8493234995913
6175,2023-10-07 16:00:00,550.8360429288546
6176,2023-10-07 17:00:00,575.1265523493333
6177,2023-10-07 18:00:00,538.6906254810006
6178,2023-10-07 19:00:00,444.7184022134343
6179,2023-10-07 20:00:00,314.33924959464196
6180,2023-10-07 21:00:00,174.8527179362007
6181,2023-10-07 22:00:00,51.03522064002365
6182,2023-10-07 23:00:00,-40.18872016425689
6183,2023-10-08 00:00:00,-94.22081132132317
6184,2023-10-08 01:00:00,-121.02701659812888
6185,2023-10-08 02:00:00,-140.0252499381797
6186,2023-10-08 03:00:00,-166.22117571603516
6187,2023-10-08 04:00:00,-195.6824239913805
6188,2023-10-08 05:00:00,-203.58102876599298
6189,2023-10-08 06:00:00,-160.77767435723624
6190,2023-10-08 07:00:00,-59.12569422479686
6191,2023-10-08 08:00:00,74.70299862295354
6192,2023-10-08 09:00:00,190.79350263107793
6193,2023-10-08 10:00:00,247.1716328305648
6194,2023-10-08 11:00:00,237.8902648238795
6195,2023-10-08 12:00:00,196.32144586814803
6196,2023-10-08 13:00:00,170.86996464340092
6197,2023-10-08 14:00:00,191.49111620515157
6198,2023-10-08 15:00:00,251.3211645717511
6199,2023-10-08 16:00:00,314.4364484496231
6200,2023-10-08 17:00:00,340.60944287138955
6201,2023-10-08 18:00:00,307.76842645104676
6202,2023-10-08 19:00:00,219.04531723910497
6203,2023-10-08 20:00:00,95.49528251818833
6204,2023-10-08 21:00:00,-35.67137969377387
6205,2023-10-08 22:00:00,-149.7814700925227
6206,2023-10-08 23:00:00,-230.02640012678498
6207,2023-10-09 00:00:00,-248.37202363796285
6208,2023-10-09 01:00:00,-262.04767516919844
6209,2023-10-09 02:00:00,-267.0535000887715
6210,2023-10-09 04:00:00,-292.75278550825954
6211,2023-10-09 05:00:00,-285.00241301793517
6212,2023-10-09 06:00:00,-226.31764395074163
6213,2023-10-09 07:00:00,-108.71223311688232
6214,2023-10-09 08:00:00,40.9838378049179
6215,2023-10-09 09:00:00,172.7016854370956
6216,2023-10-09 10:00:00,244.3188992792119
6217,2023-10-09 11:00:00,249.7474708368081
6218,2023-10-09 12:00:00,222.22738725510888
6219,2023-10-09 13:00:00,210.04156396586424
6220,2023-10-09 14:00:00,243.03483748839307
6221,2023-10-09 15:00:00,314.2455069487721
6222,2023-10-09 16:00:00,387.66535810922755
6223,2023-10-09 17:00:00,422.9964728183514
6224,2023-10-09 18:00:00,398.11146596191406
6225,2023-10-09 19:00:00,316.1017074211557
6226,2023-10-09 20:00:00,197.9971313344093
6227,2023-10-09 21:00:00,70.9981296085
6228,2023-10-09 22:00:00,-40.21685153859809
6229,2023-10-09 23:00:00,-118.81917969197772
6230,2023-10-10 00:00:00,28.213104528406916
6231,2023-10-10 01:00:00,13.791530770542352
6232,2023-10-10 02:00:00,6.93003872384628
6233,2023-10-10 03:00:00,-7.456670416309038
6234,2023-10-10 04:00:00,-25.51010832245396
6235,2023-10-10 05:00:00,-22.46990392168061
6236,2023-10-10 06:00:00,30.74240430478457
6237,2023-10-10 07:00:00,142.21974028615568
6238,2023-10-10 08:00:00,285.2438449300574
6239,2023-10-10 09:00:00,409.86106477700275
6240,2023-10-10 10:00:00,474.0661673182629
6241,2023-10-10 11:00:00,471.88870796183267
6242,2023-10-10 12:00:00,436.6850789425057
6243,2023-10-10 13:00:00,416.85193423728305
6244,2023-10-10 14:00:00,442.3437307445511
6245,2023-10-10 15:00:00,506.3028925788414
6246,2023-10-10 16:00:00,572.8185495067889
6247,2023-10-10 17:00:00,601.6821683439176
6248,2023-10-10 18:00:00,570.8467337756697
6249,2023-10-10 19:00:00,483.4740490401915
6250,2023-10-10 20:00:00,360.65376960129777
6251,2023-10-10 21:00:00,229.63467584436222
6252,2023-10-10 22:00:00,115.1318105384362
6253,2023-10-10 23:00:00,33.99831816962714
6254,2023-10-11 00:00:00,-9.248169460815603
6255,2023-10-11 01:00:00,-24.662716604993676
6256,2023-10-11 02:00:00,-31.759820660424936
6257,2023-10-11 03:00:00,-45.64815595611731
6258,2023-10-11 04:00:00,-62.503644767374595
6259,2023-10-11 05:00:00,-57.61067724478505
6260,2023-10-11 06:00:00,-1.945080049458312
6261,2023-10-11 07:00:00,112.52320652316857
6262,2023-10-11 08:00:00,259.00554766425455
6263,2023-10-11 09:00:00,387.4715659341562
6264,2023-10-11 10:00:00,455.8342019591614
6265,2023-10-11 11:00:00,458.03739189347215
6266,2023-10-11 12:00:00,427.34947343303253
6267,2023-10-11 13:00:00,412.0779959057695
6268,2023-10-11 14:00:00,442.0886554460293
6269,2023-10-11 15:00:00,510.4368430710013
6270,2023-10-11 16:00:00,581.1277374917436
6271,2023-10-11 17:00:00,613.8732429794547
6272,2023-10-11 18:00:00,586.5524108150421
6273,2023-10-11 19:00:00,502.2598975631936
6274,2023-10-11 20:00:00,382.0260574891705
6275,2023-10-11 21:00:00,253.04916048587265
6276,2023-10-11 22:00:00,140.00334799364543
6277,2023-10-11 23:00:00,59.71115287161683
6278,2023-10-12 00:00:00,16.670417742989116
6279,2023-10-12 01:00:00,0.817489070729323
6280,2023-10-12 02:00:00,-7.3593033393150336
6281,2023-10-12 03:00:00,-22.954337882038516
6282,2023-10-12 04:00:00,-42.11788546581232
6283,2023-10-12 05:00:00,-40.09760739593119
6284,2023-10-12 06:00:00,12.17803665652221
6285,2023-10-12 07:00:00,122.79651596357039
6286,2023-10-12 08:00:00,265.03590361242846
6287,2023-10-12 09:00:00,388.9409447709896
6288,2023-10-12 10:00:00,452.50710572883617
6289,2023-10-12 11:00:00,449.7671246347229
6290,2023-10-12 12:00:00,414.08319038771265
6291,2023-10-12 13:00:00,393.8604411249885
6292,2023-10-12 14:00:00,419.0645205118526
6293,2023-10-12 15:00:00,482.85169778195944
6294,2023-10-12 16:00:00,549.3275022058772
6295,2023-10-12 17:00:00,578.3021917075703
6296,2023-10-12 18:00:00,547.7497136428933
6297,2023-10-12 19:00:00,460.85473072271037
6298,2023-10-12 20:00:00,338.73132856588416
6299,2023-10-12 21:00:00,208.65391508811217
6300,2023-10-12 22:00:00,95.36394237654716
6301,2023-10-12 23:00:00,15.741293822893738
6302,2023-10-13 00:00:00,-25.669812947998167
6303,2023-10-13 01:00:00,-38.898515730457405
6304,2023-10-13 02:00:00,-43.434567556362225
6305,2023-10-13 03:00:00,-54.36361207387145
6306,2023-10-13 04:00:00,-67.84078717597873
6307,2023-10-13 05:00:00,-59.13247065697493
6308,2023-10-13 06:00:00,0.8002404402060392
6309,2023-10-13 07:00:00,119.9983647928643
6310,2023-10-13 08:00:00,271.67999870713754
6311,2023-10-13 09:00:00,405.81684888504583
6312,2023-10-13 10:00:00,480.3189192761723
6313,2023-10-13 11:00:00,489.1218664920109
6314,2023-10-13 12:00:00,465.48014163804896
6315,2023-10-13 13:00:00,457.6815994603793
6316,2023-10-13 14:00:00,495.56630040704727
6317,2023-10-13 15:00:00,572.1579972505713
6318,2023-10-13 16:00:00,651.4242410039471
6319,2023-10-13 17:00:00,693.0334084653101
6320,2023-10-13 18:00:00,674.8152909505204
6321,2023-10-13 19:00:00,599.809797549781
6322,2023-10-13 20:00:00,488.9873692242603
6323,2023-10-13 21:00:00,369.48159314518944
6324,2023-10-13 22:00:00,265.8976270337893
6325,2023-10-13 23:00:00,194.98525521205076
6326,2023-10-14 00:00:00,-50.913352621241785
6327,2023-10-14 01:00:00,-57.78075442521535
6328,2023-10-14 02:00:00,-57.288602530842326
6329,2023-10-14 03:00:00,-64.6125476586009
6330,2023-10-14 04:00:00,-75.98439494994096
6331,2023-10-14 05:00:00,-66.73278717316862
6332,2023-10-14 06:00:00,-7.8657797112648495
6333,2023-10-14 07:00:00,108.62672885221991
6334,2023-10-14 08:00:00,255.94851319838796
6335,2023-10-14 09:00:00,384.07392096441345
6336,2023-10-14 10:00:00,450.93273321968616
6337,2023-10-14 11:00:00,450.497497162143
6338,2023-10-14 12:00:00,416.07644793985617
6339,2023-10-14 13:00:00,396.02770199433957
6340,2023-10-14 14:00:00,420.27745149315245
6341,2023-10-14 15:00:00,481.95065765013914
6342,2023-10-14 16:00:00,545.1301862468755
6343,2023-10-14 17:00:00,569.6126982019207
6344,2023-10-14 18:00:00,533.3679475313428
6345,2023-10-14 19:00:00,439.5860545539412
6346,2023-10-14 20:00:00,309.3963669034949
6347,2023-10-14 21:00:00,170.09841559591445
6348,2023-10-14 22:00:00,46.46859488720992
6349,2023-10-14 23:00:00,-44.56859212513774
6350,2023-10-15 00:00:00,-98.41487112538383
6351,2023-10-15 01:00:00,-125.03622462224075
6352,2023-10-15 02:00:00,-143.85058512590612
6353,2023-10-15 03:00:00,-169.86363544439277
6354,2023-10-15 04:00:00,-199.1430239125082
6355,2023-10-15 06:00:00,-163.87767396879426
6356,2023-10-15 07:00:00,-62.04698912189116
6357,2023-10-15 08:00:00,71.95932121506297
6358,2023-10-15 09:00:00,188.22633798743485
6359,2023-10-15 10:00:00,244.7798588882745
6360,2023-10-15 11:00:00,235.67274234856558
6361,2023-10-15 12:00:00,194.27701860256275
6362,2023-10-15 13:00:00,168.99745949860198
6363,2023-10-15 14:00:00,189.78934340198379
6364,2023-10-15 15:00:00,249.78891782877236
6365,2023-10-15 16:00:00,313.0725051437405
6366,2023-10-15 17:00:00,339.4125642136843
6367,2023-10-15 18:00:00,306.737357660254
6368,2023-10-15 19:00:00,218.17878771540248
6369,2023-10-15 20:00:00,94.79200602380138
6370,2023-10-15 21:00:00,-36.21270485807338
6371,2023-10-15 22:00:00,-150.1621609090793
6372,2023-10-15 23:00:00,-230.24778868085838
6373,2023-10-16 00:00:00,-59.91882512930201
6374,2023-10-16 01:00:00,-73.43788313891662
6375,2023-10-16 02:00:00,-78.28406059514086
6376,2023-10-16 03:00:00,-89.61938498637937
6377,2023-10-16 04:00:00,-103.66823602608093
6378,2023-10-16 05:00:00,-95.76242916610286
6379,2023-10-16 06:00:00,-36.923657936223265
6380,2023-10-16 07:00:00,80.83430924993894
6381,2023-10-16 08:00:00,230.68147731469816
6382,2023-10-16 09:00:00,362.5489496527825
6383,2023-10-16 10:00:00,434.3143027499029
6384,2023-10-16 11:00:00,439.8895152930545
6385,2023-10-16 12:00:00,412.5145617938565
6386,2023-10-16 13:00:00,400.4723452707556
6387,2023-10-16 14:00:00,433.607690007353
6388,2023-10-16 15:00:00,504.9588831112501
6389,2023-10-16 16:00:00,578.517698519846
6390,2023-10-16 17:00:00,613.9862064627911
6391,2023-10-16 18:00:00,589.2370104120494
6392,2023-10-16 19:00:00,507.36146903737296
6393,2023-10-16 20:00:00,389.38950547640235
6394,2023-10-16 21:00:00,262.5215008387304
6395,2023-10-16 22:00:00,151.43589075325565
6396,2023-10-16 23:00:00,72.96129725091095
6397,2023-10-17 00:00:00,31.60303775172673
6398,2023-10-17 01:00:00,17.305895530726218
6399,2023-10-17 02:00:00,10.567168738954422
6400,2023-10-17 03:00:00,-3.698450970568473
6401,2023-10-17 05:00:00,-18.47457016151634
6402,2023-10-17 06:00:00,34.85374494085778
6403,2023-10-17 07:00:00,146.44537596481248
6404,2023-10-17 08:00:00,289.5820553405198
6405,2023-10-17 09:00:00,414.31012138605684
6406,2023-10-17 10:00:00,478.6243335332682
6407,2023-10-17 11:00:00,476.55423938360474
6408,2023-10-17 12:00:00,441.45622357422883
6409,2023-10-17 13:00:00,421.7269327050619
6410,2023-10-17 14:00:00,447.3208165047169
6411,2023-10-17 15:00:00,511.3802921504071
6412,2023-10-17 16:00:00,577.9944826936745
6413,2023-10-17 17:00:00,606.954848437608
6414,2023-10-17 18:00:00,576.2143677896474
6415,2023-10-17 19:00:00,488.9348379351667
6416,2023-10-17 20:00:00,366.20590848220064
6417,2023-10-17 21:00:00,235.27635420612535
6418,2023-10-17 22:00:00,120.86121248486265
6419,2023-10-17 23:00:00,39.813622628058994
6420,2023-10-18 00:00:00,-3.348788518023923
6421,2023-10-18 01:00:00,-18.681089934156887
6422,2023-10-18 02:00:00,-25.69778352440551
6423,2023-10-18 03:00:00,-39.50754789760211
6424,2023-10-18 04:00:00,-56.28630940036135
6425,2023-10-18 05:00:00,-51.31846201039187
6426,2023-10-18 06:00:00,4.420163992384943
6427,2023-10-18 07:00:00,118.95962492019349
6428,2023-10-18 08:00:00,265.511282790182
6429,2023-10-18 09:00:00,394.04475723153246
6430,2023-10-18 10:00:00,462.47298613522827
6431,2023-10-18 11:00:00,464.7399031599263
6432,2023-10-18 12:00:00,434.1138437272624
6433,2023-10-18 13:00:00,418.90235511162484
6434,2023-10-18 14:00:00,448.9711316164703
6435,2023-10-18 15:00:00,517.3755626464347
6436,2023-10-18 16:00:00,588.1208255387812
6437,2023-10-18 17:00:00,620.91882338933
6438,2023-10-18 18:00:00,593.6486065421373
6439,2023-10-18 19:00:00,509.40483084297284
6440,2023-10-18 20:00:00,389.217850063505
6441,2023-10-18 21:00:00,260.28593380762436
6442,2023-10-18 22:00:00,147.28322347008836
6443,2023-10-18 23:00:00,67.0322520737613
6444,2023-10-19 00:00:00,24.030862621808012
6445,2023-10-19 01:00:00,8.21540218145816
6446,2023-10-19 02:00:00,0.07420138320671299
6447,2023-10-19 03:00:00,-15.487117122300617
6448,2023-10-19 04:00:00,-34.61882299638543
6449,2023-10-19 05:00:00,-32.5685760476924
6450,2023-10-19 06:00:00,19.73516573617235
6451,2023-10-19 07:00:00,130.3798735408197
6452,2023-10-19 08:00:00,272.6436225765556
6453,2023-10-19 09:00:00,396.5711603667072
6454,2023-10-19 10:00:00,460.15795574794197
6455,2023-10-19 11:00:00,457.43674964239733
6456,2023-10-19 12:00:00,421.7697339387346
6457,2023-10-19 13:00:00,401.56204997136916
6458,2023-10-19 14:00:00,426.7793448158287
6459,2023-10-19 15:00:00,490.5778913227148
6460,2023-10-19 16:00:00,557.0632226046324
6461,2023-10-19 17:00:00,586.045600617097
6462,2023-10-19 18:00:00,555.4989769703354
6463,2023-10-19 19:00:00,468.60801883430645
6464,2023-10-19 20:00:00,346.48681649799875
6465,2023-10-19 21:00:00,216.40978273664834
6466,2023-10-19 22:00:00,103.11837472693992
6467,2023-10-19 23:00:00,23.492481139415133
6468,2023-10-20 00:00:00,-17.923674919434347
6469,2023-10-20 01:00:00,-31.159225555520436
6470,2023-10-20 02:00:00,-35.70391791148222
6471,2023-10-20 03:00:00,-46.64338954231064
6472,2023-10-20 04:00:00,-60.132772063433634
6473,2023-10-20 05:00:00,-51.438436772026364
6474,2023-10-20 06:00:00,8.47852597265998
6475,2023-10-20 07:00:00,127.65914172310043
6476,2023-10-20 08:00:00,279.32151386028164
6477,2023-10-20 09:00:00,413.43735634949473
6478,2023-10-20 10:00:00,487.9166806212779
6479,2023-10-20 11:00:00,496.695150917448
6480,2023-10-20 12:00:00,473.02722619957564
6481,2023-10-20 13:00:00,465.20076923176094
6482,2023-10-20 14:00:00,503.0558486927016
6483,2023-10-20 15:00:00,579.61622575501
6484,2023-10-20 16:00:00,658.8494600209983
6485,2023-10-20 17:00:00,700.4239370592029
6486,2023-10-20 18:00:00,682.169457150492
6487,2023-10-20 19:00:00,607.125938516344
6488,2023-10-20 20:00:00,496.2638314278832
6489,2023-10-20 21:00:00,376.7167325604268
6490,2023-10-20 22:00:00,273.0898093023024
6491,2023-10-20 23:00:00,202.13285582098572
6492,2023-10-21 00:00:00,-43.81194817010558
6493,2023-10-21 01:00:00,-50.727150424410695
6494,2023-10-21 02:00:00,-50.28439292344558
6495,2023-10-21 03:00:00,-57.659315851264466
6496,2023-10-21 04:00:00,-69.08371364889155
6497,2023-10-21 05:00:00,-59.8862182167654
6498,2023-10-21 06:00:00,-1.0748739141163526
6499,2023-10-21 07:00:00,115.36043187053002
6500,2023-10-21 08:00:00,262.62348518151634
6501,2023-10-21 09:00:00,390.68864515876993
6502,2023-10-21 10:00:00,457.4857045479607
6503,2023-10-21 11:00:00,456.987222376355
6504,2023-10-21 12:00:00,422.5014457801507
6505,2023-10-21 13:00:00,402.3865033242125
6506,2023-10-21 14:00:00,426.5685994735806
6507,2023-10-21 15:00:00,488.17270788232224
6508,2023-10-21 16:00:00,551.2817069085779
6509,2023-10-21 17:00:00,575.6922702026627
6510,2023-10-21 18:00:00,539.3741646617067
6511,2023-10-21 19:00:00,445.5175236214093
6512,2023-10-21 20:00:00,315.2517078643692
6513,2023-10-21 21:00:00,175.87626171575056
6514,2023-10-21 22:00:00,52.16759286169727
6515,2023-10-21 23:00:00,-38.94978203104404
6516,2023-10-22 00:00:00,-92.87757494898617
6517,2023-10-22 01:00:00,-119.58175455226993
6518,2023-10-22 02:00:00,-138.48023940552883
6519,2023-10-22 03:00:00,-164.5786982142077
6520,2023-10-22 04:00:00,-193.9447650976337
6521,2023-10-22 05:00:00,-201.7504778391362
6522,2023-10-22 06:00:00,-158.8565242741992
6523,2023-10-22 07:00:00,-57.11624109039769
6524,2023-10-22 08:00:00,76.79845575074208
6525,2023-10-22 09:00:00,192.97266200162252
6526,2023-10-22 10:00:00,249.43219028955193
6527,2023-10-22 11:00:00,240.22991408881185
6528,2023-10-22 12:00:00,198.73787879123915
6529,2023-10-22 13:00:00,173.36087149254962
6530,2023-10-22 14:00:00,194.05418593812146
6531,2023-10-22 15:00:00,253.9540851079954
6532,2023-10-22 16:00:00,317.13690693941277
6533,2023-10-22 17:00:00,343.3751259681453
6534,2023-10-22 18:00:00,310.5970205943758
6535,2023-10-22 19:00:00,221.9345089116332
6536,2023-10-22 20:00:00,98.442758515821
6537,2023-10-22 21:00:00,-32.66793197579432
6538,2023-10-22 22:00:00,-146.7243624061263
6539,2023-10-22 23:00:00,-226.91794310049139
6540,2023-10-24 10:00:00,477.54421830609124
6541,2023-10-24 11:00:00,475.3378653862159
6542,2023-10-24 12:00:00,440.10325372072305
6543,2023-10-24 13:00:00,420.2370478391601
6544,2023-10-24 14:00:00,445.69371539026395
6545,2023-10-24 15:00:00,509.6156914737711
6546,2023-10-24 16:00:00,576.0921170584376
6547,2023-10-24 17:00:00,604.9144703698822
6548,2023-10-24 18:00:00,574.0357477122386
6549,2023-10-24 19:00:00,486.6177641721864
6550,2023-10-24 20:00:00,363.7501872431551
6551,2023-10-24 21:00:00,232.6818095738848
6552,2023-10-24 22:00:00,118.12768638909012
6553,2023-10-24 23:00:00,36.94097484126314
6554,2023-10-25 00:00:00,-6.3606804109622885
6555,2023-10-25 01:00:00,-21.832330556183507
6556,2023-10-25 02:00:00,-28.988459730021646
6557,2023-10-25 03:00:00,-42.93772880307745
6558,2023-10-25 04:00:00,-59.856046404114124
6559,2023-10-25 05:00:00,-55.0277888446943
6560,2023-10-25 06:00:00,0.571231252848662
6561,2023-10-25 07:00:00,114.97108780574098
6562,2023-10-25 08:00:00,261.3831604029355
6563,2023-10-25 09:00:00,389.7770862014064
6564,2023-10-25 10:00:00,458.06582059055637
6565,2023-10-25 11:00:00,460.19331466658866
6566,2023-10-25 12:00:00,429.42792125368214
6567,2023-10-25 13:00:00,414.0772049762741
6568,2023-10-25 14:00:00,444.0068774355399
6569,2023-10-25 15:00:00,512.2723452869982
6570,2023-10-25 16:00:00,582.8788030509431
6571,2023-10-25 17:00:00,615.5381709738198
6572,2023-10-25 18:00:00,588.1295164628102
6573,2023-10-25 19:00:00,503.7475123847003
6574,2023-10-25 20:00:00,383.42252947283845
6575,2023-10-25 21:00:00,254.35285419624722
6576,2023-10-25 22:00:00,141.2126447891758
6577,2023-10-25 23:00:00,60.824451019914335
6578,2023-10-26 00:00:00,17.686132582004518
6579,2023-10-26 01:00:00,1.7340531392134722
6580,2023-10-26 02:00:00,-6.543440140400435
6581,2023-10-26 03:00:00,-22.240708148984965
6582,2023-10-26 04:00:00,-41.50800416523563
6583,2023-10-26 05:00:00,-39.592971713382866
6584,2023-10-26 06:00:00,12.57594744550832
6585,2023-10-26 07:00:00,123.08624061629327
6586,2023-10-26 08:00:00,265.21599907494897
6587,2023-10-26 09:00:00,389.0099862760786
6588,2023-10-26 10:00:00,452.4636869304409
6589,2023-10-26 11:00:00,449.6098577381864
6590,2023-10-26 12:00:00,413.8107062561337
6591,2023-10-26 13:00:00,393.4713894173854
6592,2023-10-26 14:00:00,418.55756977124736
6593,2023-10-26 15:00:00,482.2255355636704
6594,2023-10-26 16:00:00,548.5808351900912
6595,2023-10-26 17:00:00,577.4337457892016
6596,2023-10-26 18:00:00,546.7582340524416
6597,2023-10-26 19:00:00,459.73898211898563
6598,2023-10-26 20:00:00,337.4900951476624
6599,2023-10-26 21:00:00,207.28600066607777
6600,2023-10-26 22:00:00,93.86817049510117
6601,2023-10-26 23:00:00,14.116507832018726
6602,2023-10-27 00:00:00,-27.424749790854463
6603,2023-10-27 01:00:00,-40.7847201923511
6604,2023-10-27 02:00:00,-45.45313632339804
6605,2023-10-27 03:00:00,-56.51562168234386
6606,2023-10-27 04:00:00,-70.12729394118477
6607,2023-10-27 05:00:00,-61.55451057862163
6608,2023-10-27 06:00:00,-1.7583482611183854
6609,2023-10-27 07:00:00,117.30223213413069
6610,2023-10-27 08:00:00,268.8453474257736
6611,2023-10-27 09:00:00,402.84272489196474
6612,2023-10-27 10:00:00,477.20438914538033
6613,2023-10-27 11:00:00,485.8660174818666
6614,2023-10-27 12:00:00,462.0820817683979
6615,2023-10-27 13:00:00,454.1404575683515
6616,2023-10-27 14:00:00,491.8812261916653
6617,2023-10-27 15:00:00,568.3281613268803
6618,2023-10-27 16:00:00,647.448834938445
6619,2023-10-27 17:00:00,688.9116448398262
6620,2023-10-27 18:00:00,670.5464033849775
6621,2023-10-27 19:00:00,595.3930407456113
6622,2023-10-27 20:00:00,484.4220189954229
6623,2023-10-27 21:00:00,364.7669464652388
6624,2023-10-27 22:00:00,261.03300205222376
6625,2023-10-27 23:00:00,189.96999128054821
6626,2023-10-28 00:00:00,-56.079894912599
6627,2023-10-28 01:00:00,-63.099193233697804
6628,2023-10-28 02:00:00,-62.75953474205184
6629,2023-10-28 03:00:00,-70.23654887032222
6630,2023-10-28 04:00:00,-81.76201945290896
6631,2023-10-28 05:00:00,-72.66456794078377
6632,2023-10-28 06:00:00,-13.952228401732839
6633,2023-10-28 07:00:00,102.38512191488473
6634,2023-10-28 08:00:00,249.55127902779165
6635,2023-10-28 09:00:00,377.5206118966146
6636,2023-10-28 10:00:00,444.222922926538
6637,2023-10-28 11:00:00,443.6307806470212
6638,2023-10-28 12:00:00,409.0524415194478
6639,2023-10-28 13:00:00,388.8460432951508
6640,2023-10-28 14:00:00,412.93779943661644
6641,2023-10-28 15:00:00,474.4526924487019
6642,2023-10-28 16:00:00,537.4736093650429
6643,2023-10-28 17:00:00,561.7972323474562
6644,2023-10-28 18:00:00,525.3933366402946
6645,2023-10-28 19:00:00,431.45206375122063
6646,2023-10-28 20:00:00,301.1027824793056
6647,2023-10-28 21:00:00,161.645044980342
6648,2023-10-28 22:00:00,37.855266597494506
6649,2023-10-28 23:00:00,-53.34202848836148
6650,2023-10-29 00:00:00,-107.34854494732454
6651,2023-10-29 01:00:00,-134.13024428990008
6652,2023-10-29 02:00:00,-153.10503809788875
6653,2023-10-29 03:00:00,-179.2785882719154
6654,2023-10-29 04:00:00,-208.71852231153278
6655,2023-10-29 05:00:00,-216.59687153275217
6656,2023-10-29 06:00:00,-173.7743174960153
6657,2023-10-29 07:00:00,-72.10419078618585
6658,2023-10-29 08:00:00,61.7415985575025
6659,2023-10-29 09:00:00,177.84815204853015
6660,2023-10-29 10:00:00,234.2412878757834
6661,2023-10-29 11:00:00,224.97388490940037
6662,2023-10-29 12:00:00,183.4179937593196
6663,2023-10-29 13:00:00,157.97840655741334
6664,2023-10-29 14:00:00,178.61042190547565
6665,2023-10-29 15:00:00,238.45030745834177
6666,2023-10-29 16:00:00,301.5744056611266
6667,2023-10-29 17:00:00,327.7551953561707
6668,2023-10-29 18:00:00,294.9209590849375
6669,2023-10-29 19:00:00,206.2036188980453
6670,2023-10-29 20:00:00,82.65834617136758
6671,2023-10-29 21:00:00,-48.504556895287266
6672,2023-10-29 22:00:00,-162.61188672170087
6673,2023-10-29 23:00:00,-242.85505040219834
6674,2023-10-30 00:00:00,-72.68326554016141
6675,2023-10-30 01:00:00,-86.35912574246453
6676,2023-10-30 02:00:00,-91.36613996713928
6677,2023-10-30 03:00:00,-102.86188680890933
6678,2023-10-30 04:00:00,-117.07072703515135
6679,2023-10-30 05:00:00,-109.3244572423186
6680,2023-10-30 06:00:00,-50.644752233668214
6681,2023-10-30 07:00:00,66.95463821178242
6682,2023-10-30 08:00:00,216.64373751675092
6683,2023-10-30 09:00:00,348.3536674738539
6684,2023-10-30 10:00:00,419.9620228421037
6685,2023-10-30 11:00:00,425.38080046539187
6686,2023-10-30 12:00:00,397.8499928877809
6687,2023-10-30 13:00:00,385.65252103768256
6688,2023-10-30 14:00:00,418.63322697918693
6689,2023-10-30 15:00:00,489.83041547168824
6690,2023-10-30 16:00:00,563.2358779787529
6691,2023-10-30 17:00:00,598.5517021237239
6692,2023-10-30 18:00:00,573.6505086266233
6693,2023-10-30 19:00:00,491.62367328336575
6694,2023-10-30 20:00:00,373.50113621910526
6695,2023-10-30 21:00:00,246.4832953761771
6696,2023-10-30 22:00:00,135.2486030882783
6697,2023-10-30 23:00:00,56.62569794798321
6698,2023-10-31 00:00:00,15.119913781204161
6699,2023-10-31 01:00:00,0.6760501281635243
6700,2023-10-31 02:00:00,-6.208578742459935
6701,2023-10-31 03:00:00,-20.619265211977506
6702,2023-10-31 04:00:00,-38.697514464274434
6703,2023-10-31 05:00:00,-35.68294888083713
6704,2023-10-31 06:00:00,17.50289967087045
6705,2023-10-31 07:00:00,128.95296177945679
6706,2023-10-31 08:00:00,271.94898505600503
6707,2023-10-31 09:00:00,396.53732285340345
6708,2023-10-31 10:00:00,460.7127494627087
6709,2023-10-31 11:00:00,458.5048271820729
6710,2023-10-31 12:00:00,423.2699551822469
6711,2023-10-31 13:00:00,403.4097051372365
6712,2023-10-31 14:00:00,428.8736308867627
6713,2023-10-31 15:00:00,492.8041636408601
6714,2023-10-31 16:00:00,559.2904403075202
6715,2023-10-31 17:00:00,588.1239348732996
6716,2023-10-31 18:00:00,557.2576392595759
6717,2023-10-31 19:00:00,469.85336397451545
6718,2023-10-31 20:00:00,347.0007717984603
6719,2023-10-31 21:00:00,215.9486504856742
6720,2023-10-31 22:00:00,101.41205021204755
6721,2023-10-31 23:00:00,20.244122897507452
6722,2023-11-01 00:00:00,-23.03749216540237
6723,2023-11-01 01:00:00,-38.48785169528915
6724,2023-11-01 02:00:00,-45.621445537327446
6725,2023-11-01 03:00:00,-59.54694041254561
6726,2023-11-01 04:00:00,-76.44025096155582
6727,2023-11-01 05:00:00,-71.58575966209156
6728,2023-11-01 06:00:00,-15.959285467516395
6729,2023-11-01 07:00:00,98.46923906357063
6730,2023-11-01 08:00:00,244.9111868978832
6731,2023-11-01 09:00:00,373.3361883986393
6732,2023-11-01 10:00:00,441.6571920255568
6733,2023-11-01 11:00:00,443.8181417923952
6734,2023-11-01 12:00:00,413.0873832962862
6735,2023-11-01 13:00:00,397.7724737711545
6736,2023-11-01 14:00:00,427.73911730529306
6737,2023-11-01 15:00:00,496.0427128794332
6738,2023-11-01 16:00:00,566.6884472007638
6739,2023-11-01 17:00:00,599.3882325576797
6740,2023-11-01 18:00:00,572.0211282695952
6741,2023-11-01 19:00:00,487.68179896331196
6742,2023-11-01 20:00:00,367.40060699076145
6743,2023-11-01 21:00:00,238.37583032008908
6744,2023-11-01 22:00:00,125.28161853483434
6745,2023-11-01 23:00:00,44.94051262753132
6746,2023-11-02 00:00:00,1.8503633545463174
6747,2023-11-02 01:00:00,-14.052474634580676
6748,2023-11-02 02:00:00,-22.27966336673174
6749,2023-11-02 03:00:00,-37.92557303137775
6750,2023-11-02 04:00:00,-57.14046634453257
6751,2023-11-02 05:00:00,-55.17199637928303
6752,2023-11-02 06:00:00,-2.948614587753383
6753,2023-11-02 07:00:00,107.61715653370453
6754,2023-11-02 08:00:00,249.80339834314776
6755,2023-11-02 09:00:00,373.6548642389834
6756,2023-11-02 10:00:00,437.167028772388
6757,2023-11-02 11:00:00,434.3726383639796
6758,2023-11-02 12:00:00,398.63389018053533
6759,2023-11-02 13:00:00,378.35593063269266
6760,2023-11-02 14:00:00,403.5044116627604
6761,2023-11-02 15:00:00,467.23561078038085
6762,2023-11-02 16:00:00,533.655065541172
6763,2023-11-02 17:00:00,562.5730421356109
6764,2023-11-02 18:00:00,531.9634962092032
6765,2023-11-02 19:00:00,445.0110987444855
6766,2023-11-02 20:00:00,322.82994363269626
6767,2023-11-02 21:00:00,192.6944470566213
6768,2023-11-02 22:00:00,79.34606937597209
6769,2023-11-02 23:00:00,-0.3352977658323937
6770,2023-11-03 00:00:00,-41.80542848948511
6771,2023-11-03 01:00:00,-55.09345234381581
6772,2023-11-03 02:00:00,-59.68911412526265
6773,2023-11-03 03:00:00,-70.67804925121408
6774,2023-11-03 04:00:00,-84.21538740494205
6775,2023-11-03 05:00:00,-75.56749816062364
6776,2023-11-03 06:00:00,-15.695470375425344
6777,2023-11-03 07:00:00,103.44172281111014
6778,2023-11-03 08:00:00,255.0621858700211
6779,2023-11-03 09:00:00,389.1376336699176
6780,2023-11-03 10:00:00,463.57807829704456
6781,2023-11-03 11:00:00,472.319184478576
6782,2023-11-03 12:00:00,448.6154114330017
6783,2023-11-03 13:00:00,440.7546219886716
6784,2023-11-03 14:00:00,478.5768846723373
6785,2023-11-03 15:00:00,555.1059603019953
6786,2023-11-03 16:00:00,634.3094079283198
6787,2023-11-03 17:00:00,675.8556123554345
6788,2023-11-03 18:00:00,657.5743728886434
6789,2023-11-03 19:00:00,582.5056065904552
6790,2023-11-03 20:00:00,471.6197623432897
6791,2023-11-03 21:00:00,352.05043526727195
6792,2023-11-03 22:00:00,248.40279096148998
6793,2023-11-03 23:00:00,177.426621616893
6794,2023-11-04 00:00:00,-68.53589522033516
6795,2023-11-04 01:00:00,-75.46730969548321
6796,2023-11-04 02:00:00,-75.03926635173681
6797,2023-11-04 03:00:00,-82.42740815464418
6798,2023-11-04 04:00:00,-93.86353250502793
6799,2023-11-04 05:00:00,-84.67627448119558
6800,2023-11-04 06:00:00,-25.873681792856075
6801,2023-11-04 07:00:00,90.55435461484151
6802,2023-11-04 08:00:00,237.81161703380312
6803,2023-11-04 09:00:00,365.87246066135674
6804,2023-11-04 10:00:00,432.6666741198526
6805,2023-11-04 11:00:00,432.16681211146476
6806,2023-11-04 12:00:00,397.681117253174
6807,2023-11-04 13:00:00,377.5677134234712
6808,2023-11-04 14:00:00,401.7528001872939
6809,2023-11-04 15:00:00,463.3613461337991
6810,2023-11-04 16:00:00,526.476224352476
6811,2023-11-04 17:00:00,550.8941030637591
6812,2023-11-04 18:00:00,514.5847435306364
6813,2023-11-04 19:00:00,420.73827328213343
6814,2023-11-04 20:00:00,290.48404712773277
6815,2023-11-04 21:00:00,151.1216032091765
6816,2023-11-04 22:00:00,27.42734286242225
6817,2023-11-04 23:00:00,-63.674223745398166
6818,2023-11-05 00:00:00,-117.58481530477653
6819,2023-11-05 01:00:00,-144.2704073530198
6820,2023-11-05 02:00:00,-163.14892548691475
6821,2023-11-05 03:00:00,-189.2260456300318
6822,2023-11-05 05:00:00,-226.35106179451708
6823,2023-11-05 06:00:00,-183.43169869933627
6824,2023-11-05 07:00:00,-81.6646645789769
6825,2023-11-05 08:00:00,52.278116551883755
6826,2023-11-05 09:00:00,168.48173224289783
6827,2023-11-05 10:00:00,224.97198674586892
6828,2023-11-05 11:00:00,215.80174499879564
6829,2023-11-05 12:00:00,174.34304371032073
6830,2023-11-05 13:00:00,149.00066112900555
6831,2023-11-05 14:00:00,169.7298819969513
6832,2023-11-05 15:00:00,229.66696013900997
6833,2023-11-05 16:00:00,292.88822418930425
6834,2023-11-05 17:00:00,319.16613923064233
6835,2023-11-05 18:00:00,286.42897405089155
6836,2023-11-05 19:00:00,197.8086369987086
6837,2023-11-05 20:00:00,74.36028577991661
6838,2023-11-05 21:00:00,-56.70579103652244
6839,2023-11-05 22:00:00,-170.71640346907685
6840,2023-11-05 23:00:00,-250.86297215733188
6841,2023-11-06 00:00:00,-80.59472821389312
6842,2023-11-06 01:00:00,-94.17427870682633
6843,2023-11-06 02:00:00,-99.08514600665683
6844,2023-11-06 03:00:00,-110.48492207326535
6845,2023-11-06 04:00:00,-124.59798098003742
6846,2023-11-06 05:00:00,-116.75613259624811
6847,2023-11-06 06:00:00,-57.98106491349881
6848,2023-11-06 07:00:00,59.71345913419714
6849,2023-11-06 08:00:00,209.49744988236318
6850,2023-11-06 09:00:00,341.3020160899255
6851,2023-11-06 10:00:00,413.00473957145243
6852,2023-11-06 11:00:00,418.5176042552955
6853,2023-11-06 12:00:00,391.08058984855404
6854,2023-11-06 13:00:00,378.97660452462355
6855,2023-11-06 14:00:00,412.05047764751794
6856,2023-11-06 15:00:00,483.34050135224436
6857,2023-11-06 16:00:00,556.838454546708
6858,2023-11-06 17:00:00,592.2464123922135
6859,2023-11-06 18:00:00,567.4369831985496
6860,2023-11-06 19:00:00,485.501530444223
6861,2023-11-06 20:00:00,367.469982018701
6862,2023-11-06 21:00:00,240.54272370597883
6863,2023-11-06 22:00:00,129.398195766755
6864,2023-11-06 23:00:00,50.86502480215
6865,2023-11-07 00:00:00,9.448532748351766
6866,2023-11-07 01:00:00,-4.90649267850327
6867,2023-11-07 02:00:00,-11.702748919896067
6868,2023-11-07 03:00:00,-26.025539990659638
6869,2023-11-07 04:00:00,-44.01638260620484
6870,2023-11-07 05:00:00,-40.91491058630001
6871,2023-11-07 06:00:00,12.357332859528867
6872,2023-11-07 07:00:00,123.89326707884713
6873,2023-11-07 08:00:00,266.9746285383922
6874,2023-11-07 09:00:00,391.647759551714
6875,2023-11-07 10:00:00,455.90742347389164
6876,2023-11-07 11:00:00,453.7831717768836
6877,2023-11-07 12:00:00,418.6313928945783
6878,2023-11-07 13:00:00,398.84873719842
6879,2023-11-07 14:00:00,424.38965808939304
6880,2023-11-07 15:00:00,488.39657638974825
6881,2023-11-07 16:00:00,554.9586187210982
6882,2023-11-07 17:00:00,583.8672489009062
6883,2023-11-07 18:00:00,553.0754487989368
6884,2023-11-07 19:00:00,465.7450189839554
6885,2023-11-07 20:00:00,342.9656124221357
6886,2023-11-07 21:00:00,211.9860071760092
6887,2023-11-07 22:00:00,97.52124382116853
6888,2023-11-07 23:00:00,16.424464841597
6889,2023-11-08 00:00:00,-26.786699797991872
6890,2023-11-08 01:00:00,-42.167316035619166
6891,2023-11-08 02:00:00,-49.231882783676184
6892,2023-11-08 03:00:00,-63.08907572192538
6893,2023-11-08 04:00:00,-79.91481831010466
6894,2023-11-08 05:00:00,-74.99350171789985
6895,2023-11-08 06:00:00,-19.30095346010782
6896,2023-11-08 07:00:00,95.19288547978636
6897,2023-11-08 08:00:00,241.699379771173
6898,2023-11-08 09:00:00,370.1881516194127
6899,2023-11-08 10:00:00,438.5721414628388
6900,2023-11-08 11:00:00,440.79528543463323
6901,2023-11-08 12:00:00,410.1259213764728
6902,2023-11-08 13:00:00,394.87159892839554
6903,2023-11-08 14:00:00,424.8980147034658
6904,2023-11-08 15:00:00,493.2605603645849
6905,2023-11-08 16:00:00,563.964415435954
6906,2023-11-08 17:00:00,596.7214851692761
6907,2023-11-08 18:00:00,569.4108219942634
6908,2023-11-08 19:00:00,485.12708379069784
6909,2023-11-08 20:00:00,364.9006263145639
6910,2023-11-08 21:00:00,235.92972108309075
6911,2023-11-08 22:00:00,122.88851137812145
6912,2023-11-08 23:00:00,42.599532036561186
6913,2023-11-09 00:00:00,-0.43937217590109867
6914,2023-11-09 01:00:00,-16.29185247272909
6915,2023-11-09 02:00:00,-24.469576565444214
6916,2023-11-09 03:00:00,-40.066920196163636
6917,2023-11-09 04:00:00,-59.23415146500051
6918,2023-11-09 05:00:00,-57.21892868028797
6919,2023-11-09 06:00:00,-4.949708378029982
6920,2023-11-09 07:00:00,105.66098203659976
6921,2023-11-09 08:00:00,247.89121913738657
6922,2023-11-09 09:00:00,371.7857517324351
6923,2023-11-09 10:00:00,435.3400499107248
6924,2023-11-09 11:00:00,432.58685581187996
6925,2023-11-09 12:00:00,396.88836246971687
6926,2023-11-09 13:00:00,376.6497123270216
6927,2023-11-09 14:00:00,401.8365535174114
6928,2023-11-09 15:00:00,465.60515990038186
6929,2023-11-09 16:00:00,532.0610655569122
6930,2023-11-09 17:00:00,561.0145333458955
6931,2023-11-09 18:00:00,530.4395157585551
6932,2023-11-09 19:00:00,443.5206807836469
6933,2023-11-09 20:00:00,321.3721194878902
6934,2023-11-09 21:00:00,191.26824537395618
6935,2023-11-09 22:00:00,77.95051631566375
6936,2023-11-09 23:00:00,-1.7011783823225812
6937,2023-11-10 00:00:00,-43.14261501141556
6938,2023-11-10 01:00:00,-56.402925122261166
6939,2023-11-10 02:00:00,-60.971855346775556
6940,2023-11-10 03:00:00,-71.93504276665564
6941,2023-11-10 04:00:00,-85.44761857779906
6942,2023-11-10 05:00:00,-76.77595367672319
6943,2023-11-10 06:00:00,-16.881138090741217
6944,2023-11-10 07:00:00,102.2778540416187
6945,2023-11-10 08:00:00,253.91912635585695
6946,2023-11-10 09:00:00,388.0143930731107
6947,2023-11-10 10:00:00,462.47366577405523
6948,2023-11-10 11:00:00,471.2326088659021
6949,2023-11-10 12:00:00,447.54568140896697
6950,2023-11-10 13:00:00,439.7007462490824
6951,2023-11-10 14:00:00,477.5378720932247
6952,2023-11-10 15:00:00,554.0808201059376
6953,2023-11-10 16:00:00,633.2971498694317
6954,2023-11-10 17:00:00,674.8552468650023
6955,2023-11-10 18:00:00,656.5849112603847
6956,2023-11-10 19:00:00,581.5260611460195
6957,2023-11-10 20:00:00,470.64914660354896
6958,2023-11-10 21:00:00,351.08776410714955
6959,2023-11-10 22:00:00,247.44708080398385
6960,2023-11-10 23:00:00,176.47689057177874
6961,2023-11-11 00:00:00,-69.48062716344424
6962,2023-11-11 01:00:00,-76.40802051209218
6963,2023-11-11 02:00:00,-75.97693181101141
6964,2023-11-11 03:00:00,-83.363001647234
6965,2023-11-11 04:00:00,-94.79802489022421
6966,2023-11-11 05:00:00,-85.6106338991575
6967,2023-11-11 06:00:00,-26.8088735119496
6968,2023-11-11 07:00:00,89.61736836786113
6969,2023-11-11 08:00:00,236.8718772355411
6970,2023-11-11 09:00:00,364.92901167596773
6971,2023-11-11 10:00:00,431.7185638389236
6972,2023-11-11 11:00:00,431.21309213407164
6973,2023-11-11 12:00:00,396.7208430509287
6974,2023-11-11 13:00:00,376.59994450080853
6975,2023-11-11 14:00:00,400.7766002456044
6976,2023-11-11 15:00:00,462.37578323080425
6977,2023-11-11 16:00:00,525.4803710794015
6978,2023-11-11 17:00:00,549.887036686996
6979,2023-11-11 18:00:00,513.565546166302
6980,2023-11-11 19:00:00,419.7060320553875
6981,2023-11-11 20:00:00,289.4378543365743
6982,2023-11-11 21:00:00,150.06055646690123
6983,2023-11-11 22:00:00,26.350545281810753
6984,2023-11-11 23:00:00,-64.76766340928054
6985,2023-11-12 00:00:00,-118.69578249631172
6986,2023-11-12 01:00:00,-145.39978155519577
6987,2023-11-12 02:00:00,-164.29758006632065
6988,2023-11-12 03:00:00,-190.39484767777964
6989,2023-11-12 04:00:00,-219.75921947268282
6990,2023-11-12 05:00:00,-227.5627342044839
6991,2023-11-12 06:00:00,-184.66608068928426
6992,2023-11-12 07:00:00,-82.9225966220202
6993,2023-11-12 08:00:00,50.99580104087548
6994,2023-11-12 09:00:00,167.17420701276706
6995,2023-11-12 10:00:00,223.63843289098568
6996,2023-11-12 11:00:00,214.44135110005996
6997,2023-11-12 12:00:00,172.95500598719138
6998,2023-11-12 13:00:00,147.58418356799746
6999,2023-11-12 14:00:00,168.28417652351348
7000,2023-11-12 15:00:00,228.19124674438646
7001,2023-11-12 16:00:00,291.3817310785663
7002,2023-11-12 17:00:00,317.62810296349153
7003,2023-11-12 18:00:00,284.85863969329876
7004,2023-11-12 19:00:00,196.20525825257948
7005,2023-11-12 20:00:00,72.72312511774061
7006,2023-11-12 21:00:00,-58.377462214740234
7007,2023-11-12 22:00:00,-172.42330471343973
7008,2023-11-12 23:00:00,-252.60581382906517
7009,2023-11-13 00:00:00,-82.3742113543615
7010,2023-11-13 01:00:00,-95.99109488604745
7011,2023-11-13 02:00:00,-100.9399772176784
7012,2023-11-13 03:00:00,-112.37844058321895
7013,2023-11-13 04:00:00,-126.53084920419829
7014,2023-11-13 05:00:00,-118.7290029678554
7015,2023-11-13 06:00:00,-59.99457976580808
7016,2023-11-13 07:00:00,57.65866770237986
7017,2023-11-13 08:00:00,207.4007601296495
7018,2023-11-13 09:00:00,339.16281677156564
7019,2023-11-13 10:00:00,410.8224300212586
7020,2023-11-13 11:00:00,416.29159454004423
7021,2023-11-13 12:00:00,388.81030088383216
7022,2023-11-13 13:00:00,376.6614681668078
7023,2023-11-13 14:00:00,409.68993684703224
7024,2023-11-13 15:00:00,480.9340102439214
7025,2023-11-13 16:00:00,554.3854785687795
7026,2023-11-13 17:00:00,589.7464283956457
7027,2023-11-13 18:00:00,564.8894795684209
7028,2023-11-13 19:00:00,482.906007197359
7029,2023-11-13 20:00:00,364.8259509059054
7030,2023-11-13 21:00:00,237.84970833716855
7031,2023-11-13 22:00:00,126.65573169989854
7032,2023-11-13 23:00:00,48.07265964936528
7033,2023-11-14 00:00:00,6.605826272808258
7034,2023-11-14 01:00:00,-7.79996844629764
7035,2023-11-14 02:00:00,-14.64740960874957
7036,2023-11-14 03:00:00,-29.021788775751958
7037,2023-11-14 04:00:00,-47.06461011879321
7038,2023-11-14 05:00:00,-44.0154948181935
7039,2023-11-14 06:00:00,9.204026634977168
7040,2023-11-14 07:00:00,120.68688640950728
7041,2023-11-14 08:00:00,263.71483388373315
7042,2023-11-14 09:00:00,388.3342243516065
7043,2023-11-14 10:00:00,452.5398342469673
7044,2023-11-14 11:00:00,450.3612281994116
7045,2023-11-14 12:00:00,415.15480788758276
7046,2023-11-14 13:00:00,395.3225687398858
7047,2023-11-14 14:00:00,420.8136466985039
7048,2023-11-14 15:00:00,484.7704760503113
7049,2023-11-14 16:00:00,551.2821969606596
7050,2023-11-14 17:00:00,580.1402868624025
7051,2023-11-14 18:00:00,549.2977413130263
7052,2023-11-14 19:00:00,461.9163746382104
7053,2023-11-14 20:00:00,339.08585361409956
7054,2023-11-14 21:00:00,208.05497019996415
7055,2023-11-14 22:00:00,93.53877891486917
7056,2023-11-14 23:00:00,12.390436250772979
7057,2023-11-15 00:00:00,-30.872413760765426
7058,2023-11-15 01:00:00,-46.30482293363599
7059,2023-11-15 02:00:00,-53.42127599955319
7060,2023-11-15 03:00:00,-67.3304344077232
7061,2023-11-15 04:00:00,-84.20820732937113
7062,2023-11-15 05:00:00,-79.33897160640237
7063,2023-11-15 06:00:00,-23.698540368613692
7064,2023-11-15 07:00:00,90.7431598244728
7065,2023-11-15 08:00:00,237.19750811126212
7066,2023-11-15 09:00:00,365.63414120510953
7067,2023-11-15 10:00:00,433.9660141043398
7068,2023-11-15 11:00:00,436.13707752185985
7069,2023-11-15 12:00:00,405.41568392736383
7070,2023-11-15 13:00:00,390.1093976181761
7071,2023-11-15 14:00:00,420.08392989488425
7072,2023-11-15 15:00:00,488.39468714234874
7073,2023-11-15 16:00:00,559.0468636223286
7074,2023-11-15 17:00:00,591.7523793739459
7075,2023-11-15 18:00:00,564.3903016084411
7076,2023-11-15 19:00:00,480.05530302833574
7077,2023-11-15 20:00:00,359.77775422716445
7078,2023-11-15 21:00:00,230.75594157812822
7079,2023-11-15 22:00:00,117.66402322633274
7080,2023-11-15 23:00:00,37.32454889751412
7081,2023-11-16 00:00:00,-5.764621749722522
7082,2023-11-16 01:00:00,-21.66712502544536
7083,2023-11-16 02:00:00,-29.894613728652928
7084,2023-11-16 03:00:00,-45.5414486871278
7085,2023-11-16 04:00:00,-64.75788307356254
7086,2023-11-16 05:00:00,-62.79156028918433
7087,2023-11-16 06:00:00,-10.570921937365824
7088,2023-11-16 07:00:00,99.99151948898688
7089,2023-11-16 08:00:00,242.1738554750993
7090,2023-11-16 09:00:00,366.0208497255753
7091,2023-11-16 10:00:00,429.52798725024036
7092,2023-11-16 11:00:00,426.72802504918235
7093,2023-11-16 12:00:00,390.9831710361668
7094,2023-11-16 13:00:00,370.6985825106089
7095,2023-11-16 14:00:00,395.83992244168337
7096,2023-11-16 15:00:00,459.5634795105385
7097,2023-11-16 16:00:00,525.9748025887639
7098,2023-11-16 17:00:00,554.8841693214309
7099,2023-11-16 18:00:00,524.2655469361868
7100,2023-11-16 19:00:00,437.30361814659244
7101,2023-11-16 20:00:00,315.11248870987527
7102,2023-11-16 21:00:00,184.96658679098064
7103,2023-11-16 22:00:00,71.60738487861946
7104,2023-11-16 23:00:00,-8.085213125474382
7105,2023-11-17 00:00:00,-49.566968965698265
7106,2023-11-17 01:00:00,-62.866999682433004
7107,2023-11-17 02:00:00,-67.47503743795431
7108,2023-11-17 03:00:00,-78.47670489280489
7109,2023-11-17 04:00:00,-92.02711885678966
7110,2023-11-17 05:00:00,-83.39263591170149
7111,2023-11-17 06:00:00,-23.53433179169869
7112,2023-11-17 07:00:00,95.588833586052
7113,2023-11-17 08:00:00,247.19497802962758
7114,2023-11-17 09:00:00,381.2558298724004
7115,2023-11-17 10:00:00,455.6814147611002
7116,2023-11-17 11:00:00,464.4074110936641
7117,2023-11-17 12:00:00,440.6882918679968
7118,2023-11-17 13:00:00,432.81193380056425
7119,2023-11-17 14:00:00,470.61841939803503
7120,2023-11-17 15:00:00,547.1315235718527
7121,2023-11-17 16:00:00,626.3188195525996
7122,2023-11-17 17:00:00,667.8487064316498
7123,2023-11-17 18:00:00,649.550997886349
7124,2023-11-17 19:00:00,574.4656254449634
7125,2023-11-17 20:00:00,463.5630525620297
7126,2023-11-17 21:00:00,343.9768889938812
7127,2023-11-17 22:00:00,240.31231508896116
7128,2023-11-17 23:00:00,169.3191378384162
7129,2023-11-18 00:00:00,-76.66045028810152
7130,2023-11-18 01:00:00,-83.60898447169734
7131,2023-11-18 02:00:00,-83.19809418214982
7132,2023-11-18 03:00:00,-90.60340725177497
7133,2023-11-18 04:00:00,-102.05670587719413
7134,2023-11-18 05:00:00,-92.88660984346126
7135,2023-11-18 06:00:00,-34.10115151317086
7136,2023-11-18 07:00:00,82.30979359054209
7137,2023-11-18 08:00:00,229.55002323583352
7138,2023-11-18 09:00:00,357.59390818259214
7139,2023-11-18 10:00:00,424.3712526504431
7140,2023-11-18 11:00:00,423.85462701648873
7141,2023-11-18 12:00:00,389.35228961463883
7142,2023-11-18 13:00:00,369.22238011484103
7143,2023-11-18 14:00:00,393.3911139010821
7144,2023-11-18 15:00:00,454.9834754449275
7145,2023-11-18 16:00:00,518.0823537712909
7146,2023-11-18 17:00:00,542.4844330627878
7147,2023-11-18 18:00:00,506.1594906038813
7148,2023-11-18 19:00:00,412.2976699777579
7149,2023-11-18 20:00:00,282.0283420973652
7150,2023-11-18 21:00:00,142.6510612214706
7151,2023-11-18 22:00:00,18.942244862673277
7152,2023-11-18 23:00:00,-72.17358061940479
7153,2023-11-19 00:00:00,-126.09811769445832
7154,2023-11-19 01:00:00,-152.79732564785337
7155,2023-11-19 02:00:00,-171.68911379456262
7156,2023-11-19 03:00:00,-197.77914176387463
7157,2023-11-19 04:00:00,-227.13503474362756
7158,2023-11-19 05:00:00,-234.9288217335935
7159,2023-11-19 06:00:00,-192.02118193488292
7160,2023-11-19 07:00:00,-90.26544356487688
7161,2023-11-19 08:00:00,43.66648575225037
7162,2023-11-19 09:00:00,159.8597099231077
7163,2023-11-19 10:00:00,216.34004959183136
7164,2023-11-19 11:00:00,207.1603860935202
7165,2023-11-19 12:00:00,165.69277251559333
7166,2023-11-19 13:00:00,140.34200349558805
7167,2023-11-19 14:00:00,161.0633801593623
7168,2023-11-19 15:00:00,220.9931727094238
7169,2023-11-19 16:00:00,284.2077261431089
7170,2023-11-19 17:00:00,310.4795218958425
7171,2023-11-19 18:00:00,277.7368451057235
7172,2023-11-19 19:00:00,189.11162044120556
7173,2023-11-19 20:00:00,65.65902190933252
7174,2023-11-19 21:00:00,-65.41064562592925
7175,2023-11-19 22:00:00,-179.42417592593745
7176,2023-11-19 23:00:00,-259.57297339968716
7177,2023-11-20 00:00:00,-89.30625294731004
7178,2023-11-20 01:00:00,-102.8866054616858
7179,2023-11-20 02:00:00,-107.7975371719632
7180,2023-11-20 03:00:00,-119.19662393354855
7181,2023-11-20 04:00:00,-133.30822374742405
7182,2023-11-20 05:00:00,-125.46413045252928
7183,2023-11-20 06:00:00,-66.68601606300763
7184,2023-11-20 07:00:00,51.012372431441065
7185,2023-11-20 08:00:00,200.8010612540474
7186,2023-11-20 09:00:00,332.61117502273805
7187,2023-11-20 10:00:00,404.320311317718
7188,2023-11-20 11:00:00,409.84046981403526
7189,2023-11-20 12:00:00,382.41164589741965
7190,2023-11-20 13:00:00,370.3167633464702
7191,2023-11-20 14:00:00,403.4006670902058
7192,2023-11-20 15:00:00,474.7016647474634
7193,2023-11-20 16:00:00,548.2115506619912
7194,2023-11-20 17:00:00,583.6324153300664
7195,2023-11-20 18:00:00,558.8368823571607
7196,2023-11-20 19:00:00,476.91633043407467
7197,2023-11-20 20:00:00,358.90070255773503
7198,2023-11-20 21:00:00,231.9903995837484
7199,2023-11-20 22:00:00,120.86387674562488
7200,2023-11-20 23:00:00,42.34977552950795
7201,2023-11-21 00:00:00,0.953432666430615
7202,2023-11-21 01:00:00,-13.380349400300986
7203,2023-11-21 02:00:00,-20.15425350026925
7204,2023-11-21 03:00:00,-34.45356910808317
7205,2023-11-21 04:00:00,-52.419798514166644
7206,2023-11-21 05:00:00,-49.292561184688736
7207,2023-11-21 06:00:00,4.006613897202328
7208,2023-11-21 07:00:00,115.57066021965773
7209,2023-11-21 08:00:00,258.68132828456186
7210,2023-11-21 09:00:00,383.38497433425664
7211,2023-11-21 10:00:00,447.67637553502
7212,2023-11-21 11:00:00,445.5850970673197
7213,2023-11-21 12:00:00,410.46754096864134
7214,2023-11-21 13:00:00,390.72037107422136
7215,2023-11-21 14:00:00,416.2980541595964
7216,2023-11-21 15:00:00,480.3430242789585
7217,2023-11-21 16:00:00,546.9444211832414
7218,2023-11-21 17:00:00,575.893721674734
7219,2023-11-21 18:00:00,545.143920498939
7220,2023-11-21 19:00:00,457.85683096917114
7221,2023-11-21 20:00:00,335.1221186653326
7222,2023-11-21 21:00:00,204.18857410183156
7223,2023-11-21 22:00:00,89.77125023131296
7224,2023-11-21 23:00:00,8.723301733845744
7225,2023-11-22 00:00:00,-34.437629360602045
7226,2023-11-22 01:00:00,-49.766597062742164
7227,2023-11-22 02:00:00,-56.77808849760572
7228,2023-11-22 03:00:00,-70.58076770293337
7229,2023-11-22 04:00:00,-87.35054665085448
7230,2023-11-22 05:00:00,-82.37180516117337
7231,2023-11-22 06:00:00,-26.620359554463164
7232,2023-11-22 07:00:00,87.93386022396152
7233,2023-11-22 08:00:00,234.5022297240533
7234,2023-11-22 09:00:00,363.05438189168956
7235,2023-11-22 10:00:00,431.50326773194115
7236,2023-11-22 11:00:00,433.7928337847634
7237,2023-11-22 12:00:00,403.19142814585007
7238,2023-11-22 13:00:00,388.0066105391491
7239,2023-11-22 14:00:00,418.104087494028
7240,2023-11-22 15:00:00,486.5392604225534
7241,2023-11-22 16:00:00,557.3173184327617
7242,2023-11-22 17:00:00,590.1501761892825
7243,2023-11-22 18:00:00,562.916895348751
7244,2023-11-22 19:00:00,478.7121428588122
7245,2023-11-22 20:00:00,358.56628336565456
7246,2023-11-22 21:00:00,229.677597083683
7247,2023-11-22 22:00:00,116.72023582568985
7248,2023-11-22 23:00:00,36.51674277855662
7249,2023-11-23 00:00:00,-6.435029135733089
7250,2023-11-23 01:00:00,-22.198723152738808
7251,2023-11-23 02:00:00,-30.285999191636392
7252,2023-11-23 03:00:00,-45.791225389602516
7253,2023-11-23 04:00:00,-64.86466243648715
7254,2023-11-23 05:00:00,-62.75396142165533
7255,2023-11-23 06:00:00,-10.387571840998021
7256,2023-11-23 07:00:00,100.32198572844294
7257,2023-11-23 08:00:00,242.6527945000264
7258,2023-11-23 09:00:00,366.6496097158677
7259,2023-11-23 10:00:00,430.3079077361402
7260,2023-11-23 11:00:00,427.6604367180984
7261,2023-11-23 12:00:00,392.06939555487975
7262,2023-11-23 13:00:00,371.93993232022297
7263,2023-11-23 14:00:00,397.2377005905482
7264,2023-11-23 15:00:00,461.1189794565944
7265,2023-11-23 16:00:00,527.689308012932
7266,2023-11-23 17:00:00,556.7589539586216
7267,2023-11-23 18:00:00,526.3018743759076
7268,2023-11-23 19:00:00,439.50274165909
7269,2023-11-23 20:00:00,317.4756510521557
7270,2023-11-23 21:00:00,187.49502004824865
7271,2023-11-23 22:00:00,74.30231026785162
7272,2023-11-23 23:00:00,-5.222585430187451
7273,2023-11-24 00:00:00,-46.53544001568264
7274,2023-11-24 01:00:00,-59.66538191394608
7275,2023-11-24 02:00:00,-64.10215487269932
7276,2023-11-24 03:00:00,-74.931393294499
7277,2023-11-24 04:00:00,-88.30822591063065
7278,2023-11-24 05:00:00,-79.49902139382795
7279,2023-11-24 06:00:00,-19.464867752470525
7280,2023-11-24 07:00:00,99.83526266391604
7281,2023-11-24 08:00:00,251.6194750663765
7282,2023-11-24 09:00:00,385.85948500386723
7283,2023-11-24 10:00:00,460.465305187126
7284,2023-11-24 11:00:00,469.3726009089827
7285,2023-11-24 12:00:00,445.8358319017636
7286,2023-11-24 13:00:00,438.14286143678
7287,2023-11-24 14:00:00,476.13375843676664
7288,2023-11-24 15:00:00,552.8322840532471
7289,2023-11-24 16:00:00,632.2059976011146
7290,2023-11-24 17:00:00,673.9232840949703
7291,2023-11-24 18:00:00,655.813942994221
7292,2023-11-24 19:00:00,580.9178914351743
7293,2023-11-24 20:00:00,470.20557832819424
7294,2023-11-24 21:00:00,350.8105987555484
7295,2023-11-24 22:00:00,247.33811819888814
7296,2023-11-24 23:00:00,176.53792867918037
7297,2023-11-25 00:00:00,-69.24779248541546
7298,2023-11-25 01:00:00,-76.00159574614923
7299,2023-11-25 02:00:00,-75.39512602278131
7300,2023-11-25 03:00:00,-82.60402671087553
7301,2023-11-25 04:00:00,-93.86009572447949
7302,2023-11-25 05:00:00,-84.4919687028659
7303,2023-11-25 06:00:00,-25.507694009902764
7304,2023-11-25 07:00:00,91.10283670094944
7305,2023-11-25 08:00:00,238.54340493922479
7306,2023-11-25 09:00:00,366.78836505174604
7307,2023-11-25 10:00:00,433.76750472894116
7308,2023-11-25 11:00:00,433.4533776847534
7309,2023-11-25 12:00:00,399.15422546501094
7310,2023-11-25 13:00:00,379.22817080716914
7311,2023-11-25 14:00:00,403.60141206254696
7312,2023-11-25 15:00:00,465.3989165297386
7313,2023-11-25 16:00:00,528.7035559426371
7314,2023-11-25 17:00:00,553.3119970715647
7315,2023-11-25 18:00:00,517.1939996790708
7316,2023-11-25 19:00:00,423.5396897017365
7317,2023-11-25 20:00:00,293.4784202838398
7318,2023-11-25 21:00:00,154.3097278242431
7319,2023-11-25 22:00:00,30.810011848460732
7320,2023-11-25 23:00:00,-60.096219376509396
7321,2023-11-26 00:00:00,-113.81068652242351
7322,2023-11-26 01:00:00,-140.29936716809772
7323,2023-11-26 02:00:00,-158.98018904501816
7324,2023-11-26 03:00:00,-184.8588302898085
7325,2023-11-26 04:00:00,-214.00293469407796
7326,2023-11-26 05:00:00,-221.58454996337457
7327,2023-11-26 06:00:00,-178.4643741039206
7328,2023-11-26 07:00:00,-76.49575421657255
7329,2023-11-26 08:00:00,57.64938308541312
7330,2023-11-26 09:00:00,174.0561226269503
7331,2023-11-26 10:00:00,230.75026590124827
7332,2023-11-26 11:00:00,221.78467498938556
7333,2023-11-26 12:00:00,180.53138365373349
7334,2023-11-26 13:00:00,155.39516712165067
7335,2023-11-26 14:00:00,176.33130702464592
7336,2023-11-26 15:00:00,236.47605400407326
7337,2023-11-26 16:00:00,299.90573340729634
7338,2023-11-26 17:00:00,326.39280696961225
7339,2023-11-26 18:00:00,293.8655400319725
7340,2023-11-26 19:00:00,205.45583741481812
7341,2023-11-26 20:00:00,82.21885320700693
7342,2023-11-26 21:00:00,-48.63512770928287
7343,2023-11-26 22:00:00,-162.43291914678633
7344,2023-11-26 23:00:00,-242.3659456138604
7345,2023-11-27 00:00:00,-71.88344217422309
7346,2023-11-27 01:00:00,-85.24801993905186
7347,2023-11-27 02:00:00,-89.94320540723976
7348,2023-11-27 03:00:00,-101.12659475693283
7349,2023-11-27 04:00:00,-115.02256635292122
7350,2023-11-27 05:00:00,-106.96293446269914
7351,2023-11-27 06:00:00,-47.969391550154
7352,2023-11-27 07:00:00,69.94429488825486
7353,2023-11-27 08:00:00,219.94813053295707
7354,2023-11-27 09:00:00,351.9732194195922
7355,2023-11-27 10:00:00,423.8971385220848
7356,2023-11-27 11:00:00,429.6318668605977
7357,2023-11-27 12:00:00,402.4173791460936
7358,2023-11-27 13:00:00,390.5365784510126
7359,2023-11-27 14:00:00,423.83428897048776
7360,2023-11-27 15:00:00,495.34879757073065
7361,2023-11-27 16:00:00,569.071877809914
7362,2023-11-27 17:00:00,604.7055994025461
7363,2023-11-27 18:00:00,580.1225651316515
7364,2023-11-27 19:00:00,498.4141328559763
7365,2023-11-27 20:00:00,380.61022474425175
7366,2023-11-27 21:00:00,253.91122080181225
7367,2023-11-27 22:00:00,142.9955554042425
7368,2023-11-27 23:00:00,64.69184916604755
7369,2023-11-28 00:00:00,23.505417968983494
7370,2023-11-28 01:00:00,9.381043386222501
7371,2023-11-28 02:00:00,2.8160217274815977
7372,2023-11-28 03:00:00,-11.274957342500784
7373,2023-11-28 04:00:00,-29.03341695650488
7374,2023-11-28 05:00:00,-25.698997437480102
7375,2023-11-28 06:00:00,27.80675141463999
7376,2023-11-28 07:00:00,139.57674226616996
7377,2023-11-28 08:00:00,282.8927048183403
7378,2023-11-28 09:00:00,407.800974528882
7379,2023-11-28 10:00:00,472.2963078098772
7380,2023-11-28 11:00:00,470.4082490983369
7381,2023-11-28 12:00:00,435.49317972298
7382,2023-11-28 13:00:00,415.95364825213494
7383,2023-11-28 14:00:00,441.73819662038727
7384,2023-11-28 15:00:00,505.98923826245186
7385,2023-11-28 16:00:00,572.7958923370478
7386,2023-11-28 17:00:00,601.949615110874
7387,2023-11-28 18:00:00,571.4033808091634
7388,2023-11-28 19:00:00,484.3189822834157
7389,2023-11-28 20:00:00,361.7860646922218
7390,2023-11-28 21:00:00,231.0533981772668
7391,2023-11-28 22:00:00,116.8360153577255
7392,2023-11-28 23:00:00,35.98705064866192
7393,2023-11-29 00:00:00,-6.975874150685115
7394,2023-11-29 01:00:00,-22.10783320805433
7395,2023-11-29 02:00:00,-28.92333375628482
7396,2023-11-29 03:00:00,-42.53105987566482
7397,2023-11-29 04:00:00,-59.106943520982156
7398,2023-11-29 05:00:00,-53.9353844351175
7399,2023-11-29 06:00:00,2.007781222548431
7400,2023-11-29 07:00:00,116.7526037185578
7401,2023-11-29 08:00:00,263.51043891861644
7402,2023-11-29 09:00:00,392.25090011305866
7403,2023-11-29 10:00:00,460.8869187618395
7404,2023-11-29 11:00:00,463.3624219338618
7405,2023-11-29 12:00:00,432.9457383228063
7406,2023-11-29 13:00:00,417.944408355247
7407,2023-11-29 14:00:00,448.224119327793
7408,2023-11-29 15:00:00,516.8402535226335
7409,2023-11-29 16:00:00,587.7979810014123
7410,2023-11-29 17:00:00,620.8091974773891
7411,2023-11-29 18:00:00,593.7529457520593
7412,2023-11-29 19:00:00,509.72387401279184
7413,2023-11-29 20:00:00,389.75232824879794
7414,2023-11-29 21:00:00,261.0365701163448
7415,2023-11-29 22:00:00,148.25073297421326
7416,2023-11-29 23:00:00,68.21734165714042
7417,2023-11-30 00:00:00,25.43423085948578
7418,2023-11-30 01:00:00,9.837739202103222
7419,2023-11-30 02:00:00,1.9161887615103979
7420,2023-11-30 03:00:00,-13.424806507848643
7421,2023-11-30 04:00:00,-32.335525077422915
7422,2023-11-30 05:00:00,-30.06363570195265
7423,2023-11-30 06:00:00,22.46239457716888
7424,2023-11-30 07:00:00,133.3300277636575
7425,2023-11-30 08:00:00,275.8173297628483
7426,2023-11-30 09:00:00,399.96903867636274
7427,2023-11-30 10:00:00,463.7806137987715
7428,2023-11-30 11:00:00,461.28478639347367
7429,2023-11-30 12:00:00,425.84373856815
7430,2023-11-30 13:00:00,405.86260177315387
7431,2023-11-30 14:00:00,431.3070130718371
7432,2023-11-30 15:00:00,495.33323520087913
7433,2023-11-30 16:00:00,562.0467910325748
7434,2023-11-30 17:00:00,591.257932189231
7435,2023-11-30 18:00:00,560.9405998245954
7436,2023-11-30 19:00:00,474.2794505493051
7437,2023-11-30 20:00:00,352.3885639695433
7438,2023-11-30 21:00:00,222.5423421032013
7439,2023-11-30 22:00:00,109.48223123834879
7440,2023-11-30 23:00:00,30.08810905483662
7441,2023-12-01 00:00:00,-11.095812423067798
7442,2023-12-01 01:00:00,-24.098676492628613
7443,2023-12-01 02:00:00,-28.410241588831582
7444,2023-12-01 03:00:00,-39.11615665682524
7445,2023-12-01 04:00:00,-52.37156479607728
7446,2023-12-01 05:00:00,-43.442848884444345
7447,2023-12-01 06:00:00,16.708889030659265
7448,2023-12-01 07:00:00,136.1246627338227
7449,2023-12-01 08:00:00,288.0225637359475
7450,2023-12-01 09:00:00,422.37429406289914
7451,2023-12-01 10:00:00,497.0898530764804
7452,2023-12-01 11:00:00,506.1048929008027
7453,2023-12-01 12:00:00,482.67386026316717
7454,2023-12-01 13:00:00,475.0846056319747
7455,2023-12-01 14:00:00,513.1771852860861
7456,2023-12-01 15:00:00,589.9753479310561
7457,2023-12-01 16:00:00,669.446640612445
7458,2023-12-01 17:00:00,711.2594362638904
7459,2023-12-01 18:00:00,693.2435224525018
7460,2023-12-01 19:00:00,618.4388046089559
7461,2023-12-01 20:00:00,507.81572013586754
7462,2023-12-01 21:00:00,388.5078527815522
7463,2023-12-01 22:00:00,285.1203569117328
7464,2023-12-01 23:00:00,214.40301360949582
7465,2023-12-02 00:00:00,-31.30201054539691
7466,2023-12-02 01:00:00,-37.97727654478916
7467,2023-12-02 02:00:00,-37.29443964097533
7468,2023-12-02 03:00:00,-44.42915337269966
7469,2023-12-02 04:00:00,-55.61322559742979
7470,2023-12-02 05:00:00,-46.17530168208174
7471,2023-12-02 06:00:00,12.87656047925546
7472,2023-12-02 07:00:00,129.55245990726152
7473,2023-12-02 08:00:00,277.056168989275
7474,2023-12-02 09:00:00,405.36203317637194
7475,2023-12-02 10:00:00,472.39983144731485
7476,2023-12-02 11:00:00,472.14210902934633
7477,2023-12-02 12:00:00,437.89709919465014
7478,2023-12-02 13:00:00,418.0229166153799
7479,2023-12-02 14:00:00,442.4457517922289
7480,2023-12-02 15:00:00,504.2905643844622
7481,2023-12-02 16:00:00,567.6402187172844
7482,2023-12-02 17:00:00,592.2913743483014
7483,2023-12-02 18:00:00,556.2137840609453
7484,2023-12-02 19:00:00,462.59756702801036
7485,2023-12-02 20:00:00,332.5720698548452
7486,2023-12-02 21:00:00,193.43682260385268
7487,2023-12-02 22:00:00,69.96821871271601
7488,2023-12-02 23:00:00,-20.90923943245525
7489,2023-12-03 00:00:00,-74.59727815951874
7490,2023-12-03 01:00:00,-101.06188047581378
7491,2023-12-03 02:00:00,-119.72097931565571
7492,2023-12-03 03:00:00,-145.580257788822
7493,2023-12-03 04:00:00,-174.70736444809
7494,2023-12-03 05:00:00,-182.27435150852523
7495,2023-12-03 06:00:00,-139.14192127381648
7496,2023-12-03 07:00:00,-37.163424910237495
7497,2023-12-03 08:00:00,96.98920713033363
7498,2023-12-03 09:00:00,213.40105607956895
7499,2023-12-03 10:00:00,270.09792005755315
7500,2023-12-03 11:00:00,261.132657996903
7501,2023-12-03 12:00:00,219.8773007597266
7502,2023-12-03 13:00:00,194.7366208979859
7503,2023-12-03 14:00:00,215.6658976020474
7504,2023-12-03 15:00:00,275.8013793023124
7505,2023-12-03 16:00:00,339.2193893847294
7506,2023-12-03 17:00:00,365.69238783693254
7507,2023-12-03 18:00:00,333.14863850137084
7508,2023-12-03 19:00:00,244.72004493394596
7509,2023-12-03 20:00:00,121.46176019818978
7510,2023-12-03 21:00:00,-9.415931627939017
7511,2023-12-03 22:00:00,-123.23984490267912
7512,2023-12-03 23:00:00,-203.20140445402308
7513,2023-12-04 00:00:00,-32.74984543142739
7514,2023-12-04 01:00:00,-46.14777878832615
7515,2023-12-04 02:00:00,-50.87873062897336
7516,2023-12-04 03:00:00,-62.10029649508857
7517,2023-12-04 04:00:00,-76.03685389032921
7518,2023-12-04 05:00:00,-68.02021596265064
7519,2023-12-04 06:00:00,-9.072073831852265
7520,2023-12-04 07:00:00,108.79380659136885
7521,2023-12-04 08:00:00,258.74743280707713
7522,2023-12-04 09:00:00,390.7199109290924
7523,2023-12-04 10:00:00,462.58882022070384
7524,2023-12-04 11:00:00,468.26614224662706
7525,2023-12-04 12:00:00,440.99185450016773
7526,2023-12-04 13:00:00,429.04886307164713
7527,2023-12-04 14:00:00,462.2819954094564
7528,2023-12-04 15:00:00,533.7295418804308
7529,2023-12-04 16:00:00,607.383279777536
7530,2023-12-04 17:00:00,642.9452827762595
7531,2023-12-04 18:00:00,618.2881578800491
7532,2023-12-04 19:00:00,536.5032673880332
7533,2023-12-04 20:00:00,418.6205381560425
7534,2023-12-04 21:00:00,291.8403551107956
7535,2023-12-04 22:00:00,180.84115778482155
7536,2023-12-04 23:00:00,102.45157218881292
7537,2023-12-05 00:00:00,61.176919827842255
7538,2023-12-05 01:00:00,46.96198815390687
7539,2023-12-05 02:00:00,40.30407956641693
7540,2023-12-05 03:00:00,26.117890070467126
7541,2023-12-05 04:00:00,8.261903104007047
7542,2023-12-05 05:00:00,11.496485151032658
7543,2023-12-05 06:00:00,64.90009344046825
7544,2023-12-05 07:00:00,176.56564791275034
7545,2023-12-05 08:00:00,319.7748857782749
7546,2023-12-05 09:00:00,444.5741502181702
7547,2023-12-05 10:00:00,508.95820561294994
7548,2023-12-05 11:00:00,506.9566045951555
7549,2023-12-05 12:00:00,471.92573692341375
7550,2023-12-05 13:00:00,452.26225438714323
7551,2023-12-05 14:00:00,477.920612003374
7552,2023-12-05 15:00:00,542.0432323092759
7553,2023-12-05 16:00:00,608.7192437987137
7554,2023-12-05 17:00:00,637.7401122972287
7555,2023-12-05 18:00:00,607.0588218229085
7556,2023-12-05 19:00:00,519.837175235338
7557,2023-12-05 20:00:00,397.16482791732426
7558,2023-12-05 21:00:00,266.2905604781326
7559,2023-12-05 22:00:00,151.92941620957134
7560,2023-12-05 23:00:00,70.93454042367898
7561,2023-12-06 00:00:00,27.823566031538405
7562,2023-12-06 01:00:00,12.541430213549376
7563,2023-12-06 02:00:00,5.573637276567695
7564,2023-12-06 03:00:00,-8.188485085803961
7565,2023-12-06 04:00:00,-24.920856843663557
7566,2023-12-06 05:00:00,-19.907865539413706
7567,2023-12-06 06:00:00,35.87466506809491
7568,2023-12-06 07:00:00,150.45679788187297
7569,2023-12-06 08:00:00,297.0499015990716
7570,2023-12-06 09:00:00,425.623602544901
7571,2023-12-06 10:00:00,494.0908454335291
7572,2023-12-06 11:00:00,496.39557079794827
7573,2023-12-06 12:00:00,465.80612099451395
7574,2023-12-06 13:00:00,450.6300503084364
7575,2023-12-06 14:00:00,480.73306011899024
7576,2023-12-06 15:00:00,549.1705469774822
7577,2023-12-06 16:00:00,619.9476954182593
7578,2023-12-06 17:00:00,652.7764158239545
7579,2023-12-06 18:00:00,625.5357658750727
7580,2023-12-06 19:00:00,541.3204088206857
7581,2023-12-06 20:00:00,421.16070590351706
7582,2023-12-06 21:00:00,292.2549342440707
7583,2023-12-06 22:00:00,179.2772428428681
7584,2023-12-06 23:00:00,99.05017236994439
7585,2023-12-07 00:00:00,56.07157353845969
7586,2023-12-07 01:00:00,40.27780119418193
7587,2023-12-07 02:00:00,32.15719379687815
7588,2023-12-07 03:00:00,16.615381886437547
7589,2023-12-07 04:00:00,-2.4978962454607654
7590,2023-12-07 05:00:00,-0.43029240784562717
7591,2023-12-07 06:00:00,51.8897434721012
7592,2023-12-07 07:00:00,162.54969070036967
7593,2023-12-07 08:00:00,304.8276326647592
7594,2023-12-07 09:00:00,428.76832510381723
7595,2023-12-07 10:00:00,492.36724513640263
7596,2023-12-07 11:00:00,489.65714201936737
7597,2023-12-07 12:00:00,454.0002160166721
7598,2023-12-07 13:00:00,433.80161689752606
7599,2023-12-07 14:00:00,459.02700022548936
7600,2023-12-07 15:00:00,522.8326473816369
7601,2023-12-07 16:00:00,589.3241000643435
7602,2023-12-07 17:00:00,618.3116288549476
7603,2023-12-07 18:00:00,587.7691940422326
7604,2023-12-07 19:00:00,500.8814715267355
7605,2023-12-07 20:00:00,378.76256034109383
7606,2023-12-07 21:00:00,248.68688210878813
7607,2023-12-07 22:00:00,135.39590284438253
7608,2023-12-07 23:00:00,55.7695201227007
7609,2023-12-08 00:00:00,14.351965995233854
7610,2023-12-08 01:00:00,1.1141173406668372
7611,2023-12-08 02:00:00,-3.433763958031932
7612,2023-12-08 03:00:00,-14.377306393144295
7613,2023-12-08 04:00:00,-27.871632462963987
7614,2023-12-08 05:00:00,-19.18310433177635
7615,2023-12-08 06:00:00,40.72719682690655
7616,2023-12-08 07:00:00,159.90030578410892
7617,2023-12-08 08:00:00,311.5543351704011
7618,2023-12-08 09:00:00,445.66100825566264
7619,2023-12-08 10:00:00,520.1303457804052
7620,2023-12-08 11:00:00,528.8980213550749
7621,2023-12-08 12:00:00,505.2185033228442
7622,2023-12-08 13:00:00,497.3796638828484
7623,2023-12-08 14:00:00,535.2215811582224
7624,2023-12-08 15:00:00,611.7680258170788
7625,2023-12-08 16:00:00,690.9865669663806
7626,2023-12-08 17:00:00,732.5455997330444
7627,2023-12-08 18:00:00,714.2749339571072
7628,2023-12-08 19:00:00,639.2144974631955
7629,2023-12-08 20:00:00,528.3347501498414
7630,2023-12-08 21:00:00,408.7692983458529
7631,2023-12-08 22:00:00,305.1233191095763
7632,2023-12-08 23:00:00,234.14661630868125
7633,2023-12-09 00:00:00,-11.818620604726334
7634,2023-12-09 01:00:00,-18.754929657711898
7635,2023-12-09 02:00:00,-18.333943049047207
7636,2023-12-09 03:00:00,-25.731291181061238
7637,2023-12-09 04:00:00,-37.17875868417519
7638,2023-12-09 05:00:00,-28.004967636415415
7639,2023-12-09 06:00:00,30.78204745925487
7640,2023-12-09 07:00:00,147.1924090649104
7641,2023-12-09 08:00:00,294.42991312138935
7642,2023-12-09 09:00:00,422.46892864988837
7643,2023-12-09 10:00:00,489.23925831272504
7644,2023-12-09 11:00:00,488.71347106327715
7645,2023-12-09 12:00:00,454.19982397277244
7646,2023-12-09 13:00:00,434.0564555706021
7647,2023-12-09 14:00:00,458.2095802716409
7648,2023-12-09 15:00:00,519.7841817082448
7649,2023-12-09 16:00:00,582.8631482231696
7650,2023-12-09 17:00:00,607.2431634627515
7651,2023-12-09 18:00:00,570.8940043222046
7652,2023-12-09 19:00:00,477.00581414868805
7653,2023-12-09 20:00:00,346.7079637612852
7654,2023-12-09 21:00:00,207.30000747824585
7655,2023-12-09 22:00:00,83.55836302114724
7656,2023-12-09 23:00:00,-7.592442888772382
7657,2023-12-10 00:00:00,-61.55411222183312
7658,2023-12-10 01:00:00,-88.29260359419908
7659,2023-12-10 02:00:00,-107.22582551900143
7660,2023-12-10 03:00:00,-133.3594366652112
7661,2023-12-10 04:00:00,-162.7610611086692
7662,2023-12-10 05:00:00,-170.6027265921976
7663,2023-12-10 06:00:00,-127.74511089889711
7664,2023-12-10 07:00:00,-26.041540680043454
7665,2023-12-10 08:00:00,107.83607814545377
7666,2023-12-10 09:00:00,223.97285135064527
7667,2023-12-10 10:00:00,280.3946016128887
7668,2023-12-10 11:00:00,271.15421241889294
7669,2023-12-10 12:00:00,229.62373918349758
7670,2023-12-10 13:00:00,204.20797901711626
7671,2023-12-10 14:00:00,224.86223567221214
7672,2023-12-10 15:00:00,284.7227821229935
7673,2023-12-10 16:00:00,347.8659662925523
7674,2023-12-10 17:00:00,374.06427271126915
7675,2023-12-10 18:00:00,341.2459897284078
7676,2023-12-10 19:00:00,252.54304540315258
7677,2023-12-10 20:00:00,129.01061728507878
7678,2023-12-10 21:00:00,-2.140986086573321
7679,2023-12-10 22:00:00,-116.2385546318755
7680,2023-12-10 23:00:00,-196.4734887712093
7681,2023-12-11 00:00:00,-26.294999258268035
7682,2023-12-11 01:00:00,-39.96567271006836
7683,2023-12-11 02:00:00,-44.96901089926706
7684,2023-12-11 03:00:00,-56.46258509358455
7685,2023-12-11 04:00:00,-70.67074855052954
7686,2023-12-11 05:00:00,-62.92529021663438
7687,2023-12-11 06:00:00,-4.2478770561766055
7688,2023-12-11 07:00:00,113.34774913387997
7689,2023-12-11 08:00:00,263.0316199107734
7690,2023-12-11 09:00:00,394.73486539816827
7691,2023-12-11 10:00:00,466.3350888151744
7692,2023-12-11 11:00:00,471.7442956287431
7693,2023-12-11 12:00:00,444.20248716131357
7694,2023-12-11 13:00:00,431.99259329259814
7695,2023-12-11 14:00:00,464.95946517316145
7696,2023-12-11 15:00:00,536.1414168211843
7697,2023-12-11 16:00:00,609.5302491030171
7698,2023-12-11 17:00:00,644.8280591996205
7699,2023-12-11 18:00:00,619.9074775412175
7700,2023-12-11 19:00:00,537.8598897816495
7701,2023-12-11 20:00:00,419.71524605191513
7702,2023-12-11 21:00:00,292.6739544766387
7703,2023-12-11 22:00:00,181.41447767334273
7704,2023-12-11 23:00:00,102.76546469058886
7705,2023-12-12 00:00:00,61.2322599683001
7706,2023-12-12 01:00:00,46.75967378500957
7707,2023-12-12 02:00:00,39.8450312952705
7708,2023-12-12 03:00:00,25.403051147525957
7709,2023-12-12 04:00:00,7.292239332583563
7710,2023-12-12 05:00:00,10.272984783809648
7711,2023-12-12 06:00:00,63.42376707374919
7712,2023-12-12 07:00:00,174.83752838366067
7713,2023-12-12 08:00:00,317.79602805242723
7714,2023-12-12 09:00:00,442.3456312817931
7715,2023-12-12 10:00:00,506.4811243597236
7716,2023-12-12 11:00:00,504.2320817152257
7717,2023-12-12 12:00:00,468.9613210219389
7718,2023-12-12 13:00:00,449.059111004385
7719,2023-12-12 14:00:00,474.47992809786564
7720,2023-12-12 15:00:00,538.3662161553865
7721,2023-12-12 16:00:00,604.8071248480406
7722,2023-12-12 17:00:00,633.594141052974
7723,2023-12-12 18:00:00,602.6802697100978
7724,2023-12-12 19:00:00,515.227334463048
7725,2023-12-12 20:00:00,392.3250113497491
7726,2023-12-12 21:00:00,261.22210149142745
7727,2023-12-12 22:00:00,146.63366855293168
7728,2023-12-12 23:00:00,65.4128780729549
7729,2023-12-13 00:00:00,22.077383059866804
7730,2023-12-13 01:00:00,6.572140620464779
7731,2023-12-13 02:00:00,-0.6173251348621989
7732,2023-12-13 03:00:00,-14.59966688079777
7733,2023-12-13 04:00:00,-31.550785094417336
7734,2023-12-13 05:00:00,-26.755047985552267
7735,2023-12-13 06:00:00,28.81173986158484
7736,2023-12-13 07:00:00,143.1796603701959
7737,2023-12-13 08:00:00,289.560101085337
7738,2023-12-13 09:00:00,417.92270703988027
7739,2023-12-13 10:00:00,486.18044146290515
7740,2023-12-13 11:00:00,488.27726325447736
7741,2023-12-13 12:00:00,457.4815329644267
7742,2023-12-13 13:00:00,442.1008228997787
7743,2023-12-13 14:00:00,472.00085228843886
7744,2023-12-13 15:00:00,540.237035351902
7745,2023-12-13 16:00:00,610.8145741344235
7746,2023-12-13 17:00:00,643.445396326749
7747,2023-12-13 18:00:00,616.0085767530236
7748,2023-12-13 19:00:00,531.5987956212327
7749,2023-12-13 20:00:00,411.24643095282886
7750,2023-12-13 21:00:00,282.1497764450058
7751,2023-12-13 22:00:00,168.9829975106199
7752,2023-12-13 23:00:00,88.56865103113253
7753,2023-12-14 00:00:00,45.404603737695226
7754,2023-12-14 01:00:00,29.427226306670462
7755,2023-12-14 02:00:00,21.124872833587403
7756,2023-12-14 03:00:00,5.4031893025062345
7757,2023-12-14 04:00:00,-13.888070763047324
7758,2023-12-14 05:00:00,-11.996544117077917
7759,2023-12-14 06:00:00,40.149334152029695
7760,2023-12-14 07:00:00,150.63705799094606
7761,2023-12-14 08:00:00,292.7447252200904
7762,2023-12-14 09:00:00,416.5171058229917
7763,2023-12-14 10:00:00,479.9496909332454
7764,2023-12-14 11:00:00,477.0752436266503
7765,2023-12-14 12:00:00,441.2559777793685
7766,2023-12-14 13:00:00,420.89705655664136
7767,2023-12-14 14:00:00,445.964148704192
7768,2023-12-14 15:00:00,509.61354857748495
7769,2023-12-14 16:00:00,575.9508106325347
7770,2023-12-14 17:00:00,604.7862179833802
7771,2023-12-14 18:00:00,574.0937432478441
7772,2023-12-14 19:00:00,487.058074418599
7773,2023-12-14 20:00:00,364.7933224267449
7774,2023-12-14 21:00:00,234.5739205393672
7775,2023-12-14 22:00:00,121.14134622773949
7776,2023-12-14 23:00:00,41.375508260795726
7777,2023-12-15 00:00:00,-0.17935030600062873
7778,2023-12-15 01:00:00,-13.552341836418975
7779,2023-12-15 02:00:00,-18.233193911598676
7780,2023-12-15 03:00:00,-29.30752471237986
7781,2023-12-15 04:00:00,-42.93044667058035
7782,2023-12-15 05:00:00,-34.36831209169526
7783,2023-12-15 06:00:00,25.417807461999075
7784,2023-12-15 07:00:00,144.4689561437781
7785,2023-12-15 08:00:00,296.00325572873817
7786,2023-12-15 09:00:00,429.9924384144681
7787,2023-12-15 10:00:00,504.34653360918503
7788,2023-12-15 11:00:00,513.0012233690754
7789,2023-12-15 12:00:00,489.21098424637563
7790,2023-12-15 13:00:00,481.2636964075927
7791,2023-12-15 14:00:00,518.999445704381
7792,2023-12-15 15:00:00,595.4420102908238
7793,2023-12-15 16:00:00,674.5589665343152
7794,2023-12-15 17:00:00,716.0187165587583
7795,2023-12-15 18:00:00,697.6510769739926
7796,2023-12-15 19:00:00,622.4959821299908
7797,2023-12-15 20:00:00,511.52389821043107
7798,2023-12-15 21:00:00,391.8684375703201
7799,2023-12-15 22:00:00,288.13478307106277
7800,2023-12-15 23:00:00,217.0727441295664
7801,2023-12-16 00:00:00,-28.975484508918782
7802,2023-12-16 01:00:00,-35.992435808271296
7803,2023-12-16 02:00:00,-35.649737158659946
7804,2023-12-16 03:00:00,-43.12301439626191
7805,2023-12-16 04:00:00,-54.64404783987055
7806,2023-12-16 05:00:00,-45.54145549273534
7807,2023-12-16 06:00:00,13.176731954347531
7808,2023-12-16 07:00:00,129.52064054100867
7809,2023-12-16 08:00:00,276.6940695282507
7810,2023-12-16 09:00:00,404.67139101090277
7811,2023-12-16 10:00:00,471.38241047594636
7812,2023-12-16 11:00:00,470.7996994521459
7813,2023-12-16 12:00:00,436.23151734040863
7814,2023-12-16 13:00:00,416.03600473190875
7815,2023-12-16 14:00:00,440.13937787882224
7816,2023-12-16 15:00:00,501.6666219825883
7817,2023-12-16 16:00:00,564.7006267092868
7818,2023-12-16 17:00:00,589.0380767761749
7819,2023-12-16 18:00:00,552.6487499079645
7820,2023-12-16 19:00:00,458.7227900217654
7821,2023-12-16 20:00:00,328.3895682484291
7822,2023-12-16 21:00:00,188.94863898948648
7823,2023-12-16 22:00:00,65.1764197821405
7824,2023-12-16 23:00:00,-26.00256308257366
7825,2023-12-17 00:00:00,-79.99001226121999
7826,2023-12-17 01:00:00,-106.75188728846683
7827,2023-12-17 02:00:00,-125.70609787027757
7828,2023-12-17 03:00:00,-151.85830410133258
7829,2023-12-17 04:00:00,-181.27613173763228
7830,2023-12-17 05:00:00,-189.13161044891956
7831,2023-12-17 06:00:00,-146.28542020561304
7832,2023-12-17 07:00:00,-44.59089008265556
7833,2023-12-17 08:00:00,89.2800713237404
7834,2023-12-17 09:00:00,205.4125668762477
7835,2023-12-17 10:00:00,261.8324160598617
7836,2023-12-17 11:00:00,252.59249895115414
7837,2023-12-17 12:00:00,211.06486730165443
7838,2023-12-17 13:00:00,185.6543142978614
7839,2023-12-17 14:00:00,206.31613954576127
7840,2023-12-17 15:00:00,266.1866116053716
7841,2023-12-17 16:00:00,329.34207376566513
7842,2023-12-17 17:00:00,355.5550056459167
7843,2023-12-17 18:00:00,322.7536904713958
7844,2023-12-17 19:00:00,234.0700509247894
7845,2023-12-17 20:00:00,110.5592589051193
7846,2023-12-17 21:00:00,-20.56838288143075
7847,2023-12-17 22:00:00,-134.63967047076056
7848,2023-12-17 23:00:00,-214.8460106290284
7849,2023-12-18 00:00:00,-44.63662070086764
7850,2023-12-18 01:00:00,-58.27409411232901
7851,2023-12-18 02:00:00,-63.241939712252076
7852,2023-12-18 03:00:00,-74.69773606177478
7853,2023-12-18 04:00:00,-88.86584395310945
7854,2023-12-18 05:00:00,-81.07806010103673
7855,2023-12-18 06:00:00,-22.356059481270904
7856,2023-12-18 07:00:00,95.28640787227059
7857,2023-12-18 08:00:00,245.01936505504455
7858,2023-12-18 09:00:00,376.77393347657244
7859,2023-12-18 10:00:00,448.4277074269502
7860,2023-12-18 11:00:00,453.89268321130055
7861,2023-12-18 12:00:00,426.40885276547874
7862,2023-12-18 13:00:00,414.2591363387771
7863,2023-12-18 14:00:00,447.28837524914996
7864,2023-12-18 15:00:00,518.5348734400388
7865,2023-12-18 16:00:00,591.9904214839814
7866,2023-12-18 17:00:00,627.3571060430334
7867,2023-12-18 18:00:00,602.5075468174177
7868,2023-12-18 19:00:00,520.5331184997475
7869,2023-12-18 20:00:00,402.46376004371774
7870,2023-12-18 21:00:00,275.49986816628666
7871,2023-12-18 22:00:00,164.31989389368505
7872,2023-12-18 23:00:00,85.75247443982269
7873,2023-12-19 00:00:00,44.30294220431131
7874,2023-12-19 01:00:00,29.91609521158108
7875,2023-12-19 02:00:00,23.089246155897484
7876,2023-12-19 03:00:00,8.737101009267747
7877,2023-12-19 04:00:00,-9.281847112433525
7878,2023-12-19 05:00:00,-6.207222370897853
7879,2023-12-19 06:00:00,47.039441520165866
7880,2023-12-19 07:00:00,158.55107324278936
7881,2023-12-19 08:00:00,301.60941843696105
7882,2023-12-19 09:00:00,426.26082840342485
7883,2023-12-19 10:00:00,490.50007533890914
7884,2023-12-19 11:00:00,488.3567193718484
7885,2023-12-19 12:00:00,453.1871574347267
7886,2023-12-19 13:00:00,433.3880482021742
7887,2023-12-19 14:00:00,458.913853231287
7888,2023-12-19 15:00:00,522.9070013076557
7889,2023-12-19 16:00:00,589.4566268391011
7890,2023-12-19 17:00:00,618.3542012710462
7891,2023-12-19 18:00:00,587.5527139020052
7892,2023-12-19 19:00:00,500.21397256651454
7893,2023-12-19 20:00:00,377.4276373072689
7894,2023-12-19 21:00:00,246.44249307259997
7895,2023-12-19 22:00:00,131.97358716551676
7896,2023-12-19 23:00:00,50.874068601139356
7897,2023-12-20 00:00:00,7.661573679871026
7898,2023-12-20 01:00:00,-7.718957369457314
7899,2023-12-20 02:00:00,-14.782017483985214
7900,2023-12-20 03:00:00,-28.63627655756045
7901,2023-12-20 04:00:00,-45.457652445053384
7902,2023-12-20 05:00:00,-40.530530919201624
7903,2023-12-20 06:00:00,15.169265737785906
7904,2023-12-20 07:00:00,129.67180156842028
7905,2023-12-20 08:00:00,276.18844608556566
7906,2023-12-20 09:00:00,404.6888261232828
7907,2023-12-20 10:00:00,473.085886594289
7908,2023-12-20 11:00:00,475.32356787465
7909,2023-12-20 12:00:00,444.67021187522516
7910,2023-12-20 13:00:00,429.433372106585
7911,2023-12-20 14:00:00,459.47874885152504
7912,2023-12-20 15:00:00,527.8617372468691
7913,2023-12-20 16:00:00,598.5875200934638
7914,2023-12-20 17:00:00,631.3680057392712
7915,2023-12-20 18:00:00,604.0822494739348
7916,2023-12-20 19:00:00,519.8249118704971
7917,2023-12-20 20:00:00,399.626351172723
7918,2023-12-20 21:00:00,270.68484117118794
7919,2023-12-20 22:00:00,157.6745272331459
7920,2023-12-20 23:00:00,77.41794608044239
7921,2023-12-21 00:00:00,34.41294415143932
7922,2023-12-21 01:00:00,18.59587170966637
7923,2023-12-21 02:00:00,10.455062319216665
7924,2023-12-21 03:00:00,-5.103858689204799
7925,2023-12-21 04:00:00,-24.231158550533166
7926,2023-12-21 05:00:00,-22.17449491218281
7927,2023-12-21 06:00:00,30.137676160063933
7928,2023-12-21 07:00:00,140.79282750870607
7929,2023-12-21 08:00:00,283.06903574857074
7930,2023-12-21 09:00:00,407.0110495514996
7931,2023-12-21 10:00:00,470.61433864753155
7932,2023-12-21 11:00:00,467.91164459683245
7933,2023-12-21 12:00:00,432.2651596718543
7934,2023-12-21 13:00:00,412.0800253372017
7935,2023-12-21 14:00:00,437.3218885448433
7936,2023-12-21 15:00:00,501.14702176910794
7937,2023-12-21 16:00:00,567.6609574914589
7938,2023-12-21 17:00:00,596.6739567832939
7939,2023-12-21 18:00:00,566.1599701159805
7940,2023-12-21 19:00:00,479.3036632707501
7941,2023-12-21 20:00:00,357.219124886261
7942,2023-12-21 21:00:00,227.18076586990762
7943,2023-12-21 22:00:00,113.93004122910148
7944,2023-12-21 23:00:00,34.34683724296258
7945,2023-12-22 00:00:00,-7.024625608924509
7946,2023-12-22 01:00:00,-20.213482342038617
7947,2023-12-22 02:00:00,-24.709483237281574
7948,2023-12-22 03:00:00,-35.598269240046704
7949,2023-12-22 04:00:00,-49.03497560236542
7950,2023-12-22 05:00:00,-40.28597750553564
7951,2023-12-22 06:00:00,19.687630558883882
7952,2023-12-22 07:00:00,138.92686976842006
7953,2023-12-22 08:00:00,290.64983887000733
7954,2023-12-22 09:00:00,424.82824699253945
7955,2023-12-22 10:00:00,499.3721004329801
7956,2023-12-22 11:00:00,508.2170581000122
7957,2023-12-22 12:00:00,484.6175733490018
7958,2023-12-22 13:00:00,476.8615031363851
7959,2023-12-22 14:00:00,514.7889100494754
7960,2023-12-22 15:00:00,591.4235489640115
7961,2023-12-22 16:00:00,670.7329729350416
7962,2023-12-22 17:00:00,712.3855607520991
7963,2023-12-22 18:00:00,694.2111056702231
7964,2023-12-22 19:00:00,619.2495186632543
7965,2023-12-22 20:00:00,508.4712425263211
7966,2023-12-22 21:00:00,389.0098662082091
7967,2023-12-22 22:00:00,285.47054915397183
7968,2023-12-22 23:00:00,214.60307735094733
7969,2023-12-23 00:00:00,-31.250377875028278
7970,2023-12-23 01:00:00,-38.072372937494436
7971,2023-12-23 02:00:00,-37.534558649472615
7972,2023-12-23 03:00:00,-44.812584290047425
7973,2023-12-23 04:00:00,-56.13825360331015
7974,2023-12-23 05:00:00,-46.84020801623467
7975,2023-12-23 06:00:00,12.073498360453868
7976,2023-12-23 07:00:00,128.6129681824518
7977,2023-12-23 08:00:00,275.9819773038198
7978,2023-12-23 09:00:00,404.1548744550455
7979,2023-12-23 10:00:00,471.0614417710948
7980,2023-12-23 11:00:00,470.6742274604473
7981,2023-12-23 12:00:00,436.30146760500014
7982,2023-12-23 13:00:00,416.30127953398943
7983,2023-12-23 14:00:00,440.5998562407546
7984,2023-12-23 15:00:00,502.3221597186757
7985,2023-12-23 16:00:00,565.5510564506999
7986,2023-12-23 17:00:00,590.083208011233
7987,2023-12-23 18:00:00,553.888369023616
7988,2023-12-23 19:00:00,460.1566603415142
7989,2023-12-23 20:00:00,330.01743008486056
7990,2023-12-23 21:00:00,190.77020968444089
7991,2023-12-23 22:00:00,67.19139375954404
7992,2023-12-23 23:00:00,-23.794514269183253
7993,2023-12-24 00:00:00,-77.58923985843853
7994,2023-12-24 01:00:00,-104.15876530942245
7995,2023-12-24 02:00:00,-122.92102301248946
7996,2023-12-24 03:00:00,-148.88169569861964
7997,2023-12-24 04:00:00,-178.10843168837647
7998,2023-12-24 05:00:00,-185.77328315087414
7999,2023-12-24 06:00:00,-142.73695248729302
8000,2023-12-24 07:00:00,-40.85279112902572
8001,2023-12-24 08:00:00,93.20727004195896
8002,2023-12-24 09:00:00,209.52831168257177
8003,2023-12-24 10:00:00,266.13613115115004
8004,2023-12-24 11:00:00,257.08358648216995
8005,2023-12-24 12:00:00,215.74270745886906
8006,2023-12-24 13:00:00,190.51826540298796
8007,2023-12-24 14:00:00,211.36553812441227
8008,2023-12-24 15:00:00,271.420772495177
8009,2023-12-24 16:00:00,334.7602902001206
8010,2023-12-24 17:00:00,361.15654935315604
8011,2023-12-24 18:00:00,328.5378117726549
8012,2023-12-24 19:00:00,240.03597883563532
8013,2023-12-24 20:00:00,116.70620124029881
8014,2023-12-24 21:00:00,-14.241239416970245
8015,2023-12-24 22:00:00,-128.13316014666879
8016,2023-12-24 23:00:00,-208.16098861789544
8017,2023-12-25 00:00:00,-271.43290552977015
8018,2023-12-25 01:00:00,-284.89363977013323
8019,2023-12-25 02:00:00,-289.6856633279046
8020,2023-12-25 03:00:00,-300.96657518116785
8021,2023-12-25 04:00:00,-314.9607564330623
8022,2023-12-25 05:00:00,-307.0000239660998
8023,2023-12-25 06:00:00,-248.1060728130936
8024,2023-12-25 07:00:00,-130.29267293455695
8025,2023-12-25 08:00:00,19.610178963285875
8026,2023-12-25 09:00:00,151.5335846375365
8027,2023-12-25 10:00:00,223.35511883365234
8028,2023-12-25 11:00:00,228.9867584633938
8029,2023-12-25 12:00:00,201.66847620606444
8030,2023-12-25 13:00:00,189.68317319094166
8031,2023-12-25 14:00:00,222.87567175775075
8032,2023-12-25 15:00:00,294.28425701116373
8033,2023-12-25 16:00:00,367.90070084676006
8034,2023-12-25 17:00:00,403.4270713735073
8035,2023-12-25 18:00:00,378.73596990497174
8036,2023-12-25 19:00:00,296.9187528944402
8037,2023-12-25 20:00:00,179.00534121403646
8038,2023-12-25 21:00:00,52.19611363690362
8039,2023-12-25 22:00:00,-58.83049657256282
8040,2023-12-25 23:00:00,-137.245869817556
8041,2023-12-26 00:00:00,55.11425144524259
8042,2023-12-26 01:00:00,40.87676275006433
8043,2023-12-26 02:00:00,34.19790226525055
8044,2023-12-26 03:00:00,19.992359009427616
8045,2023-12-26 04:00:00,2.1186092895281377
8046,2023-12-26 05:00:00,5.33701234096776
8047,2023-12-26 06:00:00,58.72601799287719
8048,2023-12-26 07:00:00,170.3785386422952
8049,2023-12-26 08:00:00,313.5763038481304
8050,2023-12-26 09:00:00,438.36564897303003
8051,2023-12-26 10:00:00,502.7413304656864
8052,2023-12-26 11:00:00,500.73289288907733
8053,2023-12-26 12:00:00,465.70388450956614
8054,2023-12-26 13:00:00,446.0437842238964
8055,2023-12-26 14:00:00,471.7070385721795
8056,2023-12-26 15:00:00,535.8360615073132
8057,2023-12-26 16:00:00,602.5199728046233
8058,2023-12-26 17:00:00,631.5502294468581
8059,2023-12-26 18:00:00,600.8798064746222
8060,2023-12-26 19:00:00,513.6704976539855
8061,2023-12-26 20:00:00,391.01194915725983
8062,2023-12-26 21:00:00,260.152932239146
8063,2023-12-26 22:00:00,145.80848073130326
8064,2023-12-26 23:00:00,64.83173036094641
8065,2023-12-27 00:00:00,21.74030433904676
8066,2023-12-27 01:00:00,6.479130009499897
8067,2023-12-27 02:00:00,-0.46629824823429544
8068,2023-12-27 03:00:00,-14.204662804713337
8069,2023-12-27 04:00:00,-30.911893800608766
8070,2023-12-27 05:00:00,-25.872389068607333
8071,2023-12-27 06:00:00,29.938017241865566
8072,2023-12-27 07:00:00,144.5493775173354
8073,2023-12-27 08:00:00,291.17304981460234
8074,2023-12-27 09:00:00,419.7786497600581
8075,2023-12-27 10:00:00,488.27911121493446
8076,2023-12-27 11:00:00,490.61836375177927
8077,2023-12-27 12:00:00,460.06473868832745
8078,2023-12-27 13:00:00,444.92577914364915
8079,2023-12-27 14:00:00,475.0671752397019
8080,2023-12-27 15:00:00,543.544312159835
8081,2023-12-27 16:00:00,614.3623629706881
8082,2023-12-27 17:00:00,647.2332265026866
8083,2023-12-27 18:00:00,620.0359487586297
8084,2023-12-27 19:00:00,535.8651812325958
8085,2023-12-27 20:00:00,415.75127330769055
8086,2023-12-27 21:00:00,286.8924901528088
8087,2023-12-27 22:00:00,173.96296872300556
8088,2023-12-27 23:00:00,93.78523755480262
8089,2023-12-28 00:00:00,50.85713512059718
8090,2023-12-28 01:00:00,35.115003961833594
8091,2023-12-28 02:00:00,27.047170119852694
8092,2023-12-28 03:00:00,11.559251647845088
8093,2023-12-28 04:00:00,-7.499025744668415
8094,2023-12-28 05:00:00,-5.375326530412565
8095,2023-12-28 06:00:00,47.001886617682715
8096,2023-12-28 07:00:00,157.72008017492604
8097,2023-12-28 08:00:00,300.0573246228576
8098,2023-12-28 09:00:00,424.0583627121382
8099,2023-12-28 10:00:00,487.718658496493
8100,2023-12-28 11:00:00,485.0709480878032
8101,2023-12-28 12:00:00,449.47741854621415
8102,2023-12-28 13:00:00,429.34320633714816
8103,2023-12-28 14:00:00,454.6339536728788
8104,2023-12-28 15:00:00,518.5059285021665
8105,2023-12-28 16:00:00,585.0646590187084
8106,2023-12-28 17:00:00,614.1204022378872
8107,2023-12-28 18:00:00,583.6471048178787
8108,2023-12-28 19:00:00,496.8294289513197
8109,2023-12-28 20:00:00,374.7814599155503
8110,2023-12-28 21:00:00,244.77760551208655
8111,2023-12-28 22:00:00,131.55931786184902
8112,2023-12-28 23:00:00,52.0064805948584
8113,2023-12-29 00:00:00,10.663311772597694
8114,2023-12-29 01:00:00,-2.4993257874263577
8115,2023-12-29 02:00:00,-6.971184320665202
8116,2023-12-29 03:00:00,-17.83790647651483
8117,2023-12-29 04:00:00,-31.254628978403105
8118,2023-12-29 05:00:00,-22.48772824682669
8119,2023-12-29 06:00:00,37.501700219801734
8120,2023-12-29 07:00:00,156.75467683294787
8121,2023-12-29 08:00:00,308.4892998140936
8122,2023-12-29 09:00:00,442.6772779841459
8123,2023-12-29 10:00:00,517.2286175802521
8124,2023-12-29 11:00:00,526.0789776836061
8125,2023-12-29 12:00:00,502.48281205864544
8126,2023-12-29 13:00:00,494.72797828993396
8127,2023-12-29 14:00:00,532.6545398507977
8128,2023-12-29 15:00:00,609.2862527192082
8129,2023-12-29 16:00:00,688.5906712907628
8130,2023-12-29 17:00:00,730.2361759261418
8131,2023-12-29 18:00:00,712.052561695424
8132,2023-12-29 19:00:00,637.0797416073142
8133,2023-12-29 20:00:00,526.288160720844
8134,2023-12-29 21:00:00,406.81141049746554
8135,2023-12-29 22:00:00,303.2546531121206
8136,2023-12-29 23:00:00,232.36767751542172
8137,2023-12-30 00:00:00,-13.507341776935789
8138,2023-12-30 01:00:00,-20.352957741195837
8139,2023-12-30 02:00:00,-19.84081755109446
8140,2023-12-30 03:00:00,-27.146566599161986
8141,2023-12-30 04:00:00,-38.50200451976929
8142,2023-12-30 05:00:00,-29.235768403018824
8143,2023-12-30 06:00:00,29.644092202567833
8144,2023-12-30 07:00:00,146.1476847376897
8145,2023-12-30 08:00:00,293.47879008155456
8146,2023-12-30 09:00:00,421.6117621853592
8147,2023-12-30 10:00:00,488.4763886695317
8148,2023-12-30 11:00:00,488.0452234098345
8149,2023-12-30 12:00:00,453.6265084025115
8150,2023-12-30 13:00:00,433.57836710657097
8151,2023-12-30 14:00:00,457.8269988612566
8152,2023-12-30 15:00:00,519.4973722329723
8153,2023-12-30 16:00:00,582.6723604845606
8154,2023-12-30 17:00:00,607.1486322095052
8155,2023-12-30 18:00:00,570.8959492407287
8156,2023-12-30 19:00:00,477.10443987516794
8157,2023-12-30 20:00:00,346.9034598855268
8158,2023-12-30 21:00:00,207.59254857385298
8159,2023-12-30 22:00:00,83.94810863011833
8160,2023-12-30 23:00:00,-7.105348225895284
8161,2023-12-31 00:00:00,-60.96953895189387
8162,2023-12-31 01:00:00,-87.6104371373853
8163,2023-12-31 02:00:00,-106.44596625059467
8164,2023-12-31 03:00:00,-132.4817998994522
8165,2023-12-31 04:00:00,-161.7855770605533
8166,2023-12-31 05:00:00,-169.52934038065013
8167,2023-12-31 06:00:00,-126.5737825048576
8168,2023-12-31 07:00:00,-24.77224492527381
8169,2023-12-31 08:00:00,109.20335162130246
8170,2023-12-31 09:00:00,225.43809813504788
8171,2023-12-31 10:00:00,281.9578025252367
8172,2023-12-31 11:00:00,272.8153335617213
8173,2023-12-31 12:00:00,231.38273196792136
8174,2023-12-31 13:00:00,206.0647801971386
8175,2023-12-31 14:00:00,226.8167673802617
8176,2023-12-31 15:00:00,286.7749519157249
8177,2023-12-31 16:00:00,350.015667179035
8178,2023-12-31 17:00:00,376.31138319590013
8179,2023-12-31 18:00:00,343.5903738596696
8180,2023-12-31 19:00:00,254.9845528086415
8181,2023-12-31 20:00:00,131.54908320599063
8182,2023-12-31 21:00:00,0.4942592819543279
8183,2023-12-31 22:00:00,-113.50672316406752
8184,2023-12-31 23:00:00,-193.6452787988771
8185,2024-01-01 00:00:00,-293.7667787499139
8186,2024-01-01 01:00:00,-307.3415313545121
8187,2024-01-01 02:00:00,-312.2491986746105
8188,2024-01-01 03:00:00,-323.6473659923199
8189,2024-01-01 04:00:00,-337.7604005338543
8190,2024-01-01 05:00:00,-329.9201051545765
8191,2024-01-01 06:00:00,-271.14816066770356
8192,2024-01-01 07:00:00,-153.45832266446234
8193,2024-01-01 08:00:00,-3.680573313400032
8194,2024-01-01 09:00:00,128.11620384183612
8195,2024-01-01 10:00:00,199.80959841712604
8196,2024-01-01 11:00:00,205.3116023384398
8197,2024-01-01 12:00:00,177.8622034672518
8198,2024-01-01 13:00:00,165.74431826749594
8199,2024-01-01 14:00:00,198.80278456566452
8200,2024-01-01 15:00:00,270.07590310950127
8201,2024-01-01 16:00:00,343.5554615759843
8202,2024-01-01 17:00:00,378.94354402730676
8203,2024-01-01 18:00:00,354.1127678481382
8204,2024-01-01 19:00:00,272.15450572564737
8205,2024-01-01 20:00:00,154.09869490350894
8206,2024-01-01 21:00:00,27.145730668774377
8207,2024-01-01 22:00:00,-84.02593707191863
8208,2024-01-01 23:00:00,-162.58767192628483
8209,2024-01-02 00:00:00,66.36200415944984
8210,2024-01-02 01:00:00,51.97559658006537
8211,2024-01-02 02:00:00,45.14656428550455
8212,2024-01-02 03:00:00,30.789613606117257
8213,2024-01-02 04:00:00,12.763238292486903
8214,2024-01-02 05:00:00,15.827815128907162
8215,2024-01-02 06:00:00,69.06181164201516
8216,2024-01-02 07:00:00,180.55815802999888
8217,2024-01-02 08:00:00,323.5986017727105
8218,2024-01-02 09:00:00,448.22949627171175
8219,2024-01-02 10:00:00,512.4456161270609
8220,2024-01-02 11:00:00,510.27652417449565
8221,2024-01-02 12:00:00,475.07862032451555
8222,2024-01-02 13:00:00,455.24856654620817
8223,2024-01-02 14:00:00,480.74082795330844
8224,2024-01-02 15:00:00,544.6978371937369
8225,2024-01-02 16:00:00,611.2087328296775
8226,2024-01-02 17:00:00,640.064990731878
8227,2024-01-02 18:00:00,609.2196049269276
8228,2024-01-02 19:00:00,521.8343882567273
8229,2024-01-02 20:00:00,398.9990060680188
8230,2024-01-02 21:00:00,267.96224887503143
8231,2024-01-02 22:00:00,153.43916985693693
8232,2024-01-02 23:00:00,72.2829241698777
8233,2024-01-03 00:00:00,29.011154551567984
8234,2024-01-03 01:00:00,13.56880792913887
8235,2024-01-03 02:00:00,6.441398368712498
8236,2024-01-03 03:00:00,-7.47973675555869
8237,2024-01-03 04:00:00,-24.370507755959466
8238,2024-01-03 05:00:00,-19.515292568175596
8239,2024-01-03 06:00:00,36.110094623621364
8240,2024-01-03 07:00:00,150.53572624210003
8241,2024-01-03 08:00:00,296.9729804383778
8242,2024-01-03 09:00:00,425.39149299981193
8243,2024-01-03 10:00:00,493.70421800881877
8244,2024-01-03 11:00:00,495.85510531995624
8245,2024-01-03 12:00:00,465.11250657599464
8246,2024-01-03 13:00:00,449.7839852940641
8247,2024-01-03 14:00:00,479.7352520241277
8248,2024-01-03 15:00:00,548.0217124357732
8249,2024-01-03 16:00:00,618.6485601405143
8250,2024-01-03 17:00:00,651.3277145290724
8251,2024-01-03 18:00:00,623.9382422274471
8252,2024-01-03 19:00:00,539.5748153879172
8253,2024-01-03 20:00:00,419.2678040782447
8254,2024-01-03 21:00:00,290.21549420417705
8255,2024-01-03 22:00:00,177.09204347595914
8256,2024-01-03 23:00:00,96.72000121397929
8257,2024-01-04 00:00:00,53.59722671797849
8258,2024-01-04 01:00:00,37.6600833555313
8259,2024-01-04 02:00:00,29.396918042571485
8260,2024-01-04 03:00:00,13.713369708450841
8261,2024-01-04 04:00:00,-5.540815033414447
8262,2024-01-04 05:00:00,-3.613279739296331
8263,2024-01-04 06:00:00,48.567533845991704
8264,2024-01-04 07:00:00,159.08911313960917
8265,2024-01-04 08:00:00,301.2295495683113
8266,2024-01-04 09:00:00,425.03360683755415
8267,2024-01-04 10:00:00,488.4967699592195
8268,2024-01-04 11:00:00,485.65179600896204
8269,2024-01-04 12:00:00,449.8608929927801
8270,2024-01-04 13:00:00,429.5292183453064
8271,2024-01-04 14:00:00,454.6224352147924
8272,2024-01-04 15:00:00,518.2968324975318
8273,2024-01-04 16:00:00,584.6579593137768
8274,2024-01-04 17:00:00,613.5160935949208
8275,2024-01-04 18:00:00,582.8452029035448
8276,2024-01-04 19:00:00,495.8299703123123
8277,2024-01-04 20:00:00,373.5845019755418
8278,2024-01-04 21:00:00,243.3832265098825
8279,2024-01-04 22:00:00,129.96761687814285
8280,2024-01-04 23:00:00,50.21757749201345
8281,2024-01-05 00:00:00,8.67734717402584
8282,2024-01-05 01:00:00,-4.682190531792116
8283,2024-01-05 02:00:00,-9.350767157675136
8284,2024-01-05 03:00:00,-20.414004695414576
8285,2024-01-05 04:00:00,-34.02701925593874
8286,2024-01-05 05:00:00,-25.456166667903858
8287,2024-01-05 06:00:00,34.337478105153025
8288,2024-01-05 07:00:00,153.39495596613156
8289,2024-01-05 08:00:00,304.93438557746714
8290,2024-01-05 09:00:00,438.92749616709546
8291,2024-01-05 10:00:00,513.2843143044654
8292,2024-01-05 11:00:00,521.9405193625967
8293,2024-01-05 12:00:00,498.1505853417516
8294,2024-01-05 13:00:00,490.2023899999962
8295,2024-01-05 14:00:00,527.9360169236033
8296,2024-01-05 15:00:00,604.3752421359779
8297,2024-01-05 16:00:00,683.4876400300095
8298,2024-01-05 17:00:00,724.9416108709711
8299,2024-01-05 18:00:00,706.5669695821027
8300,2024-01-05 19:00:00,631.4036489486359
8301,2024-01-05 20:00:00,520.4221137364119
8302,2024-01-05 21:00:00,400.7559750212831
8303,2024-01-05 22:00:00,297.0104145365749
8304,2024-01-05 23:00:00,225.93524070036597
8305,2024-01-06 00:00:00,-20.127352591336432
8306,2024-01-06 01:00:00,-27.15989901250981
8307,2024-01-06 02:00:00,-26.83402652256723
8308,2024-01-06 03:00:00,-34.32536138409495
8309,2024-01-06 04:00:00,-45.865684206764456
8310,2024-01-06 05:00:00,-36.78361312942809
8311,2024-01-06 06:00:00,21.912821146470094
8312,2024-01-06 07:00:00,138.2337448077844
8313,2024-01-06 08:00:00,285.3829573814146
8314,2024-01-06 09:00:00,413.3348313823586
8315,2024-01-06 10:00:00,480.01917286685875
8316,2024-01-06 11:00:00,479.4085540561093
8317,2024-01-06 12:00:00,444.81123518576874
8318,2024-01-06 13:00:00,424.5853578415704
8319,2024-01-06 14:00:00,448.65713937968746
8320,2024-01-06 15:00:00,510.15156626623406
8321,2024-01-06 16:00:00,573.1515295646732
8322,2024-01-06 17:00:00,597.4537155306782
8323,2024-01-06 18:00:00,561.0279035577386
8324,2024-01-06 19:00:00,467.0642393784791
8325,2024-01-06 20:00:00,336.69209608463376
8326,2024-01-06 21:00:00,197.21103015401718
8327,2024-01-06 22:00:00,73.39746135431315
8328,2024-01-06 23:00:00,-17.824081660638114
8329,2024-01-07 00:00:00,-71.8552990425357
8330,2024-01-07 01:00:00,-98.66214770289969
8331,2024-01-07 02:00:00,-117.66253456496509
8332,2024-01-07 03:00:00,-143.86211682019297
8333,2024-01-07 04:00:00,-173.32851718333256
8334,2024-01-07 05:00:00,-181.2337621504418
8335,2024-01-07 06:00:00,-138.4385283733506
8336,2024-01-07 07:00:00,-36.796141487548994
8337,2024-01-07 08:00:00,97.02149348016653
8338,2024-01-07 09:00:00,213.09948311249386
8339,2024-01-07 10:00:00,269.4636507328312
8340,2024-01-07 11:00:00,260.16688039056567
8341,2024-01-07 12:00:00,218.58122793992789
8342,2024-01-07 13:00:00,193.11149081222226
8343,2024-01-07 14:00:00,213.71297296365117
8344,2024-01-07 15:00:00,273.5219474624143
8345,2024-01-07 16:00:00,336.61476221200405
8346,2024-01-07 17:00:00,362.76390158839394
8347,2024-01-07 18:00:00,329.8976536938237
8348,2024-01-07 19:00:00,241.14794621084877
8349,2024-01-07 20:00:00,117.56995618760266
8350,2024-01-07 21:00:00,-13.626008415693207
8351,2024-01-07 22:00:00,-127.76673826555731
8352,2024-01-07 23:00:00,-208.0436346079543
8353,2024-01-08 00:00:00,-37.9059091592203
8354,2024-01-08 01:00:00,-51.616149580897115
8355,2024-01-08 02:00:00,-56.65785885527578
8356,2024-01-08 03:00:00,-68.18860953688517
8357,2024-01-08 04:00:00,-82.43275629998396
8358,2024-01-08 05:00:00,-74.72208961829512
8359,2024-01-08 06:00:00,-16.078278105520724
8360,2024-01-08 07:00:00,101.48493467999279
8361,2024-01-08 08:00:00,251.13757843534006
8362,2024-01-08 09:00:00,382.8107812826771
8363,2024-01-08 10:00:00,454.38214434365466
8364,2024-01-08 11:00:00,459.7636708667353
8365,2024-01-08 12:00:00,432.1953598597444
8366,2024-01-08 13:00:00,419.96013873521895
8367,2024-01-08 14:00:00,452.9028561100147
8368,2024-01-08 15:00:00,524.0618233225978
8369,2024-01-08 16:00:00,597.428838460909
8370,2024-01-08 17:00:00,632.7059958108468
8371,2024-01-08 18:00:00,607.7659228054891
8372,2024-01-08 19:00:00,525.700001982339
8373,2024-01-08 20:00:00,407.53818024241934
8374,2024-01-08 21:00:00,280.4808623618932
8375,2024-01-08 22:00:00,169.2065075309815
8376,2024-01-08 23:00:00,90.54376123938624
8377,2024-01-09 00:00:00,48.99796424253711
8378,2024-01-09 01:00:00,34.51392306272618
8379,2024-01-09 02:00:00,27.588958960896605
8380,2024-01-09 03:00:00,13.137786599465755
8381,2024-01-09 04:00:00,-4.981092133095046
8382,2024-01-09 05:00:00,-2.007292509403271
8383,2024-01-09 06:00:00,51.137660730192266
8384,2024-01-09 07:00:00,162.54670535130336
8385,2024-01-09 08:00:00,305.50159618024577
8386,2024-01-09 09:00:00,430.0486937702001
8387,2024-01-09 10:00:00,494.1827796840718
8388,2024-01-09 11:00:00,491.9412385615169
8389,2024-01-09 12:00:00,456.6726645388052
8390,2024-01-09 13:00:00,436.77372593535176
8391,2024-01-09 14:00:00,462.19889404286005
8392,2024-01-09 15:00:00,526.0906074694419
8393,2024-01-09 16:00:00,592.5380105410833
8394,2024-01-09 17:00:00,621.3325846903222
8395,2024-01-09 18:00:00,590.4273293135132
8396,2024-01-09 19:00:00,502.9840624121972
8397,2024-01-09 20:00:00,380.0924542841391
8398,2024-01-09 21:00:00,249.00130021340786
8399,2024-01-09 22:00:00,134.42565793088116
8400,2024-01-09 23:00:00,53.21868694577839
8401,2024-01-10 00:00:00,9.898034141949324
8402,2024-01-10 01:00:00,-5.591349592413167
8403,2024-01-10 02:00:00,-12.763946458651503
8404,2024-01-10 03:00:00,-26.728415535608292
8405,2024-01-10 04:00:00,-43.66066379605229
8406,2024-01-10 05:00:00,-38.84506603719967
8407,2024-01-10 06:00:00,16.74256648152692
8408,2024-01-10 07:00:00,131.13230891414236
8409,2024-01-10 08:00:00,277.5355419463642
8410,2024-01-10 09:00:00,405.921903676313
8411,2024-01-10 10:00:00,474.2043503094735
8412,2024-01-10 11:00:00,476.32683361868504
8413,2024-01-10 12:00:00,445.5577069576052
8414,2024-01-10 13:00:00,430.2045353473973
8415,2024-01-10 14:00:00,460.13303065250227
8416,2024-01-10 15:00:00,528.3985996455057
8417,2024-01-10 16:00:00,599.0064368346143
8418,2024-01-10 17:00:00,631.6684623108827
8419,2024-01-10 18:00:00,604.2637431997796
8420,2024-01-10 19:00:00,519.8869519424621
8421,2024-01-10 20:00:00,399.5684587004654
8422,2024-01-10 21:00:00,270.5065492796062
8423,2024-01-10 22:00:00,157.3753810758434
8424,2024-01-10 23:00:00,76.99750289029697
8425,2024-01-11 00:00:00,33.8707733248832
8426,2024-01-11 01:00:00,17.93155483171148
8427,2024-01-11 02:00:00,9.668193218054398
8428,2024-01-11 03:00:00,-6.013673897553758
8429,2024-01-11 04:00:00,-25.26430140167463
8430,2024-01-11 05:00:00,-23.331334569795672
8431,2024-01-11 06:00:00,28.856782962861985
8432,2024-01-11 07:00:00,139.38753650838603
8433,2024-01-11 08:00:00,281.53901519638777
8434,2024-01-11 09:00:00,405.35598023750947
8435,2024-01-11 10:00:00,468.83391396269104
8436,2024-01-11 11:00:00,466.00557055891954
8437,2024-01-11 12:00:00,430.23315495882434
8438,2024-01-11 13:00:00,409.92182132695336
8439,2024-01-11 14:00:00,435.03722934771713
8440,2024-01-11 15:00:00,498.73566426452805
8441,2024-01-11 16:00:00,565.1226713453065
8442,2024-01-11 17:00:00,594.008524498382
8443,2024-01-11 18:00:00,563.3671870475885
8444,2024-01-11 19:00:00,476.38333765598145
8445,2024-01-11 20:00:00,354.1710778754606
8446,2024-01-11 21:00:00,224.0048315354268
8447,2024-01-11 22:00:00,110.626066613939
8448,2024-01-11 23:00:00,30.914682370659705
8449,2024-01-12 00:00:00,-10.585087728400424
8450,2024-01-12 01:00:00,-23.902365662010766
8451,2024-01-12 02:00:00,-28.526888676740157
8452,2024-01-12 03:00:00,-39.544284662111295
8453,2024-01-12 04:00:00,-53.10967579042034
8454,2024-01-12 05:00:00,-44.48942416564785
8455,2024-01-12 06:00:00,15.355388830709387
8456,2024-01-12 07:00:00,134.46579747722257
8457,2024-01-12 08:00:00,286.05991367390754
8458,2024-01-12 09:00:00,420.109459657965
8459,2024-01-12 10:00:00,494.52445487807256
8460,2024-01-12 11:00:00,503.2405713903796
8461,2024-01-12 12:00:00,479.5122757159938
8462,2024-01-12 13:00:00,471.6274379600886
8463,2024-01-12 14:00:00,509.4261338848195
8464,2024-01-12 15:00:00,585.9321315257157
8465,2024-01-12 16:00:00,665.1129971081721
8466,2024-01-12 17:00:00,706.6371225893298
8467,2024-01-12 18:00:00,688.3343143894267
8468,2024-01-12 19:00:00,613.2444966470488
8469,2024-01-12 20:00:00,502.3381253142512
8470,2024-01-12 21:00:00,382.74880249413286
8471,2024-01-12 22:00:00,279.0817007792701
8472,2024-01-12 23:00:00,208.08661930027782
8473,2024-01-13 00:00:00,-37.89425749692106
8474,2024-01-13 01:00:00,-44.84347289142653
8475,2024-01-13 02:00:00,-44.43266459970471
8476,2024-01-13 03:00:00,-51.83746879682201
8477,2024-01-13 04:00:00,-63.28967614718442
8478,2024-01-13 05:00:00,-54.11791501325507
8479,2024-01-13 06:00:00,4.66977355583856
8480,2024-01-13 07:00:00,121.08350523685289
8481,2024-01-13 08:00:00,268.3270688962377
8482,2024-01-13 09:00:00,396.3748262798766
8483,2024-01-13 10:00:00,463.15657248790524
8484,2024-01-13 11:00:00,462.6448686712251
8485,2024-01-13 12:00:00,428.1479638446533
8486,2024-01-13 13:00:00,408.0239882434764
8487,2024-01-13 14:00:00,432.19914774070605
8488,2024-01-13 15:00:00,493.7984171761765
8489,2024-01-13 16:00:00,556.9046758539936
8490,2024-01-13 17:00:00,581.314598156636
8491,2024-01-13 18:00:00,544.9979514520824
8492,2024-01-13 19:00:00,451.1448693392183
8493,2024-01-13 20:00:00,320.884712624117
8494,2024-01-13 21:00:00,181.5170254136893
8495,2024-01-13 22:00:00,57.81821495368055
8496,2024-01-13 23:00:00,-33.28720274083196
8497,2024-01-14 00:00:00,-87.20094056551989
8498,2024-01-14 01:00:00,-113.8889683150752
8499,2024-01-14 02:00:00,-132.76920588913305
8500,2024-01-14 03:00:00,-158.84732358451436
8501,2024-01-14 04:00:00,-188.19095732502433
8502,2024-01-14 05:00:00,-195.9721469278228
8503,2024-01-14 06:00:00,-153.05158247612377
8504,2024-01-14 07:00:00,-51.28260313989938
8505,2024-01-14 08:00:00,82.66287241151844
8506,2024-01-14 09:00:00,198.86993701664454
8507,2024-01-14 10:00:00,255.3644001555996
8508,2024-01-14 11:00:00,246.1991319382233
8509,2024-01-14 12:00:00,204.74617416895416
8510,2024-01-14 13:00:00,179.41031015671638
8511,2024-01-14 14:00:00,200.14682961705458
8512,2024-01-14 15:00:00,260.0919913044623
8513,2024-01-14 16:00:00,323.3221287094603
8514,2024-01-14 17:00:00,349.6097117102968
8515,2024-01-14 18:00:00,316.88301382695556
8516,2024-01-14 19:00:00,228.27394807321573
8517,2024-01-14 20:00:00,104.83767675105264
8518,2024-01-14 21:00:00,-26.215507009841303
8519,2024-01-14 22:00:00,-140.2124087819558
8520,2024-01-14 23:00:00,-220.3444447990467
8521,2024-01-15 00:00:00,-50.060841818113204
8522,2024-01-15 01:00:00,-63.62420265850011
8523,2024-01-15 02:00:00,-68.51804547465247
8524,2024-01-15 03:00:00,-79.89995810104142
8525,2024-01-15 04:00:00,-93.99431054011819
8526,2024-01-15 05:00:00,-86.13290866687663
8527,2024-01-15 06:00:00,-27.337436551629025
8528,2024-01-15 07:00:00,90.37834672976496
8529,2024-01-15 08:00:00,240.18445529261749
8530,2024-01-15 09:00:00,372.01200162687195
8531,2024-01-15 10:00:00,443.7385711670805
8532,2024-01-15 11:00:00,449.276151426101
8533,2024-01-15 12:00:00,421.86472561316333
8534,2024-01-15 13:00:00,409.78720531579563
8535,2024-01-15 14:00:00,442.8884232572909
8536,2024-01-15 15:00:00,514.2066748549856
8537,2024-01-15 16:00:00,587.7337422253049
8538,2024-01-15 17:00:00,623.171703645326
8539,2024-01-15 18:00:00,598.3931705034188
8540,2024-01-15 19:00:00,516.4895092528657
8541,2024-01-15 20:00:00,398.4906506825607
8542,2024-01-15 21:00:00,271.596983420102
8543,2024-01-15 22:00:00,160.48695047908382
8544,2024-01-15 23:00:00,81.98918114111709
8545,2024-01-16 00:00:00,40.60899994219028
8546,2024-01-16 01:00:00,26.291197138821644
8547,2024-01-16 02:00:00,19.533077728182434
8548,2024-01-16 03:00:00,5.249340073419717
8549,2024-01-16 04:00:00,-12.701530244893377
8550,2024-01-16 05:00:00,-9.559164825703647
8551,2024-01-16 06:00:00,43.7548952535451
8552,2024-01-16 07:00:00,155.3335714071637
8553,2024-01-16 08:00:00,298.4586020978944
8554,2024-01-16 09:00:00,423.1763315195719
8555,2024-01-16 10:00:00,487.48152487073196
8556,2024-01-16 11:00:00,485.40373536194886
8557,2024-01-16 12:00:00,450.2993531041232
8558,2024-01-16 13:00:00,430.565030044103
8559,2024-01-16 14:00:00,456.15522110089347
8560,2024-01-16 15:00:00,520.2123485162879
8561,2024-01-16 16:00:00,586.8255402672023
8562,2024-01-16 17:00:00,615.7862614287874
8563,2024-01-16 18:00:00,585.0474950639594
8564,2024-01-16 19:00:00,497.7710428519299
8565,2024-01-16 20:00:00,375.04655878763083
8566,2024-01-16 21:00:00,244.12282185174308
8567,2024-01-16 22:00:00,129.7148735164316
8568,2024-01-16 23:00:00,48.67585703934964
8569,2024-01-17 00:00:00,5.523403075424142
8570,2024-01-17 01:00:00,-9.797553686883134
8571,2024-01-17 02:00:00,-16.801511621478596
8572,2024-01-17 03:00:00,-30.59714594691934
8573,2024-01-17 04:00:00,-47.36037975826059
8574,2024-01-17 05:00:00,-42.37560392120946
8575,2024-01-17 06:00:00,13.381354258170461
8576,2024-01-17 07:00:00,127.94055392657069
8577,2024-01-17 08:00:00,274.51335979738207
8578,2024-01-17 09:00:00,403.06939405641754
8579,2024-01-17 10:00:00,471.5215970132804
8580,2024-01-17 11:00:00,473.81390460650573
8581,2024-01-17 12:00:00,443.2146544002908
8582,2024-01-17 13:00:00,428.03139567316146
8583,2024-01-17 14:00:00,458.1298245955199
8584,2024-01-17 15:00:00,526.5653323015193
8585,2024-01-17 16:00:00,597.343097720842
8586,2024-01-17 17:00:00,630.1750254055084
8587,2024-01-17 18:00:00,602.940167015086
8588,2024-01-17 19:00:00,518.7331795808226
8589,2024-01-17 20:00:00,398.5844179198974
8590,2024-01-17 21:00:00,269.6921525415938
8591,2024-01-17 22:00:00,156.7305256327307
8592,2024-01-17 23:00:00,76.52207084095903
8593,2024-01-18 00:00:00,33.5646316810774
8594,2024-01-18 01:00:00,17.79455559362873
8595,2024-01-18 02:00:00,9.700173446454187
8596,2024-01-18 03:00:00,-5.81289200346697
8597,2024-01-18 04:00:00,-24.894910442642924
8598,2024-01-18 05:00:00,-22.793541847030895
8599,2024-01-18 06:00:00,29.562755512033675
8600,2024-01-18 07:00:00,140.26145239513409
8601,2024-01-18 08:00:00,282.5806234591996
8602,2024-01-18 09:00:00,406.56501554385943
8603,2024-01-18 10:00:00,470.210096672057
8604,2024-01-18 11:00:00,467.5486068230313
8605,2024-01-18 12:00:00,431.9427368135443
8606,2024-01-18 13:00:00,411.7976267788214
8607,2024-01-18 14:00:00,437.07892246745905
8608,2024-01-18 15:00:00,500.9428952773024
8609,2024-01-18 16:00:00,567.4950767408731
8610,2024-01-18 17:00:00,596.5457271083612
8611,2024-01-18 18:00:00,566.0687961594504
8612,2024-01-18 19:00:00,479.24894910952105
8613,2024-01-18 20:00:00,357.2002741698139
8614,2024-01-18 21:00:00,227.19718191390325
8615,2024-01-18 22:00:00,113.9811271958664
8616,2024-01-18 23:00:00,34.43199624190635
8617,2024-01-19 00:00:00,-6.905990406504316
8618,2024-01-19 01:00:00,-20.06196754024876
8619,2024-01-19 02:00:00,-24.52568510702082
8620,2024-01-19 03:00:00,-35.38278358162347
8621,2024-01-19 04:00:00,-48.78839762267984
8622,2024-01-19 05:00:00,-40.008901680259214
8623,2024-01-19 06:00:00,19.994610603889328
8624,2024-01-19 07:00:00,139.26316140399518
8625,2024-01-19 08:00:00,291.0148505955729
8626,2024-01-19 09:00:00,425.221388534423
8627,2024-01-19 10:00:00,499.79278290293075
8628,2024-01-19 11:00:00,508.66469412319174
8629,2024-01-19 12:00:00,485.09157719725164
8630,2024-01-19 13:00:00,477.3612908287492
8631,2024-01-19 14:00:00,515.3138995270217
8632,2024-01-19 15:00:00,591.9731601861888
8633,2024-01-19 16:00:00,671.3066280235498
8634,2024-01-19 17:00:00,712.982684115934
8635,2024-01-19 18:00:00,694.8311241468816
8636,2024-01-19 19:00:00,619.8918616373091
8637,2024-01-19 20:00:00,509.13534205231963
8638,2024-01-19 21:00:00,389.69515716152165
8639,2024-01-19 22:00:00,286.1764693444281
8640,2024-01-19 23:00:00,215.32906765985805
8641,2024-01-20 00:00:00,-30.504873386830752
8642,2024-01-20 01:00:00,-37.30790685530451
8643,2024-01-20 02:00:00,-36.75168013087932
8644,2024-01-20 03:00:00,-44.011838897650875
8645,2024-01-20 04:00:00,-55.320183192001195
8646,2024-01-20 05:00:00,-46.00535060396817
8647,2024-01-20 06:00:00,12.924608725303472
8648,2024-01-20 07:00:00,129.4798015323304
8649,2024-01-20 08:00:00,276.8640078971
8650,2024-01-20 09:00:00,405.0515809039317
8651,2024-01-20 10:00:00,471.97230715468856
8652,2024-01-20 11:00:00,471.59873944484616
8653,2024-01-20 12:00:00,437.239118592451
8654,2024-01-20 13:00:00,417.25156675916816
8655,2024-01-20 14:00:00,441.56228192564976
8656,2024-01-20 15:00:00,503.2962311667359
8657,2024-01-20 16:00:00,566.5362861971792
8658,2024-01-20 17:00:00,591.0791139309997
8659,2024-01-20 18:00:00,554.8944744497086
8660,2024-01-20 19:00:00,461.17249420580777
8661,2024-01-20 20:00:00,331.04252700422654
8662,2024-01-20 21:00:00,191.80411012950395
8663,2024-01-20 22:00:00,68.2336441423013
8664,2024-01-20 23:00:00,-22.744361466937164
8665,2024-01-21 00:00:00,-76.53162596689435
8666,2024-01-21 01:00:00,-103.0941253511499
8667,2024-01-21 02:00:00,-121.84978558453895
8668,2024-01-21 03:00:00,-147.80428285495623
8669,2024-01-21 04:00:00,-177.02525882298028
8670,2024-01-21 05:00:00,-184.6847588811126
8671,2024-01-21 06:00:00,-141.64347854089124
8672,2024-01-21 07:00:00,-39.75476222772784
8673,2024-01-21 08:00:00,94.30946629558167
8674,2024-01-21 09:00:00,210.6342949188039
8675,2024-01-21 10:00:00,267.24552834608755
8676,2024-01-21 11:00:00,258.1960320697524
8677,2024-01-21 12:00:00,216.8578434416358
8678,2024-01-21 13:00:00,191.63574146171248
8679,2024-01-21 14:00:00,212.4850117240256
8680,2024-01-21 15:00:00,272.54190900539953
8681,2024-01-21 16:00:00,335.8827629851163
8682,2024-01-21 17:00:00,362.28003989023523
8683,2024-01-21 18:00:00,329.6620097621158
8684,2024-01-21 19:00:00,241.16058228673182
8685,2024-01-21 20:00:00,117.83091660510166
8686,2024-01-21 21:00:00,-13.116697166511699
8687,2024-01-21 22:00:00,-127.00906741688704
8688,2024-01-21 23:00:00,-207.03761306289675
8689,2024-01-23 23:00:00,65.71355249188912
8690,2024-01-24 00:00:00,22.613620947838513
8691,2024-01-24 01:00:00,7.3442127990471135
8692,2024-01-24 02:00:00,0.3908347928708622
8693,2024-01-24 03:00:00,-13.355183037051518
8694,2024-01-24 04:00:00,-30.069758392487756
8695,2024-01-24 05:00:00,-25.037276634369164
8696,2024-01-24 06:00:00,30.766440590753177
8697,2024-01-24 07:00:00,145.37145820190509
8698,2024-01-24 08:00:00,291.98914681672983
8699,2024-01-24 09:00:00,420.58913464965053
8700,2024-01-24 10:00:00,489.0843681757915
8701,2024-01-24 11:00:00,491.4187896074844
8702,2024-01-24 12:00:00,460.8607429165488
8703,2024-01-24 13:00:00,445.7177839076768
8704,2024-01-24 14:00:00,475.8556153960445
8705,2024-01-24 15:00:00,544.3296352856908
8706,2024-01-24 16:00:00,615.1450293809165
8707,2024-01-24 17:00:00,648.0137092484777
8708,2024-01-24 18:00:00,620.8147336535048
8709,2024-01-24 19:00:00,536.6427668592273
8710,2024-01-24 20:00:00,416.5281710270847
8711,2024-01-24 21:00:00,287.66922412735306
8712,2024-01-24 22:00:00,174.74007588791716
8713,2024-01-24 23:00:00,94.56326764607348
8714,2024-01-25 00:00:00,51.63665070013036
8715,2024-01-25 01:00:00,35.8965803632708
8716,2024-01-25 02:00:00,27.831395496278788
8717,2024-01-25 03:00:00,12.346726948202956
8718,2024-01-25 04:00:00,-6.707686774337958
8719,2024-01-25 05:00:00,-4.57949735470379
8720,2024-01-25 06:00:00,47.80284532509677
8721,2024-01-25 07:00:00,158.52682051480033
8722,2024-01-25 08:00:00,300.8705114506918
8723,2024-01-25 09:00:00,424.87867364896346
8724,2024-01-25 10:00:00,488.54678390100594
8725,2024-01-25 11:00:00,485.907591048933
8726,2024-01-25 12:00:00,450.3232948458073
8727,2024-01-25 13:00:00,430.1990444758667
8728,2024-01-25 14:00:00,455.5004947956085
8729,2024-01-25 15:00:00,519.383926414569
8730,2024-01-25 16:00:00,585.9548801488543
8731,2024-01-25 17:00:00,615.0236256160327
8732,2024-01-25 18:00:00,584.5641220444177
8733,2024-01-25 19:00:00,497.76104416917593
8734,2024-01-25 20:00:00,375.7284898069415
8735,2024-01-25 21:00:00,245.74087920305976
8736,2024-01-25 22:00:00,132.53967695789814
8737,2024-01-25 23:00:00,53.00477911069265
8738,2024-01-26 00:00:00,11.680416098734554
8739,2024-01-26 01:00:00,-1.46253692831516
8740,2024-01-26 02:00:00,-5.913819888489002
8741,2024-01-26 03:00:00,-16.759063182534362
8742,2024-01-26 04:00:00,-30.15339131935849
8743,2024-01-26 05:00:00,-21.36316854512893
8744,2024-01-26 06:00:00,38.65052175973881
8745,2024-01-26 07:00:00,157.92871209266184
8746,2024-01-26 08:00:00,309.68951270070534
8747,2024-01-26 09:00:00,443.9046443670683
8748,2024-01-26 10:00:00,518.4841252541889
8749,2024-01-26 11:00:00,527.3636263172544
8750,2024-01-26 12:00:00,503.79761312445123
8751,2024-01-26 13:00:00,496.07395501411196
8752,2024-01-26 14:00:00,534.0327271526959
8753,2024-01-26 15:00:00,610.6976971473592
8754,2024-01-26 16:00:00,690.0364309619902
8755,2024-01-26 17:00:00,731.7173204604164
8756,2024-01-26 18:00:00,713.570172151678
8757,2024-01-26 19:00:00,638.6349104139122
8758,2024-01-26 20:00:00,527.8819916066572
8759,2024-01-26 21:00:00,408.4450184207959
8760,2024-01-26 22:00:00,304.929164187981
8761,2024-01-26 23:00:00,234.08422894135254
8762,2024-01-27 00:00:00,-11.747601796598417
8763,2024-01-27 01:00:00,-18.548870072675413
8764,2024-01-27 02:00:00,-17.991212209859384
8765,2024-01-27 03:00:00,-25.250262830176098
8766,2024-01-27 04:00:00,-36.55781087922668
8767,2024-01-27 05:00:00,-27.242482843140294
8768,2024-01-27 06:00:00,31.68768225237028
8769,2024-01-27 07:00:00,148.24280227726868
8770,2024-01-27 08:00:00,295.62666844704665
8771,2024-01-27 09:00:00,423.81364499565814
8772,2024-01-27 10:00:00,490.7335296801861
8773,2024-01-27 11:00:00,490.35888645989286
8774,2024-01-27 12:00:00,455.9979673043201
8775,2024-01-27 13:00:00,436.00890555151733
8776,2024-01-27 14:00:00,460.31791032973337
8777,2024-01-27 15:00:00,522.0499598873248
8778,2024-01-27 16:00:00,585.2879370809464
8779,2024-01-27 17:00:00,609.8285199737708
8780,2024-01-27 18:00:00,573.6414797903983
8781,2024-01-27 19:00:00,479.9169540980729
8782,2024-01-27 20:00:00,349.78430783366525
8783,2024-01-27 21:00:00,210.54308936377208
8784,2024-01-27 22:00:00,86.96971035200804
8785,2024-01-27 23:00:00,-4.011308669925086
8786,2024-01-28 00:00:00,-57.801675907360334
8787,2024-01-28 01:00:00,-84.3673563378029
8788,2024-01-28 02:00:00,-103.12626492662537
8789,2024-01-28 03:00:00,-129.08406688578032
8790,2024-01-28 04:00:00,-158.30839294202485
8791,2024-01-28 05:00:00,-165.97127756090282
8792,2024-01-28 06:00:00,-122.93340537414866
8793,2024-01-28 07:00:00,-21.04810995815484
8794,2024-01-28 08:00:00,113.01269573432131
8795,2024-01-28 09:00:00,229.33411038248795
8796,2024-01-28 10:00:00,285.94194941805137
8797,2024-01-28 11:00:00,276.8890890318413
8798,2024-01-28 12:00:00,235.54757723438976
8799,2024-01-28 13:00:00,210.32220363430645
8800,2024-01-28 14:00:00,231.1682643884766
8801,2024-01-28 15:00:00,291.2220247843179
8802,2024-01-28 16:00:00,354.55982497656737
8803,2024-01-28 17:00:00,380.9541415937616
8804,2024-01-28 18:00:00,348.33325504023435
8805,2024-01-28 19:00:00,259.82908530580187
8806,2024-01-28 20:00:00,136.49680178160108
8807,2024-01-28 21:00:00,5.546704758455007
8808,2024-01-28 22:00:00,-108.34800401625785
8809,2024-01-28 23:00:00,-188.37873339530955
8810,2024-01-29 00:00:00,-17.99470266603811
8811,2024-01-29 01:00:00,-31.458507043992427
8812,2024-01-29 02:00:00,-36.253657022384516
8813,2024-01-29 03:00:00,-47.53773265732258
8814,2024-01-29 04:00:00,-61.53509610467563
8815,2024-01-29 05:00:00,-53.57754527657141
8816,2024-01-29 06:00:00,5.313243786416535
8817,2024-01-29 07:00:00,123.12352011828122
8818,2024-01-29 08:00:00,273.02330605821123
8819,2024-01-29 09:00:00,404.9437223651573
8820,2024-01-29 10:00:00,476.76236284168414
8821,2024-01-29 11:00:00,482.3912234376101
8822,2024-01-29 12:00:00,455.0702958845358
8823,2024-01-29 13:00:00,443.08250035946406
8824,2024-01-29 14:00:00,476.272678245368
8825,2024-01-29 15:00:00,547.679133689071
8826,2024-01-29 16:00:00,621.2936576086223
8827,2024-01-29 17:00:00,656.8183371484511
8828,2024-01-29 18:00:00,632.1257926158379
8829,2024-01-29 19:00:00,550.307399459523
8830,2024-01-29 20:00:00,432.393097522884
8831,2024-01-29 21:00:00,305.58328453006504
8832,2024-01-29 22:00:00,194.55641266119085
8833,2024-01-29 23:00:00,116.14112041817285
8834,2024-01-30 00:00:00,74.8427415987378
8835,2024-01-30 01:00:00,60.606075776625346
8836,2024-01-30 02:00:00,53.92843731508833
8837,2024-01-30 03:00:00,39.7245339877303
8838,2024-01-30 04:00:00,21.852860825160576
8839,2024-01-30 05:00:00,25.073795719373038
8840,2024-01-30 06:00:00,78.46580713488706
8841,2024-01-30 07:00:00,190.12182604984247
8842,2024-01-30 08:00:00,333.32360052137966
8843,2024-01-30 09:00:00,458.1174844052716
8844,2024-01-30 10:00:00,522.4982525493742
8845,2024-01-30 11:00:00,520.4954678610444
8846,2024-01-30 12:00:00,485.46553018323186
8847,2024-01-30 13:00:00,465.8051011998688
8848,2024-01-30 14:00:00,491.46864560718325
8849,2024-01-30 15:00:00,555.598595428186
8850,2024-01-30 16:00:00,622.2840884512177
8851,2024-01-30 17:00:00,651.3165995812285
8852,2024-01-30 18:00:00,620.6491217060534
8853,2024-01-30 19:00:00,533.4434663622172
8854,2024-01-30 20:00:00,410.78929738372335
8855,2024-01-30 21:00:00,279.9354036392875
8856,2024-01-30 22:00:00,165.59683645528526
8857,2024-01-30 23:00:00,84.62674896778259
8858,2024-01-31 00:00:00,41.542781696846305
8859,2024-01-31 01:00:00,26.28987921512436
8860,2024-01-31 02:00:00,19.353553004685125
8861,2024-01-31 03:00:00,5.6251377122817985
8862,2024-01-31 04:00:00,-11.071279895474106
8863,2024-01-31 05:00:00,-6.020080850831221
8864,2024-01-31 06:00:00,49.80291737764492
8865,2024-01-31 07:00:00,164.42778375081744
8866,2024-01-31 08:00:00,311.0658927927114
8867,2024-01-31 09:00:00,439.68687645664477
8868,2024-01-31 10:00:00,508.20368482696074
8869,2024-01-31 11:00:00,510.5602635743214
8870,2024-01-31 12:00:00,480.02495998464747
8871,2024-01-31 13:00:00,464.90533301154505
8872,2024-01-31 14:00:00,495.0670884927838
8873,2024-01-31 15:00:00,563.5656271873197
8874,2024-01-31 16:00:00,634.4061376079426
8875,2024-01-31 17:00:00,667.3005338754183
8876,2024-01-31 18:00:00,640.1278771659656
8877,2024-01-31 19:00:00,555.9828339885229
8878,2024-01-31 20:00:00,435.8957686000504
8879,2024-01-31 21:00:00,307.06496089693
8880,2024-01-31 22:00:00,194.16456241137874
8881,2024-01-31 23:00:00,114.01711609877032
8882,2024-02-01 00:00:00,71.12047472258212
8883,2024-02-01 01:00:00,55.4109949194185
8884,2024-02-01 02:00:00,47.377016691605604
8885,2024-02-01 03:00:00,31.924171886543263
8886,2024-02-01 04:00:00,12.902199847515476
8887,2024-02-01 05:00:00,15.063449561968127
8888,2024-02-01 06:00:00,67.47947165903565
8889,2024-02-01 07:00:00,178.23774574158713
8890,2024-02-01 08:00:00,320.61635524372315
8891,2024-02-01 09:00:00,444.66005569866593
8892,2024-02-01 10:00:00,508.3643237668366
8893,2024-02-01 11:00:00,505.76190799328856
8894,2024-02-01 12:00:00,470.2150076742307
8895,2024-02-01 13:00:00,450.1287713552123
8896,2024-02-01 14:00:00,475.46885311648214
8897,2024-02-01 15:00:00,539.3915326084191
8898,2024-02-01 16:00:00,606.0023495277272
8899,2024-02-01 17:00:00,635.1115722058994
8900,2024-02-01 18:00:00,604.693158428101
8901,2024-02-01 19:00:00,517.9317813139746
8902,2024-02-01 20:00:00,395.9415368884979
8903,2024-02-01 21:00:00,265.99684346338046
8904,2024-02-01 22:00:00,152.83916352145073
8905,2024-02-01 23:00:00,73.34839082210163
8906,2024-02-02 00:00:00,32.06875335244803
8907,2024-02-02 01:00:00,18.971123662044533
8908,2024-02-02 02:00:00,14.565759041651859
8909,2024-02-02 03:00:00,3.76702615044843
8910,2024-02-02 04:00:00,-9.580202632455212
8911,2024-02-02 05:00:00,-0.742294832654693
8912,2024-02-02 06:00:00,59.31966272651198
8913,2024-02-02 07:00:00,178.64669892255392
8914,2024-02-02 08:00:00,330.45692023590544
8915,2024-02-02 09:00:00,464.7220434864156
8916,2024-02-02 10:00:00,539.3520827501006
8917,2024-02-02 11:00:00,548.282704684098
8918,2024-02-02 12:00:00,524.7683704203976
8919,2024-02-02 13:00:00,517.0969446878103
8920,2024-02-02 14:00:00,555.1084978753051
8921,2024-02-02 15:00:00,631.8267926535134
8922,2024-02-02 16:00:00,711.2193898712512
8923,2024-02-02 17:00:00,752.9546761363652
8924,2024-02-02 18:00:00,734.8624525088554
8925,2024-02-02 19:00:00,659.982637772474
8926,2024-02-02 20:00:00,549.2856825235632
8927,2024-02-02 21:00:00,429.90518352784176
8928,2024-02-02 22:00:00,326.4463080201328
8929,2024-02-02 23:00:00,255.65884978629242
8930,2024-02-03 00:00:00,9.88498793009677
8931,2024-02-03 01:00:00,3.1421738274858626
8932,2024-02-03 02:00:00,3.7587644176035155
8933,2024-02-03 03:00:00,-3.4408818226236235
8934,2024-02-03 04:00:00,-14.688560892403018
8935,2024-02-03 05:00:00,-5.3129065103823905
8936,2024-02-03 06:00:00,53.67803493053168
8937,2024-02-03 07:00:00,170.29437375794717
8938,2024-02-03 08:00:00,317.73989349099907
8939,2024-02-03 09:00:00,445.9889505083051
8940,2024-02-03 10:00:00,512.9713345647881
8941,2024-02-03 11:00:00,512.659601447371
8942,2024-02-03 12:00:00,478.3619948073142
8943,2024-02-03 13:00:00,458.43663950722737
8944,2024-02-03 14:00:00,482.80973604436883
8945,2024-02-03 15:00:00,544.6062538872185
8946,2024-02-03 16:00:00,607.909066950424
8947,2024-02-03 17:00:00,632.514844224315
8948,2024-02-03 18:00:00,596.3933476848813
8949,2024-02-03 19:00:00,502.73470551783566
8950,2024-02-03 20:00:00,372.6682731254991
8951,2024-02-03 21:00:00,233.49358920294338
8952,2024-02-03 22:00:00,109.98705554961418
8953,2024-02-03 23:00:00,19.073182755800076
8954,2024-02-04 00:00:00,-34.649747518254344
8955,2024-02-04 01:00:00,-61.14771051404847
8956,2024-02-04 02:00:00,-79.83863160441132
8957,2024-02-04 03:00:00,-105.72818655257379
8958,2024-02-04 04:00:00,-134.88401676788027
8959,2024-02-04 05:00:00,-142.47816756165372
8960,2024-02-04 06:00:00,-99.37133452063051
8961,2024-02-04 07:00:00,2.5831376664809795
8962,2024-02-04 08:00:00,136.7133248031842
8963,2024-02-04 09:00:00,253.10431418792732
8964,2024-02-04 10:00:00,309.7819097468048
8965,2024-02-04 11:00:00,300.7989760193197
8966,2024-02-04 12:00:00,259.527549241732
8967,2024-02-04 13:00:00,234.37240711522776
8968,2024-02-04 14:00:00,255.28883375890769
8969,2024-02-04 15:00:00,315.41308229777303
8970,2024-02-04 16:00:00,378.82148058812703
8971,2024-02-04 17:00:00,405.28649285631354
8972,2024-02-04 18:00:00,372.7363869540058
8973,2024-02-04 19:00:00,284.3030702134607
8974,2024-02-04 20:00:00,161.0416992432901
8975,2024-02-04 21:00:00,30.162561432040206
8976,2024-02-04 22:00:00,-83.66115450060431
8977,2024-02-04 23:00:00,-163.62087054029308
8978,2024-02-05 00:00:00,6.834180770002888
8979,2024-02-05 01:00:00,-6.558609153511384
8980,2024-02-05 02:00:00,-11.282764283532003
8981,2024-02-05 03:00:00,-22.495878267976025
8982,2024-02-05 04:00:00,-36.422326957013695
8983,2024-02-05 05:00:00,-28.393922083287407
8984,2024-02-05 06:00:00,30.56764640447807
8985,2024-02-05 07:00:00,148.44861353239222
8986,2024-02-05 08:00:00,298.4189875011609
8987,2024-02-05 09:00:00,430.40987485123964
8988,2024-02-05 10:00:00,502.2988550604192
8989,2024-02-05 11:00:00,507.99790966669224
8990,2024-02-05 12:00:00,480.7470158677671
8991,2024-02-05 13:00:00,468.8290792424655
8992,2024-02-05 14:00:00,502.0889264574239
8993,2024-02-05 15:00:00,573.5648468679365
8994,2024-02-05 16:00:00,647.2486165023631
8995,2024-02-05 17:00:00,682.8423075301466
8996,2024-02-05 18:00:00,658.2185251986712
8997,2024-02-05 19:00:00,576.4686298092024
8998,2024-02-05 20:00:00,458.6225459800634
8999,2024-02-05 21:00:00,331.88065612576565
9000,2024-02-05 22:00:00,220.92139703832078
9001,2024-02-05 23:00:00,142.5733917505557
9002,2024-02-06 00:00:00,101.34195853026947
9003,2024-02-06 01:00:00,87.17188132454095
9004,2024-02-06 02:00:00,80.56045882156013
9005,2024-02-06 03:00:00,66.42238303460078
9006,2024-02-06 04:00:00,48.616133174129516
9007,2024-02-06 05:00:00,51.902071243570276
9008,2024-02-06 06:00:00,105.35864975492245
9009,2024-02-06 07:00:00,217.07878367296615
9010,2024-02-06 08:00:00,360.34420497883366
9011,2024-02-06 09:00:00,485.2012513951389
9012,2024-02-06 10:00:00,549.6446815824488
9013,2024-02-06 11:00:00,547.7040422126382
9014,2024-02-06 12:00:00,512.735716815524
9015,2024-02-06 13:00:00,493.1363507523462
9016,2024-02-06 14:00:00,518.8603923117996
9017,2024-02-06 15:00:00,583.0502570853968
9018,2024-02-06 16:00:00,649.7950663762306
9019,2024-02-06 17:00:00,678.8862785642257
9020,2024-02-06 18:00:00,648.2768699745191
9021,2024-02-06 19:00:00,561.128635538541
9022,2024-02-06 20:00:00,438.53122245603504
9023,2024-02-06 21:00:00,307.7334029232157
9024,2024-02-06 22:00:00,193.45021156837933
9025,2024-02-06 23:00:00,112.53478477499544
9026,2024-02-07 00:00:00,69.50474632986493
9027,2024-02-07 01:00:00,54.30502400168086
9028,2024-02-07 02:00:00,47.421112475917425
9029,2024-02-07 03:00:00,33.74432956358345
9030,2024-02-07 04:00:00,17.098745186612973
9031,2024-02-07 05:00:00,22.199961448861586
9032,2024-02-07 06:00:00,78.07214400097064
9033,2024-02-07 07:00:00,192.74534491673748
9034,2024-02-07 08:00:00,339.4309218143567
9035,2024-02-07 09:00:00,468.0984897394803
9036,2024-02-07 10:00:00,536.6609818621463
9037,2024-02-07 11:00:00,539.0623269388774
9038,2024-02-07 12:00:00,508.57085532646136
9039,2024-02-07 13:00:00,493.4941090720147
9040,2024-02-07 14:00:00,523.6977770878365
9041,2024-02-07 15:00:00,592.2372432280737
9042,2024-02-07 16:00:00,663.1176791002092
9043,2024-02-07 17:00:00,696.050981931465
9044,2024-02-07 18:00:00,668.9161960186018
9045,2024-02-07 19:00:00,584.8079710019006
9046,2024-02-07 20:00:00,464.7566542903388
9047,2024-02-07 21:00:00,335.9605089473064
9048,2024-02-07 22:00:00,223.09366969386053
9049,2024-02-07 23:00:00,142.97866269689942
9050,2024-02-08 00:00:00,100.11332395680438
9051,2024-02-08 01:00:00,84.43399337254124
9052,2024-02-08 02:00:00,76.42899424907631
9053,2024-02-08 03:00:00,61.00394175536968
9054,2024-02-08 04:00:00,42.00855859311713
9055,2024-02-08 05:00:00,44.19517715388366
9056,2024-02-08 06:00:00,96.63533150082625
9057,2024-02-08 07:00:00,207.41648470560813
9058,2024-02-08 08:00:00,349.8167037436735
9059,2024-02-08 09:00:00,473.88072770197596
9060,2024-02-08 10:00:00,537.6040168528239
9061,2024-02-08 11:00:00,535.0193034066378
9062,2024-02-08 12:00:00,499.4887703808986
9063,2024-02-08 13:00:00,479.41755009103815
9064,2024-02-08 14:00:00,504.7712804449552
9065,2024-02-08 15:00:00,568.7062249760542
9066,2024-02-08 16:00:00,635.3279073390349
9067,2024-02-08 17:00:00,664.446579867003
9068,2024-02-08 18:00:00,634.0361844264182
9069,2024-02-08 19:00:00,547.2813782830015
9070,2024-02-08 20:00:00,425.2962416827901
9071,2024-02-08 21:00:00,295.35517721113564
9072,2024-02-08 22:00:00,182.19963172685303
9073,2024-02-08 23:00:00,102.70948342514276
9074,2024-02-09 00:00:00,-76.13946738966695
9075,2024-02-09 01:00:00,-89.23953916818613
9076,2024-02-09 02:00:00,-93.64890213567327
9077,2024-02-09 03:00:00,-104.45320486030533
9078,2024-02-09 04:00:00,-117.80759011700565
9079,2024-02-09 05:00:00,-108.978440472768
9080,2024-02-09 06:00:00,-48.92685771618244
9081,2024-02-09 07:00:00,70.38817216308922
9082,2024-02-09 08:00:00,222.1847408606439
9083,2024-02-09 09:00:00,356.43455056729846
9084,2024-02-09 10:00:00,431.047600747148
9085,2024-02-09 11:00:00,439.9595436015412
9086,2024-02-09 12:00:00,416.4248259069965
9087,2024-02-09 13:00:00,408.7312981281809
9088,2024-02-09 14:00:00,446.71901651468727
9089,2024-02-09 15:00:00,523.4117296960775
9090,2024-02-09 16:00:00,602.7769846118572
9091,2024-02-09 17:00:00,644.4831540530506
9092,2024-02-09 18:00:00,626.360025396064
9093,2024-02-09 19:00:00,551.447503857964
9094,2024-02-09 20:00:00,440.7160265938709
9095,2024-02-09 21:00:00,321.2991770360166
9096,2024-02-09 22:00:00,217.8021092338277
9097,2024-02-09 23:00:00,146.97460390487217
9098,2024-02-10 00:00:00,4.795014010926707
9099,2024-02-10 01:00:00,-1.9915954763919217
9100,2024-02-10 02:00:00,-1.4206934894870074
9101,2024-02-10 03:00:00,-8.667934082325246
9102,2024-02-10 04:00:00,-19.965125661618174
9103,2024-02-10 05:00:00,-10.640914192979437
9104,2024-02-10 06:00:00,48.29664181145648
9105,2024-02-10 07:00:00,164.85764070708998
9106,2024-02-10 08:00:00,312.2458541824917
9107,2024-02-10 09:00:00,440.4356269511147
9108,2024-02-10 10:00:00,507.35673722759975
9109,2024-02-10 11:00:00,506.98172942420774
9110,2024-02-10 12:00:00,472.61883597215876
9111,2024-02-10 13:00:00,452.62617066489724
9112,2024-02-10 14:00:00,476.9299230881966
9113,2024-02-10 15:00:00,538.6550519539649
9114,2024-02-10 16:00:00,601.8844205956607
9115,2024-02-10 17:00:00,626.4146875637346
9116,2024-02-10 18:00:00,590.2156045740056
9117,2024-02-10 19:00:00,496.477289713735
9118,2024-02-10 20:00:00,366.3290884557023
9119,2024-02-10 21:00:00,227.07052973224
9120,2024-02-10 22:00:00,103.4780057544794
9121,2024-02-10 23:00:00,12.476017695592134
9122,2024-02-11 00:00:00,-60.61584063151997
9123,2024-02-11 01:00:00,-87.20619632192233
9124,2024-02-11 02:00:00,-105.99166224766071
9125,2024-02-11 03:00:00,-131.97792287540545
9126,2024-02-11 04:00:00,-161.23262813851488
9127,2024-02-11 05:00:00,-168.92783169507038
9128,2024-02-11 06:00:00,-125.9242372941751
9129,2024-02-11 07:00:00,-24.075197594469728
9130,2024-02-11 08:00:00,109.9473554281821
9131,2024-02-11 09:00:00,226.22850146568504
9132,2024-02-11 10:00:00,282.79403704215457
9133,2024-02-11 11:00:00,273.6968194842044
9134,2024-02-11 12:00:00,232.3088780130029
9135,2024-02-11 13:00:00,207.0349834915961
9136,2024-02-11 14:00:00,227.83041342357575
9137,2024-02-11 15:00:00,287.8314144984395
9138,2024-02-11 16:00:00,351.1143083408396
9139,2024-02-11 17:00:00,377.4515531446382
9140,2024-02-11 18:00:00,344.7714109397134
9141,2024-02-11 19:00:00,256.20578343066524
9142,2024-02-11 20:00:00,132.80982179734093
9143,2024-02-11 21:00:00,1.793808225977898
9144,2024-02-11 22:00:00,-112.16907357532551
9145,2024-02-11 23:00:00,-192.27025039125118
9146,2024-02-12 00:00:00,-257.81328355866253
9147,2024-02-12 01:00:00,-271.35213762555344
9148,2024-02-12 02:00:00,-276.22466494350965
9149,2024-02-12 03:00:00,-287.5884631083902
9150,2024-02-12 04:00:00,-301.66791170745876
9151,2024-02-12 05:00:00,-293.7948259934563
9152,2024-02-12 06:00:00,-234.99089922760174
9153,2024-02-12 07:00:00,-117.26989946991426
9154,2024-02-12 08:00:00,32.53817862062351
9155,2024-02-12 09:00:00,164.36443891632555
9156,2024-02-12 10:00:00,236.0864584905463
9157,2024-02-12 11:00:00,241.61621665535836
9158,2024-02-12 12:00:00,214.1936886363308
9159,2024-02-12 13:00:00,202.10177823768734
9160,2024-02-12 14:00:00,235.18531060834948
9161,2024-02-12 15:00:00,306.4825737829408
9162,2024-02-12 16:00:00,379.98534270778754
9163,2024-02-12 17:00:00,415.3956886934404
9164,2024-02-12 18:00:00,390.5862163667831
9165,2024-02-12 19:00:00,308.6482856264163
9166,2024-02-12 20:00:00,190.61182091278994
9167,2024-02-12 21:00:00,63.67720471207929
9168,2024-02-12 22:00:00,-47.47712589599786
9169,2024-02-12 23:00:00,-126.0225473556809
9170,2024-02-13 00:00:00,121.61148755207819
9171,2024-02-13 01:00:00,107.23930737565848
9172,2024-02-13 02:00:00,100.42344021376945
9173,2024-02-13 03:00:00,86.07857954165308
9174,2024-02-13 04:00:00,68.0632062621113
9175,2024-02-13 05:00:00,71.13768430920584
9176,2024-02-13 06:00:00,124.38046834919058
9177,2024-02-13 07:00:00,235.88447575118374
9178,2024-02-13 08:00:00,378.93144113969805
9179,2024-02-13 09:00:00,503.56770510194156
9180,2024-02-13 10:00:00,567.7880294138854
9181,2024-02-13 11:00:00,565.6219640982596
9182,2024-02-13 12:00:00,530.4258962787823
9183,2024-02-13 13:00:00,510.5964751304888
9184,2024-02-13 14:00:00,536.0881530195272
9185,2024-02-13 15:00:00,600.0433498475115
9186,2024-02-13 16:00:00,666.5511914542201
9187,2024-02-13 17:00:00,695.4031410089589
9188,2024-02-13 18:00:00,664.5521798668577
9189,2024-02-13 19:00:00,577.1601082197044
9190,2024-02-13 20:00:00,454.3165787746488
9191,2024-02-13 21:00:00,323.2703694864467
9192,2024-02-13 22:00:00,208.73652096070967
9193,2024-02-13 23:00:00,127.56817581758293
9194,2024-02-14 00:00:00,84.28296431162823
9195,2024-02-14 01:00:00,68.82582092314152
9196,2024-02-14 02:00:00,61.68224729129827
9197,2024-02-14 03:00:00,47.74356841869434
9198,2024-02-14 04:00:00,30.83386166888988
9199,2024-02-14 05:00:00,35.6687368079277
9200,2024-02-14 06:00:00,91.27236741448684
9201,2024-02-14 07:00:00,205.67481371411913
9202,2024-02-14 08:00:00,352.0874417211503
9203,2024-02-14 09:00:00,480.4798751160754
9204,2024-02-14 10:00:00,548.7650559542542
9205,2024-02-14 11:00:00,550.8869221020213
9206,2024-02-14 12:00:00,520.1138132750441
9207,2024-02-14 13:00:00,504.75328111644205
9208,2024-02-14 14:00:00,534.6710243712769
9209,2024-02-14 15:00:00,602.9224369698052
9210,2024-02-14 16:00:00,673.5127008216621
9211,2024-02-14 17:00:00,706.1537237181067
9212,2024-02-14 18:00:00,678.7245607284568
9213,2024-02-14 19:00:00,594.3198725212353
9214,2024-02-14 20:00:00,473.9700177653164
9215,2024-02-14 21:00:00,344.87327102130763
9216,2024-02-14 22:00:00,231.70377873476158
9217,2024-02-14 23:00:00,151.28407904566114
9218,2024-02-15 00:00:00,108.11202014416651
9219,2024-02-15 01:00:00,92.1239543696941
9220,2024-02-15 02:00:00,83.80821769186866
9221,2024-02-15 03:00:00,68.0704381757343
9222,2024-02-15 04:00:00,48.76035166037747
9223,2024-02-15 05:00:00,50.6303038841678
9224,2024-02-15 06:00:00,102.75184251386335
9225,2024-02-15 07:00:00,213.2124444361599
9226,2024-02-15 08:00:00,355.2901906746166
9227,2024-02-15 09:00:00,479.0298345901242
9228,2024-02-15 10:00:00,542.4268509624955
9229,2024-02-15 11:00:00,539.5139867328209
9230,2024-02-15 12:00:00,503.65343986787303
9231,2024-02-15 13:00:00,483.2503578638998
9232,2024-02-15 14:00:00,508.2703940295096
9233,2024-02-15 15:00:00,571.8698275221791
9234,2024-02-15 16:00:00,638.1541978354061
9235,2024-02-15 17:00:00,666.9337733796235
9236,2024-02-15 18:00:00,636.1825122936409
9237,2024-02-15 19:00:00,549.0850883496832
9238,2024-02-15 20:00:00,426.7555985123514
9239,2024-02-15 21:00:00,296.4684623057244
9240,2024-02-15 22:00:00,182.9651437286431
9241,2024-02-15 23:00:00,103.12553834701629
9242,2024-02-16 00:00:00,61.49387623562535
9243,2024-02-16 01:00:00,48.04103232992139
9244,2024-02-16 02:00:00,43.27726660165655
9245,2024-02-16 03:00:00,32.11694868302584
9246,2024-02-16 04:00:00,18.40495421863011
9247,2024-02-16 05:00:00,26.874919243809018
9248,2024-02-16 06:00:00,86.56576080397258
9249,2024-02-16 07:00:00,205.51851192846544
9250,2024-02-16 08:00:00,356.95128353814874
9251,2024-02-16 09:00:00,490.835797246991
9252,2024-02-16 10:00:00,565.0820721515861
9253,2024-02-16 11:00:00,573.6257802719006
9254,2024-02-16 12:00:00,549.7213883943328
9255,2024-02-16 13:00:00,541.6567672062286
9256,2024-02-16 14:00:00,579.2719933577433
9257,2024-02-16 15:00:00,655.5908360681153
9258,2024-02-16 16:00:00,734.5808630730439
9259,2024-02-16 17:00:00,775.9104681342659
9260,2024-02-16 18:00:00,757.4094597798065
9261,2024-02-16 19:00:00,682.1177645807136
9262,2024-02-16 20:00:00,571.0058412028075
9263,2024-02-16 21:00:00,451.20729480406385
9264,2024-02-16 22:00:00,347.32730131515007
9265,2024-02-16 23:00:00,276.1156635144473
9266,2024-02-17 00:00:00,29.914569816699725
9267,2024-02-17 01:00:00,22.74148119404333
9268,2024-02-17 02:00:00,22.92476451466547
9269,2024-02-17 03:00:00,15.288788474796604
9270,2024-02-17 04:00:00,3.6017675983391086
9271,2024-02-17 05:00:00,12.5350790136265
9272,2024-02-17 06:00:00,71.08068746608734
9273,2024-02-17 07:00:00,187.24871473557042
9274,2024-02-17 08:00:00,334.2429560894995
9275,2024-02-17 09:00:00,462.0377799844191
9276,2024-02-17 10:00:00,528.5629885343461
9277,2024-02-17 11:00:00,527.7911502101509
9278,2024-02-17 12:00:00,493.03052163963275
9279,2024-02-17 13:00:00,472.6392409883537
9280,2024-02-17 14:00:00,496.5435223379893
9281,2024-02-17 15:00:00,557.8683490615836
9282,2024-02-17 16:00:00,620.696609288887
9283,2024-02-17 17:00:00,644.8249865123353
9284,2024-02-17 18:00:00,608.2232575318386
9285,2024-02-17 19:00:00,514.0815656528155
9286,2024-02-17 20:00:00,383.5292817180655
9287,2024-02-17 21:00:00,243.8659601245833
9288,2024-02-17 22:00:00,119.86801873249698
9289,2024-02-17 23:00:00,28.45998445608484
9290,2024-02-18 00:00:00,-25.759844397374593
9291,2024-02-18 01:00:00,-52.75742614296064
9292,2024-02-18 02:00:00,-71.95066889993097
9293,2024-02-18 03:00:00,-98.34523089550004
9294,2024-02-18 04:00:00,-128.0087356917357
9295,2024-02-18 06:00:00,-93.51933236341006
9296,2024-02-18 07:00:00,7.919572662228916
9297,2024-02-18 08:00:00,141.53159945344615
9298,2024-02-18 09:00:00,257.40185462745546
9299,2024-02-18 10:00:00,313.5561617384159
9300,2024-02-18 11:00:00,304.0474052489335
9301,2024-02-18 12:00:00,262.2476415999904
9302,2024-02-18 13:00:00,236.56166899699826
9303,2024-02-18 14:00:00,256.9447923552193
9304,2024-02-18 15:00:00,316.53328588445856
9305,2024-02-18 16:00:00,379.4034988118021
9306,2024-02-18 17:00:00,405.32791702253456
9307,2024-02-18 18:00:00,372.2348303253936
9308,2024-02-18 19:00:00,283.2561682814217
9309,2024-02-18 20:00:00,159.44711001235297
9310,2024-02-18 21:00:00,28.01796571911774
9311,2024-02-18 22:00:00,-86.3580527997039
9312,2024-02-18 23:00:00,-166.8723441705743
9313,2024-02-19 00:00:00,3.0258827132263946
9314,2024-02-19 01:00:00,-10.92595681169206
9315,2024-02-19 02:00:00,-16.21136252092839
9316,2024-02-19 03:00:00,-27.98790359243901
9317,2024-02-19 04:00:00,-42.479931125558835
9318,2024-02-19 05:00:00,-35.019231832976914
9319,2024-02-19 06:00:00,23.37252962191951
9320,2024-02-19 07:00:00,140.68161382524906
9321,2024-02-19 08:00:00,290.07805480573245
9322,2024-02-19 09:00:00,421.49298519219633
9323,2024-02-19 10:00:00,492.8040108295037
9324,2024-02-19 11:00:00,497.92313986106194
9325,2024-02-19 12:00:00,470.0903763762142
9326,2024-02-19 13:00:00,457.58865308099263
9327,2024-02-19 14:00:00,490.2628240498767
9328,2024-02-19 15:00:00,561.1512062812294
9329,2024-02-19 16:00:00,634.2456037154612
9330,2024-02-19 17:00:00,669.2481166793366
9331,2024-02-19 18:00:00,644.0313788264784
9332,2024-02-19 19:00:00,561.686779116066
9333,2024-02-19 20:00:00,443.24427106535865
9334,2024-02-19 21:00:00,315.9042662333272
9335,2024-02-19 22:00:00,204.34523080846517
9336,2024-02-19 23:00:00,125.39581744912957
9337,2024-02-20 00:00:00,83.56137428288412
9338,2024-02-20 01:00:00,68.78671537228837
9339,2024-02-20 02:00:00,61.569169730393355
9340,2024-02-20 03:00:00,46.82345994791973
9341,2024-02-20 04:00:00,28.408096022400514
9342,2024-02-20 05:00:00,31.083470997906716
9343,2024-02-20 06:00:00,83.92806862335675
9344,2024-02-20 07:00:00,195.03483534075093
9345,2024-02-20 08:00:00,337.68553482760194
9346,2024-02-20 09:00:00,461.9265367197228
9347,2024-02-20 10:00:00,525.7526318003754
9348,2024-02-20 11:00:00,523.1933990835453
9349,2024-02-20 12:00:00,487.6052546616745
9350,2024-02-20 13:00:00,467.38487664256354
9351,2024-02-20 14:00:00,492.4867462930477
9352,2024-02-20 15:00:00,556.0533123759328
9353,2024-02-20 16:00:00,622.1737295678236
9354,2024-02-20 17:00:00,650.6394898127405
9355,2024-02-20 18:00:00,619.4036032134233
9356,2024-02-20 19:00:00,531.6278986555201
9357,2024-02-20 20:00:00,408.4020574973446
9358,2024-02-20 21:00:00,276.9748862790305
9359,2024-02-20 22:00:00,162.06145414138527
9360,2024-02-20 23:00:00,80.51493219855786
9361,2024-02-21 00:00:00,36.85297911733187
9362,2024-02-21 01:00:00,21.02055773576069
9363,2024-02-21 02:00:00,13.503197985146642
9364,2024-02-21 03:00:00,-0.8077469055183428
9365,2024-02-21 04:00:00,-18.088171431412377
9366,2024-02-21 05:00:00,-13.622437738259578
9367,2024-02-21 06:00:00,41.61365574908041
9368,2024-02-21 07:00:00,155.6501971766112
9369,2024-02-21 08:00:00,301.6985803928792
9370,2024-02-21 09:00:00,429.72845684471207
9371,2024-02-21 10:00:00,497.65279624150196
9372,2024-02-21 11:00:00,499.41556402853905
9373,2024-02-21 12:00:00,468.2851274074462
9374,2024-02-21 13:00:00,452.5690654077833
9375,2024-02-21 14:00:00,482.133104062897
9376,2024-02-21 15:00:00,550.0326644869893
9377,2024-02-21 16:00:00,620.2729556853501
9378,2024-02-21 17:00:00,652.5659124152326
9379,2024-02-21 18:00:00,624.7906166193955
9380,2024-02-21 19:00:00,540.0417557246369
9381,2024-02-21 20:00:00,419.3497150478361
9382,2024-02-21 21:00:00,289.912795664285
9383,2024-02-21 22:00:00,176.40517043708215
9384,2024-02-21 23:00:00,95.64940379116268
9385,2024-02-22 00:00:00,52.14337007306085
9386,2024-02-22 01:00:00,35.82344765713151
9387,2024-02-22 02:00:00,27.177998418091363
9388,2024-02-22 03:00:00,11.11267619487137
9389,2024-02-22 04:00:00,-8.522757544839862
9390,2024-02-22 05:00:00,-6.975931549676147
9391,2024-02-22 06:00:00,44.824727190808915
9392,2024-02-22 07:00:00,154.96672080236235
9393,2024-02-22 08:00:00,296.7281553639634
9394,2024-02-22 09:00:00,420.1538091670899
9395,2024-02-22 10:00:00,483.2391817690861
9396,2024-02-22 11:00:00,480.0170447319922
9397,2024-02-22 12:00:00,443.8496205005155
9398,2024-02-22 13:00:00,423.14208086824544
9399,2024-02-22 14:00:00,447.8601033096898
9400,2024-02-22 15:00:00,511.1599909686802
9401,2024-02-22 16:00:00,577.1473071646866
9402,2024-02-22 17:00:00,605.6323439660014
9403,2024-02-22 18:00:00,574.5890830096859
9404,2024-02-22 19:00:00,487.20222138627656
9405,2024-02-22 20:00:00,364.58587919787954
9406,2024-02-22 21:00:00,234.01449894983074
9407,2024-02-22 22:00:00,120.22956742976453
9408,2024-02-22 23:00:00,40.11100281497596
9409,2024-02-23 00:00:00,-1.796942395086262
9410,2024-02-23 01:00:00,-15.523371008647075
9411,2024-02-23 02:00:00,-20.558001008906615
9412,2024-02-23 03:00:00,-31.98644089098184
9413,2024-02-23 04:00:00,-45.96379333377837
9414,2024-02-23 05:00:00,-37.756400816855944
9415,2024-02-23 06:00:00,21.67467498397673
9416,2024-02-23 07:00:00,140.37048818979574
9417,2024-02-23 08:00:00,291.54917061800097
9418,2024-02-23 09:00:00,425.18246455752103
9419,2024-02-23 10:00:00,499.1804095909512
9420,2024-02-23 11:00:00,507.47869801294405
9421,2024-02-23 12:00:00,483.3318166861699
9422,2024-02-23 13:00:00,475.02765613801654
9423,2024-02-23 14:00:00,512.4063126764345
9424,2024-02-23 15:00:00,588.491574945169
9425,2024-02-23 16:00:00,667.2510298942079
9426,2024-02-23 17:00:00,708.3530902778233
9427,2024-02-23 18:00:00,689.6275834086991
9428,2024-02-23 19:00:00,614.1144544004658
9429,2024-02-23 20:00:00,502.7841802473981
9430,2024-02-23 21:00:00,382.7703842186899
9431,2024-02-23 22:00:00,278.67826012130246
9432,2024-02-23 23:00:00,207.2576283653913
9433,2024-02-24 00:00:00,-39.14930521118822
9434,2024-02-24 01:00:00,-46.52506244554769
9435,2024-02-24 02:00:00,-46.541259536789596
9436,2024-02-24 03:00:00,-54.37351107220775
9437,2024-02-24 04:00:00,-66.25358605596801
9438,2024-02-24 05:00:00,-57.510091125165445
9439,2024-02-24 06:00:00,0.8489544490098524
9440,2024-02-24 07:00:00,116.83368819604289
9441,2024-02-24 08:00:00,263.64792089488964
9442,2024-02-24 09:00:00,391.2660362463264
9443,2024-02-24 10:00:00,457.61785137693886
9444,2024-02-24 11:00:00,456.67594951705127
9445,2024-02-24 12:00:00,421.74860180706
9446,2024-02-24 13:00:00,401.1939606548123
9447,2024-02-24 14:00:00,424.9382541559636
9448,2024-02-24 15:00:00,486.1064794244769
9449,2024-02-24 16:00:00,548.7815380787765
9450,2024-02-24 17:00:00,572.7601268401913
9451,2024-02-24 18:00:00,536.0120354864292
9452,2024-02-24 19:00:00,441.7274200316551
9453,2024-02-24 20:00:00,311.0356637575368
9454,2024-02-24 21:00:00,171.23633325783206
9455,2024-02-24 22:00:00,47.10585830828683
9456,2024-02-24 23:00:00,-44.43122252026734
9457,2024-02-25 00:00:00,-98.77659954722066
9458,2024-02-25 01:00:00,-125.89621994894941
9459,2024-02-25 02:00:00,-145.20798100969773
9460,2024-02-25 03:00:00,-171.71753037385264
9461,2024-02-25 05:00:00,-209.70485093019505
9462,2024-02-25 06:00:00,-167.21530665037432
9463,2024-02-25 07:00:00,-65.87716493611919
9464,2024-02-25 08:00:00,67.63767828367173
9465,2024-02-25 09:00:00,183.41433853314956
9466,2024-02-25 10:00:00,239.47864803442025
9467,2024-02-25 11:00:00,229.88349961977212
9468,2024-02-25 12:00:00,188.00095782660674
9469,2024-02-25 13:00:00,162.2358286755989
9470,2024-02-25 14:00:00,182.54342461320715
9471,2024-02-25 15:00:00,242.06002710352948
9472,2024-02-25 16:00:00,304.8619923334071
9473,2024-02-25 17:00:00,330.72181288610955
9474,2024-02-25 18:00:00,297.5677849574555
9475,2024-02-25 19:00:00,208.53184422791637
9476,2024-02-25 20:00:00,84.66917564836848
9477,2024-02-25 21:00:00,-46.80990503600157
9478,2024-02-25 22:00:00,-161.23218077771844
9479,2024-02-25 23:00:00,-241.7890452307086
9480,2024-02-26 00:00:00,-71.92970261097793
9481,2024-02-26 01:00:00,-85.91673319187629
9482,2024-02-26 02:00:00,-91.23363264692648
9483,2024-02-26 03:00:00,-103.03796634400794
9484,2024-02-26 04:00:00,-117.55408185488994
9485,2024-02-26 05:00:00,-110.11376267365233
9486,2024-02-26 06:00:00,-51.738670513118564
9487,2024-02-26 07:00:00,65.55745785697536
9488,2024-02-26 08:00:00,214.9446588166571
9489,2024-02-26 09:00:00,346.35406707098707
9490,2024-02-26 10:00:00,417.6632902314084
9491,2024-02-26 11:00:00,422.78433791881497
9492,2024-02-26 12:00:00,394.9572154151702
9493,2024-02-26 13:00:00,382.46485631403505
9494,2024-02-26 14:00:00,415.1521152970953
9495,2024-02-26 15:00:00,486.05730967112663
9496,2024-02-26 16:00:00,559.1722433833638
9497,2024-02-26 17:00:00,594.1990164965216
9498,2024-02-26 18:00:00,569.0102620797009
9499,2024-02-26 19:00:00,486.69736823864395
9500,2024-02-26 20:00:00,368.29028731245097
9501,2024-02-26 21:00:00,240.98942943148666
9502,2024-02-26 22:00:00,129.47325902473477
9503,2024-02-26 23:00:00,50.57042671969083
9504,2024-02-27 00:00:00,8.786278309318277
9505,2024-02-27 01:00:00,-5.934374767448958
9506,2024-02-27 02:00:00,-13.094206412358346
9507,2024-02-27 03:00:00,-27.77849724702503
9508,2024-02-27 04:00:00,-46.128740766060446
9509,2024-02-27 05:00:00,-43.38454773317733
9510,2024-02-27 06:00:00,9.532561529615009
9511,2024-02-27 07:00:00,120.71552908337048
9512,2024-02-27 08:00:00,263.4461139381654
9513,2024-02-27 09:00:00,387.7706807716625
9514,2024-02-27 10:00:00,451.68401512514015
9515,2024-02-27 11:00:00,449.2156904714717
9516,2024-02-27 12:00:00,413.7221170795109
9517,2024-02-27 13:00:00,393.59996694279226
9518,2024-02-27 14:00:00,418.80371492453673
9519,2024-02-27 15:00:00,482.47580309895886
9520,2024-02-27 16:00:00,548.705379159326
9521,2024-02-27 17:00:00,577.283927799268
9522,2024-02-27 18:00:00,546.1644515607961
9523,2024-02-27 19:00:00,458.5087715004847
9524,2024-02-27 20:00:00,335.4065608591601
9525,2024-02-27 21:00:00,204.1066177778686
9526,2024-02-27 22:00:00,89.32400270549647
9527,2024-02-27 23:00:00,7.911877793145095
9528,2024-02-28 00:00:00,-35.612107531179845
9529,2024-02-28 01:00:00,-51.30299996957024
9530,2024-02-28 02:00:00,-58.675279392639425
9531,2024-02-28 03:00:00,-72.83760265687181
9532,2024-02-28 04:00:00,-89.96587461838908
9533,2024-02-28 05:00:00,-85.34446806774866
9534,2024-02-28 06:00:00,-29.94919234181367
9535,2024-02-28 07:00:00,84.25002951659212
9536,2024-02-28 08:00:00,230.46457988766716
9537,2024-02-28 09:00:00,358.6640984841229
9538,2024-02-28 10:00:00,426.7615430074656
9539,2024-02-28 11:00:00,428.70086662899547
9540,2024-02-28 12:00:00,397.75042399347
9541,2024-02-28 13:00:00,382.21778132747687
9542,2024-02-28 14:00:00,411.9686515727259
9543,2024-02-28 15:00:00,480.05844250055804
9544,2024-02-28 16:00:00,550.4923495021751
9545,2024-02-28 17:00:00,582.9822934595735
9546,2024-02-28 18:00:00,555.4073421798132
9547,2024-02-28 19:00:00,470.8621686909877
9548,2024-02-28 20:00:00,350.37714365598737
9549,2024-02-28 21:00:00,221.1505532355549
9550,2024-02-28 22:00:00,107.85655512198252
9551,2024-02-28 23:00:00,27.31769831043738
9552,2024-02-29 00:00:00,-15.96815851976055
9553,2024-02-29 01:00:00,-32.064652939294945
9554,2024-02-29 02:00:00,-40.48343924291896
9555,2024-02-29 03:00:00,-56.31888002893311
9556,2024-02-29 04:00:00,-75.72123050391127
9557,2024-02-29 05:00:00,-73.93813634282361
9558,2024-02-29 06:00:00,-21.898041694218477
9559,2024-02-29 07:00:00,88.48653815012688
9560,2024-02-29 08:00:00,230.4936916183239
9561,2024-02-29 09:00:00,354.16817910629163
9562,2024-02-29 10:00:00,417.505482062063
9563,2024-02-29 11:00:00,414.5383536705542
9564,2024-02-29 12:00:00,378.62899777330216
9565,2024-02-29 13:00:00,358.1825673493356
9566,2024-02-29 14:00:00,383.16472079746416
9567,2024-02-29 15:00:00,446.73174198183943
9568,2024-02-29 16:00:00,512.9891747015657
9569,2024-02-29 17:00:00,541.747291283603
9570,2024-02-29 18:00:00,510.980053401354
9571,2024-02-29 19:00:00,423.8721379561531
9572,2024-02-29 20:00:00,301.53764464852276
9573,2024-02-29 21:00:00,171.2509953602533
9574,2024-02-29 22:00:00,57.75365603971699
9575,2024-02-29 23:00:00,-22.0744761919575
9576,2024-03-01 00:00:00,-272.2608450891446
9577,2024-03-01 01:00:00,-285.69122494598906
9578,2024-03-01 02:00:00,-290.427030416358
9579,2024-03-01 03:00:00,-301.553891887489
9580,2024-03-01 04:00:00,-315.22693412537217
9581,2024-03-01 05:00:00,-306.7125219002881
9582,2024-03-01 06:00:00,-246.9717393795314
9583,2024-03-01 07:00:00,-127.9635551270523
9584,2024-03-01 08:00:00,23.53013978922513
9585,2024-03-01 09:00:00,157.48106458424525
9586,2024-03-01 10:00:00,231.79923557566312
9587,2024-03-01 11:00:00,240.42032160806014
9588,2024-03-01 12:00:00,216.5987858952424
9589,2024-03-01 13:00:00,208.62249515332883
9590,2024-03-01 14:00:00,246.33152167111035
9591,2024-03-01 15:00:00,322.7496299242248
9592,2024-03-01 16:00:00,401.84438248713656
9593,2024-03-01 17:00:00,443.28416758151684
9594,2024-03-01 18:00:00,424.89878781190833
9595,2024-03-01 19:00:00,349.7281634123601
9596,2024-03-01 20:00:00,238.742746336424
9597,2024-03-01 21:00:00,119.0761346288599
9598,2024-03-01 22:00:00,15.333496733203617
9599,2024-03-01 23:00:00,-55.73537248077338
9600,2024-03-02 00:00:00,-93.21661786864018
9601,2024-03-02 01:00:00,-100.23613711792729
9602,2024-03-02 02:00:00,-99.8938974283646
9603,2024-03-02 03:00:00,-107.36553953927671
9604,2024-03-02 04:00:00,-118.88285876554579
9605,2024-03-02 05:00:00,-109.77448818163083
9606,2024-03-02 06:00:00,-51.048473653505084
9607,2024-03-02 07:00:00,65.30529561556716
9608,2024-03-02 08:00:00,212.49060352912826
9609,2024-03-02 09:00:00,340.4818067953253
9610,2024-03-02 10:00:00,407.2086953889084
9611,2024-03-02 11:00:00,406.64382527263314
9612,2024-03-02 12:00:00,372.0954401918515
9613,2024-03-02 13:00:00,351.92166502975283
9614,2024-03-02 14:00:00,376.0487002347719
9615,2024-03-02 15:00:00,437.6015151496468
9616,2024-03-02 16:00:00,500.6629835180891
9617,2024-03-02 17:00:00,525.0297740504552
9618,2024-03-02 18:00:00,488.67164841640437
9619,2024-03-02 19:00:00,394.7787344080945
9620,2024-03-02 20:00:00,264.480386983241
9621,2024-03-02 21:00:00,125.07614428690948
9622,2024-03-02 22:00:00,1.3424075722900852
9623,2024-03-02 23:00:00,-89.79631322850764
9624,2024-03-03 00:00:00,-143.74173716822207
9625,2024-03-03 01:00:00,-170.45984024840237
9626,2024-03-03 02:00:00,-189.36854866961016
9627,2024-03-03 03:00:00,-215.47353907654355
9628,2024-03-03 04:00:00,-244.84245383241483
9629,2024-03-03 05:00:00,-252.647339233519
9630,2024-03-03 06:00:00,-209.74889193505567
9631,2024-03-03 07:00:00,-108.00045773048646
9632,2024-03-03 08:00:00,25.926038029850474
9633,2024-03-03 09:00:00,142.11568140639696
9634,2024-03-03 10:00:00,198.59427506257546
9635,2024-03-03 11:00:00,189.4146822211405
9636,2024-03-03 12:00:00,147.94893774333124
9637,2024-03-03 13:00:00,122.60181791060086
9638,2024-03-03 14:00:00,143.32860537212076
9639,2024-03-03 15:00:00,203.26555173517997
9640,2024-03-03 16:00:00,266.48898329221703
9641,2024-03-03 17:00:00,292.77136266029555
9642,2024-03-03 18:00:00,260.0409560372596
9643,2024-03-03 19:00:00,171.4296690576244
9644,2024-03-03 20:00:00,47.99265658875299
9645,2024-03-03 21:00:00,-83.05979576302292
9646,2024-03-03 22:00:00,-197.05450110283027
9647,2024-03-03 23:00:00,-277.18288328088715
9648,2024-03-04 00:00:00,-106.8941767442754
9649,2024-03-04 01:00:00,-120.45099201919481
9650,2024-03-04 02:00:00,-125.33685505790191
9651,2024-03-04 03:00:00,-136.70936152520432
9652,2024-03-04 04:00:00,-150.79288932279246
9653,2024-03-04 05:00:00,-142.9192522714145
9654,2024-03-04 06:00:00,-84.11014243742932
9655,2024-03-04 07:00:00,33.62067304731727
9656,2024-03-04 08:00:00,183.44320018831675
9657,2024-03-04 09:00:00,315.28854332988806
9658,2024-03-04 10:00:00,387.0342796933063
9659,2024-03-04 11:00:00,392.5923885277164
9660,2024-03-04 12:00:00,365.20284473820675
9661,2024-03-04 13:00:00,353.14855155485236
9662,2024-03-04 14:00:00,386.2743332977278
9663,2024-03-04 15:00:00,457.6184769193639
9664,2024-03-04 16:00:00,531.1727560487191
9665,2024-03-04 17:00:00,566.6392404121998
9666,2024-03-04 18:00:00,541.8905327950017
9667,2024-03-04 19:00:00,460.0179910208468
9668,2024-03-04 20:00:00,342.051537181115
9669,2024-03-04 21:00:00,215.19155118427872
9670,2024-03-04 22:00:00,104.11646726735466
9671,2024-03-04 23:00:00,25.654905898945515
9672,2024-03-05 00:00:00,-15.68781725477561
9673,2024-03-05 01:00:00,-29.966920826153
9674,2024-03-05 02:00:00,-36.68510877135657
9675,2024-03-05 03:00:00,-50.927691704618496
9676,2024-03-05 04:00:00,-68.83619307127759
9677,2024-03-05 05:00:00,-65.65025353360795
9678,2024-03-05 06:00:00,-12.291423271061035
9679,2024-03-05 07:00:00,99.333209987288
9680,2024-03-05 08:00:00,242.50537552174578
9681,2024-03-05 09:00:00,367.2714083234801
9682,2024-03-05 10:00:00,431.6260643240225
9683,2024-03-05 11:00:00,429.5988874492283
9684,2024-03-05 12:00:00,394.546258492804
9685,2024-03-05 13:00:00,374.86482002571097
9686,2024-03-05 14:00:00,400.50901758890376
9687,2024-03-05 15:00:00,464.62126399223075
9688,2024-03-05 16:00:00,531.290677747174
9689,2024-03-05 17:00:00,560.3087144451824
9690,2024-03-05 18:00:00,529.6283476192262
9691,2024-03-05 19:00:00,442.4113693939079
9692,2024-03-05 20:00:00,319.7474241682833
9693,2024-03-05 21:00:00,188.88528132035148
9694,2024-03-05 22:00:00,74.53997266416184
9695,2024-03-05 23:00:00,-6.435368217578741
9696,2024-03-06 00:00:00,-49.523120362236796
9697,2024-03-06 01:00:00,-64.77835881813883
9698,2024-03-06 02:00:00,-71.71559172412617
9699,2024-03-06 03:00:00,-85.4435040809189
9700,2024-03-06 04:00:00,-102.13802878471773
9701,2024-03-06 05:00:00,-97.08356655267511
9702,2024-03-06 06:00:00,-41.255954544272015
9703,2024-03-06 07:00:00,73.37485649104957
9704,2024-03-06 08:00:00,220.0202213878691
9705,2024-03-06 09:00:00,348.6497523593933
9706,2024-03-06 10:00:00,417.1763797828545
9707,2024-03-06 11:00:00,419.54402961794307
9708,2024-03-06 12:00:00,389.0210294294755
9709,2024-03-06 13:00:00,373.91491847772727
9710,2024-03-06 14:00:00,404.0913828936952
9711,2024-03-06 15:00:00,472.6058037567111
9712,2024-03-06 16:00:00,543.4633499066865
9713,2024-03-06 17:00:00,576.3759158109929
9714,2024-03-06 18:00:00,549.2225430155522
9715,2024-03-06 19:00:00,465.09787841726813
9716,2024-03-06 20:00:00,345.03226669077344
9717,2024-03-06 21:00:00,216.22396817413843
9718,2024-03-06 22:00:00,103.34711487276076
9719,2024-03-06 23:00:00,23.224230250681217
9720,2024-03-07 00:00:00,-19.646852395084693
9721,2024-03-07 01:00:00,-35.32979584196704
9722,2024-03-07 02:00:00,-43.33627945973569
9723,2024-03-07 03:00:00,-58.76069074251188
9724,2024-03-07 04:00:00,-77.75330963531758
9725,2024-03-07 05:00:00,-75.561806384654
9726,2024-03-07 06:00:00,-23.11464955420047
9727,2024-03-07 07:00:00,87.67562132845529
9728,2024-03-07 08:00:00,230.08707063076903
9729,2024-03-07 09:00:00,354.1644348419201
9730,2024-03-07 10:00:00,417.90317169241354
9731,2024-03-07 11:00:00,415.33601082248714
9732,2024-03-07 12:00:00,379.82513271055524
9733,2024-03-07 13:00:00,359.77566713903474
9734,2024-03-07 14:00:00,385.1532495104481
9735,2024-03-07 15:00:00,449.1141408655176
9736,2024-03-07 16:00:00,515.7638623612859
9737,2024-03-07 17:00:00,544.9126638881844
9738,2024-03-07 18:00:00,514.5344848489565
9739,2024-03-07 19:00:00,427.8139800805676
9740,2024-03-07 20:00:00,305.86522740754623
9741,2024-03-07 21:00:00,175.96262703272618
9742,2024-03-07 22:00:00,62.847623408718334
9743,2024-03-07 23:00:00,-16.59990762350384
9744,2024-03-08 00:00:00,-57.83575591211263
9745,2024-03-08 01:00:00,-70.8890666403056
9746,2024-03-08 02:00:00,-75.249600147477
9747,2024-03-08 03:00:00,-86.00300730680169
9748,2024-03-08 04:00:00,-99.30443315375885
9749,2024-03-08 05:00:00,-90.42026254404846
9750,2024-03-08 06:00:00,-30.31159949435255
9751,2024-03-08 07:00:00,89.06256777323455
9752,2024-03-08 08:00:00,240.9203287478679
9753,2024-03-08 09:00:00,375.23338341412284
9754,2024-03-08 10:00:00,449.9117290814728
9755,2024-03-08 11:00:00,458.8910157884744
9756,2024-03-08 12:00:00,435.42568816777793
9757,2024-03-08 13:00:00,427.8035945708669
9758,2024-03-08 14:00:00,465.86478913898657
9759,2024-03-08 15:00:00,542.633018425317
9760,2024-03-08 16:00:00,622.0758272920592
9761,2024-03-08 17:00:00,663.8615864934454
9762,2024-03-08 18:00:00,645.8200813692783
9763,2024-03-08 19:00:00,570.9912151220843
9764,2024-03-08 20:00:00,460.3454229024585
9765,2024-03-08 21:00:00,341.0162861883015
9766,2024-03-08 22:00:00,237.60895704642346
9767,2024-03-08 23:00:00,166.87321425401066
9768,2024-03-09 00:00:00,-78.84877794187929
9769,2024-03-09 01:00:00,-85.53958288542168
9770,2024-03-09 02:00:00,-84.87085819938443
9771,2024-03-09 03:00:00,-92.01825981394461
9772,2024-03-09 04:00:00,-103.21359799329491
9773,2024-03-09 05:00:00,-93.78552054454065
9774,2024-03-09 06:00:00,-34.74208780532598
9775,2024-03-09 07:00:00,81.92679677006828
9776,2024-03-09 08:00:00,229.42490307642328
9777,2024-03-09 09:00:00,357.7265740495387
9778,2024-03-09 10:00:00,424.761586142525
9779,2024-03-09 11:00:00,424.5024820216005
9780,2024-03-09 12:00:00,390.25749238687683
9781,2024-03-09 13:00:00,370.38472931499507
9782,2024-03-09 14:00:00,394.8103806889595
9783,2024-03-09 15:00:00,456.6594035323562
9784,2024-03-09 16:00:00,520.0146595043558
9785,2024-03-09 17:00:00,544.6728054959675
9786,2024-03-09 18:00:00,508.60359157546577
9787,2024-03-09 19:00:00,414.9971341972928
9788,2024-03-09 20:00:00,284.98277722203915
9789,2024-03-09 21:00:00,145.86004794788641
9790,2024-03-09 22:00:00,22.405337015292844
9791,2024-03-09 23:00:00,-68.45685599315374
9792,2024-03-10 00:00:00,-122.12826024163303
9793,2024-03-10 01:00:00,-148.57486159323992
9794,2024-03-10 02:00:00,-167.21459585927312
9795,2024-03-10 03:00:00,-193.05314905307648
9796,2024-03-10 04:00:00,-222.1581726427002
9797,2024-03-10 06:00:00,-186.54450180047007
9798,2024-03-10 07:00:00,-84.53986679214694
9799,2024-03-10 08:00:00,49.64024975152779
9800,2024-03-10 09:00:00,166.08092602345116
9801,2024-03-10 10:00:00,222.8079570707735
9802,2024-03-10 11:00:00,213.87419875419414
9803,2024-03-10 12:00:00,172.65167880753378
9804,2024-03-10 13:00:00,147.54516665846907
9805,2024-03-10 14:00:00,168.50993833474243
9806,2024-03-10 15:00:00,228.68223907943494
9807,2024-03-10 16:00:00,292.13838906901833
9808,2024-03-10 17:00:00,318.6508450558243
9809,2024-03-10 18:00:00,286.1478676245516
9810,2024-03-10 19:00:00,197.76135704337182
9811,2024-03-10 20:00:00,74.54646306818228
9812,2024-03-10 21:00:00,-56.286533560043836
9813,2024-03-10 22:00:00,-170.0644505617775
9814,2024-03-10 23:00:00,-249.97871615771516
9815,2024-03-11 00:00:00,-79.47856889950998
9816,2024-03-11 01:00:00,-92.82662319607374
9817,2024-03-11 02:00:00,-97.506408606256
9818,2024-03-11 03:00:00,-108.67552417379062
9819,2024-03-11 04:00:00,-122.5583509199331
9820,2024-03-11 05:00:00,-114.48670554059305
9821,2024-03-11 06:00:00,-55.48228273248321
9822,2024-03-11 07:00:00,62.44114799430366
9823,2024-03-11 08:00:00,212.45359050536476
9824,2024-03-11 09:00:00,344.4861472565758
9825,2024-03-11 10:00:00,416.4163938250959
9826,2024-03-11 11:00:00,422.1563080641937
9827,2024-03-11 12:00:00,394.9458637145316
9828,2024-03-11 13:00:00,383.067963105745
9829,2024-03-11 14:00:00,416.367429879204
9830,2024-03-11 15:00:00,487.88255056708243
9831,2024-03-11 16:00:00,561.6050986103661
9832,2024-03-11 17:00:00,597.2371437917207
9833,2024-03-11 18:00:00,572.6512891976911
9834,2024-03-11 19:00:00,490.93889317552873
9835,2024-03-11 20:00:00,373.1298786052253
9836,2024-03-11 21:00:00,246.42462640404761
9837,2024-03-11 22:00:00,135.50157206439212
9838,2024-03-11 23:00:00,57.18933752152873
9839,2024-03-12 00:00:00,15.99324019037357
9840,2024-03-12 01:00:00,1.8580633772575652
9841,2024-03-12 02:00:00,-4.718894672607632
9842,2024-03-12 03:00:00,-18.82294215558602
9843,2024-03-12 04:00:00,-36.595599858498076
9844,2024-03-12 05:00:00,-33.27650555637695
9845,2024-03-12 06:00:00,20.212793686663247
9846,2024-03-12 07:00:00,131.96521348897562
9847,2024-03-12 08:00:00,275.2624867021872
9848,2024-03-12 09:00:00,400.15095211873074
9849,2024-03-12 10:00:00,464.62536969698476
9850,2024-03-12 11:00:00,462.71528761814574
9851,2024-03-12 12:00:00,427.7770911403625
9852,2024-03-12 13:00:00,408.20742754610455
9853,2024-03-12 14:00:00,433.9607472825272
9854,2024-03-12 15:00:00,498.1794683051122
9855,2024-03-12 16:00:00,564.9527144798517
9856,2024-03-12 17:00:00,594.0719469734283
9857,2024-03-12 18:00:00,563.4901451113066
9858,2024-03-12 19:00:00,476.36910702205864
9859,2024-03-12 20:00:00,353.7984833288879
9860,2024-03-12 21:00:00,223.0270498415987
9861,2024-03-12 22:00:00,108.76984501782431
9862,2024-03-12 23:00:00,27.880009295987293
9863,2024-03-13 00:00:00,-15.124829307145035
9864,2024-03-13 01:00:00,-30.299738565985535
9865,2024-03-13 02:00:00,-37.159219139418155
9866,2024-03-13 03:00:00,-50.81194835460445
9867,2024-03-13 04:00:00,-67.43385122870035
9868,2024-03-13 05:00:00,-62.30932039069978
9869,2024-03-13 06:00:00,-6.414184719848436
9870,2024-03-13 07:00:00,108.28161351428815
9871,2024-03-13 08:00:00,254.98943781796999
9872,2024-03-13 09:00:00,383.67890929118056
9873,2024-03-13 10:00:00,452.2629673628853
9874,2024-03-13 11:00:00,454.68554725468147
9875,2024-03-13 12:00:00,424.2149859814617
9876,2024-03-13 13:00:00,409.15883243956733
9877,2024-03-13 14:00:00,439.3827825832531
9878,2024-03-13 15:00:00,507.94222749626
9879,2024-03-13 16:00:00,578.8423462229276
9880,2024-03-13 17:00:00,611.7950435935114
9881,2024-03-13 18:00:00,584.6793717127782
9882,2024-03-13 19:00:00,500.58998821215494
9883,2024-03-13 20:00:00,380.5572486815823
9884,2024-03-13 21:00:00,251.77942453192517
9885,2024-03-13 22:00:00,138.93065903851874
9886,2024-03-13 23:00:00,58.83348709410802
9887,2024-03-14 00:00:00,15.98575359274895
9888,2024-03-14 01:00:00,0.3238075254678279
9889,2024-03-14 02:00:00,-7.664018543263182
9890,2024-03-14 03:00:00,-23.072100005182335
9891,2024-03-14 04:00:00,-42.05070455548338
9892,2024-03-14 05:00:00,-39.84749000851167
9893,2024-03-14 06:00:00,12.609087647619617
9894,2024-03-14 07:00:00,123.40650162083244
9895,2024-03-14 08:00:00,265.8228291558546
9896,2024-03-14 09:00:00,389.9028198246867
9897,2024-03-14 10:00:00,453.6419445147231
9898,2024-03-14 11:00:00,451.0729462198359
9899,2024-03-14 12:00:00,415.55801891291065
9900,2024-03-14 13:00:00,395.5023060106228
9901,2024-03-14 14:00:00,420.8714566937724
9902,2024-03-14 15:00:00,484.82174591767773
9903,2024-03-14 16:00:00,551.4587089076301
9904,2024-03-14 17:00:00,580.5926097389967
9905,2024-03-14 18:00:00,550.1974021483328
9906,2024-03-14 19:00:00,463.4577554428344
9907,2024-03-14 20:00:00,341.4877620252621
9908,2024-03-14 21:00:00,211.56183682720834
9909,2024-03-14 22:00:00,98.4214391572969
9910,2024-03-14 23:00:00,18.946459825606667
9911,2024-03-15 00:00:00,-22.318875921612573
9912,2024-03-15 01:00:00,-35.403698050998
9913,2024-03-15 02:00:00,-39.79775156718466
9914,2024-03-15 03:00:00,-50.586671888287526
9915,2024-03-15 04:00:00,-63.92558849627869
9916,2024-03-15 05:00:00,-55.08087055922317
9917,2024-03-15 06:00:00,4.986393689178328
9918,2024-03-15 07:00:00,124.31723191940819
9919,2024-03-15 08:00:00,276.12974961543296
9920,2024-03-15 09:00:00,410.39566287567743
9921,2024-03-15 10:00:00,485.02498520170343
9922,2024-03-15 11:00:00,493.95338293687655
9923,2024-03-15 12:00:00,470.4353171153328
9924,2024-03-15 13:00:00,462.75865258122263
9925,2024-03-15 14:00:00,500.76346006089784
9926,2024-03-15 15:00:00,577.4735027785242
9927,2024-03-15 16:00:00,656.8563423712595
9928,2024-03-15 17:00:00,698.5803664304428
9929,2024-03-15 18:00:00,680.4753772328015
9930,2024-03-15 19:00:00,605.581294995124
9931,2024-03-15 20:00:00,494.86857196887007
9932,2024-03-15 21:00:00,375.4708067783518
9933,2024-03-15 22:00:00,271.9931687562846
9934,2024-03-15 23:00:00,201.18545399157284
9935,2024-03-16 00:00:00,-44.61015588665896
9936,2024-03-16 01:00:00,-51.37620676736191
9937,2024-03-16 02:00:00,-50.78433875296315
9938,2024-03-16 03:00:00,-58.0101901906437
9939,2024-03-16 04:00:00,-69.28555369837528
9940,2024-03-16 05:00:00,-59.93905938194564
9941,2024-03-16 06:00:00,-0.9787498223332136
9942,2024-03-16 07:00:00,115.60548934073995
9943,2024-03-16 08:00:00,263.0174458768812
9944,2024-03-16 09:00:00,391.2314806259208
9945,2024-03-16 10:00:00,458.17738800850327
9946,2024-03-16 11:00:00,457.82772870016674
9947,2024-03-16 12:00:00,423.49075145764454
9948,2024-03-16 13:00:00,403.5245864371095
9949,2024-03-16 14:00:00,427.8554396655688
9950,2024-03-16 15:00:00,489.6082863285278
9951,2024-03-16 16:00:00,552.8660062864776
9952,2024-03-16 17:00:00,577.4252746608978
9953,2024-03-16 18:00:00,541.2558597909801
9954,2024-03-16 19:00:00,447.5478964189872
9955,2024-03-16 20:00:00,317.4307467115816
9956,2024-03-16 21:00:00,178.20395631721232
9957,2024-03-16 22:00:00,54.643934230936736
9958,2024-03-16 23:00:00,-36.32480158778941
9959,2024-03-17 00:00:00,-90.10396191378703
9960,2024-03-17 01:00:00,-116.65951419189685
9961,2024-03-17 02:00:00,-135.40937582442666
9962,2024-03-17 03:00:00,-161.3592143925233
9963,2024-03-17 04:00:00,-190.576662927224
9964,2024-03-17 05:00:00,-198.23375816197415
9965,2024-03-17 06:00:00,-155.19118691952212
9966,2024-03-17 07:00:00,-53.30228491589338
9967,2024-03-17 08:00:00,80.7610328314853
9968,2024-03-17 09:00:00,197.08386293940248
9969,2024-03-17 10:00:00,253.69201891070546
9970,2024-03-17 11:00:00,244.63837501480256
9971,2024-03-17 12:00:00,203.29497741244018
9972,2024-03-17 13:00:00,178.0666139224582
9973,2024-03-17 14:00:00,198.90857897286472
9974,2024-03-17 15:00:00,258.9571361762928
9975,2024-03-17 16:00:00,322.2886240621167
9976,2024-03-17 17:00:00,348.6755177133842
9977,2024-03-17 18:00:00,316.04609603285047
9978,2024-03-17 19:00:00,227.53227757068763
9979,2024-03-17 20:00:00,104.18923033312802
9980,2024-03-17 21:00:00,-26.772746699169716
9981,2024-03-17 22:00:00,-140.68045305295715
9982,2024-03-17 23:00:00,-220.72529878466736
9983,2024-03-18 00:00:00,-50.3565043234388
9984,2024-03-18 01:00:00,-63.83666597259207
9985,2024-03-18 02:00:00,-68.64929525297163
9986,2024-03-18 03:00:00,-79.95197319244448
9987,2024-03-18 04:00:00,-93.96906284542314
9988,2024-03-18 05:00:00,-86.03236298484416
9989,2024-03-18 06:00:00,-27.163550439696223
9990,2024-03-18 07:00:00,90.62362310495735
9991,2024-03-18 08:00:00,240.49917929675905
9992,2024-03-18 09:00:00,372.39423829810096
9993,2024-03-18 10:00:00,444.18639335413104
9994,2024-03-18 11:00:00,449.7876399250709
9995,2024-03-18 12:00:00,422.4379693020442
9996,2024-03-18 13:00:00,410.4203012891891
9997,2024-03-18 14:00:00,443.5794769580132
9998,2024-03-18 15:00:00,514.9538002035522
9999,2024-03-18 16:00:00,588.5350617468506
10000,2024-03-18 17:00:00,624.0253485956334
10001,2024-03-18 18:00:00,599.2972809879486
10002,2024-03-18 19:00:00,517.4422343540691
10003,2024-03-18 20:00:00,399.4901485677923
10004,2024-03-18 21:00:00,272.6414214933822
10005,2024-03-18 22:00:00,161.5745054475631
10006,2024-03-18 23:00:00,83.11803915893569
10007,2024-03-19 00:00:00,41.77735672324775
10008,2024-03-19 01:00:00,27.497258053259998
10009,2024-03-19 02:00:00,20.775057918198115
10010,2024-03-19 03:00:00,6.525464552832716
10011,2024-03-19 04:00:00,-11.39302647391952
10012,2024-03-19 05:00:00,-8.220036695285955
10013,2024-03-19 06:00:00,45.12290300394284
10014,2024-03-19 07:00:00,156.72872430861304
10015,2024-03-19 08:00:00,299.8791760466966
10016,2024-03-19 09:00:00,424.62061288967993
10017,2024-03-19 10:00:00,488.9478105846274
10018,2024-03-19 11:00:00,486.8903329907121
10019,2024-03-19 12:00:00,451.80458094889525
10020,2024-03-19 13:00:00,432.08721722118213
10021,2024-03-19 14:00:00,457.69270762805644
10022,2024-03-19 15:00:00,521.763485394871
10023,2024-03-19 16:00:00,588.3886895423857
10024,2024-03-19 17:00:00,617.3597963022149
10025,2024-03-19 18:00:00,586.6297999305974
10026,2024-03-19 19:00:00,499.36051339086146
10027,2024-03-19 20:00:00,376.64160202394675
10028,2024-03-19 21:00:00,245.7218562448293
10029,2024-03-19 22:00:00,131.31632899020752
10030,2024-03-19 23:00:00,50.27817507484724
10031,2024-03-20 00:00:00,7.1250367632977145
10032,2024-03-20 01:00:00,-8.198139588122842
10033,2024-03-20 02:00:00,-15.205840627162615
10034,2024-03-20 03:00:00,-29.006729797823027
10035,2024-03-20 04:00:00,-45.776718345162465
10036,2024-03-20 05:00:00,-40.800185273881084
10037,2024-03-20 06:00:00,14.947054055430897
10038,2024-03-20 07:00:00,129.49507076781197
10039,2024-03-20 08:00:00,276.0552416089721
10040,2024-03-20 09:00:00,404.5972008063352
10041,2024-03-20 10:00:00,473.03390079058414
10042,2024-03-20 11:00:00,475.3092896435489
10043,2024-03-20 12:00:00,444.69171710619815
10044,2024-03-20 13:00:00,429.48874467156134
10045,2024-03-20 14:00:00,459.5660807513877
10046,2024-03-20 15:00:00,527.9791287551498
10047,2024-03-20 16:00:00,598.7330799033348
10048,2024-03-20 17:00:00,631.5398510878579
10049,2024-03-20 18:00:00,604.2785063069487
10050,2024-03-20 19:00:00,520.0437149638485
10051,2024-03-20 20:00:00,399.86584427369337
10052,2024-03-20 21:00:00,270.943177133066
10053,2024-03-20 22:00:00,157.949868149689
10054,2024-03-20 23:00:00,77.70846341791156
10055,2024-03-21 00:00:00,34.71681887927048
10056,2024-03-21 01:00:00,18.911294429511372
10057,2024-03-21 02:00:00,10.780233392316575
10058,2024-03-21 03:00:00,-4.770729015583981
10059,2024-03-21 04:00:00,-23.89185001934959
10060,2024-03-21 05:00:00,-21.830777133533843
10061,2024-03-21 06:00:00,30.484043830299754
10062,2024-03-21 07:00:00,141.1400960887692
10063,2024-03-21 08:00:00,283.41546674880044
10064,2024-03-21 09:00:00,407.35491509060324
10065,2024-03-21 10:00:00,470.95392156718805
10066,2024-03-21 11:00:00,468.24523857472576
10067,2024-03-21 12:00:00,432.5910693333061
10068,2024-03-21 13:00:00,412.3965663652793
10069,2024-03-21 14:00:00,437.6273877916172
10070,2024-03-21 15:00:00,501.43981735088045
10071,2024-03-21 16:00:00,567.9393989109202
10072,2024-03-21 17:00:00,596.9364050212595
10073,2024-03-21 18:00:00,566.4047977322226
10074,2024-03-21 19:00:00,479.5292545148831
10075,2024-03-21 20:00:00,357.42387578168876
10076,2024-03-21 21:00:00,227.3630843106519
10077,2024-03-21 22:00:00,114.0883471049388
10078,2024-03-21 23:00:00,34.479562485709096
10079,2024-03-22 00:00:00,-6.919036903296444
10080,2024-03-22 01:00:00,-20.13657383346549
10081,2024-03-22 02:00:00,-24.662786246280007
10082,2024-03-22 03:00:00,-35.58330267079299
10083,2024-03-22 04:00:00,-49.05324585294028
10084,2024-03-22 05:00:00,-40.338978386124836
10085,2024-03-22 06:00:00,19.598417907284784
10086,2024-03-22 07:00:00,138.79997695352858
10087,2024-03-22 08:00:00,290.48381032597666
10088,2024-03-22 09:00:00,424.6216400557367
10089,2024-03-22 10:00:00,499.1234854159431
10090,2024-03-22 11:00:00,507.9250183642832
10091,2024-03-22 12:00:00,484.28070537455403
10092,2024-03-22 13:00:00,476.4784165917298
10093,2024-03-22 14:00:00,514.3582278598027
10094,2024-03-22 15:00:00,590.9439073753182
10095,2024-03-22 16:00:00,670.2030215785542
10096,2024-03-22 17:00:00,711.8039627059272
10097,2024-03-22 18:00:00,693.5765375193978
10098,2024-03-22 19:00:00,618.5606705583014
10099,2024-03-22 20:00:00,507.72681824001825
10100,2024-03-22 21:00:00,388.20858319061267
10101,2024-03-22 22:00:00,284.61113858576147
10102,2024-03-22 23:00:00,213.6842841927437
10103,2024-03-23 00:00:00,-32.22979482472107
10104,2024-03-23 01:00:00,-39.11364100606744
10105,2024-03-23 02:00:00,-38.638891236733514
10106,2024-03-23 03:00:00,-45.98118082519852
10107,2024-03-23 04:00:00,-57.372299502577675
10108,2024-03-23 05:00:00,-48.1408746415521
10109,2024-03-23 06:00:00,10.705053744961788
10110,2024-03-23 07:00:00,127.17560242862504
10111,2024-03-23 08:00:00,274.474561445949
10112,2024-03-23 09:00:00,402.5762937228715
10113,2024-03-23 10:00:00,469.410595628551
10114,2024-03-23 11:00:00,468.9500296305921
10115,2024-03-23 12:00:00,434.50284610695377
10116,2024-03-23 13:00:00,414.4271767050168
10117,2024-03-23 14:00:00,438.64922876309925
10118,2024-03-23 15:00:00,500.2939786432392
10119,2024-03-23 16:00:00,563.444307218851
10120,2024-03-23 17:00:00,587.8968904751224
10121,2024-03-23 18:00:00,551.6214974639278
10122,2024-03-23 19:00:00,457.80826348485175
10123,2024-03-23 20:00:00,327.5865511180131
10124,2024-03-23 21:00:00,188.2559062701302
10125,2024-03-23 22:00:00,64.59273804600093
10126,2024-03-23 23:00:00,-26.478435637472728
10127,2024-03-24 00:00:00,-80.35932573232492
10128,2024-03-24 01:00:00,-107.01590002840197
10129,2024-03-24 02:00:00,-125.86607639975398
10130,2024-03-24 03:00:00,-151.91552305782972
10131,2024-03-24 04:00:00,-181.23187380201114
10132,2024-03-24 05:00:00,-188.9871662801258
10133,2024-03-24 06:00:00,-146.04208837358124
10134,2024-03-24 07:00:00,-44.24997699700009
10135,2024-03-24 08:00:00,89.71725148047057
10136,2024-03-24 09:00:00,205.9446922190533
10137,2024-03-24 10:00:00,262.4581570749252
10138,2024-03-24 11:00:00,253.31051856639422
10139,2024-03-24 12:00:00,211.87382096206287
10140,2024-03-24 13:00:00,186.55285003731336
10141,2024-03-24 14:00:00,207.30289805330915
10142,2024-03-24 15:00:00,267.2602263173799
10143,2024-03-24 16:00:00,330.50117092509345
10144,2024-03-24 17:00:00,356.79820438835924
10145,2024-03-24 18:00:00,324.07960290042763
10146,2024-03-24 19:00:00,235.47728218286295
10147,2024-03-24 20:00:00,112.04640728457076
10148,2024-03-24 21:00:00,-19.002725917575845
10149,2024-03-24 22:00:00,-132.99692015661435
10150,2024-03-24 23:00:00,-213.1275888342352
10151,2024-03-25 00:00:00,-42.84395585079773
10152,2024-03-25 01:00:00,-56.40862110123271
10153,2024-03-25 02:00:00,-61.305099820474595
10154,2024-03-25 03:00:00,-72.69097686816735
10155,2024-03-25 04:00:00,-86.79061926388192
10156,2024-03-25 05:00:00,-78.93582984431072
10157,2024-03-25 06:00:00,-20.148289634578873
10158,2024-03-25 07:00:00,97.55824537206257
10159,2024-03-25 08:00:00,247.35379239516428
10160,2024-03-25 09:00:00,379.16946707452166
10161,2024-03-25 10:00:00,450.88285799359375
10162,2024-03-25 11:00:00,456.4059558563318
10163,2024-03-25 12:00:00,428.97874708704785
10164,2024-03-25 13:00:00,416.88414651182217
10165,2024-03-25 14:00:00,449.9669901172273
10166,2024-03-25 15:00:00,521.2655766043597
10167,2024-03-25 16:00:00,594.7716914113777
10168,2024-03-25 17:00:00,630.1874161366958
10169,2024-03-25 18:00:00,605.3853655278436
10170,2024-03-25 19:00:00,523.4569094154328
10171,2024-03-25 20:00:00,405.4319819833727
10172,2024-03-25 21:00:00,278.51097528955586
10173,2024-03-25 22:00:00,167.37233577491241
10174,2024-03-25 23:00:00,88.8446961837102
10175,2024-03-26 00:00:00,47.43338453431983
10176,2024-03-26 01:00:00,33.08319457495645
10177,2024-03-26 02:00:00,26.291434820528707
10178,2024-03-26 03:00:00,11.972807167879012
10179,2024-03-26 04:00:00,-6.014199257119287
10180,2024-03-26 05:00:00,-2.909212480331121
10181,2024-03-26 06:00:00,50.36623000396298
10182,2024-03-26 07:00:00,161.90505320471988
10183,2024-03-26 08:00:00,304.98899918760355
10184,2024-03-26 09:00:00,429.6644157986751
10185,2024-03-26 10:00:00,493.9260718618381
10186,2024-03-26 11:00:00,491.8035242481705
10187,2024-03-26 12:00:00,456.65316674171413
10188,2024-03-26 13:00:00,436.87165496893135
10189,2024-03-26 14:00:00,462.41344754575124
10190,2024-03-26 15:00:00,526.4209704206005
10191,2024-03-26 16:00:00,592.9833552842367
10192,2024-03-26 17:00:00,621.8920709528534
10193,2024-03-26 18:00:00,591.1001042177345
10194,2024-03-26 19:00:00,503.7692605121035
10195,2024-03-26 20:00:00,380.98919759094747
10196,2024-03-26 21:00:00,250.00869820619653
10197,2024-03-26 22:00:00,135.5428076004814
10198,2024-03-26 23:00:00,54.44467282465837
10199,2024-03-27 00:00:00,11.23192832516736
10200,2024-03-27 01:00:00,-4.150487407676678
10201,2024-03-27 02:00:00,-11.217068937842441
10202,2024-03-27 03:00:00,-25.076487670677807
10203,2024-03-27 04:00:00,-41.90466287289189
10204,2024-03-27 05:00:00,-36.98598159272507
10205,2024-03-27 06:00:00,18.703732699803822
10206,2024-03-27 07:00:00,133.1945429947038
10207,2024-03-27 08:00:00,279.69781785463886
10208,2024-03-27 09:00:00,408.1831832823324
10209,2024-03-27 10:00:00,476.56358347453806
10210,2024-03-27 11:00:00,478.7829582045159
10211,2024-03-27 12:00:00,448.1096489047959
10212,2024-03-27 13:00:00,432.8512087047844
10213,2024-03-27 14:00:00,462.87333764616517
10214,2024-03-27 15:00:00,531.2314307265056
10215,2024-03-27 16:00:00,601.930670732505
10216,2024-03-27 17:00:00,634.6829660964446
10217,2024-03-27 18:00:00,607.3673723462699
10218,2024-03-27 19:00:00,523.078550382288
10219,2024-03-27 20:00:00,402.8468588954347
10220,2024-03-27 21:00:00,273.87057225902345
10221,2024-03-27 22:00:00,160.82383652872443
10222,2024-03-27 23:00:00,80.52918923709854
10223,2024-03-28 00:00:00,37.484477748219035
10224,2024-03-28 01:00:00,21.62605338962004
10225,2024-03-28 02:00:00,13.442250882149608
10226,2024-03-28 03:00:00,-2.161303147359888
10227,2024-03-28 04:00:00,-21.33487452285516
10228,2024-03-28 05:00:00,-19.326119357672553
10229,2024-03-28 06:00:00,32.93650792718347
10230,2024-03-28 07:00:00,143.54048195094816
10231,2024-03-28 08:00:00,285.763881230749
10232,2024-03-28 09:00:00,409.65145644379106
10233,2024-03-28 10:00:00,473.19867946106194
10234,2024-03-28 11:00:00,470.43829410193695
10235,2024-03-28 12:00:00,434.7324950245293
10236,2024-03-28 13:00:00,414.48642618228126
10237,2024-03-28 14:00:00,439.665737165591
10238,2024-03-28 15:00:00,503.42670318973256
10239,2024-03-28 16:00:00,569.8748596049071
10240,2024-03-28 17:00:00,598.8204704718056
10241,2024-03-28 18:00:00,568.2374893804642
10242,2024-03-28 19:00:00,481.3105853472166
10243,2024-03-28 20:00:00,359.15385035935714
10244,2024-03-28 21:00:00,229.04169880855534
10245,2024-03-28 22:00:00,115.71558932469713
10246,2024-03-28 23:00:00,36.05541188929311
10247,2024-03-29 00:00:00,-5.394609165833799
10248,2024-03-29 01:00:00,-18.66360487581852
10249,2024-03-29 02:00:00,-23.241321434148688
10250,2024-03-29 03:00:00,-34.213395570952684
10251,2024-03-29 04:00:00,-47.734958197594665
10252,2024-03-29 05:00:00,-39.0723800317748
10253,2024-03-29 06:00:00,20.813249010532218
10254,2024-03-29 07:00:00,139.96295481614106
10255,2024-03-29 08:00:00,291.59484096847046
10256,2024-03-29 09:00:00,425.6806215355869
10257,2024-03-29 10:00:00,500.13030789082177
10258,2024-03-29 11:00:00,508.8795641383966
10259,2024-03-29 12:00:00,485.18284895321466
10260,2024-03-29 13:00:00,477.3280247182498
10261,2024-03-29 14:00:00,515.1551595931165
10262,2024-03-29 15:00:00,591.6880141299106
10263,2024-03-29 16:00:00,670.8941471862769
10264,2024-03-29 17:00:00,712.4419434728393
10265,2024-03-29 18:00:00,694.1612022977811
10266,2024-03-29 19:00:00,619.091840796465
10267,2024-03-29 20:00:00,508.2043080424414
10268,2024-03-29 21:00:00,388.6321994031817
10269,2024-03-29 22:00:00,284.98068084623503
10270,2024-03-29 23:00:00,213.99954500547327
10271,2024-03-30 00:00:00,-31.969030031622026
10272,2024-03-30 01:00:00,-38.907593778564376
10273,2024-03-30 02:00:00,-38.48779005608992
10274,2024-03-30 03:00:00,-45.88526101520466
10275,2024-03-30 04:00:00,-57.331803155341106
10276,2024-03-30 05:00:00,-48.15605054209561
10277,2024-03-30 06:00:00,10.633950197347417
10278,2024-03-30 07:00:00,127.04830929657601
10279,2024-03-30 08:00:00,274.2908103511813
10280,2024-03-30 09:00:00,402.3358099040027
10281,2024-03-30 10:00:00,469.1130980498916
10282,2024-03-30 11:00:00,468.5952310554711
10283,2024-03-30 12:00:00,434.0904531860227
10284,2024-03-30 13:00:00,413.9568900675206
10285,2024-03-30 14:00:00,438.1207431040982
10286,2024-03-30 15:00:00,499.7069828178502
10287,2024-03-30 16:00:00,562.7984843258347
10288,2024-03-30 17:00:00,587.1919179707609
10289,2024-03-30 18:00:00,550.8570472324393
10290,2024-03-30 19:00:00,456.9840019509344
10291,2024-03-30 20:00:00,326.7021393403606
10292,2024-03-30 21:00:00,187.3110000425454
10293,2024-03-30 22:00:00,63.586987986309055
10294,2024-03-30 23:00:00,-27.545383970308592
10295,2024-03-31 00:00:00,-81.48783174644325
10296,2024-03-31 01:00:00,-108.20632799249171
10297,2024-03-31 02:00:00,-127.1187953362163
10298,2024-03-31 04:00:00,-182.6103002452353
10299,2024-03-31 05:00:00,-190.42901824021692
10300,2024-03-31 06:00:00,-147.5477528224257
10301,2024-03-31 07:00:00,-45.81984512622478
10302,2024-03-31 08:00:00,88.08278437385536
10303,2024-03-31 09:00:00,204.2452268460857
10304,2024-03-31 10:00:00,260.69329027442683
10305,2024-03-31 11:00:00,251.47984340754385
10306,2024-03-31 12:00:00,209.97692686829367
10307,2024-03-31 13:00:00,184.5893229000384
10308,2024-03-31 14:00:00,205.27232034785666
10309,2024-03-31 15:00:00,265.1621772236847
10310,2024-03-31 16:00:00,328.33522644047787
10311,2024-03-31 17:00:00,354.5639374646636
10312,2024-03-31 18:00:00,321.7765835400534
10313,2024-03-31 19:00:00,233.10507758554505
10314,2024-03-31 20:00:00,109.60458193751663
10315,2024-03-31 21:00:00,-21.514610072468997
10316,2024-03-31 22:00:00,-135.5793036361287
10317,2024-03-31 23:00:00,-215.7809144685333
10318,2024-04-01 00:00:00,-45.56866866704303
10319,2024-04-01 01:00:00,-59.205168193811744
10320,2024-04-01 02:00:00,-64.17393022300257
10321,2024-04-01 03:00:00,-75.63254142779738
10322,2024-04-01 04:00:00,-89.80537050499254
10323,2024-04-01 05:00:00,-82.02422185789368
10324,2024-04-01 06:00:00,-23.310777924381966
10325,2024-04-01 07:00:00,94.3212040039462
10326,2024-04-01 08:00:00,244.04173998325263
10327,2024-04-01 09:00:00,375.7819446203064
10328,2024-04-01 10:00:00,447.4194056082208
10329,2024-04-01 11:00:00,452.8661128779303
10330,2024-04-01 12:00:00,425.362052224721
10331,2024-04-01 13:00:00,413.19013797648313
10332,2024-04-01 14:00:00,446.19520575437076
10333,2024-04-01 15:00:00,517.4155540331413
10334,2024-04-01 16:00:00,590.8429681490169
10335,2024-04-01 17:00:00,626.1795297570366
10336,2024-04-01 18:00:00,601.29785376953
10337,2024-04-01 19:00:00,519.2893103369873
10338,2024-04-01 20:00:00,401.183834103423
10339,2024-04-01 21:00:00,274.1818176940046
10340,2024-04-01 22:00:00,162.96170829239543
10341,2024-04-01 23:00:00,84.35213950231258
10342,2024-04-02 00:00:00,42.858440352457364
10343,2024-04-02 01:00:00,28.425405720356196
10344,2024-04-02 02:00:00,21.550345404306597
10345,2024-04-02 03:00:00,7.147962720411613
10346,2024-04-02 04:00:00,-10.923251643117169
10347,2024-04-02 05:00:00,-7.902924030403199
10348,2024-04-02 06:00:00,45.28740991388065
10349,2024-04-02 07:00:00,156.7406771703587
10350,2024-04-02 08:00:00,299.73862191721224
10351,2024-04-02 09:00:00,424.3275942555502
10352,2024-04-02 10:00:00,488.5023654039783
10353,2024-04-02 11:00:00,486.2924947728242
10354,2024-04-02 12:00:00,451.0543788073619
10355,2024-04-02 13:00:00,431.18467596413643
10356,2024-04-02 14:00:00,456.6378477991488
10357,2024-04-02 15:00:00,520.5563233619764
10358,2024-04-02 16:00:00,587.029237573289
10359,2024-04-02 17:00:00,615.8480626219505
10360,2024-04-02 18:00:00,584.9657888129207
10361,2024-04-02 19:00:00,497.5442252282135
10362,2024-04-02 20:00:00,374.67303341743883
10363,2024-04-02 21:00:00,243.60100006168372
10364,2024-04-02 22:00:00,129.043174471898
10365,2024-04-02 23:00:00,47.85270790229913
10366,2024-04-03 00:00:00,4.54723915577938
10367,2024-04-03 01:00:00,-10.928288806872047
10368,2024-04-03 02:00:00,-18.08836591654324
10369,2024-04-03 03:00:00,-32.041658825349714
10370,2024-04-03 04:00:00,-48.96408190028188
10371,2024-04-03 05:00:00,-44.14001715855426
10372,2024-04-03 06:00:00,11.45471710772182
10373,2024-04-03 07:00:00,125.8501891892235
10374,2024-04-03 08:00:00,272.2577730900251
10375,2024-04-03 09:00:00,400.6471003920474
10376,2024-04-03 10:00:00,468.9311210046335
10377,2024-04-03 11:00:00,471.0537805529241
10378,2024-04-03 12:00:00,440.28342644047933
10379,2024-04-03 13:00:00,424.92761792362035
10380,2024-04-03 14:00:00,454.8520612824304
10381,2024-04-03 15:00:00,523.1121578997054
10382,2024-04-03 16:00:00,593.713097066983
10383,2024-04-03 17:00:00,626.366793872752
10384,2024-04-03 18:00:00,598.9523106068127
10385,2024-04-03 19:00:00,514.5643150759695
10386,2024-04-03 20:00:00,394.2331730065598
10387,2024-04-03 21:00:00,265.1571659329561
10388,2024-04-03 22:00:00,152.0104472001736
10389,2024-04-03 23:00:00,71.61556175322477
10390,2024-04-04 00:00:00,28.470364510781792
10391,2024-04-04 01:00:00,12.511214454938738
10392,2024-04-04 02:00:00,4.2264541125730375
10393,2024-04-04 03:00:00,-11.478281978355653
10394,2024-04-04 04:00:00,-30.753251597103883
10395,2024-04-04 05:00:00,-28.84610269265295
10396,2024-04-04 06:00:00,23.31471859861989
10397,2024-04-04 07:00:00,133.81669530450586
10398,2024-04-04 08:00:00,275.9379144658728
10399,2024-04-04 09:00:00,399.72313540577613
10400,2024-04-04 10:00:00,463.1678387594063
10401,2024-04-04 11:00:00,460.3047772315804
10402,2024-04-04 12:00:00,424.49615446573847
10403,2024-04-04 13:00:00,404.14712354207984
10404,2024-04-04 14:00:00,429.22334326444644
10405,2024-04-04 15:00:00,492.88109819548475
10406,2024-04-04 16:00:00,559.2259331332964
10407,2024-04-04 17:00:00,588.0681217001854
10408,2024-04-04 18:00:00,557.381627162332
10409,2024-04-04 19:00:00,470.3511283117974
10410,2024-04-04 20:00:00,348.0907270339859
10411,2024-04-04 21:00:00,217.874847709575
10412,2024-04-04 22:00:00,104.44495905943751
10413,2024-04-04 23:00:00,24.680961288012952
10414,2024-04-05 00:00:00,-16.87291097316114
10415,2024-04-05 01:00:00,-30.245778348881743
10416,2024-04-05 02:00:00,-34.92737652189987
10417,2024-04-05 03:00:00,-46.00333160763381
10418,2024-04-05 04:00:00,-59.628763820408494
10419,2024-04-05 05:00:00,-51.07003306110079
10420,2024-04-05 06:00:00,8.711781651009744
10421,2024-04-05 07:00:00,127.75771719699071
10422,2024-04-05 08:00:00,279.28588824331246
10423,2024-04-05 09:00:00,413.26802005043055
10424,2024-04-05 10:00:00,487.6141352497178
10425,2024-04-05 11:00:00,496.2599093065235
10426,2024-04-05 12:00:00,472.4598123449622
10427,2024-04-05 13:00:00,464.5017182795405
10428,2024-04-05 14:00:00,502.22570688624
10429,2024-04-05 15:00:00,578.6555504131933
10430,2024-04-05 16:00:00,657.7588195113258
10431,2024-04-05 17:00:00,699.2039107411433
10432,2024-04-05 18:00:00,680.8206353575481
10433,2024-04-05 19:00:00,605.6489225145423
10434,2024-04-05 20:00:00,494.65923338547367
10435,2024-04-05 21:00:00,374.9851754931631
10436,2024-04-05 22:00:00,271.23192705808134
10437,2024-04-05 23:00:00,200.14929302645453
10438,2024-04-06 00:00:00,-45.920536135839995
10439,2024-04-06 01:00:00,-52.960097490241026
10440,2024-04-06 02:00:00,-52.64102234022073
10441,2024-04-06 03:00:00,-60.138940249361326
10442,2024-04-06 04:00:00,-71.68563508156683
10443,2024-04-06 05:00:00,-62.609728185185816
10444,2024-04-06 06:00:00,-3.9192534275774733
10445,2024-04-06 07:00:00,112.39591226540387
10446,2024-04-06 08:00:00,259.53956535174996
10447,2024-04-06 09:00:00,387.48607533073454
10448,2024-04-06 10:00:00,454.1652452767302
10449,2024-04-06 11:00:00,453.54964450199276
10450,2024-04-06 12:00:00,418.9475303683466
10451,2024-04-06 13:00:00,398.7170416426324
10452,2024-04-06 14:00:00,422.78439291690387
10453,2024-04-06 15:00:00,484.27456794225117
10454,2024-04-06 16:00:00,547.2704551223045
10455,2024-04-06 17:00:00,571.5687381067318
10456,2024-04-06 18:00:00,535.1391937366167
10457,2024-04-06 19:00:00,441.1719652478617
10458,2024-04-06 20:00:00,310.79642329115234
10459,2024-04-06 21:00:00,171.3121219596119
10460,2024-04-06 22:00:00,47.495478693229984
10461,2024-04-06 23:00:00,-43.728980124475754
10462,2024-04-07 00:00:00,-97.76295685744685
10463,2024-04-07 01:00:00,-124.5724105709811
10464,2024-04-07 02:00:00,-143.57525028246016
10465,2024-04-07 03:00:00,-169.7771352200017
10466,2024-04-07 04:00:00,-199.24569007313806
10467,2024-04-07 05:00:00,-207.15294325275352
10468,2024-04-07 06:00:00,-164.35957326441383
10469,2024-04-07 07:00:00,-62.71890753571478
10470,2024-04-07 08:00:00,71.0971471766187
10471,2024-04-07 09:00:00,187.1736957866276
10472,2024-04-07 10:00:00,243.53656001244502
10473,2024-04-07 11:00:00,234.2386223601268
10474,2024-04-07 12:00:00,192.651937206647
10475,2024-04-07 13:00:00,167.18130056763874
10476,2024-04-07 14:00:00,187.78201505204754
10477,2024-04-07 15:00:00,247.59035243323856
10478,2024-04-07 16:00:00,310.6826594030316
10479,2024-04-07 17:00:00,336.8314191770075
10480,2024-04-07 18:00:00,303.9649187721574
10481,2024-04-07 19:00:00,215.2150848418159
10482,2024-04-07 20:00:00,91.63709347818019
10483,2024-04-07 21:00:00,-39.55874825864896
10484,2024-04-07 22:00:00,-153.699231836514
10485,2024-04-07 23:00:00,-233.97575928156334
10486,2024-04-08 00:00:00,-63.83754299349607
10487,2024-04-08 01:00:00,-77.5471712556112
10488,2024-04-08 02:00:00,-82.5881476078406
10489,2024-04-08 03:00:00,-94.11804509082498
10490,2024-04-08 04:00:00,-108.36121879908188
10491,2024-04-08 05:00:00,-100.6494595579154
10492,2024-04-08 06:00:00,-42.004436264157505
10493,2024-04-08 07:00:00,75.56010730936703
10494,2024-04-08 08:00:00,225.21420071382175
10495,2024-04-08 09:00:00,356.8889719939841
10496,2024-04-08 10:00:00,428.4620222626571
10497,2024-04-08 11:00:00,433.8453548281579
10498,2024-04-08 12:00:00,406.278968827378
10499,2024-04-08 13:00:00,394.04579187095413
10500,2024-04-08 14:00:00,426.99067284290714
10501,2024-04-08 15:00:00,498.15192341856226
10502,2024-04-08 16:00:00,571.5213420910231
10503,2024-04-08 17:00:00,606.80102362056
10504,2024-04-08 18:00:00,581.8635959832599
10505,2024-04-08 19:00:00,499.8004423289951
10506,2024-04-08 20:00:00,381.6415102404154
10507,2024-04-08 21:00:00,254.58720524336235
10508,2024-04-08 22:00:00,143.31598734753254
10509,2024-04-08 23:00:00,64.65650293062163
10510,2024-04-09 00:00:00,23.114093704749507
10511,2024-04-09 01:00:00,8.63356721738603
10512,2024-04-09 02:00:00,1.7122458221129477
10513,2024-04-09 03:00:00,-12.735154653918414
10514,2024-04-09 04:00:00,-30.850131095408983
10515,2024-04-09 05:00:00,-27.872297476154642
10516,2024-04-09 06:00:00,25.27682283373781
10517,2024-04-09 07:00:00,136.6901690202705
10518,2024-04-09 08:00:00,279.64949742373483
10519,2024-04-09 09:00:00,404.20117016088534
10520,2024-04-09 10:00:00,468.3399704303696
10521,2024-04-09 11:00:00,466.09546952684906
10522,2024-04-09 12:00:00,430.8240756998771
10523,2024-04-09 13:00:00,410.9224591011592
10524,2024-04-09 14:00:00,436.34509292182474
10525,2024-04-09 15:00:00,500.2344177350117
10526,2024-04-09 16:00:00,566.6795798968224
10527,2024-04-09 17:00:00,595.472062934589
10528,2024-04-09 18:00:00,564.564868403919
10529,2024-04-09 19:00:00,477.11981652983343
10530,2024-04-09 20:00:00,354.2265798974996
10531,2024-04-09 21:00:00,223.1339561416679
10532,2024-04-09 22:00:00,108.5570054072627
10533,2024-04-09 23:00:00,27.348889680084596
10534,2024-04-10 00:00:00,-15.97274161718127
10535,2024-04-10 01:00:00,-31.462934995753812
10536,2024-04-10 02:00:00,-38.636169995139596
10537,2024-04-10 03:00:00,-52.601102971620094
10538,2024-04-10 04:00:00,-69.53363811503795
10539,2024-04-10 05:00:00,-64.71814737995277
10540,2024-04-10 06:00:00,-9.130439122993835
10541,2024-04-10 07:00:00,105.2595647711172
10542,2024-04-10 08:00:00,251.6632480079364
10543,2024-04-10 09:00:00,380.05025176305094
10544,2024-04-10 10:00:00,448.33353537651215
10545,2024-04-10 11:00:00,450.4570538103093
10546,2024-04-10 12:00:00,419.68916367129856
10547,2024-04-10 13:00:00,404.3374332779403
10548,2024-04-10 14:00:00,434.26757785519675
10549,2024-04-10 15:00:00,502.5350075927454
10550,2024-04-10 16:00:00,573.144920449788
10551,2024-04-10 17:00:00,605.8092400524672
10552,2024-04-10 18:00:00,578.407037089074
10553,2024-04-10 19:00:00,494.03298763414665
10554,2024-04-10 20:00:00,373.7174655129851
10555,2024-04-10 21:00:00,244.65876026067906
10556,2024-04-10 22:00:00,131.5310330425532
10557,2024-04-10 23:00:00,51.15683649883016
10558,2024-04-11 00:00:00,8.034033088491753
10559,2024-04-11 01:00:00,-7.901010811448202
10560,2024-04-11 02:00:00,-16.159945427049365
10561,2024-04-11 03:00:00,-31.837129127116157
10562,2024-04-11 04:00:00,-51.082812740130635
10563,2024-04-11 05:00:00,-49.144637438930886
10564,2024-04-11 06:00:00,3.0489572877536375
10565,2024-04-11 07:00:00,113.58546094193747
10566,2024-04-11 08:00:00,255.74296688535924
10567,2024-04-11 09:00:00,379.56624060203495
10568,2024-04-11 10:00:00,443.0507687366459
10569,2024-04-11 11:00:00,440.2293098296809
10570,2024-04-11 12:00:00,404.4640732061844
10571,2024-04-11 13:00:00,384.16021746153126
10572,2024-04-11 14:00:00,409.28340674895037
10573,2024-04-11 15:00:00,472.9899308151134
10574,2024-04-11 16:00:00,539.3853394695261
10575,2024-04-11 17:00:00,568.2799111936674
10576,2024-04-11 18:00:00,537.647613920537
10577,2024-04-11 19:00:00,450.6731309537729
10578,2024-04-11 20:00:00,328.4705685142943
10579,2024-04-11 21:00:00,198.31435514750115
10580,2024-04-11 22:00:00,84.94596355359636
10581,2024-04-11 23:00:00,5.245297756833622
10582,2024-04-12 00:00:00,-36.24340397699535
10583,2024-04-12 01:00:00,-49.5492588161427
10584,2024-04-12 02:00:00,-54.161999159452364
10585,2024-04-12 03:00:00,-65.1672480245278
10586,2024-04-12 04:00:00,-78.72012269504796
10587,2024-04-12 05:00:00,-70.08698035011946
10588,2024-04-12 06:00:00,-10.228897434393502
10589,2024-04-12 07:00:00,108.895165301632
10590,2024-04-12 08:00:00,260.5033247147569
10591,2024-04-12 09:00:00,394.56730806910207
10592,2024-04-12 10:00:00,468.9971398243643
10593,2024-04-12 11:00:00,477.7284970734051
10594,2024-04-12 12:00:00,454.0158513903874
10595,2024-04-12 13:00:00,446.14707794900255
10596,2024-04-12 14:00:00,483.9622575936603
10597,2024-04-12 15:00:00,560.4851634572306
10598,2024-04-12 16:00:00,639.683366872434
10599,2024-04-12 17:00:00,681.2252649152937
10600,2024-04-12 18:00:00,662.9406691347264
10601,2024-04-12 19:00:00,587.8695088069429
10602,2024-04-12 20:00:00,476.9822450290696
10603,2024-04-12 21:00:00,357.4124850571186
10604,2024-04-12 22:00:00,253.7654066412866
10605,2024-04-12 23:00:00,182.79081407535352
10606,2024-04-13 00:00:00,-63.16910303024474
10607,2024-04-13 01:00:00,-70.09688278564477
10608,2024-04-13 02:00:00,-69.6641577378104
10609,2024-04-13 03:00:00,-77.04655889235016
10610,2024-04-13 04:00:00,-88.47587174533322
10611,2024-04-13 05:00:00,-79.28071949282196
10612,2024-04-13 06:00:00,-20.46913802075221
10613,2024-04-13 07:00:00,95.96899350676478
10614,2024-04-13 08:00:00,243.23746911894773
10615,2024-04-13 09:00:00,371.310655680768
10616,2024-04-13 10:00:00,438.11835345890466
10617,2024-04-13 11:00:00,437.63312872487245
10618,2024-04-13 12:00:00,403.16323561040025
10619,2024-04-13 13:00:00,383.0668094688136
10620,2024-04-13 14:00:00,407.2700612602502
10621,2024-04-13 15:00:00,468.8979709117484
10622,2024-04-13 16:00:00,532.0334227997406
10623,2024-04-13 17:00:00,556.4730963474408
10624,2024-04-13 18:00:00,520.1867639706024
10625,2024-04-13 19:00:00,426.36456427450366
10626,2024-04-13 20:00:00,296.13586308530137
10627,2024-04-13 21:00:00,156.80020946659607
10628,2024-04-13 22:00:00,33.13401562808082
10629,2024-04-13 23:00:00,-57.938197480543806
10630,2024-04-14 00:00:00,-111.81813784579214
10631,2024-04-14 01:00:00,-138.4717703764565
10632,2024-04-14 02:00:00,-157.3170101128381
10633,2024-04-14 03:00:00,-183.35952252076402
10634,2024-04-14 04:00:00,-212.66693872053895
10635,2024-04-14 05:00:00,-220.4112937561526
10636,2024-04-14 06:00:00,-177.4532729671874
10637,2024-04-14 07:00:00,-75.6462108128531
10638,2024-04-14 08:00:00,58.33797871500019
10639,2024-04-14 09:00:00,174.58439309979195
10640,2024-04-14 10:00:00,231.1188464291044
10641,2024-04-14 11:00:00,221.9942133841717
10642,2024-04-14 12:00:00,180.58254030314703
10643,2024-04-14 13:00:00,155.28861499020195
10644,2024-04-14 14:00:00,176.06773161616115
10645,2024-04-14 15:00:00,236.05615334985043
10646,2024-04-14 16:00:00,299.3302180536365
10647,2024-04-14 17:00:00,325.6623999323651
10648,2024-04-14 18:00:00,292.98097679482635
10649,2024-04-14 19:00:00,204.41786588744014
10650,2024-04-14 20:00:00,81.02823370566495
10651,2024-04-14 21:00:00,-49.977622485219854
10652,2024-04-14 22:00:00,-163.92650414076354
10653,2024-04-14 23:00:00,-244.00982347367818
10654,2024-04-15 00:00:00,-73.67680324412726
10655,2024-04-15 01:00:00,-87.19004231692702
10656,2024-04-15 02:00:00,-92.0330549744179
10657,2024-04-15 03:00:00,-103.3634252132598
10658,2024-04-15 04:00:00,-117.40551926103109
10659,2024-04-15 05:00:00,-109.49113926881563
10660,2024-04-15 06:00:00,-50.641965649065355
10661,2024-04-15 07:00:00,67.1282461269746
10662,2024-04-15 08:00:00,216.98951371743257
10663,2024-04-15 09:00:00,348.8729530947838
10664,2024-04-15 10:00:00,420.6561531126849
10665,2024-04-15 11:00:00,426.2511046403575
10666,2024-04-15 12:00:00,398.8977941783382
10667,2024-04-15 13:00:00,386.87913654108894
10668,2024-04-15 14:00:00,420.0399676123739
10669,2024-04-15 15:00:00,491.418585902573
10670,2024-04-15 16:00:00,565.0067765525916
10671,2024-04-15 17:00:00,600.5066207944992
10672,2024-04-15 18:00:00,575.7907329002976
10673,2024-04-15 19:00:00,493.9504821360916
10674,2024-04-15 20:00:00,376.0158020309258
10675,2024-04-15 21:00:00,249.187083879101
10676,2024-04-15 22:00:00,138.14277328630834
10677,2024-04-15 23:00:00,59.71150205095381
10678,2024-04-16 00:00:00,18.398597149246086
10679,2024-04-16 01:00:00,4.14885120050468
10680,2024-04-16 02:00:00,-2.540428514739574
10681,2024-04-16 03:00:00,-16.75454142550717
10682,2024-04-16 04:00:00,-34.63499982968523
10683,2024-04-16 05:00:00,-31.42143328139639
10684,2024-04-16 06:00:00,21.96461910139749
10685,2024-04-16 07:00:00,133.61608061367758
10686,2024-04-16 08:00:00,276.8146915121284
10687,2024-04-16 09:00:00,401.6067977052327
10688,2024-04-16 10:00:00,465.98716599745336
10689,2024-04-16 11:00:00,463.9853511545799
10690,2024-04-16 12:00:00,428.95774473013233
10691,2024-04-16 13:00:00,409.30100003166797
10692,2024-04-16 14:00:00,434.9695732528592
10693,2024-04-16 15:00:00,499.1058878146911
10694,2024-04-16 16:00:00,565.799072787049
10695,2024-04-16 17:00:00,594.840594243359
10696,2024-04-16 18:00:00,564.1834361543047
10697,2024-04-16 19:00:00,476.9894010121873
10698,2024-04-16 20:00:00,354.3481435314361
10699,2024-04-16 21:00:00,223.50844331750224
10700,2024-04-16 22:00:00,109.18534237183201
10701,2024-04-16 23:00:00,28.231984384873783
10702,2024-04-17 00:00:00,-14.833999652561886
10703,2024-04-17 01:00:00,-30.0676748139295
10704,2024-04-17 02:00:00,-36.98353933391269
10705,2024-04-17 03:00:00,-50.69026839077037
10706,2024-04-17 04:00:00,-67.36378513922443
10707,2024-04-17 05:00:00,-62.28848060574711
10708,2024-04-17 06:00:00,-6.440182357840342
10709,2024-04-17 07:00:00,108.21116838792017
10710,2024-04-17 08:00:00,254.87693587912287
10711,2024-04-17 09:00:00,383.52674173229883
10712,2024-04-17 10:00:00,452.07352558393166
10713,2024-04-17 11:00:00,454.46122259471434
10714,2024-04-17 12:00:00,423.95816944626245
10715,2024-04-17 13:00:00,408.8719144289694
10716,2024-04-17 14:00:00,439.06815262153265
10717,2024-04-17 15:00:00,507.6022739513072
10718,2024-04-17 16:00:00,578.4794560457567
10719,2024-04-17 17:00:00,611.4116020389141
10720,2024-04-17 18:00:00,584.2777620634245
10721,2024-04-17 19:00:00,500.17259152698307
10722,2024-04-17 20:00:00,380.1264434946945
10723,2024-04-17 21:00:00,251.33758662742858
10724,2024-04-17 22:00:00,138.48016114495937
10725,2024-04-17 23:00:00,58.37669863757054
10726,2024-04-18 00:00:00,15.525040421368999
10727,2024-04-18 01:00:00,-0.13846835289785986
10728,2024-04-18 02:00:00,-8.12549922423301
10729,2024-04-18 03:00:00,-23.530431955077177
10730,2024-04-18 04:00:00,-42.50353886361222
10731,2024-04-18 05:00:00,-40.29248267052412
10732,2024-04-18 06:00:00,12.174275495112795
10733,2024-04-18 07:00:00,122.98420342255235
10734,2024-04-18 08:00:00,265.41537268377544
10735,2024-04-18 09:00:00,389.5125269185919
10736,2024-04-18 10:00:00,453.2711308358939
10737,2024-04-18 11:00:00,450.72392098573926
10738,2024-04-18 12:00:00,415.2330846412549
10739,2024-04-18 13:00:00,395.2037582786061
10740,2024-04-18 14:00:00,420.6015838722344
10741,2024-04-18 15:00:00,484.5828289302426
10742,2024-04-18 16:00:00,551.2530209795633
10743,2024-04-18 17:00:00,580.4224161484697
10744,2024-04-18 18:00:00,550.0649599787416
10745,2024-04-18 19:00:00,463.3653133314235
10746,2024-04-18 20:00:00,341.43755994718754
10747,2024-04-18 21:00:00,211.5561058126322
10748,2024-04-18 22:00:00,98.46240107834075
10749,2024-04-18 23:00:00,19.036327147638474
10750,2024-04-19 00:00:00,-22.177900366779056
10751,2024-04-19 01:00:00,-35.20942131703231
10752,2024-04-19 02:00:00,-39.547990818294465
10753,2024-04-19 03:00:00,-50.27925463533853
10754,2024-04-19 04:00:00,-63.55835282473481
10755,2024-04-19 05:00:00,-54.65166536178725
10756,2024-04-19 06:00:00,5.4797084798073
10757,2024-04-19 07:00:00,124.87678510576501
10758,2024-04-19 08:00:00,276.75765853815756
10759,2024-04-19 09:00:00,411.0940331391522
10760,2024-04-19 10:00:00,485.795910490555
10761,2024-04-19 11:00:00,494.7989447875312
10762,2024-04-19 12:00:00,471.35758470443716
10763,2024-04-19 13:00:00,463.75968249057325
10764,2024-04-19 14:00:00,501.8452960882346
10765,2024-04-19 15:00:00,578.6381757096243
10766,2024-04-19 16:00:00,658.105869773941
10767,2024-04-19 17:00:00,699.9167524451825
10768,2024-04-19 18:00:00,681.9006123782542
10769,2024-04-19 19:00:00,607.0973559517863
10770,2024-04-19 20:00:00,496.47742137437297
10771,2024-04-19 21:00:00,377.17439304387347
10772,2024-04-19 22:00:00,273.79342585584993
10773,2024-04-19 23:00:00,203.084301271245
10774,2024-04-20 00:00:00,-42.61081391531917
10775,2024-04-20 01:00:00,-49.27448058708222
10776,2024-04-20 02:00:00,-48.57835406508781
10777,2024-04-20 03:00:00,-55.69808808130904
10778,2024-04-20 04:00:00,-66.86549083146798
10779,2024-04-20 05:00:00,-57.40920817586186
10780,2024-04-20 06:00:00,1.662701363292058
10781,2024-04-20 07:00:00,118.36033603244857
10782,2024-04-20 08:00:00,265.88746731986
10783,2024-04-20 09:00:00,394.21843957271255
10784,2024-04-20 10:00:00,461.28303060199465
10785,2024-04-20 11:00:00,461.05378426855845
10786,2024-04-20 12:00:00,426.83893235238895
10787,2024-04-20 13:00:00,406.99658787809045
10788,2024-04-20 14:00:00,431.45293957765847
10789,2024-04-20 15:00:00,493.332945178476
10790,2024-04-20 16:00:00,556.7194669223715
10791,2024-04-20 17:00:00,581.4091621742715
10792,2024-04-20 18:00:00,545.3717813449532
10793,2024-04-20 19:00:00,451.79744110885076
10794,2024-04-20 20:00:00,321.815485421938
10795,2024-04-20 21:00:00,182.7254415701084
10796,2024-04-20 22:00:00,59.30370004699688
10797,2024-04-20 23:00:00,-31.52523983306486
10798,2024-04-21 00:00:00,-85.16310761339531
10799,2024-04-21 01:00:00,-111.57588966210545
10800,2024-04-21 02:00:00,-130.18152241643412
10801,2024-04-21 03:00:00,-155.9856926339354
10802,2024-04-21 04:00:00,-185.05605264151694
10803,2024-04-21 05:00:00,-192.56465859418955
10804,2024-04-21 06:00:00,-149.37221685863136
10805,2024-04-21 07:00:00,-47.33208281119232
10806,2024-04-21 08:00:00,86.88380874208343
10807,2024-04-21 09:00:00,203.3605345553325
10808,2024-04-21 10:00:00,260.1238881057279
10809,2024-04-21 11:00:00,251.22672356806652
10810,2024-04-21 12:00:00,210.04106688748078
10811,2024-04-21 13:00:00,184.9716855690437
10812,2024-04-21 14:00:00,205.97385362457305
10813,2024-04-21 15:00:00,266.1838141624042
10814,2024-04-21 16:00:00,329.6778851077147
10815,2024-04-21 17:00:00,356.22852084935914
10816,2024-04-21 18:00:00,323.76397950548807
10817,2024-04-21 19:00:00,235.41615875812934
10818,2024-04-21 20:00:00,112.24020565409575
10819,2024-04-21 21:00:00,-18.553601830369416
10820,2024-04-21 22:00:00,-132.29208435453762
10821,2024-04-21 23:00:00,-212.16667314975263
10822,2024-04-22 00:00:00,-41.62660988888831
10823,2024-04-22 01:00:00,-54.93451220243725
10824,2024-04-22 02:00:00,-59.57391299521123
10825,2024-04-22 03:00:00,-70.70241474579433
10826,2024-04-22 04:00:00,-84.54440201003541
10827,2024-04-22 05:00:00,-76.43169513791645
10828,2024-04-22 06:00:00,-17.38599256710944
10829,2024-04-22 07:00:00,100.57893234239822
10830,2024-04-22 08:00:00,250.63307951862015
10831,2024-04-22 09:00:00,382.7075473572276
10832,2024-04-22 10:00:00,454.67990730579254
10833,2024-04-22 11:00:00,460.4621329720098
10834,2024-04-22 12:00:00,433.2941937683563
10835,2024-04-22 13:00:00,421.45898758287154
10836,2024-04-22 14:00:00,454.8013335380141
10837,2024-04-22 15:00:00,526.3595135569228
10838,2024-04-22 16:00:00,600.1252963517933
10839,2024-04-22 17:00:00,635.8007469227423
10840,2024-04-22 18:00:00,611.2584634569654
10841,2024-04-22 19:00:00,529.5897993306436
10842,2024-04-22 20:00:00,411.8246723571983
10843,2024-04-22 21:00:00,285.16345829827037
10844,2024-04-22 22:00:00,174.28458739936173
10845,2024-04-22 23:00:00,96.0166762976333
10846,2024-04-23 00:00:00,54.86503698523086
10847,2024-04-23 01:00:00,40.774447288208705
10848,2024-04-23 02:00:00,34.242199886357696
10849,2024-04-23 03:00:00,20.182980934627665
10850,2024-04-23 04:00:00,2.4552639295260406
10851,2024-04-23 05:00:00,5.819405280224714
10852,2024-04-23 06:00:00,59.35385205806591
10853,2024-04-23 07:00:00,171.15151392795235
10854,2024-04-23 08:00:00,314.49411772269065
10855,2024-04-23 09:00:00,439.42799612763014
10856,2024-04-23 10:00:00,503.94790293704045
10857,2024-04-23 11:00:00,502.083380100642
10858,2024-04-23 12:00:00,467.1908065716158
10859,2024-04-23 13:00:00,447.6668232644793
10860,2024-04-23 14:00:00,473.46587418724096
10861,2024-04-23 15:00:00,537.7303707946149
10862,2024-04-23 16:00:00,604.5494303930544
10863,2024-04-23 17:00:00,633.7145075285559
10864,2024-04-23 18:00:00,603.1785748366609
10865,2024-04-23 19:00:00,516.1034237101351
10866,2024-04-23 20:00:00,393.5786979798445
10867,2024-04-23 21:00:00,262.85316659113573
10868,2024-04-23 22:00:00,148.64186109858133
10869,2024-04-23 23:00:00,67.7979149848224
10870,2024-04-24 00:00:00,24.83894924899471
10871,2024-04-24 01:00:00,9.709889056109546
10872,2024-04-24 02:00:00,2.8962266399167333
10873,2024-04-24 03:00:00,-10.710722482299332
10874,2024-04-24 04:00:00,-27.286890529806726
10875,2024-04-24 05:00:00,-22.11667738018548
10876,2024-04-24 06:00:00,33.82408080598299
10877,2024-04-24 07:00:00,148.56543443798034
10878,2024-04-24 08:00:00,295.3187396296484
10879,2024-04-24 09:00:00,424.05361009920034
10880,2024-04-24 10:00:00,492.68297783468864
10881,2024-04-24 11:00:00,495.1507705724025
10882,2024-04-24 12:00:00,464.72531782127436
10883,2024-04-24 13:00:00,449.7141609379819
10884,2024-04-24 14:00:00,479.982988309791
10885,2024-04-24 15:00:00,548.5871834177319
10886,2024-04-24 16:00:00,619.531917682662
10887,2024-04-24 17:00:00,652.5290882976146
10888,2024-04-24 18:00:00,625.4577396775951
10889,2024-04-24 19:00:00,541.4125217656865
10890,2024-04-24 20:00:00,421.42378242715915
10891,2024-04-24 21:00:00,292.6897853593458
10892,2024-04-24 22:00:00,179.88466607759983
10893,2024-04-24 23:00:00,99.83095169431539
10894,2024-04-25 00:00:00,57.02647934699735
10895,2024-04-25 01:00:00,41.40759021526975
10896,2024-04-25 02:00:00,33.46260907364126
10897,2024-04-25 03:00:00,18.097152710448427
10898,2024-04-25 04:00:00,-0.8390543771854482
10899,2024-04-25 05:00:00,1.4063221591076172
10900,2024-04-25 06:00:00,53.904818514926035
10901,2024-04-25 07:00:00,164.7439000647973
10902,2024-04-25 08:00:00,307.20163621904015
10903,2024-04-25 09:00:00,431.3227687187729
10904,2024-04-25 10:00:00,495.1027606327346
10905,2024-04-25 11:00:00,492.57434713497304
10906,2024-04-25 12:00:00,457.0997143670468
10907,2024-04-25 13:00:00,437.0839979603205
10908,2024-04-25 14:00:00,462.4928392786269
10909,2024-04-25 15:00:00,526.4825055010373
10910,2024-04-25 16:00:00,593.1585240768557
10911,2024-04-25 17:00:00,622.3311513226618
10912,2024-04-25 18:00:00,591.9743332319748
10913,2024-04-25 19:00:00,505.2727313767778
10914,2024-04-25 20:00:00,383.3404304788617
10915,2024-04-25 21:00:00,253.4518377652568
10916,2024-04-25 22:00:00,140.34840489057302
10917,2024-04-25 23:00:00,60.91001502566638
10918,2024-04-26 00:00:00,19.680885818116565
10919,2024-04-26 01:00:00,6.631879708243957
10920,2024-04-26 02:00:00,2.2732441503613927
10921,2024-04-26 03:00:00,-8.480663798341027
10922,2024-04-26 04:00:00,-21.78498110531649
10923,2024-04-26 05:00:00,-12.906084385480654
10924,2024-04-26 06:00:00,47.194930705103786
10925,2024-04-26 07:00:00,166.5590844591983
10926,2024-04-26 08:00:00,318.40447504460224
10927,2024-04-26 09:00:00,452.70281123961763
10928,2024-04-26 10:00:00,527.3640993043778
10929,2024-04-26 11:00:00,536.3239983816012
10930,2024-04-26 12:00:00,512.8369623410566
10931,2024-04-26 13:00:00,505.19084891648254
10932,2024-04-26 14:00:00,543.2257217743962
10933,2024-04-26 15:00:00,619.9653371303265
10934,2024-04-26 16:00:00,699.3772496621548
10935,2024-04-26 17:00:00,741.1298400578198
10936,2024-04-26 18:00:00,723.0529037596466
10937,2024-04-26 19:00:00,648.1863541936534
10938,2024-04-26 20:00:00,537.500636881214
10939,2024-04-26 21:00:00,418.1293437914254
10940,2024-04-26 22:00:00,314.6776376522504
10941,2024-04-26 23:00:00,243.89530801292875
10942,2024-04-27 00:00:00,-1.8754699664584678
10943,2024-04-27 01:00:00,-8.61724857193235
10944,2024-04-27 02:00:00,-8.001674240791658
10945,2024-04-27 03:00:00,-15.20439158284995
10946,2024-04-27 04:00:00,-26.45719940332242
10947,2024-04-27 05:00:00,-17.08873391797465
10948,2024-04-27 06:00:00,41.89295625012693
10949,2024-04-27 07:00:00,158.49797950661673
10950,2024-04-27 08:00:00,305.9301177378997
10951,2024-04-27 09:00:00,434.16372598533724
10952,2024-04-27 10:00:00,501.12859295151725
10953,2024-04-27 11:00:00,500.79727367865894
10954,2024-04-27 12:00:00,466.4780113705659
10955,2024-04-27 13:00:00,446.5289307285324
10956,2024-04-27 14:00:00,470.87623240098833
10957,2024-04-27 15:00:00,532.6448862917717
10958,2024-04-27 16:00:00,595.9177670719706
10959,2024-04-27 17:00:00,620.4915447648422
10960,2024-04-27 18:00:00,584.3359826991754
10961,2024-04-27 19:00:00,490.6412107176
10962,2024-04-27 20:00:00,360.5365861630253
10963,2024-04-27 21:00:00,221.32164997789954
10964,2024-04-27 22:00:00,97.77280655001812
10965,2024-04-27 23:00:00,6.8145693205165685
10966,2024-04-28 00:00:00,-46.95477688659503
10967,2024-04-28 01:00:00,-73.5012038307508
10968,2024-04-28 02:00:00,-92.24263310341536
10969,2024-04-28 03:00:00,-118.18473637577495
10970,2024-04-28 04:00:00,-147.3951506710349
10971,2024-04-28 05:00:00,-155.0459165807688
10972,2024-04-28 06:00:00,-111.99772469503614
10973,2024-04-28 07:00:00,-10.10391437757255
10974,2024-04-28 08:00:00,123.96359580339225
10975,2024-04-28 09:00:00,240.28989908453326
10976,2024-04-28 10:00:00,296.900805629507
10977,2024-04-28 11:00:00,287.8491865367799
10978,2024-04-28 12:00:00,246.5070849019558
10979,2024-04-28 13:00:00,221.27928559747255
10980,2024-04-28 14:00:00,242.12108022477605
10981,2024-04-28 15:00:00,302.16872969525
10982,2024-04-28 16:00:00,365.49856997172503
10983,2024-04-28 17:00:00,391.8830736738377
10984,2024-04-28 18:00:00,359.25051738199807
10985,2024-04-28 19:00:00,270.7328174481987
10986,2024-04-28 20:00:00,147.38513981352645
10987,2024-04-28 21:00:00,16.41778150695484
10988,2024-04-28 22:00:00,-97.4960587955544
10989,2024-04-28 23:00:00,-177.5477928303302
10990,2024-04-29 00:00:00,-7.186642564694864
10991,2024-04-29 01:00:00,-20.67520571729358
10992,2024-04-29 02:00:00,-25.49699507926755
10993,2024-04-29 03:00:00,-36.809592814324105
10994,2024-04-29 04:00:00,-50.837362981543265
10995,2024-04-29 05:00:00,-42.91210520893986
10996,2024-04-29 06:00:00,15.944502952132893
10997,2024-04-29 07:00:00,133.71870923256876
10998,2024-04-29 08:00:00,283.58053483349033
10999,2024-04-29 09:00:00,415.461099631261
11000,2024-04-29 10:00:00,487.23799671226624
11001,2024-04-29 11:00:00,492.8232215232165
11002,2024-04-29 12:00:00,465.45676549636846
11003,2024-04-29 13:00:00,453.42154871629447
11004,2024-04-29 14:00:00,486.56241267993835
11005,2024-04-29 15:00:00,557.917661855517
11006,2024-04-29 16:00:00,631.4790876907373
11007,2024-04-29 17:00:00,666.9487780686833
11008,2024-04-29 18:00:00,642.1993542451137
11009,2024-04-29 19:00:00,560.3221928281496
11010,2024-04-29 20:00:00,442.34723503226314
11011,2024-04-29 21:00:00,315.47488016507594
11012,2024-04-29 22:00:00,204.38358220351256
11013,2024-04-29 23:00:00,125.90198165991166
11014,2024-04-30 00:00:00,84.53541455777798
11015,2024-04-30 01:00:00,70.22868291124354
11016,2024-04-30 02:00:00,63.479103739903735
11017,2024-04-30 03:00:00,49.201387690929096
11018,2024-04-30 04:00:00,31.25403288502247
11019,2024-04-30 05:00:00,34.39742052254462
11020,2024-04-30 06:00:00,87.71002259496493
11021,2024-04-30 07:00:00,199.28477382671372
11022,2024-04-30 08:00:00,342.403426250193
11023,2024-04-30 09:00:00,467.1123378791581
11024,2024-04-30 10:00:00,531.4062879955251
11025,2024-04-30 11:00:00,529.3148441247065
11026,2024-04-30 12:00:00,494.1944109611822
11027,2024-04-30 13:00:00,474.44165525531
11028,2024-04-30 14:00:00,500.0110470023359
11029,2024-04-30 15:00:00,564.0450237456724
11030,2024-04-30 16:00:00,630.6327290039528
11031,2024-04-30 17:00:00,659.5656436487106
11032,2024-04-30 18:00:00,628.7967667630014
11033,2024-04-30 19:00:00,541.4879162886338
11034,2024-04-30 20:00:00,418.7287627062707
11035,2024-04-30 21:00:00,287.7681017373236
11036,2024-04-30 22:00:00,173.3209917989367
11037,2024-04-30 23:00:00,92.24059334018318
11038,2024-05-01 00:00:00,49.04455441980889
11039,2024-05-01 01:00:00,33.677827375066954
11040,2024-05-01 02:00:00,26.625931678617462
11041,2024-05-01 03:00:00,12.780210193766663
11042,2024-05-01 04:00:00,-4.0352418699602595
11043,2024-05-01 05:00:00,0.8952031245199805
11044,2024-05-01 06:00:00,56.59573660436291
11045,2024-05-01 07:00:00,171.09643665383186
11046,2024-05-01 08:00:00,317.60868714581466
11047,2024-05-01 09:00:00,446.10212960901293
11048,2024-05-01 10:00:00,514.4897239300709
11049,2024-05-01 11:00:00,516.7154258082132
11050,2024-05-01 12:00:00,486.0475927843908
11051,2024-05-01 13:00:00,470.79379429390417
11052,2024-05-01 14:00:00,500.8197468827532
11053,2024-05-01 15:00:00,569.1808622443353
11054,2024-05-01 16:00:00,639.8823400517917
11055,2024-05-01 17:00:00,672.6361058123333
11056,2024-05-01 18:00:00,645.321232312207
11057,2024-05-01 19:00:00,561.0323978990765
11058,2024-05-01 20:00:00,440.7999788843223
11059,2024-05-01 21:00:00,311.8222674750232
11060,2024-05-01 22:00:00,198.77342769168217
11061,2024-05-01 23:00:00,118.4760152344407
11062,2024-05-02 00:00:00,75.42789582636965
11063,2024-05-02 01:00:00,59.56543928978624
11064,2024-05-02 02:00:00,51.37699903370367
11065,2024-05-02 03:00:00,35.76822053557606
11066,2024-05-02 04:00:00,16.588856989698456
11067,2024-05-02 05:00:00,18.591271463850262
11068,2024-05-02 06:00:00,70.84702887807066
11069,2024-05-02 07:00:00,181.4436233547039
11070,2024-05-02 08:00:00,323.65915306602
11071,2024-05-02 09:00:00,447.53838850327
11072,2024-05-02 10:00:00,511.0768215041249
11073,2024-05-02 11:00:00,508.30721600966746
11074,2024-05-02 12:00:00,472.5917869303204
11075,2024-05-02 13:00:00,452.3356986437558
11076,2024-05-02 14:00:00,477.50462127957115
11077,2024-05-02 15:00:00,541.2548507536039
11078,2024-05-02 16:00:00,607.6919432436533
11079,2024-05-02 17:00:00,636.626183776574
11080,2024-05-02 18:00:00,606.0315470477332
11081,2024-05-02 19:00:00,519.0927232995867
11082,2024-05-02 20:00:00,396.92382589267254
11083,2024-05-02 21:00:00,266.79929068614354
11084,2024-05-02 22:00:00,153.4605979211035
11085,2024-05-02 23:00:00,73.78765932565051
11086,2024-05-03 00:00:00,32.324721063835284
11087,2024-05-03 01:00:00,19.042674071198405
11088,2024-05-03 02:00:00,14.451794231952874
11089,2024-05-03 03:00:00,3.466467003687285
11090,2024-05-03 04:00:00,-10.068416229583988
11091,2024-05-03 05:00:00,-1.4192037838392935
11092,2024-05-03 06:00:00,58.453036927812434
11093,2024-05-03 07:00:00,177.58935439999078
11094,2024-05-03 08:00:00,329.2078749278428
11095,2024-05-03 09:00:00,463.2803353531702
11096,2024-05-03 10:00:00,537.7167699534718
11097,2024-05-03 11:00:00,546.4528658102006
11098,2024-05-03 12:00:00,522.7431046623323
11099,2024-05-03 13:00:00,514.8753720438892
11100,2024-05-03 14:00:00,552.689759342921
11101,2024-05-03 15:00:00,629.210050423985
11102,2024-05-03 16:00:00,708.4038275200094
11103,2024-05-03 17:00:00,749.9394988157928
11104,2024-05-03 18:00:00,731.6468871348578
11105,2024-05-03 19:00:00,656.5659332142972
11106,2024-05-03 20:00:00,545.6671097901485
11107,2024-05-03 21:00:00,426.08403595324717
11108,2024-05-03 22:00:00,322.4219014477827
11109,2024-05-03 23:00:00,251.43052275159977
11110,2024-05-04 00:00:00,5.452101841598449
11111,2024-05-04 01:00:00,-1.4958868531424514
11112,2024-05-04 02:00:00,-1.0850631623440563
11113,2024-05-04 03:00:00,-8.491045200464214
11114,2024-05-04 04:00:00,-19.94560538353994
11115,2024-05-04 05:00:00,-10.777353672928655
11116,2024-05-04 06:00:00,48.00568746875223
11117,2024-05-04 07:00:00,164.41365246976324
11118,2024-05-04 08:00:00,311.6503491195569
11119,2024-05-04 09:00:00,439.6901582339801
11120,2024-05-04 10:00:00,506.46289417159034
11121,2024-05-04 11:00:00,505.9411374868016
11122,2024-05-04 12:00:00,471.43315676164156
11123,2024-05-04 13:00:00,451.29710195043356
11124,2024-05-04 14:00:00,475.4591988047634
11125,2024-05-04 15:00:00,537.0444421932448
11126,2024-05-04 16:00:00,600.1357316043847
11127,2024-05-04 17:00:00,624.5297617448498
11128,2024-05-04 18:00:00,588.196320456999
11129,2024-05-04 19:00:00,494.3255619608798
11130,2024-05-04 20:00:00,364.04686781874716
11131,2024-05-04 21:00:00,224.65980303723524
11132,2024-05-04 22:00:00,100.94079590513934
11133,2024-05-04 23:00:00,9.814383594071444
11134,2024-05-05 00:00:00,-196.20937227893648
11135,2024-05-05 01:00:00,-222.91992646821836
11136,2024-05-05 02:00:00,-241.82342412085904
11137,2024-05-05 03:00:00,-267.9255138398471
11138,2024-05-05 04:00:00,-297.2938097397056
11139,2024-05-05 05:00:00,-305.10032970532836
11140,2024-05-05 06:00:00,-262.2057417670102
11141,2024-05-05 07:00:00,-160.4633629289592
11142,2024-05-05 08:00:00,-26.545089577234762
11143,2024-05-05 09:00:00,89.63419352056667
11144,2024-05-05 10:00:00,146.10031834611056
11145,2024-05-05 11:00:00,136.90617761504024
11146,2024-05-05 12:00:00,95.42383585478649
11147,2024-05-05 13:00:00,70.05809917623327
11148,2024-05-05 14:00:00,90.7642802208183
11149,2024-05-05 15:00:00,150.6786607473797
11150,2024-05-05 16:00:00,213.8775973551348
11151,2024-05-05 17:00:00,240.13358312016214
11152,2024-05-05 18:00:00,207.37491484874266
11153,2024-05-05 19:00:00,118.73352893036468
11154,2024-05-05 20:00:00,-4.735388868755422
11155,2024-05-05 21:00:00,-135.82152190290105
11156,2024-05-05 22:00:00,-249.85165210039713
11157,2024-05-05 23:00:00,-330.0171720066021
11158,2024-05-06 00:00:00,-7.679037807961095
11159,2024-05-06 01:00:00,-21.276322079324814
11160,2024-05-06 02:00:00,-26.204272273235915
11161,2024-05-06 03:00:00,-37.62045223715131
11162,2024-05-06 04:00:00,-51.74920794085244
11163,2024-05-06 05:00:00,-43.92232115460649
11164,2024-05-06 06:00:00,14.838548216443257
11165,2024-05-06 07:00:00,132.51966530234756
11166,2024-05-06 08:00:00,282.29106850464774
11167,2024-05-06 09:00:00,414.08389461926845
11168,2024-05-06 10:00:00,485.7757534536298
11169,2024-05-06 11:00:00,491.27865693412684
11170,2024-05-06 12:00:00,463.8326127214538
11171,2024-05-06 13:00:00,451.72055691166116
11172,2024-05-06 14:00:00,484.7873467496975
11173,2024-05-06 15:00:00,556.0713022254973
11174,2024-05-06 16:00:00,629.5642300561692
11175,2024-05-06 17:00:00,664.9682331511024
11176,2024-05-06 18:00:00,640.1559475470123
11177,2024-05-06 19:00:00,558.2187643808306
11178,2024-05-06 20:00:00,440.1866391508401
11179,2024-05-06 21:00:00,313.25998519402685
11180,2024-05-06 22:00:00,202.11727026345739
11181,2024-05-06 23:00:00,123.58714839010446
11182,2024-05-07 00:00:00,82.17496887407344
11183,2024-05-07 01:00:00,67.82554672658608
11184,2024-05-07 02:00:00,61.03621172924147
11185,2024-05-07 03:00:00,46.721687015195755
11186,2024-05-07 04:00:00,28.74048293892946
11187,2024-05-07 05:00:00,31.852992670005676
11188,2024-05-07 06:00:00,85.13769990503391
11189,2024-05-07 07:00:00,196.6875508099186
11190,2024-05-07 08:00:00,339.7843085824138
11191,2024-05-07 09:00:00,464.47434217184605
11192,2024-05-07 10:00:00,528.7524414743269
11193,2024-05-07 11:00:00,526.6481844009146
11194,2024-05-07 12:00:00,491.5179857347883
11195,2024-05-07 13:00:00,471.75852207619414
11196,2024-05-07 14:00:00,497.32427296190536
11197,2024-05-07 15:00:00,561.3576852303751
11198,2024-05-07 16:00:00,627.9479114043253
11199,2024-05-07 17:00:00,656.8864411037264
11200,2024-05-07 18:00:00,626.1262818621474
11201,2024-05-07 19:00:00,538.8292598066596
11202,2024-05-07 20:00:00,416.08505332840383
11203,2024-05-07 21:00:00,285.14246577611306
11204,2024-05-07 22:00:00,170.7165629158793
11205,2024-05-07 23:00:00,89.6605122619494
11206,2024-05-08 00:00:00,46.491968672520784
11207,2024-05-08 01:00:00,31.15589097881383
11208,2024-05-08 02:00:00,24.137804890416533
11209,2024-05-08 03:00:00,10.329059207068326
11210,2024-05-08 04:00:00,-6.446245198947281
11211,2024-05-08 05:00:00,-1.4724753136787285
11212,2024-05-08 06:00:00,54.27456537966384
11213,2024-05-08 07:00:00,168.8249597757487
11214,2024-05-08 08:00:00,315.3900962649228
11215,2024-05-08 09:00:00,443.9396206134568
11216,2024-05-08 10:00:00,512.3864966580084
11217,2024-05-08 11:00:00,514.6746837646576
11218,2024-05-08 12:00:00,484.0725428416523
11219,2024-05-08 13:00:00,468.8876464250374
11220,2024-05-08 14:00:00,498.98571385217446
11221,2024-05-08 15:00:00,567.4221593352164
11222,2024-05-08 16:00:00,638.2021847698038
11223,2024-05-08 17:00:00,671.0377175990105
11224,2024-05-08 18:00:00,643.8078322602288
11225,2024-05-08 19:00:00,559.6072084569699
11226,2024-05-08 20:00:00,439.46622357737886
11227,2024-05-08 21:00:00,310.5831705971924
11228,2024-05-08 22:00:00,197.63221404064387
11229,2024-05-08 23:00:00,117.43590980598066
11230,2024-05-09 00:00:00,74.49212352924633
11231,2024-05-09 01:00:00,58.7372246542879
11232,2024-05-09 02:00:00,50.659565932690214
11233,2024-05-09 03:00:00,35.16479188450734
11234,2024-05-09 04:00:00,16.10265445449471
11235,2024-05-09 05:00:00,18.22551518360882
11236,2024-05-09 06:00:00,70.60493717253945
11237,2024-05-09 07:00:00,181.32841243124534
11238,2024-05-09 08:00:00,323.6740367291248
11239,2024-05-09 09:00:00,447.68657788333775
11240,2024-05-09 10:00:00,511.36152474626437
11241,2024-05-09 11:00:00,508.7316379979473
11242,2024-05-09 12:00:00,473.1591290039824
11243,2024-05-09 13:00:00,453.04915830436033
11244,2024-05-09 14:00:00,478.367391905037
11245,2024-05-09 15:00:00,542.2701213090306
11246,2024-05-09 16:00:00,608.8628980086962
11247,2024-05-09 17:00:00,637.9560020409837
11248,2024-05-09 18:00:00,607.5234028386928
11249,2024-05-09 19:00:00,520.7497850960026
11250,2024-05-09 20:00:00,398.7492563454248
11251,2024-05-09 21:00:00,268.79624631593026
11252,2024-05-09 22:00:00,155.63222886261883
11253,2024-05-09 23:00:00,76.13710902925993
11254,2024-05-10 00:00:00,34.855126015972985
11255,2024-05-10 01:00:00,21.757163515746242
11256,2024-05-10 02:00:00,17.353489890490835
11257,2024-05-10 03:00:00,6.558482800460297
11258,2024-05-10 04:00:00,-6.782974461524759
11259,2024-05-10 05:00:00,2.0627614427037315
11260,2024-05-10 06:00:00,62.13461446147062
11261,2024-05-10 07:00:00,181.47362417860234
11262,2024-05-10 08:00:00,333.29790769912904
11263,2024-05-10 09:00:00,467.57919241464356
11264,2024-05-10 10:00:00,542.2275028699634
11265,2024-05-10 11:00:00,551.178516132896
11266,2024-05-10 12:00:00,527.6867036735529
11267,2024-05-10 13:00:00,520.0399404788185
11268,2024-05-10 14:00:00,558.0783071228267
11269,2024-05-10 15:00:00,634.8255763804581
11270,2024-05-10 16:00:00,714.249319147505
11271,2024-05-10 17:00:00,756.0179319801069
11272,2024-05-10 18:00:00,737.9612258259166
11273,2024-05-10 19:00:00,663.1191292785969
11274,2024-05-10 20:00:00,552.4621026722347
11275,2024-05-10 21:00:00,433.12375241865436
11276,2024-05-10 22:00:00,329.7092553450682
11277,2024-05-10 23:00:00,258.9684147422717
11278,2024-05-11 00:00:00,13.243419141565028
11279,2024-05-11 01:00:00,6.5517292735436286
11280,2024-05-11 02:00:00,7.221711355686352
11281,2024-05-11 03:00:00,0.0777330705014947
11282,2024-05-11 04:00:00,-11.111992465719595
11283,2024-05-11 05:00:00,-1.6760899122583623
11284,2024-05-11 06:00:00,57.37740330672597
11285,2024-05-11 07:00:00,174.05860641438295
11286,2024-05-11 08:00:00,321.57131174451587
11287,2024-05-11 09:00:00,449.8898844312497
11288,2024-05-11 10:00:00,516.9441228833114
11289,2024-05-11 11:00:00,516.7065914784963
11290,2024-05-11 12:00:00,482.48554238344775
11291,2024-05-11 13:00:00,462.63910889506377
11292,2024-05-11 14:00:00,487.0934998686563
11293,2024-05-11 15:00:00,548.9736930498085
11294,2024-05-11 16:00:00,612.3625705676707
11295,2024-05-11 17:00:00,637.056809527003
11296,2024-05-11 18:00:00,601.0261799629179
11297,2024-05-11 19:00:00,507.46081802892905
11298,2024-05-11 20:00:00,377.4900870256114
11299,2024-05-11 21:00:00,238.4135334569736
11300,2024-05-11 22:00:00,115.00756688921581
11301,2024-05-11 23:00:00,24.196705551189268
11302,2024-05-12 00:00:00,-29.420761305840756
11303,2024-05-12 01:00:00,-55.81080140231609
11304,2024-05-12 02:00:00,-74.39133268987518
11305,2024-05-12 03:00:00,-100.16802357267306
11306,2024-05-12 04:00:00,-129.20850818166707
11307,2024-05-12 05:00:00,-136.6848246244998
11308,2024-05-12 06:00:00,-93.45766137333192
11309,2024-05-12 07:00:00,8.619643933902466
11310,2024-05-12 08:00:00,142.87517407784821
11311,2024-05-12 09:00:00,259.39402323715916
11312,2024-05-12 10:00:00,316.20200215706575
11313,2024-05-12 11:00:00,307.3519821151723
11314,2024-05-12 12:00:00,266.21600601307085
11315,2024-05-12 13:00:00,241.1988581224046
11316,2024-05-12 14:00:00,262.25582908180826
11317,2024-05-12 15:00:00,322.5231784411905
11318,2024-05-12 16:00:00,386.07724040910546
11319,2024-05-12 17:00:00,412.69048548494305
11320,2024-05-12 18:00:00,380.29118772713116
11321,2024-05-12 19:00:00,292.01126058617683
11322,2024-05-12 20:00:00,168.90586670804214
11323,2024-05-12 21:00:00,38.18529946151517
11324,2024-05-12 22:00:00,-75.47724654619014
11325,2024-05-12 23:00:00,-155.2731874857427
11326,2024-05-13 00:00:00,15.348249833652858
11327,2024-05-13 01:00:00,2.1244625043059386
11328,2024-05-13 02:00:00,-2.428067874269118
11329,2024-05-13 03:00:00,-13.466929434763188
11330,2024-05-13 04:00:00,-27.216492594685178
11331,2024-05-13 05:00:00,-19.008563727158275
11332,2024-05-13 06:00:00,40.135172497301596
11333,2024-05-13 07:00:00,158.2009562994494
11334,2024-05-13 08:00:00,308.3588010304482
11335,2024-05-13 09:00:00,440.5398182674154
11336,2024-05-13 10:00:00,512.621592468908
11337,2024-05-13 11:00:00,518.5161100751967
11338,2024-05-13 12:00:00,491.4633531133689
11339,2024-05-13 13:00:00,479.7462318999502
11340,2024-05-13 14:00:00,513.2095777878491
11341,2024-05-13 15:00:00,584.8916847267265
11342,2024-05-13 16:00:00,658.7843332680301
11343,2024-05-13 17:00:00,694.5896000264139
11344,2024-05-13 18:00:00,670.1800946304172
11345,2024-05-13 19:00:00,588.6471816754356
11346,2024-05-13 20:00:00,471.0207899944326
11347,2024-05-13 21:00:00,344.5013061609085
11348,2024-05-13 22:00:00,233.76717103597065
11349,2024-05-13 23:00:00,155.64701165034035
11350,2024-05-14 00:00:00,114.646150190725
11351,2024-05-14 01:00:00,100.7093744656741
11352,2024-05-14 02:00:00,94.3339869258325
11353,2024-05-14 03:00:00,80.43468328931596
11354,2024-05-14 04:00:00,62.86994639283222
11355,2024-05-14 05:00:00,66.40014179460593
11356,2024-05-14 06:00:00,120.10372547536502
11357,2024-05-14 07:00:00,232.07361580821606
11358,2024-05-14 08:00:00,375.59154811087944
11359,2024-05-14 09:00:00,500.70386335253886
11360,2024-05-14 10:00:00,565.4053233793734
11361,2024-05-14 11:00:00,563.7254779697786
11362,2024-05-14 12:00:00,529.0207137016889
11363,2024-05-14 13:00:00,509.68767887665246
11364,2024-05-14 14:00:00,535.6808246877665
11365,2024-05-14 15:00:00,600.1425695388094
11366,2024-05-14 16:00:00,667.1620374730868
11367,2024-05-14 17:00:00,696.5306895406217
11368,2024-05-14 18:00:00,666.2015046630677
11369,2024-05-14 19:00:00,579.3362803000358
11370,2024-05-14 20:00:00,457.0246660914314
11371,2024-05-14 21:00:00,326.51543662602944
11372,2024-05-14 22:00:00,212.52362882152914
11373,2024-05-14 23:00:00,131.9023813179354
11374,2024-05-15 00:00:00,61.82666414499198
11375,2024-05-15 01:00:00,46.926718966002625
11376,2024-05-15 02:00:00,40.34538658490436
11377,2024-05-15 03:00:00,26.973986755950023
11378,2024-05-15 04:00:00,10.636591281586675
11379,2024-05-15 05:00:00,16.048804054076527
11380,2024-05-15 06:00:00,72.23479246679705
11381,2024-05-15 07:00:00,187.22461024737214
11382,2024-05-15 08:00:00,334.22961660078784
11383,2024-05-15 09:00:00,463.2194280857852
11384,2024-05-15 10:00:00,532.106979325235
11385,2024-05-15 11:00:00,534.8362004412287
11386,2024-05-15 12:00:00,504.67542309593466
11387,2024-05-15 13:00:00,489.93219056791156
11388,2024-05-15 14:00:00,520.4721929283936
11389,2024-05-15 15:00:00,589.3508151248078
11390,2024-05-15 16:00:00,660.5732297746691
11391,2024-05-15 17:00:00,693.8513350687754
11392,2024-05-15 18:00:00,667.064176168114
11393,2024-05-15 19:00:00,583.3064035255188
11394,2024-05-15 20:00:00,463.6083652872785
11395,2024-05-15 21:00:00,335.1683251865077
11396,2024-05-15 22:00:00,222.66041853414197
11397,2024-05-15 23:00:00,142.90717202999576
11398,2024-05-16 00:00:00,127.74907802826368
11399,2024-05-16 01:00:00,112.43716501508521
11400,2024-05-16 02:00:00,104.8024125134612
11401,2024-05-16 03:00:00,89.75043593972896
11402,2024-05-16 04:00:00,71.1309581752883
11403,2024-05-16 05:00:00,73.69631171087786
11404,2024-05-16 06:00:00,126.51803065991999
11405,2024-05-16 07:00:00,237.6835780667903
11406,2024-05-16 08:00:00,380.47102078149044
11407,2024-05-16 09:00:00,504.9250977446976
11408,2024-05-16 10:00:00,569.0412689885663
11409,2024-05-16 11:00:00,566.8522664099786
11410,2024-05-16 12:00:00,531.72027265204
11411,2024-05-16 13:00:00,512.0504195848499
11412,2024-05-16 14:00:00,537.808344601083
11413,2024-05-16 15:00:00,602.1503106524017
11414,2024-05-16 16:00:00,669.1818407352434
11415,2024-05-16 17:00:00,698.7131864743692
11416,2024-05-16 18:00:00,668.7182889352171
11417,2024-05-16 19:00:00,582.3818045299428
11418,2024-05-16 20:00:00,460.81781257807364
11419,2024-05-16 21:00:00,331.30071467357595
11420,2024-05-16 22:00:00,218.5719566031437
11421,2024-05-16 23:00:00,139.51141543838816
11422,2024-05-17 00:00:00,98.66330247968108
11423,2024-05-17 01:00:00,85.99847360848963
11424,2024-05-17 02:00:00,82.02716946470707
11425,2024-05-17 03:00:00,71.66374007220668
11426,2024-05-17 04:00:00,58.753041191727505
11427,2024-05-17 05:00:00,68.02868870101469
11428,2024-05-17 06:00:00,128.52957921580065
11429,2024-05-17 07:00:00,248.29672506470888
11430,2024-05-17 08:00:00,400.54821620744326
11431,2024-05-17 09:00:00,535.2557529914768
11432,2024-05-17 10:00:00,610.3293330368639
11433,2024-05-17 11:00:00,619.7046065837903
11434,2024-05-17 12:00:00,596.6360183807016
11435,2024-05-17 13:00:00,589.4114168272149
11436,2024-05-17 14:00:00,627.8708560111958
11437,2024-05-17 15:00:00,705.0380823432581
11438,2024-05-17 16:00:00,784.8806404704685
11439,2024-05-17 17:00:00,827.066900845011
11440,2024-05-17 18:00:00,809.4266484058172
11441,2024-05-17 19:00:00,734.9997858836161
11442,2024-05-17 20:00:00,624.7567478773559
11443,2024-05-17 21:00:00,505.8311151944819
11444,2024-05-17 22:00:00,402.82803919060837
11445,2024-05-17 23:00:00,332.4972978181576
11446,2024-05-18 00:00:00,87.18105442272002
11447,2024-05-18 01:00:00,80.89674466514225
11448,2024-05-18 02:00:00,81.97270986249066
11449,2024-05-18 03:00:00,75.23329292179471
11450,2024-05-18 04:00:00,64.44668234121531
11451,2024-05-18 05:00:00,74.28422898918785
11452,2024-05-18 06:00:00,133.73787111852522
11453,2024-05-18 07:00:00,250.81770378713423
11454,2024-05-18 08:00:00,398.7274953103731
11455,2024-05-18 09:00:00,527.4415869671446
11456,2024-05-18 10:00:00,594.8897534682607
11457,2024-05-18 11:00:00,595.0445356585507
11458,2024-05-18 12:00:00,561.2141623195276
11459,2024-05-18 13:00:00,541.7567435515444
11460,2024-05-18 14:00:00,566.5984651547104
11461,2024-05-18 15:00:00,628.8642820061044
11462,2024-05-18 16:00:00,692.6370535266511
11463,2024-05-18 17:00:00,717.713434287645
11464,2024-05-18 18:00:00,682.0631719665354
11465,2024-05-18 19:00:00,588.8763805289749
11466,2024-05-18 20:00:00,459.2824012724091
11467,2024-05-18 21:00:00,320.5807588814506
11468,2024-05-18 22:00:00,197.54784124866325
11469,2024-05-18 23:00:00,107.10814515931816
11470,2024-05-19 00:00:00,53.859938585192936
11471,2024-05-19 01:00:00,27.837232698996786
11472,2024-05-19 02:00:00,9.622088648639874
11473,2024-05-19 03:00:00,-15.791182692402685
11474,2024-05-19 04:00:00,-44.470235981881274
11475,2024-05-19 05:00:00,-51.5871296635911
11476,2024-05-19 06:00:00,-8.002572354338895
11477,2024-05-19 07:00:00,94.43007836163167
11478,2024-05-19 08:00:00,229.038885510285
11479,2024-05-19 09:00:00,345.9089237188058
11480,2024-05-19 10:00:00,403.06598437804934
11481,2024-05-19 11:00:00,394.5629196171119
11482,2024-05-19 12:00:00,353.7717533753255
11483,2024-05-19 13:00:00,329.0972511913201
11484,2024-05-19 14:00:00,350.494685149758
11485,2024-05-19 15:00:00,411.10029647133126
11486,2024-05-19 16:00:00,474.99040123316144
11487,2024-05-19 17:00:00,501.9374520150028
11488,2024-05-19 18:00:00,469.86970516689166
11489,2024-05-19 19:00:00,381.9190566396019
11490,2024-05-19 20:00:00,259.14065179602204
11491,2024-05-19 21:00:00,128.74476693249392
11492,2024-05-19 22:00:00,15.404579798887994
11493,2024-05-19 23:00:00,-64.07134242109748
11494,2024-05-20 00:00:00,106.86775705096159
11495,2024-05-20 01:00:00,93.95925908677799
11496,2024-05-20 02:00:00,89.71962931198652
11497,2024-05-20 03:00:00,78.99126381899492
11498,2024-05-20 04:00:00,65.54977664962729
11499,2024-05-20 05:00:00,74.06334610759615
11500,2024-05-20 06:00:00,133.5102724175112
11501,2024-05-20 07:00:00,251.87678093973545
11502,2024-05-20 08:00:00,402.33287035397217
11503,2024-05-20 09:00:00,534.8096378319253
11504,2024-05-20 10:00:00,607.1846536211013
11505,2024-05-20 11:00:00,613.369890196305
11506,2024-05-20 12:00:00,586.605315843625
11507,2024-05-20 13:00:00,575.1738273670852
11508,2024-05-20 14:00:00,608.9202428362083
11509,2024-05-20 15:00:00,680.882843144477
11510,2024-05-20 16:00:00,755.0533960335501
11511,2024-05-20 17:00:00,791.1339655178572
11512,2024-05-20 18:00:00,766.997148873817
11513,2024-05-20 19:00:00,685.7342985747118
11514,2024-05-20 20:00:00,568.3753315692865
11515,2024-05-20 21:00:00,442.12062276374706
11516,2024-05-20 22:00:00,331.6486016114811
11517,2024-05-20 23:00:00,253.7878839567573
11518,2024-05-21 00:00:00,213.04378103555575
11519,2024-05-21 01:00:00,199.36106994546577
11520,2024-05-21 02:00:00,193.23704266272256
11521,2024-05-21 03:00:00,179.5863846727101
11522,2024-05-21 04:00:00,162.26756880103056
11523,2024-05-21 05:00:00,166.04095085639085
11524,2024-05-21 06:00:00,219.9849772921495
11525,2024-05-21 07:00:00,332.19255719632395
11526,2024-05-21 08:00:00,475.94541683698463
11527,2024-05-21 09:00:00,601.2898883883007
11528,2024-05-21 10:00:00,666.2207251197649
11529,2024-05-21 11:00:00,664.7674684858255
11530,2024-05-21 12:00:00,630.2864969744983
11531,2024-05-21 13:00:00,611.1744510463859
11532,2024-05-21 14:00:00,637.3857742845375
11533,2024-05-21 15:00:00,702.0628777221094
11534,2024-05-21 16:00:00,769.2948782858128
11535,2024-05-21 17:00:00,798.8732301291959
11536,2024-05-21 18:00:00,768.7509055321807
11537,2024-05-21 19:00:00,682.0896955496692
11538,2024-05-21 20:00:00,559.979243661617
11539,2024-05-21 21:00:00,429.6683185191189
11540,2024-05-21 22:00:00,315.87195137297067
11541,2024-05-21 23:00:00,235.44327540083378
11542,2024-05-22 00:00:00,192.89991134103826
11543,2024-05-22 01:00:00,178.18678408811144
11544,2024-05-22 02:00:00,171.7893856215195
11545,2024-05-22 03:00:00,158.59903121471928
11546,2024-05-22 04:00:00,142.4397884139762
11547,2024-05-22 05:00:00,148.02725711562056
11548,2024-05-22 06:00:00,204.3856009406062
11549,2024-05-22 07:00:00,319.5448700862466
11550,2024-05-22 08:00:00,466.71642046064505
11551,2024-05-22 09:00:00,595.869865582209
11552,2024-05-22 10:00:00,664.918137244153
11553,2024-05-22 11:00:00,667.8051629922329
11554,2024-05-22 12:00:00,637.7992721476102
11555,2024-05-22 13:00:00,623.2080058810019
11556,2024-05-22 14:00:00,653.8970523910714
11557,2024-05-22 15:00:00,722.9217949846036
11558,2024-05-22 16:00:00,794.2874048882715
11559,2024-05-22 17:00:00,827.7057791123189
11560,2024-05-22 18:00:00,801.055961887389
11561,2024-05-22 19:00:00,717.4326029647763
11562,2024-05-22 20:00:00,597.8660500258794
11563,2024-05-22 21:00:00,469.55456655228227
11564,2024-05-22 22:00:00,357.17228785854655
11565,2024-05-22 23:00:00,277.541740868245
11566,2024-05-23 00:00:00,235.16076247659146
11567,2024-05-23 01:00:00,219.96569365873103
11568,2024-05-23 02:00:00,212.44485894394046
11569,2024-05-23 03:00:00,197.50387488689273
11570,2024-05-23 04:00:00,178.99246572533372
11571,2024-05-23 05:00:00,181.6629655462325
11572,2024-05-23 06:00:00,234.58691026539492
11573,2024-05-23 07:00:00,345.85176496141446
11574,2024-05-23 08:00:00,488.7355987650492
11575,2024-05-23 09:00:00,613.2831530723414
11576,2024-05-23 10:00:00,677.4898906257636
11577,2024-05-23 11:00:00,675.3885462442073
11578,2024-05-23 12:00:00,640.3413057167786
11579,2024-05-23 13:00:00,620.7533042582897
11580,2024-05-23 14:00:00,646.5901828502147
11581,2024-05-23 15:00:00,711.0082082303783
11582,2024-05-23 16:00:00,778.112907401038
11583,2024-05-23 17:00:00,807.7145362050915
11584,2024-05-23 18:00:00,777.7870401460054
11585,2024-05-23 19:00:00,691.5150802798072
11586,2024-05-23 20:00:00,570.0127407697141
11587,2024-05-23 21:00:00,440.55442828571955
11588,2024-05-23 22:00:00,327.8815938815312
11589,2024-05-23 23:00:00,248.87412010635887
11590,2024-05-24 00:00:00,208.07622393961583
11591,2024-05-24 01:00:00,195.4587671625975
11592,2024-05-24 02:00:00,191.53199649379832
11593,2024-05-24 03:00:00,181.21026825443596
11594,2024-05-24 04:00:00,168.33844469822208
11595,2024-05-24 05:00:00,177.6501483964687
11596,2024-05-24 06:00:00,238.1842828477021
11597,2024-05-24 07:00:00,357.9818674685414
11598,2024-05-24 08:00:00,510.26099949795844
11599,2024-05-24 09:00:00,644.9933867741984
11600,2024-05-24 10:00:00,720.0890345584127
11601,2024-05-24 11:00:00,729.4836009576491
11602,2024-05-24 12:00:00,706.4315387725464
11603,2024-05-24 13:00:00,699.2207046174472
11604,2024-05-24 14:00:00,737.6911610175739
11605,2024-05-24 15:00:00,814.8666629806287
11606,2024-05-24 16:00:00,894.7147639404682
11607,2024-05-24 17:00:00,936.903843313893
11608,2024-05-24 18:00:00,919.2636951982095
11609,2024-05-24 19:00:00,844.8342316462351
11610,2024-05-24 20:00:00,734.5858967541275
11611,2024-05-24 21:00:00,615.6522810173342
11612,2024-05-24 22:00:00,512.6385456407282
11613,2024-05-24 23:00:00,442.29447860016995
11614,2024-05-25 00:00:00,196.96225343134756
11615,2024-05-25 01:00:00,190.6593161717293
11616,2024-05-25 02:00:00,191.71401865472887
11617,2024-05-25 03:00:00,184.95071448777753
11618,2024-05-25 04:00:00,174.1376030281757
11619,2024-05-25 05:00:00,183.94604616714776
11620,2024-05-25 06:00:00,243.3679933313818
11621,2024-05-25 07:00:00,360.41355091881906
11622,2024-05-25 08:00:00,508.2864987497105
11623,2024-05-25 09:00:00,636.9611897405182
11624,2024-05-25 10:00:00,704.3674104092672
11625,2024-05-25 11:00:00,704.4777135553
11626,2024-05-25 12:00:00,670.6003400681021
11627,2024-05-25 13:00:00,651.0934122856706
11628,2024-05-25 14:00:00,675.8831284172454
11629,2024-05-25 15:00:00,738.094455874245
11630,2024-05-25 16:00:00,801.8102667591369
11631,2024-05-25 17:00:00,826.8272284643778
11632,2024-05-25 18:00:00,791.1151016290228
11633,2024-05-25 19:00:00,697.8640133184093
11634,2024-05-25 20:00:00,568.2033180491902
11635,2024-05-25 21:00:00,429.43255388040393
11636,2024-05-25 22:00:00,306.32812219419
11637,2024-05-25 23:00:00,215.81453339681815
11638,2024-05-26 00:00:00,162.49006920918254
11639,2024-05-26 01:00:00,136.38875467294667
11640,2024-05-26 02:00:00,118.09266493764653
11641,2024-05-26 03:00:00,92.59612498721765
11642,2024-05-26 04:00:00,63.83149440580587
11643,2024-05-26 05:00:00,56.62672909371622
11644,2024-05-26 06:00:00,100.12113490694747
11645,2024-05-26 07:00:00,202.46136883738797
11646,2024-05-26 08:00:00,336.9755086001869
11647,2024-05-26 09:00:00,453.7486436186604
11648,2024-05-26 10:00:00,510.8065801955878
11649,2024-05-26 11:00:00,502.2021854637472
11650,2024-05-26 12:00:00,461.3074984776903
11651,2024-05-26 13:00:00,436.5272999887235
11652,2024-05-26 14:00:00,457.81687739146184
11653,2024-05-26 15:00:00,518.3124873162749
11654,2024-05-26 16:00:00,582.0904613347673
11655,2024-05-26 17:00:00,608.9232676349092
11656,2024-05-26 18:00:00,576.7391782385627
11657,2024-05-26 19:00:00,488.67010487403996
11658,2024-05-26 20:00:00,365.7712087633246
11659,2024-05-26 21:00:00,235.2527821479623
11660,2024-05-26 22:00:00,121.78801879551418
11661,2024-05-26 23:00:00,42.185502000419774
11662,2024-05-27 00:00:00,212.99600471985883
11663,2024-05-27 01:00:00,199.95692408356553
11664,2024-05-27 02:00:00,195.58474204934612
11665,2024-05-27 03:00:00,184.72187111092381
11666,2024-05-27 04:00:00,171.14394178840473
11667,2024-05-27 05:00:00,179.5191489113297
11668,2024-05-27 06:00:00,238.82580932340272
11669,2024-05-27 07:00:00,357.0501650445152
11670,2024-05-27 08:00:00,507.36223148312916
11671,2024-05-27 09:00:00,639.6931225882191
11672,2024-05-27 10:00:00,711.9204254801405
11673,2024-05-27 11:00:00,717.9561295034023
11674,2024-05-27 12:00:00,691.0402199056687
11675,2024-05-27 13:00:00,679.4556104918203
11676,2024-05-27 14:00:00,713.0471363788881
11677,2024-05-27 15:00:00,784.8530955586696
11678,2024-05-27 16:00:00,858.865272903902
11679,2024-05-27 17:00:00,894.785749624891
11680,2024-05-27 18:00:00,870.4871402060287
11681,2024-05-27 19:00:00,789.0608143846235
11682,2024-05-27 20:00:00,671.5367064044211
11683,2024-05-27 21:00:00,545.115208502118
11684,2024-05-27 22:00:00,434.47476748299084
11685,2024-05-27 23:00:00,356.4440165868427
11686,2024-05-28 00:00:00,315.528284462775
11687,2024-05-28 01:00:00,301.6723656494415
11688,2024-05-28 02:00:00,295.3735695890652
11689,2024-05-28 03:00:00,281.54659924878916
11690,2024-05-28 04:00:00,264.0499449672735
11691,2024-05-28 05:00:00,267.64398005953416
11692,2024-05-28 06:00:00,321.4071685281858
11693,2024-05-28 07:00:00,433.43243700468594
11694,2024-05-28 08:00:00,577.0015293152225
11695,2024-05-28 09:00:00,702.1607952010379
11696,2024-05-28 10:00:00,766.9050055120191
11697,2024-05-28 11:00:00,765.263719276501
11698,2024-05-28 12:00:00,730.5933325660781
11699,2024-05-28 13:00:00,711.290503423877
11700,2024-05-28 14:00:00,737.3096930104407
11701,2024-05-28 15:00:00,801.7933299439094
11702,2024-05-28 16:00:00,868.8305487091758
11703,2024-05-28 17:00:00,898.212821039093
11704,2024-05-28 18:00:00,867.8931367598578
11705,2024-05-28 19:00:00,781.0333044632828
11706,2024-05-28 20:00:00,658.7229851701541
11707,2024-05-28 21:00:00,528.2109650423446
11708,2024-05-28 22:00:00,414.2122928270039
11709,2024-05-28 23:00:00,333.5801191751817
11710,2024-05-29 00:00:00,290.8320822920275
11711,2024-05-29 01:00:00,275.9131244935648
11712,2024-05-29 02:00:00,269.30875517195363
11713,2024-05-29 03:00:00,255.91030698127958
11714,2024-05-29 04:00:00,239.54186482054604
11715,2024-05-29 05:00:00,244.91904590747322
11716,2024-05-29 06:00:00,301.0660311496993
11717,2024-05-29 07:00:00,416.01288800218424
11718,2024-05-29 08:00:00,562.9709895855216
11719,2024-05-29 09:00:00,691.9099665991703
11720,2024-05-29 10:00:00,760.7427679757487
11721,2024-05-29 11:00:00,763.4133383623221
11722,2024-05-29 12:00:00,733.1900241239905
11723,2024-05-29 13:00:00,718.380383451735
11724,2024-05-29 14:00:00,748.8501214955395
11725,2024-05-29 15:00:00,817.6546384785084
11726,2024-05-29 16:00:00,888.7991224859746
11727,2024-05-29 17:00:00,921.995487336772
11728,2024-05-29 18:00:00,895.1227940156748
11729,2024-05-29 19:00:00,811.275708970836
11730,2024-05-29 20:00:00,691.4845965255455
11731,2024-05-29 21:00:00,562.9477367425558
11732,2024-05-29 22:00:00,450.3392814549864
11733,2024-05-29 23:00:00,370.48177403864076
11734,2024-05-30 00:00:00,327.8730677920901
11735,2024-05-30 01:00:00,312.44952000223964
11736,2024-05-30 02:00:00,304.69947146829577
11737,2024-05-30 03:00:00,289.5285549269608
11738,2024-05-30 04:00:00,270.78651073691543
11739,2024-05-30 05:00:00,273.22568903092827
11740,2024-05-30 06:00:00,325.91764168987214
11741,2024-05-30 07:00:00,436.9498497047433
11742,2024-05-30 08:00:00,579.6003980072951
11743,2024-05-30 09:00:00,703.9140437388899
11744,2024-05-30 10:00:00,767.8862653007543
11745,2024-05-30 11:00:00,765.5498130984483
11746,2024-05-30 12:00:00,730.2668884001183
11747,2024-05-30 13:00:00,710.4426418468665
11748,2024-05-30 14:00:00,736.0427297318943
11749,2024-05-30 15:00:00,800.2234340369879
11750,2024-05-30 16:00:00,867.090296908983
11751,2024-05-30 17:00:00,896.4535892477882
11752,2024-05-30 18:00:00,866.2872715252972
11753,2024-05-30 19:00:00,779.7760196657273
11754,2024-05-30 20:00:00,658.0339326160012
11755,2024-05-30 21:00:00,528.3354317273095
11756,2024-05-30 22:00:00,415.4219826388835
11757,2024-05-30 23:00:00,336.1734823835282
11758,2024-05-31 00:00:00,295.13416233852644
11759,2024-05-31 01:00:00,282.27489855982924
11760,2024-05-31 02:00:00,278.1059519610678
11761,2024-05-31 03:00:00,267.5416929402477
11762,2024-05-31 04:00:00,254.4269977311057
11763,2024-05-31 05:00:00,263.4955027779101
11764,2024-05-31 06:00:00,323.786125342081
11765,2024-05-31 07:00:00,443.3398985005324
11766,2024-05-31 08:00:00,595.3749330376227
11767,2024-05-31 09:00:00,729.86295023084
11768,2024-05-31 10:00:00,804.7139686690698
11769,2024-05-31 11:00:00,813.8636596766246
11770,2024-05-31 12:00:00,790.5664891522102
11771,2024-05-31 13:00:00,783.1103267043991
11772,2024-05-31 14:00:00,821.3352477218402
11773,2024-05-31 15:00:00,898.2650199700813
11774,2024-05-31 16:00:00,977.8672095353517
11775,2024-05-31 17:00:00,1019.8102083375231
11776,2024-05-31 18:00:00,1001.9238228825444
11777,2024-05-31 19:00:00,927.2479775118165
11778,2024-05-31 20:00:00,816.7531284671109
11779,2024-05-31 21:00:00,697.5728782909001
11780,2024-05-31 22:00:00,594.3124001083899
11781,2024-05-31 23:00:00,523.7214936884175
11782,2024-06-01 00:00:00,278.1423442306918
11783,2024-06-01 01:00:00,271.59240931831255
11784,2024-06-01 02:00:00,272.4000522033707
11785,2024-06-01 03:00:00,265.38963778918276
11786,2024-06-01 04:00:00,254.32937658813154
11787,2024-06-01 05:00:00,263.89064153883425
11788,2024-06-01 06:00:00,323.065392972563
11789,2024-06-01 07:00:00,439.86374806597246
11790,2024-06-01 08:00:00,587.4894972836653
11791,2024-06-01 09:00:00,715.9170040745267
11792,2024-06-01 10:00:00,783.0760653324014
11793,2024-06-01 11:00:00,782.9392441156264
11794,2024-06-01 12:00:00,748.8147914408285
11795,2024-06-01 13:00:00,729.060839636962
11796,2024-06-01 14:00:00,753.603596770958
11797,2024-06-01 15:00:00,815.5680399754642
11798,2024-06-01 16:00:00,879.0370509536194
11799,2024-06-01 17:00:00,903.8073065432948
11800,2024-06-01 18:00:00,867.8485767086013
11801,2024-06-01 19:00:00,774.3509977012901
11802,2024-06-01 20:00:00,644.4439331024313
11803,2024-06-01 21:00:00,505.42692984336946
11804,2024-06-01 22:00:00,382.0763981249172
11805,2024-06-01 23:00:00,291.3168569814821
11806,2024-06-02 00:00:00,237.74659663395113
11807,2024-06-02 01:00:00,211.3996504926264
11808,2024-06-02 02:00:00,192.85810193561946
11809,2024-06-02 03:00:00,167.11628404250513
11810,2024-06-02 04:00:00,138.1065643389294
11811,2024-06-02 05:00:00,130.65690655207015
11812,2024-06-02 06:00:00,173.90662421081663
11813,2024-06-02 07:00:00,276.0023818359514
11814,2024-06-02 08:00:00,410.272264562382
11815,2024-06-02 09:00:00,526.8013690615279
11816,2024-06-02 10:00:00,583.6155087558117
11817,2024-06-02 11:00:00,574.7675577625787
11818,2024-06-02 12:00:00,533.6295619846868
11819,2024-06-02 13:00:00,508.6063088778991
11820,2024-06-02 14:00:00,529.6530924031479
11821,2024-06-02 15:00:00,589.90617561413
11822,2024-06-02 16:00:00,653.4418963822789
11823,2024-06-02 17:00:00,680.03272903475
11824,2024-06-02 18:00:00,647.6069516091329
11825,2024-06-02 19:00:00,559.2964817076637
11826,2024-06-02 20:00:00,436.1564862923252
11827,2024-06-02 21:00:00,305.3972631878078
11828,2024-06-02 22:00:00,191.69201163184295
11829,2024-06-02 23:00:00,111.84932023828338
11830,2024-06-03 00:00:00,282.41996714416155
11831,2024-06-03 01:00:00,269.1413545257257
11832,2024-06-03 02:00:00,264.5299692495506
11833,2024-06-03 03:00:00,253.4282285856932
11834,2024-06-03 04:00:00,239.61176767977366
11835,2024-06-03 05:00:00,247.74878587078882
11836,2024-06-03 06:00:00,306.81760436204934
11837,2024-06-03 07:00:00,424.8044694006761
11838,2024-06-03 08:00:00,574.8794004874069
11839,2024-06-03 09:00:00,706.9735155293251
11840,2024-06-03 10:00:00,778.9644054706444
11841,2024-06-03 11:00:00,784.7640633457306
11842,2024-06-03 12:00:00,757.6124779629195
11843,2024-06-03 13:00:00,745.7925665426444
11844,2024-06-03 14:00:00,779.1491675005855
11845,2024-06-03 15:00:00,850.7205819847165
11846,2024-06-03 16:00:00,924.4985978910458
11847,2024-06-03 17:00:00,960.185299337548
11848,2024-06-03 18:00:00,935.6533035708039
11849,2024-06-03 19:00:00,853.9939829666073
11850,2024-06-03 20:00:00,736.2372742692689
11851,2024-06-03 21:00:00,609.5835721068881
11852,2024-06-03 22:00:00,498.71132553334616
11853,2024-06-03 23:00:00,420.4491699135959
11854,2024-06-04 00:00:00,379.3024358914305
11855,2024-06-04 01:00:00,365.21591989157247
11856,2024-06-04 02:00:00,358.68693309281724
11857,2024-06-04 03:00:00,344.6301800921682
11858,2024-06-04 04:00:00,326.90415273013423
11859,2024-06-04 05:00:00,330.2692257031535
11860,2024-06-04 06:00:00,383.8038642633895
11861,2024-06-04 07:00:00,495.6009961823417
11862,2024-06-04 08:00:00,638.942366310033
11863,2024-06-04 09:00:00,763.8743252730739
11864,2024-06-04 10:00:00,828.3916447044517
11865,2024-06-04 11:00:00,826.5238842944234
11866,2024-06-04 12:00:00,791.6274406643328
11867,2024-06-04 13:00:00,772.0989722725773
11868,2024-06-04 14:00:00,797.8929406073122
11869,2024-06-04 15:00:00,862.1517744825892
11870,2024-06-04 16:00:00,928.9646084704807
11871,2024-06-04 17:00:00,958.1229142771165
11872,2024-06-04 18:00:00,927.5796816029361
11873,2024-06-04 19:00:00,840.4967187914046
11874,2024-06-04 20:00:00,717.9636865019816
11875,2024-06-04 21:00:00,587.2293704551809
11876,2024-06-04 22:00:00,473.00881880394627
11877,2024-06-04 23:00:00,392.1551815490094
11878,2024-06-05 00:00:00,349.18609610595195
11879,2024-06-05 01:00:00,334.04650392342114
11880,2024-06-05 02:00:00,327.22191339841754
11881,2024-06-05 03:00:00,313.60365610637274
11882,2024-06-05 04:00:00,297.01581576356875
11883,2024-06-05 05:00:00,302.17400830810067
11884,2024-06-05 06:00:00,358.1024132615946
11885,2024-06-05 07:00:00,472.8310966045536
11886,2024-06-05 08:00:00,619.5714298970823
11887,2024-06-05 09:00:00,748.29304216122
11888,2024-06-05 10:00:00,816.9088805770291
11889,2024-06-05 11:00:00,819.3628879437254
11890,2024-06-05 12:00:00,788.9234086923199
11891,2024-06-05 13:00:00,773.8979989746488
11892,2024-06-05 14:00:00,804.1523618373088
11893,2024-06-05 15:00:00,872.7418952977443
11894,2024-06-05 16:00:00,943.6717851549216
11895,2024-06-05 17:00:00,976.6539428550757
11896,2024-06-05 18:00:00,949.5674269403889
11897,2024-06-05 19:00:00,865.5069013220345
11898,2024-06-05 20:00:00,745.502727704375
11899,2024-06-05 21:00:00,616.7531834697344
11900,2024-06-05 22:00:00,503.93241768087955
11901,2024-06-05 23:00:00,423.8629708708273
11902,2024-06-06 00:00:00,138.29697941691654
11903,2024-06-06 01:00:00,122.66222563049678
11904,2024-06-06 02:00:00,114.70133323876132
11905,2024-06-06 03:00:00,99.31993185114732
11906,2024-06-06 04:00:00,80.36775863165622
11907,2024-06-06 05:00:00,82.59716044787643
11908,2024-06-06 06:00:00,135.07968585037258
11909,2024-06-06 07:00:00,245.90281243229322
11910,2024-06-06 08:00:00,388.3446216794804
11911,2024-06-06 09:00:00,512.4498672033276
11912,2024-06-06 10:00:00,576.2140238392521
11913,2024-06-06 11:00:00,573.6698383524114
11914,2024-06-06 12:00:00,538.1795083236041
11915,2024-06-06 13:00:00,518.1481806489306
11916,2024-06-06 14:00:00,543.5415078202329
11917,2024-06-06 15:00:00,607.5157679716659
11918,2024-06-06 16:00:00,674.176499342431
11919,2024-06-06 17:00:00,703.333968895555
11920,2024-06-06 18:00:00,672.962133094789
11921,2024-06-06 19:00:00,586.2456638267518
11922,2024-06-06 20:00:00,464.2986559530301
11923,2024-06-06 21:00:00,334.3955266982804
11924,2024-06-06 22:00:00,221.27773752425782
11925,2024-06-06 23:00:00,141.8251812621175
11926,2024-06-07 00:00:00,343.3277990404534
11927,2024-06-07 01:00:00,330.2650346321237
11928,2024-06-07 02:00:00,325.89285863547883
11929,2024-06-07 03:00:00,315.1256370949922
11930,2024-06-07 04:00:00,301.80824187181963
11931,2024-06-07 05:00:00,310.6743049850089
11932,2024-06-07 06:00:00,370.76273926989734
11933,2024-06-07 07:00:00,490.1145733328765
11934,2024-06-07 08:00:00,641.9479134674622
11935,2024-06-07 09:00:00,776.2344764348946
11936,2024-06-07 10:00:00,850.8842762967961
11937,2024-06-07 11:00:00,859.8329798153777
11938,2024-06-07 12:00:00,836.3350483189976
11939,2024-06-07 13:00:00,828.6783468260506
11940,2024-06-07 14:00:00,866.7029461182859
11941,2024-06-07 15:00:00,943.4326093453587
11942,2024-06-07 16:00:00,1022.8348979543134
11943,2024-06-07 17:00:00,1064.5781992394755
11944,2024-06-07 18:00:00,1046.492315046623
11945,2024-06-07 19:00:00,971.6171650567292
11946,2024-06-07 20:00:00,860.9232008601405
11947,2024-06-07 21:00:00,741.5440203329954
11948,2024-06-07 22:00:00,638.0847919327203
11949,2024-06-07 23:00:00,567.2953107488335
11950,2024-06-08 00:00:00,321.517757329516
11951,2024-06-08 01:00:00,314.76958458853017
11952,2024-06-08 02:00:00,315.3791511197216
11953,2024-06-08 03:00:00,308.1708171728124
11954,2024-06-08 04:00:00,296.9127886213956
11955,2024-06-08 05:00:00,306.27643375584523
11956,2024-06-08 06:00:00,365.25370829474343
11957,2024-06-08 07:00:00,481.85472479817537
11958,2024-06-08 08:00:00,629.2832691327337
11959,2024-06-08 09:00:00,757.5137001627074
11960,2024-06-08 10:00:00,824.4758102255786
11961,2024-06-08 11:00:00,824.1421578276904
11962,2024-06-08 12:00:00,789.8209894643992
11963,2024-06-08 13:00:00,769.8704329625788
11964,2024-06-08 14:00:00,794.2166919098025
11965,2024-06-08 15:00:00,855.9847389876636
11966,2024-06-08 16:00:00,919.2574514666733
11967,2024-06-08 17:00:00,943.8315018009334
11968,2024-06-08 18:00:00,907.676655575769
11969,2024-06-08 19:00:00,813.9830447127752
11970,2024-06-08 20:00:00,683.8800284917497
11971,2024-06-08 21:00:00,544.6671495810122
11972,2024-06-08 22:00:00,421.12081394183434
11973,2024-06-08 23:00:00,330.16553642790365
11974,2024-06-09 00:00:00,276.3996030957995
11975,2024-06-09 01:00:00,249.85704325280585
11976,2024-06-09 02:00:00,231.11993620590783
11977,2024-06-09 03:00:00,205.18261101301925
11978,2024-06-09 04:00:00,175.97743121932552
11979,2024-06-09 05:00:00,168.33235661351728
11980,2024-06-09 06:00:00,211.38669685256457
11981,2024-06-09 07:00:00,313.28711262135926
11982,2024-06-09 08:00:00,447.36168526957425
11983,2024-06-09 09:00:00,563.6955077432863
11984,2024-06-09 10:00:00,620.3143897913161
11985,2024-06-09 11:00:00,611.2712019183499
11986,2024-06-09 12:00:00,569.9379864563776
11987,2024-06-09 13:00:00,544.7195273745497
11988,2024-06-09 14:00:00,565.5711151816588
11989,2024-06-09 15:00:00,625.629009559615
11990,2024-06-09 16:00:00,688.969545061373
11991,2024-06-09 17:00:00,715.3651927637284
11992,2024-06-09 18:00:00,682.7442275194581
11993,2024-06-09 19:00:00,594.2385638117781
11994,2024-06-09 20:00:00,470.90336555625856
11995,2024-06-09 21:00:00,339.94892759919765
11996,2024-06-09 22:00:00,226.04844627006617
11997,2024-06-09 23:00:00,146.01050734347876
11998,2024-06-10 00:00:00,316.38588620732946
11999,2024-06-10 01:00:00,302.9119823378574
12000,2024-06-10 02:00:00,298.1052800056627
12001,2024-06-10 03:00:00,286.8081939418812
12002,2024-06-10 04:00:00,272.7963568441707
12003,2024-06-10 05:00:00,280.7379656806447
12004,2024-06-10 06:00:00,339.6113393636311
12005,2024-06-10 07:00:00,457.4027219371099
12006,2024-06-10 08:00:00,607.2821307657396
12007,2024-06-10 09:00:00,739.1806817491281
12008,2024-06-10 10:00:00,810.97596385318
12009,2024-06-10 11:00:00,816.57996826284
12010,2024-06-10 12:00:00,789.2326820034276
12011,2024-06-10 13:00:00,777.217020623831
12012,2024-06-10 14:00:00,810.3778209368585
12013,2024-06-10 15:00:00,881.7533825958959
12014,2024-06-10 16:00:00,955.3354920871839
12015,2024-06-10 17:00:00,990.8262322169096
12016,2024-06-10 18:00:00,966.0982190149657
12017,2024-06-10 19:00:00,884.2428237380722
12018,2024-06-10 20:00:00,766.2899821021413
12019,2024-06-10 21:00:00,639.4400878190875
12020,2024-06-10 22:00:00,528.3715891152115
12021,2024-06-10 23:00:00,449.9131206276793
12022,2024-06-11 00:00:00,408.57001238840644
12023,2024-06-11 01:00:00,394.28706028968173
12024,2024-06-11 02:00:00,387.56157510460685
12025,2024-06-11 03:00:00,373.30826111311103
12026,2024-06-11 04:00:00,355.3856099521496
12027,2024-06-11 05:00:00,358.55399621901614
12028,2024-06-11 06:00:00,411.8918851716263
12029,2024-06-11 07:00:00,523.4922046986244
12030,2024-06-11 08:00:00,666.6366998717369
12031,2024-06-11 09:00:00,791.3717216527839
12032,2024-06-11 10:00:00,855.6920421194525
12033,2024-06-11 11:00:00,853.6272215226539
12034,2024-06-11 12:00:00,818.5336571400804
12035,2024-06-11 13:00:00,798.8080082259567
12036,2024-06-11 14:00:00,824.4047371503361
12037,2024-06-11 15:00:00,888.4662737434335
12038,2024-06-11 16:00:00,955.0817536979469
12039,2024-06-11 17:00:00,984.0426499596206
12040,2024-06-11 18:00:00,953.3019535856579
12041,2024-06-11 19:00:00,866.0214743897068
12042,2024-06-11 20:00:00,743.2908746339704
12043,2024-06-11 21:00:00,612.3589417211958
12044,2024-06-11 22:00:00,497.94072565675333
12045,2024-06-11 23:00:00,416.88937837924857
12046,2024-06-12 00:00:00,373.7225393710205
12047,2024-06-12 01:00:00,358.3851522641778
12048,2024-06-12 02:00:00,351.36272777242004
12049,2024-06-12 03:00:00,337.5465998975751
12050,2024-06-12 04:00:00,320.7608549013495
12051,2024-06-12 05:00:00,325.72111140152674
12052,2024-06-12 06:00:00,381.45155171783483
12053,2024-06-12 07:00:00,495.98224474856437
12054,2024-06-12 08:00:00,642.5245650921094
12055,2024-06-12 09:00:00,771.0481449523643
12056,2024-06-12 10:00:00,839.465934788457
12057,2024-06-12 11:00:00,841.721880820071
12058,2024-06-12 12:00:00,811.0843310217008
12059,2024-06-12 13:00:00,795.8608452119677
12060,2024-06-12 14:00:00,825.9171302297457
12061,2024-06-12 15:00:00,894.3085880061491
12062,2024-06-12 16:00:00,965.0404083963255
12063,2024-06-12 17:00:00,997.8245070049995
12064,2024-06-12 18:00:00,970.5399466759453
12065,2024-06-12 19:00:00,886.2813957446895
12066,2024-06-12 20:00:00,766.0792204703675
12067,2024-06-12 21:00:00,637.1317029013588
12068,2024-06-12 22:00:00,524.112996914638
12069,2024-06-12 23:00:00,443.84564797418034
12070,2024-06-13 00:00:00,400.82751151179326
12071,2024-06-13 01:00:00,384.9949470256269
12072,2024-06-13 02:00:00,376.8362975561434
12073,2024-06-13 03:00:00,361.2571981571329
12074,2024-06-13 04:00:00,342.1073915493523
12075,2024-06-13 05:00:00,344.1392303053641
12076,2024-06-13 06:00:00,396.42426879552306
12077,2024-06-13 07:00:00,507.04999055870786
12078,2024-06-13 08:00:00,649.2944831522767
12079,2024-06-13 09:00:00,773.2025063981815
12080,2024-06-13 10:00:00,836.7695414613523
12081,2024-06-13 11:00:00,834.0283415520214
12082,2024-06-13 12:00:00,798.3411108401737
12083,2024-06-13 13:00:00,778.1130029287401
12084,2024-06-13 14:00:00,803.3096771418556
12085,2024-06-13 15:00:00,867.0874185688283
12086,2024-06-13 16:00:00,933.5517725426687
12087,2024-06-13 17:00:00,962.5130132253842
12088,2024-06-13 18:00:00,931.945104418187
12089,2024-06-13 19:00:00,845.032725466421
12090,2024-06-13 20:00:00,722.88997881811
12091,2024-06-13 21:00:00,592.7912893911251
12092,2024-06-13 22:00:00,479.4781264883568
12093,2024-06-13 23:00:00,399.83039088977375
12094,2024-06-14 00:00:00,358.3923177944961
12095,2024-06-14 01:00:00,345.1347871720671
12096,2024-06-14 02:00:00,340.568063938417
12097,2024-06-14 03:00:00,329.6065225799071
12098,2024-06-14 04:00:00,316.09504350499805
12099,2024-06-14 05:00:00,324.7672674226023
12100,2024-06-14 06:00:00,384.66211596101624
12101,2024-06-14 07:00:00,503.82062664186446
12102,2024-06-14 08:00:00,655.4609147876338
12103,2024-06-14 09:00:00,789.5547063236078
12104,2024-06-14 10:00:00,864.0120245674051
12105,2024-06-14 11:00:00,872.7685456678742
12106,2024-06-14 12:00:00,849.0787404553921
12107,2024-06-14 13:00:00,841.2304835615403
12108,2024-06-14 14:00:00,879.0638554921577
12109,2024-06-14 15:00:00,955.6026292431377
12110,2024-06-14 16:00:00,1034.8143762162013
12111,2024-06-14 17:00:00,1076.3674937588953
12112,2024-06-14 18:00:00,1058.0917939049727
12113,2024-06-14 19:00:00,983.0272066141965
12114,2024-06-14 20:00:00,872.1441938744574
12115,2024-06-14 21:00:00,752.5763640704272
12116,2024-06-14 22:00:00,648.9288962481066
12117,2024-06-14 23:00:00,577.9515962369215
12118,2024-06-15 00:00:00,331.9866553910394
12119,2024-06-15 01:00:00,325.0515375647125
12120,2024-06-15 02:00:00,325.4746123704468
12121,2024-06-15 03:00:00,318.08025119231695
12122,2024-06-15 04:00:00,306.6366711391675
12123,2024-06-15 05:00:00,315.81525183770503
12124,2024-06-15 06:00:00,374.6079604334414
12125,2024-06-15 07:00:00,491.02492102015924
12126,2024-06-15 08:00:00,638.2699311023483
12127,2024-06-15 09:00:00,766.3173612579287
12128,2024-06-15 10:00:00,833.0970156487817
12129,2024-06-15 11:00:00,832.5814646959152
12130,2024-06-15 12:00:00,798.0789669063566
12131,2024-06-15 13:00:00,777.947662192279
12132,2024-06-15 14:00:00,802.1137663423759
12133,2024-06-15 15:00:00,863.7022643111364
12134,2024-06-15 16:00:00,926.7960457340643
12135,2024-06-15 17:00:00,951.1917955152428
12136,2024-06-15 18:00:00,914.859291784323
12137,2024-06-15 19:00:00,820.9886790825582
12138,2024-06-15 20:00:00,690.7093293846901
12139,2024-06-15 21:00:00,551.3207981568066
12140,2024-06-15 22:00:00,427.59950422171846
12141,2024-06-15 23:00:00,336.46997537746023
12142,2024-06-16 00:00:00,282.53051069741974
12143,2024-06-16 01:00:00,255.81515259885288
12144,2024-06-16 02:00:00,236.905993551272
12145,2024-06-16 03:00:00,210.79737585811256
12146,2024-06-16 04:00:00,181.42167638624818
12147,2024-06-16 05:00:00,173.60686831300194
12148,2024-06-16 06:00:00,216.49227474091106
12149,2024-06-16 07:00:00,318.22456989256756
12150,2024-06-16 08:00:00,452.1318487037757
12151,2024-06-16 09:00:00,568.2992177671995
12152,2024-06-16 10:00:00,624.7525005513538
12153,2024-06-16 11:00:00,615.544581341066
12154,2024-06-16 12:00:00,574.0475163087767
12155,2024-06-16 13:00:00,548.6661033063656
12156,2024-06-16 14:00:00,569.3556468081578
12157,2024-06-16 15:00:00,629.2524204963196
12158,2024-06-16 16:00:00,692.4327729841567
12159,2024-06-16 17:00:00,718.6691894571223
12160,2024-06-16 18:00:00,685.8899589383884
12161,2024-06-16 19:00:00,597.2270101175685
12162,2024-06-16 20:00:00,473.73552115924906
12163,2024-06-16 21:00:00,342.6258012219191
12164,2024-06-16 22:00:00,228.57106097627184
12165,2024-06-16 23:00:00,148.37990058306173
12166,2024-06-17 00:00:00,318.6031098515296
12167,2024-06-17 01:00:00,304.978102736116
12168,2024-06-17 02:00:00,300.0213779949518
12169,2024-06-17 03:00:00,288.5753648998486
12170,2024-06-17 04:00:00,274.41571071750644
12171,2024-06-17 05:00:00,282.2106270174429
12172,2024-06-17 06:00:00,340.93844733508644
12173,2024-06-17 07:00:00,458.58543037196773
12174,2024-06-17 08:00:00,608.3216081843657
12175,2024-06-17 09:00:00,740.0781113656096
12176,2024-06-17 10:00:00,811.7325436139538
12177,2024-06-17 11:00:00,817.1969108654042
12178,2024-06-17 12:00:00,789.7112149099196
12179,2024-06-17 13:00:00,777.558386073566
12180,2024-06-17 14:00:00,810.5832759756111
12181,2024-06-17 15:00:00,881.8241990726797
12182,2024-06-17 16:00:00,955.2729566849405
12183,2024-06-17 17:00:00,990.631646433396
12184,2024-06-17 18:00:00,965.7728991909675
12185,2024-06-17 19:00:00,883.7881010610492
12186,2024-06-17 20:00:00,765.7072025944417
12187,2024-06-17 21:00:00,638.7306123635271
12188,2024-06-17 22:00:00,527.5367934344484
12189,2024-06-17 23:00:00,448.9543952793896
12190,2024-06-18 00:00:00,407.48876278213464
12191,2024-06-18 01:00:00,393.0847066619888
12192,2024-06-18 02:00:00,386.23955251779967
12193,2024-06-18 03:00:00,371.86801943971034
12194,2024-06-18 04:00:00,353.82861387476953
12195,2024-06-18 05:00:00,356.88172519226515
12196,2024-06-18 06:00:00,410.10583343403596
12197,2024-06-18 07:00:00,521.5938812356028
12198,2024-06-18 08:00:00,664.627628399851
12199,2024-06-18 09:00:00,789.2534405961497
12200,2024-06-18 10:00:00,853.4661045925699
12201,2024-06-18 11:00:00,851.2951952945282
12202,2024-06-18 12:00:00,816.0971246113868
12203,2024-06-18 13:00:00,796.2685663975135
12204,2024-06-18 14:00:00,821.763997589281
12205,2024-06-18 15:00:00,885.7258625509766
12206,2024-06-18 16:00:00,952.2433114651897
12207,2024-06-18 17:00:00,981.1078317479873
12208,2024-06-18 18:00:00,950.2724288624686
12209,2024-06-18 19:00:00,862.8989270013745
12210,2024-06-18 20:00:00,740.0770027572415
12211,2024-06-18 21:00:00,609.0554578188229
12212,2024-06-18 22:00:00,494.5493564183304
12213,2024-06-18 23:00:00,413.41186468504304
12214,2024-06-19 00:00:00,370.1606362294606
12215,2024-06-19 01:00:00,354.74062875970566
12216,2024-06-19 02:00:00,347.6373670099736
12217,2024-06-19 03:00:00,333.7421989388168
12218,2024-06-19 04:00:00,316.87922471930864
12219,2024-06-19 05:00:00,321.76407678765486
12220,2024-06-19 06:00:00,377.42095124865284
12221,2024-06-19 07:00:00,491.8799306914549
12222,2024-06-19 08:00:00,638.3524033750701
12223,2024-06-19 09:00:00,766.8080150378339
12224,2024-06-19 10:00:00,835.1597296469372
12225,2024-06-19 11:00:00,837.3515068297024
12226,2024-06-19 12:00:00,806.6517079024479
12227,2024-06-19 13:00:00,791.3679059423558
12228,2024-06-19 14:00:00,821.3658209636012
12229,2024-06-19 15:00:00,889.7008679951481
12230,2024-06-19 16:00:00,960.3782498914134
12231,2024-06-19 17:00:00,993.1098951934214
12232,2024-06-19 18:00:00,965.7748795630582
12233,2024-06-19 19:00:00,881.467884081266
12234,2024-06-19 20:00:00,761.2192876546828
12235,2024-06-19 21:00:00,632.2273848844526
12236,2024-06-19 22:00:00,519.1663420955153
12237,2024-06-19 23:00:00,438.8587171115238
12238,2024-06-20 00:00:00,395.8023776147977
12239,2024-06-20 01:00:00,379.9336952528458
12240,2024-06-20 02:00:00,371.74102511134845
12241,2024-06-20 03:00:00,356.13001417866707
12242,2024-06-20 04:00:00,336.95041701044795
12243,2024-06-20 05:00:00,338.9545978817002
12244,2024-06-20 06:00:00,391.2141227780137
12245,2024-06-20 07:00:00,501.8164867210534
12246,2024-06-20 08:00:00,644.0397886292451
12247,2024-06-20 09:00:00,767.9287996005569
12248,2024-06-20 10:00:00,831.4790119104148
12249,2024-06-20 11:00:00,828.7231897836749
12250,2024-06-20 12:00:00,793.023548266912
12251,2024-06-20 13:00:00,772.7852517217717
12252,2024-06-20 14:00:00,797.9739701052438
12253,2024-06-20 15:00:00,861.745998999743
12254,2024-06-20 16:00:00,928.2068940985092
12255,2024-06-20 17:00:00,957.1669398060408
12256,2024-06-20 18:00:00,926.6001100080825
12257,2024-06-20 19:00:00,839.6910940071693
12258,2024-06-20 20:00:00,717.5540040734307
12259,2024-06-20 21:00:00,587.4632747975699
12260,2024-06-20 22:00:00,474.16038501504306
12261,2024-06-20 23:00:00,394.52524488900906
12262,2024-06-21 00:00:00,353.1020988685238
12263,2024-06-21 01:00:00,339.86183600213764
12264,2024-06-21 02:00:00,335.31473015681325
12265,2024-06-21 03:00:00,324.3751646023073
12266,2024-06-21 04:00:00,310.8880283845904
12267,2024-06-21 05:00:00,319.5869706920315
12268,2024-06-21 06:00:00,379.51092147382246
12269,2024-06-21 07:00:00,498.70092641660085
12270,2024-06-21 08:00:00,650.3751088419881
12271,2024-06-21 09:00:00,784.5052025159425
12272,2024-06-21 10:00:00,859.0012384322357
12273,2024-06-21 11:00:00,867.7989002540132
12274,2024-06-21 12:00:00,844.1526661444775
12275,2024-06-21 13:00:00,836.3504179220408
12276,2024-06-21 14:00:00,874.2322430847332
12277,2024-06-21 15:00:00,950.8219214668488
12278,2024-06-21 16:00:00,1030.087031124444
12279,2024-06-21 17:00:00,1071.6959758892094
12280,2024-06-21 18:00:00,1053.4785740965124
12281,2024-06-21 19:00:00,978.474761836125
12282,2024-06-21 20:00:00,867.6550070446253
12283,2024-06-21 21:00:00,748.1529238722838
12284,2024-06-21 22:00:00,644.573696948155
12285,2024-06-21 23:00:00,573.6671374962152
12286,2024-06-22 00:00:00,327.77544209578633
12287,2024-06-22 01:00:00,320.9160796121737
12288,2024-06-22 02:00:00,321.41742450851046
12289,2024-06-22 03:00:00,314.1038528095724
12290,2024-06-22 04:00:00,302.7435860852804
12291,2024-06-22 05:00:00,312.0080082221771
12292,2024-06-22 06:00:00,370.88909043871297
12293,2024-06-22 07:00:00,487.3969607050002
12294,2024-06-22 08:00:00,634.7354202000049
12295,2024-06-22 09:00:00,762.8788429829084
12296,2024-06-22 10:00:00,829.7570364974238
12297,2024-06-22 11:00:00,829.3425742499713
12298,2024-06-22 12:00:00,794.9437176163879
12299,2024-06-22 13:00:00,774.918609199181
12300,2024-06-22 14:00:00,799.1934672482912
12301,2024-06-22 15:00:00,860.8932789925269
12302,2024-06-22 16:00:00,924.1009361257609
12303,2024-06-22 17:00:00,948.6131254061834
12304,2024-06-22 18:00:00,912.3996266100614
12305,2024-06-22 19:00:00,818.6505857116624
12306,2024-06-22 20:00:00,688.4953759149498
12307,2024-06-22 21:00:00,549.2335536984746
12308,2024-06-22 22:00:00,425.6415386855473
12309,2024-06-22 23:00:00,334.6438592576666
12310,2024-06-23 00:00:00,280.8388148698819
12311,2024-06-23 01:00:00,254.2604480841299
12312,2024-06-23 02:00:00,235.49085131927478
12313,2024-06-23 03:00:00,209.52436659718785
12314,2024-06-23 04:00:00,180.2933702909703
12315,2024-06-23 05:00:00,172.62583486317737
12316,2024-06-23 06:00:00,215.6610824807148
12317,2024-06-23 07:00:00,317.54578621096704
12318,2024-06-23 08:00:00,451.6080396058373
12319,2024-06-23 09:00:00,567.9329476651891
12320,2024-06-23 10:00:00,624.5463320383134
12321,2024-06-23 11:00:00,615.5010749519903
12322,2024-06-23 12:00:00,574.1692303110038
12323,2024-06-23 13:00:00,548.9555934709867
12324,2024-06-23 14:00:00,569.8154661799855
12325,2024-06-23 15:00:00,629.8851191685173
12326,2024-06-23 16:00:00,693.2408978815492
12327,2024-06-23 17:00:00,719.6552840878355
12328,2024-06-23 18:00:00,687.0565631805933
12329,2024-06-23 19:00:00,598.5766599868712
12330,2024-06-23 20:00:00,475.27074858298033
12331,2024-06-23 21:00:00,344.34913379287303
12332,2024-06-23 22:00:00,230.485021744192
12333,2024-06-23 23:00:00,150.48700781284361
12334,2024-06-24 00:00:00,320.90587678824807
12335,2024-06-24 01:00:00,307.47903737836253
12336,2024-06-24 02:00:00,302.7229828618749
12337,2024-06-24 03:00:00,291.4801368023355
12338,2024-06-24 04:00:00,277.5261405115866
12339,2024-06-24 05:00:00,285.5291993915315
12340,2024-06-24 06:00:00,344.46764056147697
12341,2024-06-24 07:00:00,462.3277160771835
12342,2024-06-24 08:00:00,612.2794511103945
12343,2024-06-24 09:00:00,744.253969154595
12344,2024-06-24 10:00:00,816.1288665473753
12345,2024-06-24 11:00:00,821.8161416455
12346,2024-06-24 12:00:00,794.5557884249494
12347,2024-06-24 13:00:00,782.6307291592975
12348,2024-06-24 14:00:00,815.8858071786062
12349,2024-06-24 15:00:00,887.3593284208716
12350,2024-06-24 16:00:00,961.0430854542001
12351,2024-06-24 17:00:00,996.6391668993163
12352,2024-06-24 18:00:00,972.0201944108603
12353,2024-06-24 19:00:00,890.2775446225487
12354,2024-06-24 20:00:00,772.4411584040034
12355,2024-06-24 21:00:00,645.7114343822773
12356,2024-06-24 22:00:00,534.7668254710882
12357,2024-06-24 23:00:00,456.43597074093424
12358,2024-06-25 00:00:00,415.2242044402376
12359,2024-06-25 01:00:00,401.0763264222812
12360,2024-06-25 02:00:00,394.4896511859827
12361,2024-06-25 03:00:00,380.3788864918003
12362,2024-06-25 04:00:00,362.6025272085618
12363,2024-06-25 05:00:00,365.9209509177628
12364,2024-06-25 06:00:00,419.41262562469194
12365,2024-06-25 07:00:00,531.1704816998118
12366,2024-06-25 08:00:00,674.4762664452683
12367,2024-06-25 09:00:00,799.3763328143741
12368,2024-06-25 10:00:00,863.865454607535
12369,2024-06-25 11:00:00,861.9731935406592
12370,2024-06-25 12:00:00,827.0559481097466
12371,2024-06-25 13:00:00,807.5103785194267
12372,2024-06-25 14:00:00,833.2909478285055
12373,2024-06-25 15:00:00,897.5400862918764
12374,2024-06-25 16:00:00,964.3469297688403
12375,2024-06-25 17:00:00,993.502951104988
12376,2024-06-25 18:00:00,962.9611409804974
12377,2024-06-25 19:00:00,875.8833085763208
12378,2024-06-25 20:00:00,753.3591152524878
12379,2024-06-25 21:00:00,622.6373472227294
12380,2024-06-25 22:00:00,508.43305304602507
12381,2024-06-25 23:00:00,427.5993829437199
12382,2024-06-26 00:00:00,384.6539743855119
12383,2024-06-26 01:00:00,369.5417687365063
12384,2024-06-26 02:00:00,362.7482741569331
12385,2024-06-26 03:00:00,349.1648218183943
12386,2024-06-26 04:00:00,332.61549487412054
12387,2024-06-26 05:00:00,337.81590854632253
12388,2024-06-26 06:00:00,393.7902414850996
12389,2024-06-26 07:00:00,508.5685586259707
12390,2024-06-26 08:00:00,655.3622303511893
12391,2024-06-26 09:00:00,784.1408843115514
12392,2024-06-26 10:00:00,852.8174661720999
12393,2024-06-26 11:00:00,855.3359170543375
12394,2024-06-26 12:00:00,824.96457955151
12395,2024-06-26 13:00:00,810.0110077992026
12396,2024-06-26 14:00:00,840.3409026838297
12397,2024-06-26 15:00:00,909.0096598826583
12398,2024-06-26 16:00:00,980.0224626977472
12399,2024-06-26 17:00:00,1013.0912199106668
12400,2024-06-26 18:00:00,986.0949872319386
12401,2024-06-26 19:00:00,902.1284255766025
12402,2024-06-26 20:00:00,782.2218934816109
12403,2024-06-26 21:00:00,653.5736649968311
12404,2024-06-26 22:00:00,540.8578856837598
12405,2024-06-26 23:00:00,460.8970924089996
12406,2024-06-27 00:00:00,418.1891316989349
12407,2024-06-27 01:00:00,402.67035386875193
12408,2024-06-27 02:00:00,394.82909245377516
12409,2024-06-27 03:00:00,379.57097271858845
12410,2024-06-27 04:00:00,360.74572730178124
12411,2024-06-27 05:00:00,363.1056983752208
12412,2024-06-27 06:00:00,415.72242962537536
12413,2024-06-27 07:00:00,526.6833936003377
12414,2024-06-27 08:00:00,669.2666665664545
12415,2024-06-27 09:00:00,793.5169967697427
12416,2024-06-27 10:00:00,857.4298534683422
12417,2024-06-27 11:00:00,855.0379776883392
12418,2024-06-27 12:00:00,819.70356110576
12419,2024-06-27 13:00:00,799.8317445167812
12420,2024-06-27 14:00:00,825.3881741687173
12421,2024-06-27 15:00:00,889.5291217380393
12422,2024-06-27 16:00:00,956.3601188670443
12423,2024-06-27 17:00:00,985.6914257103444
12424,2024-06-27 18:00:00,955.4969917661708
12425,2024-06-27 19:00:00,868.9614817794296
12426,2024-06-27 20:00:00,747.1989832628044
12427,2024-06-27 21:00:00,617.4839059554547
12428,2024-06-27 22:00:00,504.5577036360012
12429,2024-06-27 23:00:00,425.3002612653563
12430,2024-06-28 00:00:00,384.2557979317333
12431,2024-06-28 01:00:00,371.3951771863776
12432,2024-06-28 02:00:00,367.22864722409486
12433,2024-06-28 03:00:00,356.67056551027633
12434,2024-06-28 04:00:00,343.56579513530215
12435,2024-06-28 05:00:00,352.647959189359
12436,2024-06-28 06:00:00,412.95596137013047
12437,2024-06-28 07:00:00,532.530820982995
12438,2024-06-28 08:00:00,684.5906348345023
12439,2024-06-28 09:00:00,819.1071100197958
12440,2024-06-28 10:00:00,893.990250742565
12441,2024-06-28 11:00:00,903.1757137396141
12442,2024-06-28 12:00:00,879.9179501233211
12443,2024-06-28 13:00:00,872.5048145145956
12444,2024-06-28 14:00:00,910.7763671136669
12445,2024-06-28 15:00:00,987.7563603149814
12446,2024-06-28 16:00:00,1067.4123446193528
12447,2024-06-28 17:00:00,1109.4126961810061
12448,2024-06-28 18:00:00,1091.5872055531165
12449,2024-06-28 19:00:00,1016.9757809151504
12450,2024-06-28 20:00:00,906.5488621860059
12451,2024-06-28 21:00:00,787.4400353756802
12452,2024-06-28 22:00:00,684.2544568961994
12453,2024-06-28 23:00:00,613.7419096220308
12454,2024-06-29 00:00:00,368.24456168880806
12455,2024-06-29 01:00:00,361.77985341718096
12456,2024-06-29 02:00:00,362.67613062712707
12457,2024-06-29 03:00:00,355.75774060402307
12458,2024-06-29 04:00:00,344.79287608812336
12459,2024-06-29 05:00:00,354.45289204243744
12460,2024-06-29 06:00:00,413.72973067359374
12461,2024-06-29 07:00:00,530.6334908534162
12462,2024-06-29 08:00:00,678.3679445790726
12463,2024-06-29 09:00:00,806.9074366447617
12464,2024-06-29 10:00:00,874.1817451611975
12465,2024-06-29 11:00:00,874.1634142105946
12466,2024-06-29 12:00:00,840.1606756813069
12467,2024-06-29 13:00:00,820.531642613983
12468,2024-06-29 14:00:00,845.2025036269275
12469,2024-06-29 15:00:00,907.2982162545736
12470,2024-06-29 16:00:00,970.9016424239323
12471,2024-06-29 17:00:00,995.8094390854981
12472,2024-06-29 18:00:00,959.9913561251017
12473,2024-06-29 19:00:00,866.6375095870764
12474,2024-06-29 20:00:00,736.8772426887012
12475,2024-06-29 21:00:00,598.0100818724613
12476,2024-06-29 22:00:00,474.81241666791095
12477,2024-06-29 23:00:00,384.20874533289737
12478,2024-06-30 00:00:00,330.7973371463402
12479,2024-06-30 01:00:00,304.6122044564951
12480,2024-06-30 02:00:00,286.23540943317647
12481,2024-06-30 03:00:00,260.6612638099318
12482,2024-06-30 04:00:00,231.8221136519113
12483,2024-06-30 05:00:00,224.54590106063546
12484,2024-06-30 06:00:00,267.9719178433543
12485,2024-06-30 07:00:00,370.24680666697077
