,ds,yhat
0,2023-01-01 23:00:00,115.41709935612144
1,2023-01-02 00:00:00,153.26874694623052
2,2023-01-02 01:00:00,79.74389462940269
3,2023-01-02 02:00:00,31.290025109906026
4,2023-01-02 03:00:00,6.3639044883655345
5,2023-01-02 04:00:00,-7.810607825833301
6,2023-01-02 05:00:00,-21.66667267924035
7,2023-01-02 06:00:00,-33.12673999320921
8,2023-01-02 07:00:00,-29.832203263560444
9,2023-01-02 08:00:00,-1.3188548917774483
10,2023-01-02 09:00:00,50.21003944358091
11,2023-01-02 10:00:00,110.08176118952704
12,2023-01-02 11:00:00,161.5369659548911
13,2023-01-02 12:00:00,196.60323615094666
14,2023-01-02 13:00:00,218.41877062391967
15,2023-01-02 14:00:00,234.75311330216343
16,2023-01-02 15:00:00,250.33616646979237
17,2023-01-02 16:00:00,265.1129777505974
18,2023-01-02 17:00:00,278.0935040701966
19,2023-01-02 18:00:00,290.3893260667926
20,2023-01-02 19:00:00,302.7330274825895
21,2023-01-02 20:00:00,310.1333751828845
22,2023-01-02 21:00:00,301.01086303808125
23,2023-01-02 22:00:00,264.5189746685472
24,2023-01-02 23:00:00,200.98047905066622
25,2023-01-03 00:00:00,125.55659545541512
26,2023-01-03 01:00:00,60.13752970354929
27,2023-01-03 03:00:00,0.8736415154062627
28,2023-01-03 04:00:00,-7.337724299036552
29,2023-01-03 05:00:00,-15.976476966506084
30,2023-01-03 06:00:00,-22.965579243037894
31,2023-01-03 07:00:00,-15.938159886068263
32,2023-01-03 08:00:00,15.58662001244548
33,2023-01-03 09:00:00,69.42998765199434
34,2023-01-03 10:00:00,130.95098780639407
35,2023-01-03 11:00:00,183.42864162057094
36,2023-01-03 12:00:00,218.93476361733366
37,2023-01-03 13:00:00,240.65685889568238
38,2023-01-03 14:00:00,256.41801371637996
39,2023-01-03 15:00:00,271.00503670831085
40,2023-01-03 16:00:00,284.4223517100161
41,2023-01-03 17:00:00,295.74085763606024
42,2023-01-03 18:00:00,306.1337409336216
43,2023-01-03 19:00:00,316.3949670998112
44,2023-01-03 20:00:00,321.5935985429858
45,2023-01-03 21:00:00,310.20851320670505
46,2023-01-03 22:00:00,271.4488895309436
47,2023-01-03 23:00:00,205.68978158371522
48,2023-01-04 00:00:00,128.1406298424712
49,2023-01-04 01:00:00,60.73521758583655
50,2023-01-04 02:00:00,17.889080056742102
51,2023-01-04 03:00:00,-1.9364121486164834
52,2023-01-04 04:00:00,-11.509284365668123
53,2023-01-04 05:00:00,-21.25138949072442
54,2023-01-04 06:00:00,-29.071008716522556
55,2023-01-04 07:00:00,-22.592846886008118
56,2023-01-04 08:00:00,8.666167349225844
57,2023-01-04 09:00:00,62.523463098765575
58,2023-01-04 10:00:00,124.32850894884012
59,2023-01-04 11:00:00,177.3453111092241
60,2023-01-04 12:00:00,213.62565097324097
61,2023-01-04 13:00:00,236.33247722426646
62,2023-01-04 14:00:00,253.26035790524259
63,2023-01-04 15:00:00,269.16424092958414
64,2023-01-04 16:00:00,284.01401458147757
65,2023-01-04 17:00:00,296.84407326026025
66,2023-01-04 18:00:00,308.78986339752066
67,2023-01-04 19:00:00,320.6071250118705
68,2023-01-04 20:00:00,327.32696496984465
69,2023-01-04 21:00:00,317.39132511401937
70,2023-01-04 22:00:00,279.97419961218236
71,2023-01-04 23:00:00,215.41791444643061
72,2023-01-05 00:00:00,138.90230392347496
73,2023-01-05 01:00:00,72.33528420061725
74,2023-01-05 02:00:00,30.110821574272165
75,2023-01-05 04:00:00,1.243750146984155
76,2023-01-05 05:00:00,-8.606328711751246
77,2023-01-05 06:00:00,-16.785234420082304
78,2023-01-05 07:00:00,-10.911938945465891
79,2023-01-05 08:00:00,19.508386319299944
80,2023-01-05 09:00:00,72.31092289409887
81,2023-01-05 10:00:00,132.8687615348851
82,2023-01-05 11:00:00,184.47517965418993
83,2023-01-05 12:00:00,219.21656492016973
84,2023-01-05 13:00:00,240.2954037543078
85,2023-01-05 14:00:00,255.55024472133724
86,2023-01-05 15:00:00,269.7838913183432
87,2023-01-05 16:00:00,283.01732271415665
88,2023-01-05 17:00:00,294.33855580985943
89,2023-01-05 18:00:00,304.9384325845559
90,2023-01-05 19:00:00,315.6290580501611
91,2023-01-05 20:00:00,321.4980354690451
92,2023-01-05 21:00:00,311.0430730877029
93,2023-01-05 22:00:00,273.4923283446647
94,2023-01-05 23:00:00,209.23981425285956
95,2023-01-06 00:00:00,133.51371480959017
96,2023-01-06 01:00:00,68.26612132821586
97,2023-01-06 02:00:00,27.930199166155404
98,2023-01-06 03:00:00,10.984009076125147
99,2023-01-06 04:00:00,4.674997613401189
100,2023-01-06 05:00:00,-1.4047255957206062
101,2023-01-06 06:00:00,-5.1512884918467705
102,2023-01-06 07:00:00,5.820643547743259
103,2023-01-06 08:00:00,42.00176283618441
104,2023-01-06 09:00:00,101.21440066587294
105,2023-01-06 10:00:00,168.80991781552186
106,2023-01-06 11:00:00,228.05092535981723
107,2023-01-06 12:00:00,270.9842634390767
108,2023-01-06 13:00:00,300.76415775734426
109,2023-01-06 14:00:00,325.1724636802127
110,2023-01-06 15:00:00,348.9472506702138
111,2023-01-06 16:00:00,372.0372225623677
112,2023-01-06 17:00:00,393.4511825345508
113,2023-01-06 18:00:00,414.2945209529941
114,2023-01-06 19:00:00,435.28844429939977
115,2023-01-06 20:00:00,451.42508355569066
116,2023-01-06 21:00:00,451.10304688686836
117,2023-01-06 22:00:00,423.4487722200628
118,2023-01-06 23:00:00,368.75299313504706
119,2023-01-07 00:00:00,198.6354441896765
120,2023-01-07 01:00:00,141.95455767252415
121,2023-01-07 02:00:00,109.53751635752153
122,2023-01-07 03:00:00,99.7640490924465
123,2023-01-07 04:00:00,99.78733824733692
124,2023-01-07 05:00:00,99.11039621083376
125,2023-01-07 06:00:00,99.7542242142855
126,2023-01-07 07:00:00,114.02851928207909
127,2023-01-07 08:00:00,152.35651127736574
128,2023-01-07 09:00:00,212.5021095600754
129,2023-01-07 10:00:00,279.76807153059644
130,2023-01-07 11:00:00,337.37890428672256
131,2023-01-07 12:00:00,377.35441828007976
132,2023-01-07 13:00:00,402.83334520273877
133,2023-01-07 14:00:00,421.5939236531323
134,2023-01-07 15:00:00,438.3827004395025
135,2023-01-07 16:00:00,453.1690395100602
136,2023-01-07 17:00:00,464.9945454315549
137,2023-01-07 18:00:00,475.00937904161265
138,2023-01-07 19:00:00,483.99118457989266
139,2023-01-07 20:00:00,486.9997692034108
140,2023-01-07 21:00:00,472.5121038009633
141,2023-01-07 22:00:00,429.743006176426
142,2023-01-07 23:00:00,359.08082693006406
143,2023-01-08 00:00:00,275.75598110112435
144,2023-01-08 01:00:00,201.73083426123884
145,2023-01-08 02:00:00,151.45695003761404
146,2023-01-08 05:00:00,85.65123607740401
147,2023-01-08 06:00:00,67.67037756572915
148,2023-01-08 07:00:00,63.459288089521834
149,2023-01-08 08:00:00,83.57349917059909
150,2023-01-08 09:00:00,125.90687928479478
151,2023-01-08 10:00:00,175.88854984077233
152,2023-01-08 11:00:00,216.86457259092035
153,2023-01-08 12:00:00,240.97034082263974
154,2023-01-08 13:00:00,251.45309935290726
155,2023-01-08 14:00:00,256.1915089138939
156,2023-01-08 15:00:00,260.02351394297057
157,2023-01-08 16:00:00,263.00001592556384
158,2023-01-08 17:00:00,264.23356812457484
159,2023-01-08 18:00:00,264.934077106598
160,2023-01-08 19:00:00,265.92723672336626
161,2023-01-08 20:00:00,262.3088404277302
162,2023-01-08 21:00:00,242.579544339201
163,2023-01-08 22:00:00,195.96544412259976
164,2023-01-08 23:00:00,122.85378646830037
165,2023-01-09 00:00:00,141.96636596293484
166,2023-01-09 01:00:00,68.23086067787074
167,2023-01-09 02:00:00,19.566741386074227
168,2023-01-09 03:00:00,-5.569204676312722
169,2023-01-09 04:00:00,-19.95309698909449
170,2023-01-09 05:00:00,-34.018075330135844
171,2023-01-09 06:00:00,-45.686568581815436
172,2023-01-09 07:00:00,-42.599949242341495
173,2023-01-09 08:00:00,-14.2939887579507
174,2023-01-09 09:00:00,37.02806811397414
175,2023-01-09 10:00:00,96.69352368290853
176,2023-01-09 11:00:00,147.94305438634655
177,2023-01-09 12:00:00,182.80426340435346
178,2023-01-09 13:00:00,204.4153703116657
179,2023-01-09 14:00:00,220.54593970185377
180,2023-01-09 15:00:00,235.92589447364944
181,2023-01-09 16:00:00,250.500302807298
182,2023-01-09 17:00:00,263.2791421241434
183,2023-01-09 18:00:00,275.3740134983379
184,2023-01-09 19:00:00,287.51752103959836
185,2023-01-09 20:00:00,294.71845192175766
186,2023-01-09 21:00:00,285.39732024796444
187,2023-01-09 22:00:00,248.70762980596737
188,2023-01-09 23:00:00,184.97216966610384
189,2023-01-10 00:00:00,109.3521791191331
190,2023-01-10 01:00:00,43.73788392760818
191,2023-01-10 02:00:00,2.506404098058823
192,2023-01-10 04:00:00,-24.317595076300705
193,2023-01-10 05:00:00,-33.14786930177095
194,2023-01-10 06:00:00,-40.32751712673323
195,2023-01-10 07:00:00,-33.48964786396766
196,2023-01-10 08:00:00,-2.1534032580160556
197,2023-01-10 09:00:00,51.50246315317705
198,2023-01-10 10:00:00,112.83701530658769
199,2023-01-10 11:00:00,165.12929341492588
200,2023-01-10 12:00:00,200.45113097111175
201,2023-01-10 13:00:00,221.99005194436415
202,2023-01-10 14:00:00,237.56916136262214
203,2023-01-10 15:00:00,251.9752865172781
204,2023-01-10 16:00:00,265.2128698046199
205,2023-01-10 17:00:00,276.35282858757705
206,2023-01-10 18:00:00,286.56836765554124
207,2023-01-10 19:00:00,296.65347072983764
208,2023-01-10 20:00:00,301.6772183367783
209,2023-01-10 21:00:00,290.1185064164572
210,2023-01-10 22:00:00,251.18653129224947
211,2023-01-10 23:00:00,185.25636479506437
212,2023-01-11 00:00:00,107.53746505022292
213,2023-01-11 01:00:00,39.9636328409635
214,2023-01-11 03:00:00,-23.040783150604
215,2023-01-11 04:00:00,-32.77798726541738
216,2023-01-11 05:00:00,-42.68302740874893
217,2023-01-11 06:00:00,-50.664167892139005
218,2023-01-11 07:00:00,-44.346096808397476
219,2023-01-11 08:00:00,-13.245726198988791
220,2023-01-11 09:00:00,40.45438952582032
221,2023-01-11 10:00:00,102.10373529048735
222,2023-01-11 11:00:00,154.96633350475628
223,2023-01-11 12:00:00,191.09398161962966
224,2023-01-11 13:00:00,213.6496442368644
225,2023-01-11 14:00:00,230.42790516888843
226,2023-01-11 15:00:00,246.18372795548638
227,2023-01-11 16:00:00,260.8870163589987
228,2023-01-11 17:00:00,273.57218010720976
229,2023-01-11 18:00:00,285.3746808118603
230,2023-01-11 19:00:00,297.05027351497046
231,2023-01-11 20:00:00,303.63007996032184
232,2023-01-11 21:00:00,293.5560567047122
233,2023-01-11 22:00:00,256.00221247872685
234,2023-01-11 23:00:00,191.31088766792612
235,2023-01-12 00:00:00,114.66193082403302
236,2023-01-12 01:00:00,47.963272186572254
237,2023-01-12 02:00:00,5.608891974171854
238,2023-01-12 04:00:00,-23.512795775445937
239,2023-01-12 05:00:00,-33.48754634961574
240,2023-01-12 06:00:00,-41.789348409758645
241,2023-01-12 07:00:00,-36.03716082942583
242,2023-01-12 08:00:00,-5.736142084559106
243,2023-01-12 09:00:00,46.94890209300931
244,2023-01-12 10:00:00,107.39107504517455
245,2023-01-12 11:00:00,158.88366657710304
246,2023-01-12 12:00:00,193.51307658811803
247,2023-01-12 13:00:00,214.48180355082349
248,2023-01-12 14:00:00,229.62840790804313
249,2023-01-12 15:00:00,243.75570484715846
250,2023-01-12 16:00:00,256.88468505811534
251,2023-01-12 17:00:00,268.1033767746312
252,2023-01-12 18:00:00,278.6026331317336
253,2023-01-12 19:00:00,289.19457011167833
254,2023-01-12 20:00:00,294.9668017640713
255,2023-01-12 21:00:00,284.41704693849084
256,2023-01-12 22:00:00,246.77347348840692
257,2023-01-12 23:00:00,182.43010465830366
258,2023-01-13 00:00:00,106.61513448676695
259,2023-01-13 01:00:00,41.280664140132984
260,2023-01-13 02:00:00,0.85986863845784
261,2023-01-13 03:00:00,-16.169181790903338
262,2023-01-13 04:00:00,-22.559031313883878
263,2023-01-13 05:00:00,-28.717561214008754
264,2023-01-13 06:00:00,-32.540890535523516
265,2023-01-13 07:00:00,-21.643675953973627
266,2023-01-13 08:00:00,14.464783351432459
267,2023-01-13 09:00:00,73.6068269830503
268,2023-01-13 10:00:00,141.1338238361735
269,2023-01-13 11:00:00,200.30839290278527
270,2023-01-13 12:00:00,243.17738204407996
271,2023-01-13 13:00:00,272.89502448631885
272,2023-01-13 14:00:00,297.2431829177973
273,2023-01-13 15:00:00,320.9599339257728
274,2023-01-13 16:00:00,343.9939882672044
275,2023-01-13 17:00:00,365.354155840431
276,2023-01-13 18:00:00,386.1458335338848
277,2023-01-13 19:00:00,407.09023415009597
278,2023-01-13 20:00:00,423.17949478212836
279,2023-01-13 21:00:00,422.81222950977724
280,2023-01-13 22:00:00,395.1148819686095
281,2023-01-13 23:00:00,340.3781912443977
282,2023-01-14 00:00:00,170.2218971948159
283,2023-01-14 01:00:00,113.50443720682247
284,2023-01-14 02:00:00,81.05299893455458
285,2023-01-14 03:00:00,71.2473159220514
286,2023-01-14 04:00:00,71.24057501043697
287,2023-01-14 05:00:00,70.53579286348088
288,2023-01-14 06:00:00,71.15397477570593
289,2023-01-14 07:00:00,85.40482163026607
290,2023-01-14 08:00:00,123.71156694081438
291,2023-01-14 09:00:00,183.8381235100369
292,2023-01-14 10:00:00,251.08725197498813
293,2023-01-14 11:00:00,308.6834624590567
294,2023-01-14 12:00:00,348.6465682336308
295,2023-01-14 13:00:00,374.1153036017594
296,2023-01-14 14:00:00,392.86790956526454
297,2023-01-14 15:00:00,409.6509351235939
298,2023-01-14 16:00:00,424.4337462132859
299,2023-01-14 17:00:00,436.257949175117
300,2023-01-14 18:00:00,446.273706415662
301,2023-01-14 19:00:00,455.2586635327922
302,2023-01-14 20:00:00,458.272628833647
303,2023-01-14 21:00:00,443.79257414874223
304,2023-01-14 22:00:00,401.033318013227
305,2023-01-14 23:00:00,330.38321155280664
306,2023-01-15 00:00:00,247.0726701215256
307,2023-01-15 01:00:00,173.06405939777832
308,2023-01-15 02:00:00,122.80894290755958
309,2023-01-15 03:00:00,94.81191337811785
310,2023-01-15 04:00:00,76.35502123047712
311,2023-01-15 05:00:00,57.072917707633735
312,2023-01-15 06:00:00,39.119748219727
313,2023-01-15 07:00:00,34.93857575625697
314,2023-01-15 08:00:00,55.08493049339634
315,2023-01-15 09:00:00,97.45267935180385
316,2023-01-15 10:00:00,147.47094197573506
317,2023-01-15 11:00:00,188.48577815981758
318,2023-01-15 12:00:00,212.63257901064955
319,2023-01-15 13:00:00,223.15858696908936
320,2023-01-15 14:00:00,227.942460182752
321,2023-01-15 15:00:00,231.82214030296205
322,2023-01-15 16:00:00,234.84852582248573
323,2023-01-15 17:00:00,236.13416680821487
324,2023-01-15 18:00:00,236.88896642662576
325,2023-01-15 19:00:00,237.9386149302721
326,2023-01-15 20:00:00,234.3789019650615
327,2023-01-15 21:00:00,214.7104796458581
328,2023-01-15 22:00:00,168.1594394306888
329,2023-01-15 23:00:00,95.11302360448661
330,2023-01-16 00:00:00,114.29302214203955
331,2023-01-16 01:00:00,40.62710831134845
332,2023-01-16 02:00:00,-7.965252120389209
333,2023-01-16 03:00:00,-33.02727712018026
334,2023-01-16 04:00:00,-47.33509156867498
335,2023-01-16 05:00:00,-61.33124402262149
336,2023-01-16 06:00:00,-72.92876567090147
337,2023-01-16 07:00:00,-69.76903500206436
338,2023-01-16 08:00:00,-41.387829642001776
339,2023-01-16 09:00:00,10.01159927478912
340,2023-01-16 10:00:00,69.75654748928764
341,2023-01-16 11:00:00,121.08768467471279
342,2023-01-16 12:00:00,156.0326070711714
343,2023-01-16 13:00:00,177.72952710072374
344,2023-01-16 14:00:00,193.9480020295037
345,2023-01-16 15:00:00,209.41794723694065
346,2023-01-16 16:00:00,224.08442319871398
347,2023-01-16 17:00:00,236.95739944057166
348,2023-01-16 18:00:00,249.14846895794852
349,2023-01-16 19:00:00,261.3902276008728
350,2023-01-16 20:00:00,268.6914540923052
351,2023-01-16 21:00:00,259.4726539082273
352,2023-01-16 22:00:00,222.8873220257679
353,2023-01-16 23:00:00,159.25823852539287
354,2023-01-17 00:00:00,83.74663352477017
355,2023-01-17 01:00:00,18.24272344034125
356,2023-01-17 02:00:00,-22.876381246825815
357,2023-01-17 03:00:00,-41.18218109365307
358,2023-01-17 04:00:00,-49.46969901516533
359,2023-01-17 05:00:00,-58.181686902839544
360,2023-01-17 06:00:00,-65.24109820455851
361,2023-01-17 07:00:00,-58.28105263005145
362,2023-01-17 08:00:00,-26.820702484402744
363,2023-01-17 09:00:00,26.961187960928726
364,2023-01-17 10:00:00,88.42367174259206
365,2023-01-17 11:00:00,140.84577800628387
366,2023-01-17 12:00:00,176.2993290156732
367,2023-01-17 13:00:00,197.97183734340746
368,2023-01-17 14:00:00,213.6863964590234
369,2023-01-17 15:00:00,228.2298219378739
370,2023-01-17 16:00:00,241.60654429735894
371,2023-01-17 17:00:00,252.88746886395157
372,2023-01-17 18:00:00,263.2457882328748
373,2023-01-17 19:00:00,273.475473778976
374,2023-01-17 20:00:00,278.64559352308055
375,2023-01-17 21:00:00,267.23503075093754
376,2023-01-17 22:00:00,228.45296897889887
377,2023-01-17 23:00:00,162.67446708167978
378,2023-01-18 00:00:00,85.10897007942029
379,2023-01-18 01:00:00,17.690265503473285
380,2023-01-18 02:00:00,-25.166107389398462
381,2023-01-18 03:00:00,-44.99877428130972
382,2023-01-18 04:00:00,-54.57575704536271
383,2023-01-18 05:00:00,-64.31890539303674
384,2023-01-18 06:00:00,-72.1364975976606
385,2023-01-18 07:00:00,-65.65323585334804
386,2023-01-18 08:00:00,-34.3860464356996
387,2023-01-18 09:00:00,19.482501870479837
388,2023-01-18 10:00:00,81.30187948631016
389,2023-01-18 11:00:00,134.33609418933185
390,2023-01-18 12:00:00,170.63692866254735
391,2023-01-18 13:00:00,193.3673326163394
392,2023-01-18 14:00:00,210.3218748441596
393,2023-01-18 15:00:00,226.25550374358733
394,2023-01-18 16:00:00,241.13810780784144
395,2023-01-18 17:00:00,254.00408137968816
396,2023-01-18 18:00:00,265.98887056232815
397,2023-01-18 19:00:00,277.8482147728497
398,2023-01-18 20:00:00,284.61322001319405
399,2023-01-18 21:00:00,274.72582698684135
400,2023-01-18 22:00:00,237.36002845515483
401,2023-01-18 23:00:00,172.85814872312335
402,2023-01-19 00:00:00,96.40002015688992
403,2023-01-19 01:00:00,29.89355669964914
404,2023-01-19 02:00:00,-12.267277831140063
405,2023-01-19 03:00:00,-31.637893835422005
406,2023-01-19 04:00:00,-40.99788883456671
407,2023-01-19 05:00:00,-50.77514165776432
408,2023-01-19 06:00:00,-58.87816208865365
409,2023-01-19 07:00:00,-52.925925902565666
410,2023-01-19 08:00:00,-22.42360857140349
411,2023-01-19 09:00:00,30.463967082411926
412,2023-01-19 10:00:00,91.10988722070474
413,2023-01-19 11:00:00,142.807424381772
414,2023-01-19 12:00:00,177.6429611039252
415,2023-01-19 13:00:00,198.8189784235955
416,2023-01-19 14:00:00,214.17401925352792
417,2023-01-19 15:00:00,228.51088117680268
418,2023-01-19 16:00:00,241.85053719180192
419,2023-01-19 17:00:00,253.2809977745546
420,2023-01-19 18:00:00,263.9930982145875
421,2023-01-19 19:00:00,274.7989365805612
422,2023-01-19 20:00:00,280.7861089351693
423,2023-01-19 21:00:00,270.4523160715301
424,2023-01-19 22:00:00,233.0257077185616
425,2023-01-19 23:00:00,168.90028892584957
426,2023-01-20 00:00:00,93.30423547974289
427,2023-01-20 01:00:00,28.189630226720425
428,2023-01-20 02:00:00,-12.01037019315524
429,2023-01-20 03:00:00,-28.817713989637156
430,2023-01-20 04:00:00,-34.984963821171874
431,2023-01-20 05:00:00,-40.920019522051405
432,2023-01-20 06:00:00,-44.51901873837039
433,2023-01-20 07:00:00,-33.396636797462605
434,2023-01-20 08:00:00,2.9378084208190387
435,2023-01-20 09:00:00,62.306637768627354
436,2023-01-20 10:00:00,130.06120134899595
437,2023-01-20 11:00:00,189.4640993201226
438,2023-01-20 12:00:00,232.5621606636208
439,2023-01-20 13:00:00,262.50959969091474
440,2023-01-20 14:00:00,287.08826013762973
441,2023-01-20 15:00:00,311.03619960419144
442,2023-01-20 16:00:00,334.30210982373296
443,2023-01-20 17:00:00,355.8947816446119
444,2023-01-20 18:00:00,376.91959287550435
445,2023-01-20 19:00:00,398.09773720824774
446,2023-01-20 20:00:00,414.4213326032932
447,2023-01-20 21:00:00,414.2889739852528
448,2023-01-20 22:00:00,386.8270858092457
449,2023-01-20 23:00:00,332.3263879654884
450,2023-01-21 00:00:00,100.62407759883354
451,2023-01-21 01:00:00,44.1436198648359
452,2023-01-21 02:00:00,11.92965967732448
453,2023-01-21 03:00:00,2.3619113238841862
454,2023-01-21 04:00:00,2.593542382789252
455,2023-01-21 05:00:00,2.1275502472857966
456,2023-01-21 06:00:00,2.984920935370866
457,2023-01-21 07:00:00,17.47533605189591
458,2023-01-21 08:00:00,56.02200982673219
459,2023-01-21 09:00:00,116.3888357838108
460,2023-01-21 10:00:00,183.8785552810059
461,2023-01-21 11:00:00,241.7156591672752
462,2023-01-21 12:00:00,281.91994144635794
463,2023-01-21 13:00:00,307.6301171633363
464,2023-01-21 14:00:00,326.62440806906534
465,2023-01-21 15:00:00,343.6493439263677
466,2023-01-21 16:00:00,358.6742714486116
467,2023-01-21 17:00:00,370.7407777688697
468,2023-01-21 18:00:00,380.9990061054592
469,2023-01-21 19:00:00,390.2265828843699
470,2023-01-21 20:00:00,393.48329726818247
471,2023-01-21 21:00:00,379.24610196036
472,2023-01-21 22:00:00,336.7297963983991
473,2023-01-21 23:00:00,266.3227126367766
474,2023-01-22 00:00:00,161.14448178815826
475,2023-01-22 01:00:00,87.37898091814733
476,2023-01-22 02:00:00,37.36698937799707
477,2023-01-22 03:00:00,9.61308094659185
478,2023-01-22 04:00:00,-8.600712856609675
479,2023-01-22 05:00:00,-27.639759656902157
480,2023-01-22 06:00:00,-45.34993287328879
481,2023-01-22 07:00:00,-49.288188297793425
482,2023-01-22 08:00:00,-28.899014499389665
483,2023-01-22 09:00:00,13.711436751376908
484,2023-01-22 10:00:00,63.972266451072215
485,2023-01-22 11:00:00,105.22951579417347
486,2023-01-22 12:00:00,129.61855734382925
487,2023-01-22 13:00:00,140.38661504683904
488,2023-01-22 14:00:00,145.41232861379964
489,2023-01-22 15:00:00,149.53362131351383
490,2023-01-22 16:00:00,152.8013733161289
491,2023-01-22 17:00:00,154.32811642530723
492,2023-01-22 18:00:00,155.32373560745066
493,2023-01-22 19:00:00,156.61390297584745
494,2023-01-22 20:00:00,153.29439010861017
495,2023-01-22 21:00:00,133.86583111120527
496,2023-01-22 22:00:00,87.55429950760467
497,2023-01-22 23:00:00,14.747019716524534
498,2023-01-23 00:00:00,197.01258012144544
499,2023-01-23 01:00:00,123.58500386863827
500,2023-01-23 02:00:00,75.23055528221437
501,2023-01-23 03:00:00,50.405998827431944
502,2023-01-23 04:00:00,36.335192135349445
503,2023-01-23 05:00:00,22.58497242350313
504,2023-01-23 06:00:00,11.232887691173858
505,2023-01-23 07:00:00,14.637542208908854
506,2023-01-23 08:00:00,43.263141190678255
507,2023-01-23 09:00:00,94.90641643375398
508,2023-01-23 10:00:00,154.8946466956948
509,2023-01-23 11:00:00,206.46848475683106
510,2023-01-23 12:00:00,241.65551005577026
511,2023-01-23 13:00:00,263.5939183081138
512,2023-01-23 14:00:00,280.0532501647474
513,2023-01-23 15:00:00,295.76340448525474
514,2023-01-23 16:00:00,310.6694253267582
515,2023-01-23 17:00:00,323.7812658921296
516,2023-01-23 18:00:00,336.2105029534831
517,2023-01-23 19:00:00,348.6897162423167
518,2023-01-23 20:00:00,356.22766846495455
519,2023-01-23 21:00:00,347.2448491825988
520,2023-01-23 22:00:00,310.8947375690456
521,2023-01-23 23:00:00,247.50009799692944
522,2023-01-24 00:00:00,119.81356330203862
523,2023-01-24 01:00:00,54.54249781660283
524,2023-01-24 02:00:00,13.655414950804925
525,2023-01-24 03:00:00,-4.419201106452107
526,2023-01-24 04:00:00,-12.476388416878706
527,2023-01-24 05:00:00,-20.958913897803484
528,2023-01-24 06:00:00,-27.789745909230135
529,2023-01-24 07:00:00,-20.60201895437021
530,2023-01-24 08:00:00,11.085099986877509
531,2023-01-24 09:00:00,65.09283208780104
532,2023-01-24 10:00:00,126.78021595241285
533,2023-01-24 11:00:00,179.4262664148684
534,2023-01-24 12:00:00,215.10279155220843
535,2023-01-24 13:00:00,236.99728987503875
536,2023-01-24 14:00:00,252.9328409184116
537,2023-01-24 15:00:00,267.69624644461976
538,2023-01-24 16:00:00,281.2919232955418
539,2023-01-24 17:00:00,292.7907632424216
540,2023-01-24 18:00:00,303.3659454617876
541,2023-01-24 19:00:00,313.8114280383028
542,2023-01-24 20:00:00,319.1962658358627
543,2023-01-24 21:00:00,307.99932911757156
544,2023-01-24 22:00:00,269.4297885094449
545,2023-01-24 23:00:00,203.86269013909418
546,2023-01-25 00:00:00,99.9625205961243
547,2023-01-25 01:00:00,32.7529465458351
548,2023-01-25 02:00:00,-9.895450901655295
549,2023-01-25 03:00:00,-29.521309626107552
550,2023-01-25 04:00:00,-38.89266356968233
551,2023-01-25 05:00:00,-48.431374357679715
552,2023-01-25 06:00:00,-56.04573204469318
553,2023-01-25 07:00:00,-49.360450460157466
554,2023-01-25 08:00:00,-17.892467371896487
555,2023-01-25 09:00:00,36.17563708667356
556,2023-01-25 10:00:00,98.19332213526155
557,2023-01-25 11:00:00,151.4245844929358
558,2023-01-25 12:00:00,187.9211959331285
559,2023-01-25 13:00:00,210.84609540350752
560,2023-01-25 14:00:00,227.9938410841304
561,2023-01-25 15:00:00,244.1193709036271
562,2023-01-25 16:00:00,259.19256304179663
563,2023-01-25 17:00:00,272.24780167321666
564,2023-01-25 18:00:00,284.42052288662796
565,2023-01-25 19:00:00,296.466456234361
566,2023-01-25 20:00:00,303.41669800581974
567,2023-01-25 21:00:00,293.71317934551996
568,2023-01-25 22:00:00,256.5298836076579
569,2023-01-25 23:00:00,192.20912584485802
570,2023-01-26 00:00:00,115.93072932439222
571,2023-01-26 01:00:00,49.602599045229624
572,2023-01-26 02:00:00,7.618690034385537
573,2023-01-26 03:00:00,-11.576416737934323
574,2023-01-26 04:00:00,-20.762327275106628
575,2023-01-26 05:00:00,-30.366928723662625
576,2023-01-26 06:00:00,-38.29873903329164
577,2023-01-26 07:00:00,-32.17674198531944
578,2023-01-26 08:00:00,-1.5061209033033833
579,2023-01-26 09:00:00,51.54829370559415
580,2023-01-26 10:00:00,112.35958046417323
581,2023-01-26 11:00:00,164.2210045363438
582,2023-01-26 12:00:00,199.21894124827006
583,2023-01-26 13:00:00,220.55586457702958
584,2023-01-26 14:00:00,236.07031053951775
585,2023-01-26 15:00:00,250.56506998130266
586,2023-01-26 16:00:00,264.06110932369694
587,2023-01-26 17:00:00,275.6464326232273
588,2023-01-26 18:00:00,286.51186891269435
589,2023-01-26 19:00:00,297.46951016452425
590,2023-01-26 20:00:00,303.60694650455946
591,2023-01-26 21:00:00,293.42187294835884
592,2023-01-26 22:00:00,256.1424336100667
593,2023-01-26 23:00:00,192.1626280854043
594,2023-01-27 00:00:00,116.71062686376112
595,2023-01-27 01:00:00,51.738507661362064
596,2023-01-27 02:00:00,11.67942214564664
597,2023-01-27 03:00:00,-4.98858270703434
598,2023-01-27 04:00:00,-11.018074205134354
599,2023-01-27 05:00:00,-16.816956673122576
600,2023-01-27 06:00:00,-20.281372085261808
601,2023-01-27 07:00:00,-9.025999941269902
602,2023-01-27 08:00:00,27.43983787380668
603,2023-01-27 09:00:00,86.93845836293531
604,2023-01-27 10:00:00,154.82120794085532
605,2023-01-27 11:00:00,214.3506832367682
606,2023-01-27 12:00:00,257.57370986725505
607,2023-01-27 13:00:00,287.64449893285985
608,2023-01-27 14:00:00,312.34489112017144
609,2023-01-27 15:00:00,336.4129411411278
610,2023-01-27 16:00:00,359.79733799764153
611,2023-01-27 17:00:00,381.50686996577474
612,2023-01-27 18:00:00,402.6469124393832
613,2023-01-27 19:00:00,423.9386568577981
614,2023-01-27 20:00:00,440.3742190790821
615,2023-01-27 21:00:00,440.35219209086404
616,2023-01-27 22:00:00,412.99899856333946
617,2023-01-27 23:00:00,358.60535676175704
618,2023-01-28 00:00:00,188.79098585969686
619,2023-01-28 01:00:00,132.4143026906218
620,2023-01-28 02:00:00,100.30247451930165
621,2023-01-28 03:00:00,90.83521462357874
622,2023-01-28 04:00:00,91.16568973177297
623,2023-01-28 05:00:00,90.79689654235119
624,2023-01-28 06:00:00,91.74982053011834
625,2023-01-28 07:00:00,106.33414290824814
626,2023-01-28 08:00:00,144.9730776707491
627,2023-01-28 09:00:00,205.43051825617712
628,2023-01-28 10:00:00,273.0092060869733
629,2023-01-28 11:00:00,330.9336322270961
630,2023-01-28 12:00:00,371.22359104937084
631,2023-01-28 13:00:00,397.01779811129165
632,2023-01-28 14:00:00,416.09447582835844
633,2023-01-28 15:00:00,433.2001547761828
634,2023-01-28 16:00:00,448.30418262731814
635,2023-01-28 17:00:00,460.4481476207841
636,2023-01-28 18:00:00,470.7821942257556
637,2023-01-28 19:00:00,480.08395026827986
638,2023-01-28 20:00:00,483.4132064494396
639,2023-01-28 21:00:00,469.2469171590109
640,2023-01-28 22:00:00,426.799883662768
641,2023-01-28 23:00:00,356.4604399867822
642,2023-01-29 00:00:00,273.4589845515824
643,2023-01-29 01:00:00,199.75786627786363
644,2023-01-29 02:00:00,149.80863210775865
645,2023-01-29 03:00:00,122.11585834948868
646,2023-01-29 04:00:00,103.96157919080028
647,2023-01-29 05:00:00,84.98042981277908
648,2023-01-29 06:00:00,67.32653973548295
649,2023-01-29 07:00:00,63.44295624250762
650,2023-01-29 08:00:00,83.88519397788232
651,2023-01-29 09:00:00,126.54710451029281
652,2023-01-29 10:00:00,176.85779232073642
653,2023-01-29 11:00:00,218.163302202651
654,2023-01-29 12:00:00,242.59901045910172
655,2023-01-29 13:00:00,253.4121449044507
656,2023-01-29 14:00:00,258.48134924236507
657,2023-01-29 15:00:00,262.6445508668991
658,2023-01-29 16:00:00,265.9526341924508
659,2023-01-29 17:00:00,267.5181354004346
660,2023-01-29 18:00:00,268.55094395171255
661,2023-01-29 19:00:00,269.8767365807155
662,2023-01-29 20:00:00,266.59128960643625
663,2023-01-29 21:00:00,247.19524200041624
664,2023-01-29 22:00:00,200.9146722681074
665,2023-01-29 23:00:00,128.1368099267764
666,2023-01-30 00:00:00,147.58343238115117
667,2023-01-30 01:00:00,74.18220051083003
668,2023-01-30 02:00:00,25.84500154403679
669,2023-01-30 03:00:00,1.0361726117323258
670,2023-01-30 04:00:00,-13.02042297560098
671,2023-01-30 05:00:00,-26.757942217512834
672,2023-01-30 06:00:00,-38.09883121593393
673,2023-01-30 07:00:00,-34.68447969448806
674,2023-01-30 08:00:00,-6.050676325490116
675,2023-01-30 09:00:00,45.599316907260146
676,2023-01-30 10:00:00,105.59278508565583
677,2023-01-30 11:00:00,157.17038742234166
678,2023-01-30 12:00:00,192.35970988319966
679,2023-01-30 13:00:00,214.29895481788998
680,2023-01-30 14:00:00,230.7576696085476
681,2023-01-30 15:00:00,246.46575995092783
682,2023-01-30 16:00:00,261.3682768234663
683,2023-01-30 17:00:00,274.47518045719465
684,2023-01-30 18:00:00,286.8980547422787
685,2023-01-30 19:00:00,299.3694866223728
686,2023-01-30 20:00:00,306.89824610688726
687,2023-01-30 21:00:00,297.9048301543807
688,2023-01-30 22:00:00,261.54272541844597
689,2023-01-30 23:00:00,198.13470384398394
690,2023-01-31 00:00:00,122.84198762616987
691,2023-01-31 01:00:00,57.554785441609226
692,2023-01-31 03:00:00,-1.4432759411857887
693,2023-01-31 04:00:00,-9.5206731076307
694,2023-01-31 05:00:00,-18.02475013384702
695,2023-01-31 06:00:00,-24.87846723329116
696,2023-01-31 07:00:00,-17.71495068683879
697,2023-01-31 08:00:00,13.946640823336026
698,2023-01-31 09:00:00,67.9275368386474
699,2023-01-31 10:00:00,129.58678440627085
700,2023-01-31 11:00:00,182.20340687505416
701,2023-01-31 12:00:00,217.84922090123854
702,2023-01-31 13:00:00,239.71173364570376
703,2023-01-31 14:00:00,255.6140333586434
704,2023-01-31 15:00:00,270.34293058408207
705,2023-01-31 16:00:00,283.90285100216136
706,2023-01-31 17:00:00,295.36469529270914
707,2023-01-31 18:00:00,305.90165159504335
708,2023-01-31 19:00:00,316.30768701651004
709,2023-01-31 20:00:00,321.65186550052067
710,2023-01-31 21:00:00,310.4130664463541
711,2023-01-31 22:00:00,271.8004696696359
712,2023-01-31 23:00:00,206.18913053654384
713,2023-02-02 10:00:00,139.01103408291254
714,2023-02-02 11:00:00,190.79204205430145
715,2023-02-02 12:00:00,225.70874273362023
716,2023-02-02 13:00:00,246.96362018225477
717,2023-02-02 14:00:00,262.3952204979897
718,2023-02-02 15:00:00,276.8063445975402
719,2023-02-02 16:00:00,290.2179689645428
720,2023-02-02 17:00:00,301.71810770197476
721,2023-02-02 18:00:00,312.4975998787657
722,2023-02-02 19:00:00,323.3685474856617
723,2023-02-02 20:00:00,329.41855065401273
724,2023-02-02 21:00:00,319.1453143829145
725,2023-02-02 22:00:00,281.776992756657
726,2023-02-02 23:00:00,217.70759530630718
727,2023-02-03 00:00:00,142.16530245404715
728,2023-02-03 01:00:00,77.10220180997385
729,2023-02-03 02:00:00,36.95145491685466
730,2023-02-03 03:00:00,20.191118597799402
731,2023-02-03 04:00:00,14.068635363133922
732,2023-02-03 05:00:00,8.17611067882126
733,2023-02-03 06:00:00,4.617412327846239
734,2023-02-03 07:00:00,15.777870540034968
735,2023-02-03 08:00:00,52.14817311925569
736,2023-02-03 09:00:00,111.55064672979034
737,2023-02-03 10:00:00,179.33664740673925
738,2023-02-03 11:00:00,238.76878136319925
739,2023-02-03 12:00:00,281.89388376004405
740,2023-02-03 13:00:00,311.86617520385175
741,2023-02-03 14:00:00,336.4675058427299
742,2023-02-03 15:00:00,360.4359398088294
743,2023-02-03 16:00:00,383.7201754793747
744,2023-02-03 17:00:00,405.32901045877634
745,2023-02-03 18:00:00,426.367829426414
746,2023-02-03 19:00:00,447.5578330525771
747,2023-02-03 20:00:00,463.8911463850727
748,2023-02-03 21:00:00,463.7663715405648
749,2023-02-03 22:00:00,436.30994027354865
750,2023-02-03 23:00:00,381.8125798782742
751,2023-02-04 00:00:00,211.89401850276366
752,2023-02-04 01:00:00,155.41268189868657
753,2023-02-04 02:00:00,123.1957461916491
754,2023-02-04 03:00:00,113.62293346595314
755,2023-02-04 04:00:00,113.84741919174004
756,2023-02-04 05:00:00,113.37220875078125
757,2023-02-04 06:00:00,114.21829624174538
758,2023-02-04 07:00:00,128.69537143571623
759,2023-02-04 08:00:00,167.22665682547984
760,2023-02-04 09:00:00,227.57605427514864
761,2023-02-04 10:00:00,295.04631357441684
762,2023-02-04 11:00:00,352.8619340823892
763,2023-02-04 12:00:00,393.0427184009252
764,2023-02-04 13:00:00,418.7273902467588
765,2023-02-04 14:00:00,437.6941801248729
766,2023-02-04 15:00:00,454.6896266253773
767,2023-02-04 16:00:00,469.68308536817204
768,2023-02-04 17:00:00,481.71615246094086
769,2023-02-04 18:00:00,491.93898017008604
770,2023-02-04 19:00:00,501.12920404162514
771,2023-02-04 20:00:00,504.34662242054094
772,2023-02-04 21:00:00,490.06819726346066
773,2023-02-04 22:00:00,447.50873732269633
774,2023-02-04 23:00:00,377.05658403408245
775,2023-02-05 00:00:00,293.94214314582416
776,2023-02-05 01:00:00,220.12777082507466
777,2023-02-05 02:00:00,170.06502117782912
778,2023-02-05 03:00:00,142.25847759500817
779,2023-02-05 04:00:00,123.99018125928508
780,2023-02-05 05:00:00,104.89477426564844
781,2023-02-05 06:00:00,87.12639296114997
782,2023-02-05 07:00:00,83.12809136973277
783,2023-02-05 08:00:00,103.45539078642611
784,2023-02-05 09:00:00,146.00214935067822
785,2023-02-05 10:00:00,196.19747801388377
786,2023-02-05 11:00:00,237.38742795732807
787,2023-02-05 12:00:00,261.70738177981667
788,2023-02-05 13:00:00,272.4045735025097
789,2023-02-05 14:00:00,277.3576529428419
790,2023-02-05 15:00:00,281.4045535108167
791,2023-02-05 16:00:00,284.59616555265563
792,2023-02-05 17:00:00,286.0450310809484
793,2023-02-05 18:00:00,286.9610452973775
794,2023-02-05 19:00:00,288.16989057917044
795,2023-02-05 20:00:00,284.76734879334396
796,2023-02-05 21:00:00,265.2540643633974
797,2023-02-05 22:00:00,218.85612114846913
798,2023-02-05 23:00:00,145.96075392420516
799,2023-02-06 00:00:00,165.2897452539529
800,2023-02-06 01:00:00,91.77076107749849
801,2023-02-06 02:00:00,43.323259927903564
802,2023-02-06 03:00:00,18.404016696792212
803,2023-02-06 04:00:00,4.236899451573777
804,2023-02-06 05:00:00,-9.611244142964892
805,2023-02-06 06:00:00,-21.062855631335907
806,2023-02-06 07:00:00,-17.759320278215455
807,2023-02-06 08:00:00,10.763577600127292
808,2023-02-06 09:00:00,62.302580272834035
809,2023-02-06 10:00:00,122.18497697445127
810,2023-02-06 11:00:00,173.6514309637629
811,2023-02-06 12:00:00,208.72953215124414
812,2023-02-06 13:00:00,230.5574867274677
813,2023-02-06 14:00:00,246.90484581167763
814,2023-02-06 15:00:00,262.5015187298754
815,2023-02-06 16:00:00,277.2925599901411
816,2023-02-06 17:00:00,290.28793324340694
817,2023-02-06 18:00:00,302.5992256999967
818,2023-02-06 19:00:00,314.95902751226674
819,2023-02-06 20:00:00,322.37611179649673
820,2023-02-06 21:00:00,313.27097851164046
821,2023-02-06 22:00:00,276.79711720467634
822,2023-02-06 23:00:00,213.2773026102183
823,2023-02-07 00:00:00,137.87275960184672
824,2023-02-07 01:00:00,72.4736994341529
825,2023-02-07 02:00:00,31.45722750144307
826,2023-02-07 03:00:00,13.251838270050882
827,2023-02-07 04:00:00,5.0625039224607065
828,2023-02-07 05:00:00,-3.553532246419735
829,2023-02-07 06:00:00,-10.519228406187125
830,2023-02-07 07:00:00,-3.467708906906637
831,2023-02-07 08:00:00,28.081869399947806
832,2023-02-07 09:00:00,81.95073777550118
833,2023-02-07 10:00:00,143.49794488056517
834,2023-02-07 11:00:00,196.002515570125
835,2023-02-07 12:00:00,231.53626790343407
836,2023-02-07 13:00:00,253.2867103332329
837,2023-02-07 14:00:00,269.07693229620713
838,2023-02-07 15:00:00,283.69374541900726
839,2023-02-07 16:00:00,297.14157635573133
840,2023-02-07 17:00:00,308.49132665481693
841,2023-02-07 18:00:00,318.91618521665197
842,2023-02-07 19:00:00,329.21011980792565
843,2023-02-07 20:00:00,334.4421949205568
844,2023-02-07 21:00:00,323.09129040100004
845,2023-02-07 22:00:00,284.36658640559153
846,2023-02-07 23:00:00,218.6431385378329
847,2023-02-08 00:00:00,141.1303886111831
848,2023-02-08 01:00:00,73.76212106186216
849,2023-02-08 02:00:00,30.953872113618957
850,2023-02-08 03:00:00,11.167013135654145
851,2023-02-08 04:00:00,1.6335193901572609
852,2023-02-08 05:00:00,-8.068461614726687
853,2023-02-08 06:00:00,-15.84721085573159
854,2023-02-08 07:00:00,-9.327433150847867
855,2023-02-08 08:00:00,21.97394268681097
856,2023-02-08 09:00:00,75.87434540534954
857,2023-02-08 10:00:00,137.72324305239135
858,2023-02-08 11:00:00,190.7846411008612
859,2023-02-08 12:00:00,227.1103200068961
860,2023-02-08 13:00:00,249.86322733809442
861,2023-02-08 14:00:00,266.8379298253163
862,2023-02-08 15:00:00,282.78937387394365
863,2023-02-08 16:00:00,297.68744607088365
864,2023-02-08 17:00:00,310.56653892367086
865,2023-02-08 18:00:00,322.56209678141886
866,2023-02-08 19:00:00,334.4298573822936
867,2023-02-08 20:00:00,341.2009251263689
868,2023-02-08 21:00:00,331.31723918860627
869,2023-02-08 22:00:00,293.95279088083987
870,2023-02-08 23:00:00,229.44990313424788
871,2023-02-09 00:00:00,152.98840701270825
872,2023-02-09 01:00:00,86.4762152343059
873,2023-02-09 02:00:00,44.307290464902565
874,2023-02-09 03:00:00,24.926221228154645
875,2023-02-09 04:00:00,15.553408994519202
876,2023-02-09 05:00:00,5.760974008189066
877,2023-02-09 06:00:00,-2.3595943745442582
878,2023-02-09 07:00:00,3.572727285642742
879,2023-02-09 08:00:00,34.05276280033951
880,2023-02-09 09:00:00,86.91568871351399
881,2023-02-09 10:00:00,147.53459060914827
882,2023-02-09 11:00:00,199.20274052324535
883,2023-02-09 12:00:00,234.00652057628935
884,2023-02-09 13:00:00,255.14841143697242
885,2023-02-09 14:00:00,270.4669557301688
886,2023-02-09 15:00:00,284.76495082264665
887,2023-02-09 16:00:00,298.06336956265847
888,2023-02-09 17:00:00,309.45022234117795
889,2023-02-09 18:00:00,320.1163444361098
890,2023-02-09 19:00:00,330.87383397238796
891,2023-02-09 20:00:00,336.81028713469414
892,2023-02-09 21:00:00,326.42340490437743
893,2023-02-09 22:00:00,288.9413372713347
894,2023-02-09 23:00:00,224.75808960004446
895,2023-02-10 00:00:00,149.1018380733545
896,2023-02-10 01:00:00,83.92466599065986
897,2023-02-10 02:00:00,43.65973051371566
898,2023-02-10 03:00:00,26.78508401474508
899,2023-02-10 04:00:00,20.5481644879207
900,2023-02-10 05:00:00,14.541072812317111
901,2023-02-10 06:00:00,10.867672120266889
902,2023-02-10 07:00:00,21.91328792592998
903,2023-02-10 08:00:00,58.16860325404343
904,2023-02-10 09:00:00,117.45593992471427
905,2023-02-10 10:00:00,185.12664906994868
906,2023-02-10 11:00:00,244.44333194086536
907,2023-02-10 12:00:00,287.45281867250617
908,2023-02-10 13:00:00,317.30932479119645
909,2023-02-10 14:00:00,341.794695306413
910,2023-02-10 15:00:00,365.6469891593486
911,2023-02-10 16:00:00,388.8148994754188
912,2023-02-10 17:00:00,410.3072185615208
913,2023-02-10 18:00:00,431.2293257411966
914,2023-02-10 19:00:00,452.3024162815328
915,2023-02-10 20:00:00,468.5186097762853
916,2023-02-10 21:00:00,468.2765028423863
917,2023-02-10 22:00:00,440.70252168486434
918,2023-02-10 23:00:00,386.08738800541414
919,2023-02-11 00:00:00,216.05082430561797
920,2023-02-11 01:00:00,159.45125066437532
921,2023-02-11 02:00:00,127.11583747948997
922,2023-02-11 03:00:00,117.42430107157645
923,2023-02-11 04:00:00,117.5298111090933
924,2023-02-11 05:00:00,116.93536712947257
925,2023-02-11 06:00:00,117.66195735490835
926,2023-02-11 07:00:00,132.01926564346178
927,2023-02-11 08:00:00,170.4305085410015
928,2023-02-11 09:00:00,230.6595819315037
929,2023-02-11 10:00:00,298.009229589629
930,2023-02-11 11:00:00,355.70394484825295
931,2023-02-11 12:00:00,395.76352422581124
932,2023-02-11 13:00:00,421.32668534811046
933,2023-02-11 14:00:00,440.17165259880676
934,2023-02-11 15:00:00,457.04495842304
935,2023-02-11 16:00:00,471.915952269391
936,2023-02-11 17:00:00,483.82622405819643
937,2023-02-11 18:00:00,493.9259198447089
938,2023-02-11 19:00:00,502.99266894619336
939,2023-02-11 20:00:00,506.086263461332
940,2023-02-11 21:00:00,491.68365908641357
941,2023-02-11 22:00:00,448.9996582978901
942,2023-02-11 23:00:00,378.4225962405288
943,2023-02-12 00:00:00,295.18287236476465
944,2023-02-12 01:00:00,221.24283652679208
945,2023-02-12 02:00:00,171.05403651322092
946,2023-02-12 03:00:00,143.12104938910176
947,2023-02-12 04:00:00,124.72591000783405
948,2023-02-12 05:00:00,105.50325412620057
949,2023-02-12 06:00:00,87.60721175444863
950,2023-02-12 07:00:00,83.48083057700455
951,2023-02-12 08:00:00,103.6796255504349
952,2023-02-12 09:00:00,146.09744847456662
953,2023-02-12 10:00:00,196.1634039676674
954,2023-02-12 11:00:00,237.2235368840513
955,2023-02-12 12:00:00,261.41322349439616
956,2023-02-12 13:00:00,271.97969150761526
957,2023-02-12 14:00:00,276.8015844341418
958,2023-02-12 15:00:00,280.7168293875136
959,2023-02-12 16:00:00,283.7763104317085
960,2023-02-12 17:00:00,285.09256330768346
961,2023-02-12 18:00:00,285.87547696337674
962,2023-02-12 19:00:00,286.9507275360246
963,2023-02-12 20:00:00,283.414090674979
964,2023-02-12 21:00:00,263.7662046010682
965,2023-02-12 22:00:00,217.23314699482833
966,2023-02-12 23:00:00,144.2021464752326
967,2023-02-13 00:00:00,163.3949794732963
968,2023-02-13 01:00:00,89.73930582035703
969,2023-02-13 02:00:00,41.15457797041512
970,2023-02-13 03:00:00,16.09756476297946
971,2023-02-13 04:00:00,1.7921282440181585
972,2023-02-13 05:00:00,-12.194889911428561
973,2023-02-13 06:00:00,-23.78593720493788
974,2023-02-13 07:00:00,-20.62240482206147
975,2023-02-13 08:00:00,7.759917032317674
976,2023-02-13 09:00:00,59.15776477981487
977,2023-02-13 10:00:00,118.89842184463026
978,2023-02-13 11:00:00,170.22254571587808
979,2023-02-13 12:00:00,205.15772057623988
980,2023-02-13 13:00:00,226.84214693410027
981,2023-02-13 14:00:00,243.04537026755966
982,2023-02-13 15:00:00,258.4972943103581
983,2023-02-13 16:00:00,273.1429680254471
984,2023-02-13 17:00:00,285.99234956701645
985,2023-02-13 18:00:00,298.15702070223006
986,2023-02-13 19:00:00,310.3695661867258
987,2023-02-13 20:00:00,317.63875380166223
988,2023-02-13 21:00:00,308.3850782184453
989,2023-02-13 22:00:00,271.7620237567792
990,2023-02-13 23:00:00,208.09235998152232
991,2023-02-14 00:00:00,132.53730666020215
992,2023-02-14 01:00:00,66.98706998310206
993,2023-02-14 02:00:00,25.818750370557268
994,2023-02-14 03:00:00,7.460837359646433
995,2023-02-14 04:00:00,-0.8817017265423885
996,2023-02-14 05:00:00,-9.651628385606898
997,2023-02-14 06:00:00,-16.771905513718224
998,2023-02-14 07:00:00,-9.87566211445207
999,2023-02-14 08:00:00,21.51794037102431
1000,2023-02-14 09:00:00,75.23012869331848
1001,2023-02-14 10:00:00,136.61994707128667
1002,2023-02-14 11:00:00,188.96066468629124
1003,2023-02-14 12:00:00,224.32984750614466
1004,2023-02-14 13:00:00,245.91499977171972
1005,2023-02-14 14:00:00,261.5392067846959
1006,2023-02-14 15:00:00,275.9892761175442
1007,2023-02-14 16:00:00,289.26963045113916
1008,2023-02-14 17:00:00,300.4511674424779
1009,2023-02-14 18:00:00,310.7070721863906
1010,2023-02-14 19:00:00,320.83130872585986
1011,2023-02-14 20:00:00,325.8929379202789
1012,2023-02-14 21:00:00,314.3708360654155
1013,2023-02-14 22:00:00,275.4741798600301
1014,2023-02-14 23:00:00,209.5780215392424
1015,2023-02-15 00:00:00,131.89179963953856
1016,2023-02-15 01:00:00,64.34929541080805
1017,2023-02-15 02:00:00,21.366041987609123
1018,2023-02-15 03:00:00,1.4034077426009048
1019,2023-02-15 04:00:00,-8.306634961533575
1020,2023-02-15 05:00:00,-18.185941417906747
1021,2023-02-15 06:00:00,-26.14279530858431
1022,2023-02-15 07:00:00,-19.801904052134773
1023,2023-02-15 08:00:00,11.319801031976425
1024,2023-02-15 09:00:00,65.0397462938937
1025,2023-02-15 10:00:00,126.7073974826136
1026,2023-02-15 11:00:00,179.5867578778325
1027,2023-02-15 12:00:00,215.72960584790815
1028,2023-02-15 13:00:00,238.29888697936738
1029,2023-02-15 14:00:00,255.0891661301535
1030,2023-02-15 15:00:00,270.8553879387347
1031,2023-02-15 16:00:00,285.5674373379189
1032,2023-02-15 17:00:00,298.25970529215056
1033,2023-02-15 18:00:00,310.06763471571185
1034,2023-02-15 19:00:00,321.7469620272982
1035,2023-02-15 20:00:00,328.32879042087063
1036,2023-02-15 21:00:00,318.2550579802432
1037,2023-02-15 22:00:00,280.69975504132844
1038,2023-02-15 23:00:00,216.00520367737303
1039,2023-02-16 00:00:00,139.3512342105359
1040,2023-02-16 01:00:00,72.64575873649892
1041,2023-02-16 02:00:00,30.282739417023436
1042,2023-02-16 03:00:00,10.706764396076125
1043,2023-02-16 04:00:00,1.1382348790187962
1044,2023-02-16 05:00:00,-8.850729026185547
1045,2023-02-16 06:00:00,-17.16863798023971
1046,2023-02-16 07:00:00,-11.434468435466073
1047,2023-02-16 08:00:00,18.846603652446987
1048,2023-02-16 09:00:00,71.50975518511717
1049,2023-02-16 10:00:00,131.92807223223576
1050,2023-02-16 11:00:00,183.3948274402572
1051,2023-02-16 12:00:00,217.99640366980435
1052,2023-02-16 13:00:00,238.93528245806635
1053,2023-02-16 14:00:00,254.05000742890752
1054,2023-02-16 15:00:00,268.1433770736633
1055,2023-02-16 16:00:00,281.23636550325006
1056,2023-02-16 17:00:00,292.4169844958949
1057,2023-02-16 18:00:00,302.87607085362237
1058,2023-02-16 19:00:00,313.4257243558833
1059,2023-02-16 20:00:00,319.1535429763299
1060,2023-02-16 21:00:00,308.5572296210542
1061,2023-02-16 22:00:00,270.8649363312993
1062,2023-02-16 23:00:00,206.4706706711732
1063,2023-02-17 00:00:00,130.60261115013498
1064,2023-02-17 01:00:00,65.21284353544544
1065,2023-02-17 02:00:00,24.734527581933236
1066,2023-02-17 03:00:00,7.645718411649312
1067,2023-02-17 04:00:00,1.193856891643236
1068,2023-02-17 05:00:00,-5.028953081879621
1069,2023-02-17 06:00:00,-8.918845221615499
1070,2023-02-17 07:00:00,1.9095092812902408
1071,2023-02-17 08:00:00,37.946796885901705
1072,2023-02-17 09:00:00,97.015342986425
1073,2023-02-17 10:00:00,164.4665024307405
1074,2023-02-17 11:00:00,223.56288032457584
1075,2023-02-17 12:00:00,266.3513108022463
1076,2023-02-17 13:00:00,295.9860135288735
1077,2023-02-17 14:00:00,320.2488377971894
1078,2023-02-17 15:00:00,343.8778469674932
1079,2023-02-17 16:00:00,366.82173873576494
1080,2023-02-17 17:00:00,388.08931011592006
1081,2023-02-17 18:00:00,408.78594528481216
1082,2023-02-17 19:00:00,429.63284450478625
1083,2023-02-17 20:00:00,445.6221325089982
1084,2023-02-17 21:00:00,445.15241119770747
1085,2023-02-17 22:00:00,417.3501122025163
1086,2023-02-17 23:00:00,362.50596279719275
1087,2023-02-18 00:00:00,192.2396911984908
1088,2023-02-18 01:00:00,135.40972334509968
1089,2023-02-18 02:00:00,102.84323563989423
1090,2023-02-18 03:00:00,92.9199505489743
1091,2023-02-18 04:00:00,92.79304403690159
1092,2023-02-18 05:00:00,91.96552208010945
1093,2023-02-18 06:00:00,92.45837948189595
1094,2023-02-18 07:00:00,106.58130682781999
1095,2023-02-18 08:00:00,144.75752753664426
1096,2023-02-18 09:00:00,204.75094450822786
1097,2023-02-18 10:00:00,271.8643086781818
1098,2023-02-18 11:00:00,329.3221206847791
1099,2023-02-18 12:00:00,369.1441844991292
1100,2023-02-18 13:00:00,394.46922533859026
1101,2023-02-18 14:00:00,413.0754753257876
1102,2023-02-18 15:00:00,429.709474789217
1103,2023-02-18 16:00:00,444.34058120347515
1104,2023-02-18 17:00:00,456.0103926587546
1105,2023-02-18 18:00:00,465.8690635225002
1106,2023-02-18 19:00:00,474.6942315713395
1107,2023-02-18 20:00:00,477.54569750062103
1108,2023-02-18 21:00:00,462.9004257493202
1109,2023-02-18 22:00:00,419.9732276786876
1110,2023-02-18 23:00:00,349.1524474608299
1111,2023-02-19 00:00:00,265.66849371183656
1112,2023-02-19 01:00:00,191.4837256002862
1113,2023-02-19 02:00:00,141.04970036278655
1114,2023-02-19 03:00:00,112.87100465472845
1115,2023-02-19 04:00:00,94.22968306120484
1116,2023-02-19 05:00:00,74.76038121035816
1117,2023-02-19 06:00:00,56.617239124595386
1118,2023-02-19 07:00:00,52.24331463366826
1119,2023-02-19 08:00:00,72.19413298645932
1120,2023-02-19 09:00:00,114.36355640650221
1121,2023-02-19 10:00:00,164.1807000752188
1122,2023-02-19 11:00:00,204.99161954346758
1123,2023-02-19 12:00:00,228.93170192816578
1124,2023-02-19 13:00:00,239.2481859006784
1125,2023-02-19 14:00:00,243.81972608001897
1126,2023-02-19 15:00:00,247.48426082319455
1127,2023-02-19 16:00:00,250.2926855686071
1128,2023-02-19 17:00:00,251.3575475654837
1129,2023-02-19 18:00:00,251.88874740153165
1130,2023-02-19 19:00:00,252.7119729901125
1131,2023-02-19 20:00:00,248.92301187889996
1132,2023-02-19 21:00:00,229.02251432619013
1133,2023-02-19 22:00:00,182.23657017945476
1134,2023-02-19 23:00:00,108.95242033912986
1135,2023-02-20 00:00:00,127.89185366564001
1136,2023-02-20 01:00:00,53.98254253640127
1137,2023-02-20 02:00:00,5.143952079594527
1138,2023-02-20 04:00:00,-34.726846933960104
1139,2023-02-20 05:00:00,-48.96832579625581
1140,2023-02-20 06:00:00,-60.814006985689645
1141,2023-02-20 07:00:00,-57.90526839666663
1142,2023-02-20 08:00:00,-29.777886818296224
1143,2023-02-20 09:00:00,21.364887704861957
1144,2023-02-20 10:00:00,80.85035224925298
1145,2023-02-20 12:00:00,166.5989632523283
1146,2023-02-20 13:00:00,188.02792229479223
1147,2023-02-20 14:00:00,203.97561479888014
1148,2023-02-20 15:00:00,219.17195873199134
1149,2023-02-20 16:00:00,233.56201740279587
1150,2023-02-20 17:00:00,246.1557634233073
1151,2023-02-20 18:00:00,258.0647931271416
1152,2023-02-20 19:00:00,270.0217059518552
1153,2023-02-20 20:00:00,277.0352844608545
1154,2023-02-20 21:00:00,267.5260382202226
1155,2023-02-20 22:00:00,230.64746654932927
1156,2023-02-20 23:00:00,166.72235412170494
1157,2023-02-21 00:00:00,90.91193589965067
1158,2023-02-21 01:00:00,25.106433396265317
1159,2023-02-21 02:00:00,-16.317037560202607
1160,2023-02-21 03:00:00,-34.92997192253088
1161,2023-02-21 04:00:00,-43.527386758709014
1162,2023-02-21 05:00:00,-52.55202785773466
1163,2023-02-21 06:00:00,-59.92684231361963
1164,2023-02-21 07:00:00,-53.284943232913974
1165,2023-02-21 08:00:00,-22.145476062854016
1166,2023-02-21 09:00:00,31.31280202537812
1167,2023-02-21 10:00:00,92.44895142559344
1168,2023-02-21 11:00:00,144.54200889095938
1169,2023-02-21 12:00:00,179.66380453794284
1170,2023-02-21 13:00:00,201.00185904483575
1171,2023-02-21 14:00:00,216.37927423461605
1172,2023-02-21 15:00:00,230.5828742864887
1173,2023-02-21 16:00:00,243.6170985641662
1174,2023-02-21 17:00:00,254.55286149618075
1175,2023-02-21 18:00:00,264.5633650213469
1176,2023-02-21 19:00:00,274.4425901068418
1177,2023-02-21 20:00:00,279.25961461162456
1178,2023-02-21 21:00:00,267.49333190653124
1179,2023-02-21 22:00:00,228.3529358379664
1180,2023-02-21 23:00:00,162.21349585628138
1181,2023-02-22 00:00:00,84.284467789946
1182,2023-02-22 01:00:00,16.49965024386998
1183,2023-02-22 02:00:00,-26.72540622468614
1184,2023-02-22 03:00:00,-46.92931575637235
1185,2023-02-22 04:00:00,-56.880088434414574
1186,2023-02-22 05:00:00,-66.9995619418466
1187,2023-02-22 06:00:00,-75.19600228675259
1188,2023-02-22 07:00:00,-69.09409915635388
1189,2023-02-22 08:00:00,-38.21076608419355
1190,2023-02-22 09:00:00,15.271441128621035
1191,2023-02-22 11:00:00,129.34495012313832
1192,2023-02-22 12:00:00,165.25206949875778
1193,2023-02-22 13:00:00,187.58632788563932
1194,2023-02-22 14:00:00,204.14230822896985
1195,2023-02-22 15:00:00,219.67497330659137
1196,2023-02-22 16:00:00,234.15422622914602
1197,2023-02-22 17:00:00,246.6144761839281
1198,2023-02-22 18:00:00,258.1911843446103
1199,2023-02-22 21:00:00,265.6899073945118
1200,2023-02-22 22:00:00,227.90675346604726
1201,2023-02-22 23:00:00,162.98523967598504
1202,2023-02-23 00:00:00,86.10521480714678
1203,2023-02-23 01:00:00,19.174609439191812
1204,2023-02-23 02:00:00,-23.412595756887754
1205,2023-02-23 03:00:00,-43.211794105585625
1206,2023-02-23 04:00:00,-53.00256584481747
1207,2023-02-23 05:00:00,-63.212772297311545
1208,2023-02-23 06:00:00,-71.7509055329422
1209,2023-02-23 08:00:00,-36.17298323098683
1210,2023-02-23 09:00:00,16.273110500078417
1211,2023-02-23 10:00:00,76.47546250415832
1212,2023-02-23 11:00:00,127.72736407757701
1213,2023-02-23 12:00:00,162.1152167311326
1214,2023-02-23 13:00:00,182.84152066005925
1215,2023-02-23 14:00:00,197.74483814733014
1216,2023-02-23 15:00:00,211.62798634405942
1217,2023-02-23 16:00:00,224.51195801449717
1218,2023-02-23 17:00:00,235.4847835925663
1219,2023-02-23 19:00:00,256.08168123578156
1220,2023-02-23 20:00:00,261.60548832068196
1221,2023-02-23 21:00:00,250.8064613055244
1222,2023-02-23 22:00:00,212.91277083679813
1223,2023-02-23 23:00:00,148.3184430628217
1224,2023-02-24 00:00:00,72.25167506981177
1225,2023-02-24 01:00:00,6.664571161889285
1226,2023-02-24 02:00:00,-34.009690365852265
1227,2023-02-24 04:00:00,-57.93800606814506
1228,2023-02-24 05:00:00,-64.35247854931364
1229,2023-02-24 06:00:00,-68.43256862775664
1230,2023-02-24 07:00:00,-57.79292910222222
1231,2023-02-24 08:00:00,-21.94285516302341
1232,2023-02-24 09:00:00,36.93999690853016
1233,2023-02-24 10:00:00,104.20700024023253
1234,2023-02-24 11:00:00,163.12077818049056
1235,2023-02-24 12:00:00,205.72818306199457
1236,2023-02-24 13:00:00,235.1834527082543
1237,2023-02-24 14:00:00,259.26845452137616
1238,2023-02-24 15:00:00,282.7212699246837
1239,2023-02-24 16:00:00,305.49061462681925
1240,2023-02-24 17:00:00,326.5853036018135
1241,2023-02-24 20:00:00,383.6096455357625
1242,2023-02-24 21:00:00,382.9738789636067
1243,2023-02-24 22:00:00,355.00728832346465
1244,2023-02-24 23:00:00,300.0006184961725
1245,2023-02-25 00:00:00,129.57361523977585
1246,2023-02-25 01:00:00,72.58472196498022
1247,2023-02-25 02:00:00,39.861132478504516
1248,2023-02-25 04:00:00,29.502277480601492
1249,2023-02-25 05:00:00,28.52322834849366
1250,2023-02-25 06:00:00,28.86645108572216
1251,2023-02-25 07:00:00,42.84165330318541
1252,2023-02-25 08:00:00,80.87207535782795
1253,2023-02-25 09:00:00,140.72163700399352
1254,2023-02-25 10:00:00,207.69310596018337
1255,2023-02-25 11:00:00,265.0109995357815
1256,2023-02-25 12:00:00,304.69513829876337
1257,2023-02-25 14:00:00,348.35662507831216
1258,2023-02-25 15:00:00,364.8587782649996
1259,2023-02-25 16:00:00,379.3600972191633
1260,2023-02-25 17:00:00,390.9021961454355
1261,2023-02-25 18:00:00,400.6352454255411
1262,2023-02-25 20:00:00,412.06697260302946
1263,2023-02-25 21:00:00,397.30244713702126
1264,2023-02-25 23:00:00,283.32243872890155
1265,2023-02-26 00:00:00,199.725739416443
1266,2023-02-26 01:00:00,125.43042577427207
1267,2023-02-26 02:00:00,74.88807017288977
1268,2023-02-26 04:00:00,27.858097575220143
1269,2023-02-26 05:00:00,8.287200456763031
1270,2023-02-26 06:00:00,-9.95526240779435
1271,2023-02-26 07:00:00,-14.42621866436167
1272,2023-02-26 08:00:00,5.429871323405791
1273,2023-02-26 09:00:00,47.50688404633286
1274,2023-02-26 10:00:00,97.2339488157898
1275,2023-02-26 11:00:00,137.95713518082573
1276,2023-02-26 12:00:00,161.81184412135588
1277,2023-02-26 14:00:00,176.5362551317493
1278,2023-02-26 15:00:00,180.12257721234738
1279,2023-02-26 16:00:00,182.8552030214052
1280,2023-02-26 17:00:00,183.84669296915672
1281,2023-02-26 18:00:00,184.3069606609449
1282,2023-02-26 19:00:00,185.0617068767122
1283,2023-02-26 20:00:00,181.20673188696858
1284,2023-02-26 21:00:00,161.24269851662004
1285,2023-02-26 22:00:00,114.39570902978677
1286,2023-02-26 23:00:00,41.05301659113701
1287,2023-02-27 00:00:00,59.936422167859064
1288,2023-02-27 01:00:00,-14.026389909149003
1289,2023-02-27 02:00:00,-62.91594273226511
1290,2023-02-27 04:00:00,-102.88100434293344
1291,2023-02-27 05:00:00,-117.16576066752873
1292,2023-02-27 06:00:00,-129.0521351866917
1293,2023-02-27 07:00:00,-126.18149482225206
1294,2023-02-27 08:00:00,-98.0896055590604
1295,2023-02-27 09:00:00,-46.97970680796834
1296,2023-02-27 10:00:00,12.475508972077336
1297,2023-02-27 11:00:00,63.516723328183616
1298,2023-02-27 12:00:00,98.17154445122301
1299,2023-02-27 13:00:00,119.5781967902935
1300,2023-02-27 14:00:00,135.50624970704854
1301,2023-02-27 15:00:00,150.68563075038278
1302,2023-02-27 16:00:00,165.0614126354738
1303,2023-02-27 17:00:00,177.643577194754
1304,2023-02-27 19:00:00,201.49447874878862
1305,2023-02-27 20:00:00,208.50461526812052
1306,2023-02-27 21:00:00,198.99465740880828
1307,2023-02-28 00:00:00,22.39488444464385
1308,2023-02-28 01:00:00,-43.40032715871865
1309,2023-02-28 02:00:00,-84.81073728526943
1310,2023-02-28 03:00:00,-103.40783355238935
1311,2023-02-28 04:00:00,-111.98662589426095
1312,2023-02-28 05:00:00,-120.98985315778461
1313,2023-02-28 06:00:00,-128.34045569605254
1314,2023-02-28 07:00:00,-121.67154007403241
1315,2023-02-28 08:00:00,-90.50224539657347
1316,2023-02-28 09:00:00,-37.011322695856705
1317,2023-02-28 10:00:00,24.160294356510235
1318,2023-02-28 11:00:00,76.2916482540733
1319,2023-02-28 12:00:00,111.45457463326177
1320,2023-02-28 13:00:00,132.8365994969122
1321,2023-02-28 16:00:00,175.60083794064457
1322,2023-02-28 17:00:00,186.5919787875918
1323,2023-02-28 18:00:00,196.6607233351924
1324,2023-02-28 19:00:00,206.6010566138696
1325,2023-02-28 20:00:00,211.48206033386575
1326,2023-02-28 21:00:00,199.78263150414008
1327,2023-02-28 22:00:00,160.7119673923786
1328,2023-02-28 23:00:00,94.64514065806253
1329,2023-03-02 14:00:00,135.2651952577462
1330,2023-03-02 15:00:00,149.33628130668797
1331,2023-03-02 16:00:00,162.41101037640527
1332,2023-03-02 17:00:00,173.57740656780024
1333,2023-03-02 18:00:00,184.02631876505043
1334,2023-03-02 19:00:00,194.56985859110708
1335,2023-03-02 20:00:00,200.29252976028934
1336,2023-03-02 21:00:00,189.69515299624422
1337,2023-03-02 22:00:00,152.00589145576362
1338,2023-03-02 23:00:00,87.61876356827514
1339,2023-03-03 00:00:00,11.761958465252604
1340,2023-03-03 01:00:00,-53.61242772696781
1341,2023-03-03 02:00:00,-94.07122512555512
1342,2023-03-03 04:00:00,-117.56040812449811
1343,2023-03-03 05:00:00,-123.75123000133547
1344,2023-03-03 06:00:00,-127.6049589989515
1345,2023-03-03 07:00:00,-116.73625747799878
1346,2023-03-03 08:00:00,-80.65443040315614
1347,2023-03-03 09:00:00,-21.53714407483318
1348,2023-03-03 10:00:00,45.96696439906842
1349,2023-03-03 12:00:00,147.97032807848376
1350,2023-03-03 13:00:00,177.67065183540484
1351,2023-03-03 14:00:00,202.00333543441812
1352,2023-03-03 15:00:00,225.70644893615244
1353,2023-03-03 17:00:00,270.07888117368935
1354,2023-03-03 20:00:00,327.88514637314256
1355,2023-03-03 21:00:00,327.515124659224
1356,2023-03-03 22:00:00,299.81680942201046
1357,2023-03-03 23:00:00,245.08093241096122
1358,2023-03-04 00:00:00,74.9272260315897
1359,2023-03-04 01:00:00,18.21412012958865
1360,2023-03-04 02:00:00,-14.231205271418702
1361,2023-03-04 03:00:00,-24.029024373379883
1362,2023-03-04 04:00:00,-24.02615816723636
1363,2023-03-04 05:00:00,-24.71959792033533
1364,2023-03-04 06:00:00,-24.088346365148993
1365,2023-03-04 07:00:00,-9.82271074196484
1366,2023-03-04 08:00:00,28.50053424900085
1367,2023-03-04 09:00:00,88.64529309117336
1368,2023-03-04 10:00:00,155.91431802575164
1369,2023-03-04 11:00:00,213.53211067682525
1370,2023-03-04 12:00:00,253.51847571909542
1371,2023-03-04 13:00:00,279.0121387817618
1372,2023-03-04 14:00:00,297.79133209051156
1373,2023-03-04 15:00:00,314.6025957829611
1374,2023-03-04 16:00:00,329.4152868400883
1375,2023-03-04 17:00:00,341.27100256522385
1376,2023-03-04 18:00:00,351.319896231779
1377,2023-03-04 19:00:00,360.3396042208248
1378,2023-03-04 20:00:00,363.38992553421645
1379,2023-03-04 22:00:00,306.22810450934725
1380,2023-03-05 00:00:00,152.35125316990977
1381,2023-03-05 01:00:00,78.38688158839844
1382,2023-03-05 02:00:00,28.17755176352813
1383,2023-03-05 03:00:00,0.22784651967205605
1384,2023-03-05 04:00:00,-18.18019369172052
1385,2023-03-05 05:00:00,-37.411927687533876
1386,2023-03-05 06:00:00,-55.31322019708551
1387,2023-03-05 07:00:00,-59.441018445667964
1388,2023-03-05 08:00:00,-39.239802556027854
1389,2023-03-05 09:00:00,3.1842840211674854
1390,2023-03-05 10:00:00,53.260350482177074
1391,2023-03-05 11:00:00,94.33444608619422
1392,2023-03-05 12:00:00,118.54195134259133
1393,2023-03-05 13:00:00,129.13009801232943
1394,2023-03-05 14:00:00,133.97753349062242
1395,2023-03-05 15:00:00,137.9221886046889
1396,2023-03-05 16:00:00,141.014950945338
1397,2023-03-05 17:00:00,142.36835961215996
1398,2023-03-05 18:00:00,143.19230672954052
1399,2023-03-05 19:00:00,144.31247143616116
1400,2023-03-05 20:00:00,140.82463219873262
1401,2023-03-05 21:00:00,121.22942988279883
1402,2023-03-05 22:00:00,74.7529446265496
1403,2023-03-06 00:00:00,21.039596506003335
1404,2023-03-06 01:00:00,-52.547826074996294
1405,2023-03-06 02:00:00,-101.06040624542251
1406,2023-03-06 03:00:00,-126.04137360899225
1407,2023-03-06 04:00:00,-140.26686475947332
1408,2023-03-06 05:00:00,-154.17003684357087
1409,2023-03-06 06:00:00,-165.67333636972967
1410,2023-03-06 07:00:00,-162.41815371844476
1411,2023-03-06 08:00:00,-133.94027847264414
1412,2023-03-06 09:00:00,-82.44297377982133
1413,2023-03-06 10:00:00,-22.598955970874982
1414,2023-03-06 11:00:00,28.83243249963246
1415,2023-03-06 12:00:00,63.8787756824145
1416,2023-03-06 13:00:00,85.67827376166963
1417,2023-03-06 14:00:00,102.00047170497903
1418,2023-03-06 15:00:00,117.57527254308285
1419,2023-03-06 17:00:00,145.32778418117044
1420,2023-03-06 18:00:00,157.6270325395726
1421,2023-03-06 19:00:00,169.97805271041958
1422,2023-03-06 20:00:00,177.38961080843316
1423,2023-03-06 23:00:00,68.2936837210597
1424,2023-03-07 00:00:00,-7.103436410300304
1425,2023-03-07 01:00:00,-72.49185530794747
1426,2023-03-07 02:00:00,-113.49447538133808
1427,2023-03-07 03:00:00,-131.68281011857698
1428,2023-03-07 04:00:00,-139.85189541139826
1429,2023-03-07 05:00:00,-148.44449617077007
1430,2023-03-07 06:00:00,-155.38357890440264
1431,2023-03-07 07:00:00,-148.30227642176445
1432,2023-03-07 08:00:00,-116.71975416416984
1433,2023-03-07 09:00:00,-62.81478958629617
1434,2023-03-07 10:00:00,-1.2283428687908327
1435,2023-03-07 11:00:00,51.31860189282796
1436,2023-03-07 12:00:00,86.89785366154516
1437,2023-03-07 13:00:00,108.69691169139756
1438,2023-03-07 14:00:00,124.53885609735397
1439,2023-03-07 15:00:00,139.2104890599753
1440,2023-03-07 16:00:00,152.71622767480648
1441,2023-03-07 17:00:00,164.12696381406585
1442,2023-03-07 18:00:00,174.61587658832116
1443,2023-03-07 19:00:00,184.97692385607735
1444,2023-03-07 20:00:00,190.27916009618673
1445,2023-03-07 21:00:00,179.00145502227798
1446,2023-03-07 22:00:00,140.35297855231917
1447,2023-03-07 23:00:00,74.7087759400435
1448,2023-03-08 00:00:00,-2.721721453487504
1449,2023-03-08 01:00:00,-70.00473976064873
1450,2023-03-08 02:00:00,-112.72475342498745
1451,2023-03-08 03:00:00,-132.42040185089004
1452,2023-03-08 04:00:00,-141.85972065334997
1453,2023-03-08 05:00:00,-151.46457330222736
1454,2023-03-08 06:00:00,-159.14325185665516
1455,2023-03-08 07:00:00,-152.52047230783296
1456,2023-03-08 08:00:00,-121.11317475564175
1457,2023-03-08 09:00:00,-67.10394181579088
1458,2023-03-08 10:00:00,-5.143316919673339
1459,2023-03-08 11:00:00,48.032693840980585
1460,2023-03-08 12:00:00,84.4758592668664
1461,2023-03-08 13:00:00,107.34911517463159
1462,2023-03-08 14:00:00,124.44701644973469
1463,2023-03-08 15:00:00,140.52449756638651
1464,2023-03-08 16:00:00,155.55143309202214
1465,2023-03-10 09:00:00,-17.122116390247015
1466,2023-03-10 10:00:00,50.78431672336529
1467,2023-03-10 11:00:00,110.33896678877913
1468,2023-03-10 12:00:00,153.5886492549838
1469,2023-03-10 13:00:00,183.6875649249003
1470,2023-03-10 15:00:00,232.51663079614025
1471,2023-03-10 16:00:00,255.93350346521234
1472,2023-03-10 17:00:00,277.6769395206743
1473,2023-03-10 18:00:00,298.8523034174206
1474,2023-03-14 14:00:00,159.62336545981466
1475,2023-03-14 16:00:00,188.13990270458993
1476,2023-03-14 18:00:00,210.3664548298343
1477,2023-03-14 22:00:00,176.7203548374367
1478,2023-03-15 00:00:00,33.93544912931986
1479,2023-03-15 01:00:00,-33.20734323162668
1480,2023-03-15 02:00:00,-75.79025204263905
1481,2023-03-15 04:00:00,-104.6603922119231
1482,2023-03-15 05:00:00,-114.13753170850674
1483,2023-03-15 06:00:00,-121.69163631007459
1484,2023-03-15 07:00:00,-114.94742590727344
1485,2023-03-15 08:00:00,-83.42184424116607
1486,2023-03-15 09:00:00,-29.297477320309838
1487,2023-03-15 10:00:00,32.7751282847602
1488,2023-03-15 11:00:00,86.05996359473278
1489,2023-03-15 12:00:00,122.60879478030427
1490,2023-03-15 13:00:00,145.58455527413724
1491,2023-03-15 14:00:00,162.78179783369848
1492,2023-03-15 15:00:00,178.9554550604284
1493,2023-03-15 16:00:00,194.07539989717836
1494,2023-03-15 17:00:00,207.17601137426604
1495,2023-03-15 18:00:00,219.39272052694307
1496,2023-03-15 19:00:00,231.4812519522258
1497,2023-03-15 21:00:00,228.80898226148017
1498,2023-03-15 22:00:00,191.66408619425238
1499,2023-03-15 23:00:00,127.38031933268799
1500,2023-03-16 00:00:00,51.13750045929629
1501,2023-03-16 01:00:00,-15.156469824136906
1502,2023-03-16 02:00:00,-57.1076408029804
1503,2023-03-16 03:00:00,-76.27143571205818
1504,2023-03-16 04:00:00,-85.4274646700971
1505,2023-03-16 05:00:00,-95.00361884844057
1506,2023-03-16 06:00:00,-102.908420122677
1507,2023-03-16 07:00:00,-96.76085610819811
1508,2023-03-16 08:00:00,-66.0661138679738
1509,2023-03-16 09:00:00,-12.989027553614221
1510,2023-03-16 10:00:00,47.8434779062714
1511,2023-03-16 11:00:00,99.72466421975238
1512,2023-03-16 12:00:00,134.74090335717034
1513,2023-03-16 13:00:00,156.09466602466298
1514,2023-03-16 14:00:00,171.62448506758582
1515,2023-03-16 15:00:00,186.13314825931525
1516,2023-03-16 16:00:00,199.64161903535913
1517,2023-03-16 17:00:00,211.2378985665563
1518,2023-03-16 19:00:00,233.07845189439828
1519,2023-03-16 20:00:00,239.22240248897143
1520,2023-03-16 21:00:00,229.04235738758027
1521,2023-03-16 22:00:00,191.76645829334493
1522,2023-03-16 23:00:00,127.78870248072973
1523,2023-03-17 00:00:00,52.337258219962166
1524,2023-03-17 01:00:00,-12.635798903350803
1525,2023-03-17 02:00:00,-52.69731925259342
1526,2023-03-17 04:00:00,-75.4041836652435
1527,2023-03-17 05:00:00,-81.21000295356541
1528,2023-03-17 06:00:00,-84.68285928162021
1529,2023-03-17 07:00:00,-73.43743370779308
1530,2023-03-17 08:00:00,-36.983049581780705
1531,2023-03-17 09:00:00,22.502608727974206
1532,2023-03-17 10:00:00,90.37088635700997
1533,2023-03-17 11:00:00,149.8843787673616
1534,2023-03-17 13:00:00,223.14169159038198
1535,2023-03-20 19:00:00,228.92955244885766
1536,2023-03-20 20:00:00,236.33194016851374
1537,2023-03-20 21:00:00,227.21084816657046
1538,2023-03-20 22:00:00,190.7197690214138
1539,2023-03-20 23:00:00,127.18148068124516
1540,2023-03-21 00:00:00,51.75721139798097
1541,2023-03-21 01:00:00,-13.662824011499055
1542,2023-03-21 02:00:00,-54.70151640000927
1543,2023-03-21 04:00:00,-81.14440071123147
1544,2023-03-21 05:00:00,-89.78636878652583
1545,2023-03-21 06:00:00,-96.77922534547574
1546,2023-03-21 07:00:00,-89.75609011339398
1547,2023-03-21 08:00:00,-58.23611514867628
1548,2023-03-21 09:00:00,-4.398064215182671
1549,2023-03-21 10:00:00,57.11711649197821
1550,2023-03-21 11:00:00,109.58845714866075
1551,2023-03-21 12:00:00,145.08778129705496
1552,2023-03-21 13:00:00,166.80260306262116
1553,2023-03-21 14:00:00,182.5560177161667
1554,2023-03-21 15:00:00,197.1348428868636
1555,2023-03-21 16:00:00,210.54351141042343
1556,2023-03-21 17:00:00,221.8529311832974
1557,2023-03-22 13:00:00,162.18416921721922
1558,2023-03-22 14:00:00,179.09577072571565
1559,2023-03-22 15:00:00,194.9831268681676
1560,2023-03-22 16:00:00,209.81613427868407
1561,2023-03-22 17:00:00,222.62919565801394
1562,2023-03-22 18:00:00,234.5577656993666
1563,2023-03-22 19:00:00,246.3575926316076
1564,2023-03-22 20:00:00,253.0597914920029
1565,2023-03-22 21:00:00,243.10631223965032
1566,2023-03-23 10:00:00,58.337390204972905
1567,2023-03-23 11:00:00,109.92401539364923
1568,2023-03-23 12:00:00,144.64552463039632
1569,2023-03-23 13:00:00,165.70441152399667
1570,2023-03-23 14:00:00,180.93923176302133
1571,2023-03-23 15:00:00,195.15279589629938
1572,2023-03-23 16:00:00,208.3660900775535
1573,2023-03-23 17:00:00,219.6671381219634
1574,2023-03-23 18:00:00,230.24678885158946
1575,2023-03-23 19:00:00,240.9171540471996
1576,2023-03-23 20:00:00,246.76584366718203
1577,2023-03-24 10:00:00,93.79437311035274
1578,2023-03-24 11:00:00,153.01543060174802
1579,2023-03-24 12:00:00,195.9288874772186
1580,2023-03-24 13:00:00,225.68897474891418
1581,2023-03-24 14:00:00,250.07755300621614
1582,2023-03-24 15:00:00,273.83269683673524
1583,2023-03-24 16:00:00,296.903115110313
1584,2023-03-24 17:00:00,318.2976159501373
1585,2023-03-24 18:00:00,339.1215945795555
1586,2023-03-24 19:00:00,360.0962622433026
1587,2023-03-24 20:00:00,376.21375458275105
1588,2023-03-24 21:00:00,375.8726843414982
1589,2023-03-24 22:00:00,348.1994939211812
1590,2023-03-24 23:00:00,293.4849212927735
1591,2023-03-25 00:00:00,123.34870529091604
1592,2023-03-25 01:00:00,66.64928239848493
1593,2023-03-25 03:00:00,24.422109385504257
1594,2023-03-25 04:00:00,24.427278372382716
1595,2023-03-25 05:00:00,23.73236263185686
1596,2023-03-25 06:00:00,24.35836709201442
1597,2023-03-25 07:00:00,38.61499237347664
1598,2023-03-25 08:00:00,76.92547183922457
1599,2023-03-25 09:00:00,137.05371824408866
1600,2023-03-25 10:00:00,204.30249228465848
1601,2023-03-25 11:00:00,261.89630424808314
1602,2023-03-25 12:00:00,301.8549676804291
1603,2023-03-25 13:00:00,327.31721725763225
1604,2023-03-25 14:00:00,346.06129446348166
1605,2023-03-25 15:00:00,362.8337488848448
1606,2023-03-25 16:00:00,377.60394714889776
1607,2023-03-25 17:00:00,389.4134963917153
1608,2023-03-25 18:00:00,399.4125599168794
1609,2023-03-25 19:00:00,408.378784328639
1610,2023-03-25 20:00:00,411.3719790365743
1611,2023-03-25 21:00:00,396.86911707997183
1612,2023-03-25 22:00:00,354.0850183099942
1613,2023-03-25 23:00:00,283.4080352568188
1614,2023-03-26 00:00:00,200.06858479836694
1615,2023-03-26 01:00:00,126.0290342274666
1616,2023-03-26 02:00:00,75.74094879089566
1617,2023-03-26 03:00:00,47.70892302647604
1618,2023-03-26 04:00:00,29.215009279575554
1619,2023-03-26 05:00:00,9.89386081255725
1620,2023-03-26 06:00:00,-8.100374848395944
1621,2023-03-26 07:00:00,-12.324632493764511
1622,2023-03-26 08:00:00,7.77662036496443
1623,2023-03-26 09:00:00,50.09725306794965
1624,2023-03-26 10:00:00,100.06638777355495
1625,2023-03-26 11:00:00,141.03008687604284
1626,2023-03-26 12:00:00,165.12374419897606
1627,2023-03-26 13:00:00,175.59460498340724
1628,2023-03-26 14:00:00,180.32133027635786
1629,2023-03-26 15:00:00,184.14186472467713
1630,2023-03-26 16:00:00,187.10710991158288
1631,2023-03-26 17:00:00,188.32961908877968
1632,2023-03-26 18:00:00,189.01929870254796
1633,2023-03-26 19:00:00,190.00184237671033
1634,2023-03-26 20:00:00,186.37304322690875
1635,2023-03-26 21:00:00,166.63355692426865
1636,2023-03-26 22:00:00,120.00947857913413
1637,2023-03-26 23:00:00,46.888054219323976
1638,2023-03-27 00:00:00,65.99107765409798
1639,2023-03-27 01:00:00,-7.753773924734077
1640,2023-03-27 02:00:00,-56.427030735403434
1641,2023-03-27 03:00:00,-81.57190663437694
1642,2023-03-27 04:00:00,-95.96452231413056
1643,2023-03-27 05:00:00,-110.03801886584051
1644,2023-03-27 06:00:00,-121.71482659130572
1645,2023-03-27 07:00:00,-118.63631952049732
1646,2023-03-27 08:00:00,-90.33827073553977
1647,2023-03-27 09:00:00,-39.023926739713716
1648,2023-03-27 10:00:00,20.634012921690044
1649,2023-03-27 11:00:00,71.87622273452945
1650,2023-03-27 12:00:00,106.73030381501177
1651,2023-03-27 13:00:00,128.33447356288133
1652,2023-03-27 14:00:00,144.4582942964488
1653,2023-03-27 15:00:00,159.83168653675364
1654,2023-03-27 16:00:00,174.3997159745085
1655,2023-03-27 17:00:00,187.17235743973046
1656,2023-03-27 18:00:00,199.2612093109223
1657,2023-03-27 19:00:00,211.3988729006976
1658,2023-03-27 20:00:00,218.5941324754647
1659,2023-03-27 21:00:00,209.26749913532342
1660,2023-03-27 22:00:00,172.57247355762206
1661,2023-03-27 23:00:00,108.83184160006091
1662,2023-03-28 00:00:00,33.20683923951998
1663,2023-03-28 01:00:00,-32.41231117515946
1664,2023-03-28 02:00:00,-73.64849315307615
1665,2023-03-28 03:00:00,-92.07320116686702
1666,2023-03-28 04:00:00,-100.48145196844641
1667,2023-03-28 05:00:00,-109.31599121815708
1668,2023-03-28 06:00:00,-116.4997660552198
1669,2023-03-28 07:00:00,-109.66669061438412
1670,2023-03-28 08:00:00,-78.335109772272
1671,2023-03-28 09:00:00,-24.68378127717915
1672,2023-03-28 10:00:00,36.64635450384665
1673,2023-03-28 11:00:00,88.93433338681183
1674,2023-03-28 12:00:00,124.25198435969271
1675,2023-03-28 14:00:00,161.36196107360814
1676,2023-03-28 15:00:00,175.7642096671625
1677,2023-03-28 16:00:00,188.99801011511644
1678,2023-03-28 17:00:00,200.13427481952417
1679,2023-03-28 18:00:00,210.34620351146438
1680,2023-03-28 19:00:00,220.4277747687233
1681,2023-03-28 20:00:00,225.44806388138596
1682,2023-03-28 21:00:00,213.88596146550677
1683,2023-03-28 22:00:00,174.95065843090217
1684,2023-03-28 23:00:00,109.01722111161291
1685,2023-03-29 00:00:00,31.29510203494604
1686,2023-03-29 01:00:00,-36.28190367794994
1687,2023-03-29 03:00:00,-99.29255233065587
1688,2023-03-29 04:00:00,-109.03282737602211
1689,2023-03-29 05:00:00,-118.94091616836695
1690,2023-03-29 06:00:00,-126.92508911353156
1691,2023-03-29 07:00:00,-120.6100404774865
1692,2023-03-29 08:00:00,-89.51268855561207
1693,2023-03-29 09:00:00,-35.81559409380617
1694,2023-03-29 10:00:00,25.830721421227395
1695,2023-03-29 11:00:00,78.69027391016144
1696,2023-03-29 12:00:00,114.81485425388128
1697,2023-03-29 13:00:00,137.36742041229036
1698,2023-03-29 14:00:00,154.14254948093935
1699,2023-03-29 15:00:00,169.89519820626884
1700,2023-03-29 16:00:00,184.5952634858093
1701,2023-03-29 18:00:00,209.0763066849217
1702,2023-03-29 19:00:00,220.74848717084018
1703,2023-03-29 20:00:00,227.32480416436286
1704,2023-03-29 22:00:00,179.68969715099198
1705,2023-03-29 23:00:00,114.99460762113033
1706,2023-03-30 00:00:00,38.34177957256256
1707,2023-03-30 01:00:00,-28.360864247597817
1708,2023-03-30 02:00:00,-70.71935116005179
1709,2023-03-30 04:00:00,-99.84964731938075
1710,2023-03-30 05:00:00,-109.82891499504325
1711,2023-03-30 06:00:00,-118.13538644452203
1712,2023-03-30 07:00:00,-112.38802837870927
1713,2023-03-30 08:00:00,-82.09200717558454
1714,2023-03-30 09:00:00,-29.412136511340606
1715,2023-03-30 10:00:00,31.02467894244876
1716,2023-03-30 12:00:00,117.13538125069182
1717,2023-03-30 15:00:00,167.35947764737017
1718,2023-03-30 16:00:00,180.48182544026375
1719,2023-03-30 17:00:00,191.6936432901379
1720,2023-03-30 18:00:00,202.18577593204148
1721,2023-03-30 19:00:00,212.770330903367
1722,2023-03-30 20:00:00,218.53491377057554
1723,2023-03-30 21:00:00,207.97723485437808
1724,2023-03-30 22:00:00,170.32545344203868
1725,2023-03-30 23:00:00,105.9735841682114
1726,2023-03-31 00:00:00,30.149812430650798
1727,2023-03-31 01:00:00,-35.1937692886749
1728,2023-03-31 04:00:00,-99.06274502727968
1729,2023-03-31 05:00:00,-105.23171302108847
1730,2023-03-31 06:00:00,-109.06583415555684
1731,2023-03-31 07:00:00,-98.17977397776772
1732,2023-03-31 08:00:00,-62.08284057043255
1733,2023-03-31 09:00:00,-2.9527032677798957
1734,2023-03-31 10:00:00,64.56199787861411
1735,2023-03-31 11:00:00,123.72387288295154
1736,2023-03-31 12:00:00,166.57976059597212
1737,2023-03-31 13:00:00,196.28388522259587
1738,2023-03-31 14:00:00,220.61810041144943
1739,2023-03-31 15:00:00,244.32047368473053
1740,2023-03-31 16:00:00,267.3397067158411
1741,2023-03-31 17:00:00,288.6846003092889
1742,2023-03-31 18:00:00,309.4605422405507
1743,2023-03-31 19:00:00,330.3887361845984
1744,2023-03-31 20:00:00,346.46131009657677
1745,2023-03-31 21:00:00,346.0768689059228
1746,2023-03-31 22:00:00,318.36184708647374
1747,2023-03-31 23:00:00,263.6069745628628
1748,2023-04-01 00:00:00,93.43198200777854
1749,2023-04-01 01:00:00,36.6952976266906
1750,2023-04-01 02:00:00,4.2240998972532395
1751,2023-04-01 03:00:00,-5.601886836882784
1752,2023-04-01 04:00:00,-5.6294849231572925
1753,2023-04-01 05:00:00,-6.355686890546053
1754,2023-04-01 06:00:00,-5.759496635969043
1755,2023-04-01 07:00:00,8.468777532353783
1756,2023-04-01 08:00:00,46.75235994096502
1757,2023-04-01 09:00:00,106.85515421148523
1758,2023-04-01 10:00:00,174.0799118034932
1759,2023-04-01 11:00:00,231.65113366922748
1760,2023-04-01 12:00:00,271.5886239225463
1761,2023-04-01 13:00:00,297.0311077135114
1762,2023-04-01 14:00:00,315.756816902964
1763,2023-04-01 15:00:00,332.5122913642508
1764,2023-04-01 16:00:00,347.26688792015125
1765,2023-04-01 17:00:00,359.0622038129517
1766,2023-04-01 18:00:00,369.04839236497907
1767,2023-04-01 19:00:00,378.0030901124178
1768,2023-04-01 20:00:00,380.98609631663385
1769,2023-04-01 22:00:00,323.68273204122625
1770,2023-04-01 23:00:00,252.99951323637006
1771,2023-04-02 00:00:00,169.65512377174144
1772,2023-04-02 01:00:00,95.61192039650314
1773,2023-04-02 02:00:00,45.32145772489537
1774,2023-04-02 03:00:00,17.288319614215254
1775,2023-04-02 04:00:00,-1.2054523613455785
1776,2023-04-02 05:00:00,-20.525215771319807
1777,2023-04-02 06:00:00,-38.516833991223706
1778,2023-04-02 07:00:00,-42.73725277791169
1779,2023-04-02 08:00:00,-22.630950673738795
1780,2023-04-02 09:00:00,19.69593056828441
1781,2023-04-02 10:00:00,69.67250195261667
1782,2023-04-02 11:00:00,110.64481466115531
1783,2023-04-02 12:00:00,134.74825124735665
1784,2023-04-02 13:00:00,145.23004562744566
1785,2023-04-02 14:00:00,149.9688474708619
1786,2023-04-02 15:00:00,153.8025899900997
1787,2023-04-02 16:00:00,156.78216329126778
1788,2023-04-02 18:00:00,158.7263222676095
1789,2023-04-02 19:00:00,159.7264848156538
1790,2023-04-02 22:00:00,89.7933726632143
1791,2023-04-02 23:00:00,16.693791371480472
1792,2023-04-03 00:00:00,35.81968446422101
1793,2023-04-03 01:00:00,-37.90128272378362
1794,2023-04-03 02:00:00,-86.5496522991682
1795,2023-04-03 03:00:00,-111.66865004157032
1796,2023-04-03 04:00:00,-126.03440859143453
1797,2023-04-03 05:00:00,-140.08008101667153
1798,2023-04-03 06:00:00,-151.72810962382195
1799,2023-04-03 07:00:00,-148.61988047283418
1800,2023-04-03 08:00:00,-120.29117869419989
1801,2023-04-03 09:00:00,-68.9452628656422
1802,2023-04-03 10:00:00,-9.254844621985939
1803,2023-04-03 11:00:00,42.02073841288876
1804,2023-04-03 12:00:00,76.90907523075342
1805,2023-04-03 13:00:00,98.54837109268706
1806,2023-04-03 14:00:00,114.70817616657314
1807,2023-04-03 15:00:00,130.1183988096145
1808,2023-04-03 16:00:00,144.7240925440771
1809,2023-04-03 17:00:00,157.53522001996583
1810,2023-04-03 18:00:00,169.66336743264193
1811,2023-04-03 19:00:00,181.84112390641258
1812,2023-04-03 20:00:00,189.07726151763327
1813,2023-04-03 23:00:00,79.4421937655141
1814,2023-04-04 00:00:00,3.861088162944867
1815,2023-04-04 01:00:00,-61.71344126762378
1816,2023-04-04 02:00:00,-102.90429020540603
1817,2023-04-04 03:00:00,-121.28296527970133
1818,2023-04-04 04:00:00,-129.64449539435628
1819,2023-04-04 05:00:00,-138.43163834350253
1820,2023-04-04 06:00:00,-145.56735338878264
1821,2023-04-04 07:00:00,-138.68476596475614
1822,2023-04-04 08:00:00,-107.3030340110777
1823,2023-04-04 09:00:00,-53.60092734627864
1824,2023-04-04 10:00:00,7.7806016147176535
1825,2023-04-04 11:00:00,60.12057665793509
1826,2023-04-04 12:00:00,95.49081477727518
1827,2023-04-04 13:00:00,117.0788233733251
1828,2023-04-04 14:00:00,132.70769084003894
1829,2023-04-04 15:00:00,147.1642277669376
1830,2023-04-04 18:00:00,181.91229864614823
1831,2023-04-04 19:00:00,192.050260173595
1832,2023-04-04 20:00:00,197.12743556092454
1833,2023-04-04 22:00:00,146.74524384548232
1834,2023-04-04 23:00:00,80.87011066413743
1835,2023-04-05 00:00:00,3.2067451004039356
1836,2023-04-05 01:00:00,-64.31106927731764
1837,2023-04-05 02:00:00,-107.26779708736217
1838,2023-04-05 03:00:00,-127.20206777887691
1839,2023-04-05 04:00:00,-136.88190688282444
1840,2023-04-05 05:00:00,-146.7291676576214
1841,2023-04-05 06:00:00,-154.6521318206809
1842,2023-04-05 07:00:00,-148.27550490142835
1843,2023-04-05 08:00:00,-117.11621639925619
1844,2023-04-05 09:00:00,-63.35683821316607
1845,2023-04-05 10:00:00,-1.6479029256604747
1846,2023-04-05 11:00:00,51.274594344681475
1847,2023-04-05 12:00:00,87.4624335036222
1848,2023-04-05 13:00:00,110.07856158935127
1849,2023-04-05 14:00:00,126.9175448414527
1850,2023-04-05 15:00:00,142.73432921305135
1851,2023-04-05 16:00:00,157.49880087218727
1852,2023-04-05 17:00:00,170.2453519463886
1853,2023-04-05 18:00:00,182.1094264405447
1854,2023-04-05 19:00:00,193.84676179265023
1855,2023-04-05 20:00:00,200.4884621351761
1856,2023-04-05 22:00:00,152.98476578912346
1857,2023-04-05 23:00:00,88.35568302208455
1858,2023-04-06 00:00:00,11.769049091314827
1859,2023-04-06 01:00:00,-54.867223335842425
1860,2023-04-06 02:00:00,-97.15917160079107
1861,2023-04-06 03:00:00,-116.66220713617963
1862,2023-04-06 04:00:00,-126.15592838926611
1863,2023-04-06 05:00:00,-136.0682149826425
1864,2023-04-06 06:00:00,-144.3075773778306
1865,2023-04-06 07:00:00,-138.49299190797547
1866,2023-04-06 08:00:00,-108.12963447743712
1867,2023-04-06 09:00:00,-55.38232821902082
1868,2023-04-06 10:00:00,5.1220128326007455
1869,2023-04-06 11:00:00,56.67666114468946
1870,2023-04-06 12:00:00,91.36799932140904
1871,2023-04-06 13:00:00,112.39850856777076
1872,2023-04-06 14:00:00,127.60673209798345
1873,2023-04-06 15:00:00,141.79546792206332
1874,2023-04-06 16:00:00,154.98568958607723
1875,2023-04-06 17:00:00,166.26540823382877
1876,2023-04-06 18:00:00,176.82545995349003
1877,2023-04-06 19:00:00,187.47794373356066
1878,2023-04-06 21:00:00,182.82070075855438
1879,2023-04-06 23:00:00,80.95284184049984
1880,2023-04-07 00:00:00,5.19692264256895
1881,2023-04-07 01:00:00,-60.078846088744655
1882,2023-04-07 03:00:00,-117.41240313544318
1883,2023-04-07 04:00:00,-123.74469835595261
1884,2023-04-07 05:00:00,-129.84608924201797
1885,2023-04-07 06:00:00,-133.61271114486112
1886,2023-04-07 07:00:00,-122.65923697103784
1887,2023-04-07 08:00:00,-86.4949820543801
1888,2023-04-07 09:00:00,-27.297622868196612
1889,2023-04-07 10:00:00,40.28419348640975
1890,2023-04-07 11:00:00,99.51307009164996
1891,2023-04-07 12:00:00,142.4358389713003
1892,2023-04-07 13:00:00,172.20671761658215
1893,2023-04-07 14:00:00,196.6075530578265
1894,2023-04-07 15:00:00,220.3764063201175
1895,2023-04-07 16:00:00,243.46197268110623
1896,2023-04-07 17:00:00,264.8730466660056
1897,2023-04-07 18:00:00,285.71500987755246
1898,2023-04-07 19:00:00,306.70905993000974
1899,2023-04-07 20:00:00,322.8473188287717
1900,2023-04-07 21:00:00,322.52838566869383
1901,2023-04-07 22:00:00,294.8786891977495
1902,2023-04-07 23:00:00,240.18895372783712
1903,2023-04-08 00:00:00,70.0789044359949
1904,2023-04-08 01:00:00,13.406964142460225
1905,2023-04-08 02:00:00,-18.99969394545076
1906,2023-04-08 03:00:00,-28.761350641082515
1907,2023-04-08 04:00:00,-28.724833328885524
1908,2023-04-08 05:00:00,-29.387139466788966
1909,2023-04-08 06:00:00,-28.727277760699963
1910,2023-04-08 07:00:00,-14.435561212721751
1911,2023-04-08 08:00:00,23.91122992547494
1912,2023-04-08 09:00:00,84.07699481366642
1913,2023-04-08 11:00:00,208.99818390777781
1914,2023-04-08 12:00:00,248.99790483972225
1915,2023-04-08 13:00:00,274.5023645186976
1916,2023-04-08 15:00:00,310.1067201858481
1917,2023-04-08 16:00:00,324.9225054676623
1918,2023-04-08 17:00:00,336.7787404952809
1919,2023-04-08 18:00:00,346.8255751861584
1920,2023-04-08 19:00:00,355.84064278656734
1921,2023-04-08 20:00:00,358.88373938859485
1922,2023-04-08 21:00:00,344.43182474560103
1923,2023-04-08 22:00:00,301.6997054572649
1924,2023-04-08 23:00:00,231.07572084732647
1925,2023-04-09 00:00:00,147.7902746305701
1926,2023-04-09 01:00:00,73.80572096228948
1927,2023-04-09 02:00:00,23.57361200888772
1928,2023-04-09 03:00:00,-4.401470721438443
1929,2023-04-09 05:00:00,-42.09979913779995
1930,2023-04-09 06:00:00,-60.03426986777447
1931,2023-04-09 08:00:00,-44.03501291970218
1932,2023-04-09 09:00:00,-1.6519089313857478
1933,2023-04-09 10:00:00,48.38057375420311
1934,2023-04-09 11:00:00,89.40848491591751
1935,2023-04-09 13:00:00,124.10396920739414
1936,2023-04-09 14:00:00,128.89742369804173
1937,2023-04-09 15:00:00,132.78550156515934
1938,2023-04-09 16:00:00,135.8190920879755
1939,2023-04-09 17:00:00,137.11073628175143
1940,2023-04-09 18:00:00,137.87032842169933
1941,2023-04-09 19:00:00,138.92355003150294
1942,2023-04-09 20:00:00,135.3661821969323
1943,2023-04-09 21:00:00,115.69886863376759
1944,2023-04-09 22:00:00,69.14769256758723
1945,2023-04-09 23:00:00,-3.9001117844458975
1946,2023-04-10 00:00:00,15.277237658666337
1947,2023-04-10 01:00:00,-58.3925935684334
1948,2023-04-10 02:00:00,-106.9901472598414
1949,2023-04-10 03:00:00,-132.05864877264494
1950,2023-04-10 04:00:00,-146.37423020908304
1951,2023-04-10 05:00:00,-160.37004399436196
1952,2023-04-10 06:00:00,-171.96853168239815
1953,2023-04-10 07:00:00,-168.8110784656906
1954,2023-04-10 08:00:00,-140.43346850356582
1955,2023-04-10 09:00:00,-89.03895929654416
1956,2023-04-10 10:00:00,-29.30026128189698
1957,2023-04-10 11:00:00,22.02328920407936
1958,2023-04-10 12:00:00,56.95928255379718
1959,2023-04-10 13:00:00,78.64592553747599
1960,2023-04-10 14:00:00,94.85276993648853
1961,2023-04-10 15:00:00,110.30972582130015
1962,2023-04-10 16:00:00,124.96184853528348
1963,2023-04-10 17:00:00,137.8191026506248
1964,2023-04-10 18:00:00,149.99307638924927
1965,2023-04-10 19:00:00,162.21636099905857
1966,2023-04-10 20:00:00,169.4977307877516
1967,2023-04-10 21:00:00,160.2576869885585
1968,2023-04-10 22:00:00,123.64972051674373
1969,2023-04-10 23:00:00,59.99660756888312
1970,2023-04-11 00:00:00,-15.540425437549175
1971,2023-04-11 01:00:00,-81.07116561216546
1972,2023-04-11 02:00:00,-122.21850581756868
1973,2023-04-11 03:00:00,-140.5539497725125
1974,2023-04-11 04:00:00,-148.87252337586162
1975,2023-04-11 05:00:00,-157.6169813223715
1976,2023-04-11 06:00:00,-164.71027968398803
1977,2023-04-11 07:00:00,-157.7855406094292
1978,2023-04-11 08:00:00,-126.36191866866136
1979,2023-04-11 09:00:00,-72.6181802131774
1980,2023-04-11 10:00:00,-11.195274106661714
1981,2023-04-11 11:00:00,41.185827077407225
1982,2023-04-11 12:00:00,76.59694406055965
1983,2023-04-11 13:00:00,98.22558805737674
1984,2023-04-11 14:00:00,113.89485136011615
1985,2023-04-11 15:00:00,128.39154854289723
1986,2023-04-11 16:00:00,141.7201093052895
1987,2023-04-11 17:00:00,152.95143833556097
1988,2023-04-11 18:00:00,163.2587277692445
1989,2023-04-11 19:00:00,173.43594870082632
1990,2023-04-11 20:00:00,178.55216905272405
1991,2023-04-11 21:00:00,167.0862721872429
1992,2023-04-11 22:00:00,128.24744188241573
1993,2023-04-11 23:00:00,62.41073744385562
1994,2023-04-12 00:00:00,-15.214395496989852
1995,2023-04-12 01:00:00,-82.69416860692004
1996,2023-04-12 02:00:00,-125.6130416636432
1997,2023-04-12 03:00:00,-145.50963920675522
1998,2023-04-12 04:00:00,-155.15198178680043
1999,2023-04-12 05:00:00,-164.96191761224085
2000,2023-04-12 06:00:00,-172.84772328430316
2001,2023-04-12 07:00:00,-166.43409914615594
2002,2023-04-12 08:00:00,-135.23795778397536
2003,2023-04-12 09:00:00,-81.44187744998567
2004,2023-04-12 10:00:00,-19.69638535109729
2005,2023-04-12 11:00:00,33.262528832935914
2006,2023-04-12 12:00:00,69.48665050623339
2007,2023-04-12 13:00:00,92.13893226791475
2008,2023-04-12 14:00:00,109.01394597268511
2009,2023-04-12 15:00:00,124.86664324873428
2010,2023-04-12 16:00:00,139.6669159937045
2011,2023-04-12 18:00:00,164.34883146736667
2012,2023-04-12 19:00:00,176.1216673645537
2013,2023-04-12 22:00:00,135.36566680093767
2014,2023-04-12 23:00:00,70.77176723788662
2015,2023-04-13 00:00:00,-5.779747615082016
2016,2023-04-13 01:00:00,-72.38095891671784
2017,2023-04-13 02:00:00,-114.6378977925622
2018,2023-04-13 03:00:00,-134.10596941356917
2019,2023-04-13 04:00:00,-143.56476593179562
2020,2023-04-13 05:00:00,-153.44216063100052
2021,2023-04-13 06:00:00,-161.64665759703362
2022,2023-04-13 07:00:00,-155.7972267517086
2023,2023-04-13 08:00:00,-125.39903755517116
2024,2023-04-13 09:00:00,-72.6169066584873
2025,2023-04-13 10:00:00,-12.07774158796667
2026,2023-04-13 11:00:00,39.511736675360595
2027,2023-04-13 12:00:00,74.23791729759489
2028,2023-04-13 14:00:00,110.54639888663765
2029,2023-04-13 15:00:00,124.77005435414534
2030,2023-04-13 16:00:00,137.9952347156826
2031,2023-04-13 17:00:00,149.3099578101342
2032,2023-04-13 18:00:00,159.90506644711758
2033,2023-04-13 19:00:00,170.5926663533685
2034,2023-04-13 20:00:00,176.4603613934745
2035,2023-04-13 21:00:00,166.00586030426717
2036,2023-04-13 23:00:00,64.20875644904265
2037,2023-04-14 00:00:00,-11.511648898223825
2038,2023-04-14 01:00:00,-76.75180379917083
2039,2023-04-14 02:00:00,-117.07854298063128
2040,2023-04-14 04:00:00,-140.3101462779711
2041,2023-04-14 05:00:00,-146.37545495811776
2042,2023-04-14 06:00:00,-150.10586041469645
2043,2023-04-14 07:00:00,-139.1160286876523
2044,2023-04-14 08:00:00,-102.91526824308323
2045,2023-04-14 09:00:00,-43.68124868681039
2046,2023-04-14 10:00:00,23.93738974722973
2047,2023-04-14 11:00:00,83.2032570013969
2048,2023-04-14 12:00:00,126.16319196725891
2049,2023-04-14 13:00:00,155.97141898206115
2050,2023-04-14 14:00:00,180.40979192686268
2051,2023-04-14 15:00:00,204.21637866065376
2052,2023-04-14 16:00:00,227.33988129795333
2053,2023-04-14 17:00:00,248.789101174315
2054,2023-04-14 18:00:00,269.6694266999228
2055,2023-04-14 19:00:00,290.7020622775812
2056,2023-04-14 21:00:00,306.5992557951635
2057,2023-04-14 23:00:00,224.3386655601316
2058,2023-04-15 00:00:00,54.26841913287552
2059,2023-04-15 01:00:00,-2.363454711239541
2060,2023-04-15 02:00:00,-34.72977611278466
2061,2023-04-15 03:00:00,-44.45081925321483
2062,2023-04-15 04:00:00,-44.37340491949183
2063,2023-04-15 05:00:00,-44.994523993000826
2064,2023-04-15 06:00:00,-44.29317863520242
2065,2023-04-15 07:00:00,-29.959675334143782
2066,2023-04-15 08:00:00,8.429212140997862
2067,2023-04-15 09:00:00,68.63738939725354
2068,2023-04-15 10:00:00,135.96760996422347
2069,2023-04-15 11:00:00,193.64437694559064
2070,2023-04-15 12:00:00,233.68749668125383
2071,2023-04-15 13:00:00,259.23569663107173
2072,2023-04-15 14:00:00,278.0672110424132
2073,2023-04-15 15:00:00,294.9285822486338
2074,2023-04-15 16:00:00,309.78916960938193
2075,2023-04-15 17:00:00,321.69057297737163
2076,2023-04-15 18:00:00,331.7829483601352
2077,2023-04-15 19:00:00,340.84393504578156
2078,2023-04-15 20:00:00,343.9333351209324
2079,2023-04-15 21:00:00,329.5281142849262
2080,2023-04-15 23:00:00,216.2665925294573
2081,2023-04-16 00:00:00,133.02904628123628
2082,2023-04-16 01:00:00,59.09280618152309
2083,2023-04-16 02:00:00,8.90943007610403
2084,2023-04-16 03:00:00,-19.016494902319124
2085,2023-04-16 04:00:00,-37.40292383479911
2086,2023-04-16 05:00:00,-56.61521089694526
2087,2023-04-16 06:00:00,-74.49921600115994
2088,2023-04-16 07:00:00,-78.61188139550865
2089,2023-04-16 08:00:00,-58.39768205071172
2090,2023-04-16 09:00:00,-15.962756101593044
2091,2023-04-16 10:00:00,34.122011130926666
2092,2023-04-16 11:00:00,75.2026745528517
2093,2023-04-16 12:00:00,99.41462049125357
2094,2023-04-16 14:00:00,114.85272666401426
2095,2023-04-16 16:00:00,121.88423343635473
2096,2023-04-16 17:00:00,123.23154000737895
2097,2023-04-16 18:00:00,124.04729618412166
2098,2023-04-16 19:00:00,125.15718804948045
2099,2023-04-16 21:00:00,102.04738365976438
2100,2023-04-16 22:00:00,55.55442307699096
2101,2023-04-16 23:00:00,-17.434642115927403
2102,2023-04-17 00:00:00,1.801974325197591
2103,2023-04-17 01:00:00,-71.80805797812337
2104,2023-04-17 02:00:00,-120.34527681737359
2105,2023-04-17 03:00:00,-145.3529036324199
2106,2023-04-17 04:00:00,-159.60706669054994
2107,2023-04-17 05:00:00,-173.5409146677385
2108,2023-04-17 06:00:00,-185.07688545397892
2109,2023-04-17 07:00:00,-181.8563606685395
2110,2023-04-17 08:00:00,-153.41512098052252
2111,2023-04-17 09:00:00,-101.95642049337079
2112,2023-04-17 10:00:00,-42.152966335823066
2113,2023-04-17 11:00:00,9.235908372165568
2114,2023-04-17 12:00:00,44.237797151906136
2115,2023-04-17 13:00:00,65.99090980633034
2116,2023-04-17 14:00:00,82.26480105413769
2117,2023-04-17 15:00:00,97.78938381383533
2118,2023-04-17 16:00:00,112.50971617811392
2119,2023-04-17 17:00:00,125.43576537594268
2120,2023-04-17 19:00:00,149.97238031481174
2121,2023-04-17 20:00:00,157.32431643479504
2122,2023-04-17 21:00:00,148.1554340418323
2123,2023-04-17 23:00:00,48.03847121527804
2124,2023-04-18 00:00:00,-27.425602580706993
2125,2023-04-18 01:00:00,-92.88278041973808
2126,2023-04-18 02:00:00,-133.95595340639744
2127,2023-04-18 04:00:00,-160.45981536732089
2128,2023-04-18 05:00:00,-169.12828193719832
2129,2023-04-18 06:00:00,-176.1449780454582
2130,2023-04-18 07:00:00,-169.1430246082473
2131,2023-04-18 08:00:00,-137.6415750626756
2132,2023-04-18 09:00:00,-83.81939473878359
2133,2023-04-18 10:00:00,-22.31743158496144
2134,2023-04-18 12:00:00,65.6347493347563
2135,2023-04-18 13:00:00,87.34430032726762
2136,2023-04-18 14:00:00,103.09508838085618
2137,2023-04-18 15:00:00,117.67392844311635
2138,2023-04-18 16:00:00,131.08525047345904
2139,2023-04-18 17:00:00,142.39995930942015
2140,2023-04-18 18:00:00,152.79124712587256
2141,2023-04-18 20:00:00,168.25454050308517
2142,2023-04-18 22:00:00,118.12213740094715
2143,2023-04-18 23:00:00,52.372520892101534
2144,2023-04-19 00:00:00,-25.164907666059293
2145,2023-04-19 01:00:00,-92.55636068715549
2146,2023-04-19 02:00:00,-135.38629882201445
2147,2023-04-19 03:00:00,-155.19334758051139
2148,2023-04-19 04:00:00,-164.74552860590524
2149,2023-04-19 05:00:00,-174.46469131683108
2150,2023-04-19 06:00:00,-182.25911363562213
2151,2023-04-19 07:00:00,-175.75349734281664
2152,2023-04-19 08:00:00,-144.46476824418508
2153,2023-04-19 09:00:00,-90.57549459189528
2154,2023-04-19 10:00:00,-28.736205376778656
2155,2023-04-19 11:00:00,24.317107824291384
2156,2023-04-19 12:00:00,60.63622839700875
2157,2023-04-19 13:00:00,83.38410680987562
2158,2023-04-19 14:00:00,100.35531267005643
2159,2023-04-19 15:00:00,116.30479524283594
2160,2023-04-19 16:00:00,131.20244394323345
2161,2023-04-19 17:00:00,144.08265408851918
2162,2023-04-19 18:00:00,156.08087280931255
2163,2023-04-19 19:00:00,167.95284060099846
2164,2023-04-19 20:00:00,174.72966459485215
2165,2023-04-19 21:00:00,164.85328667377604
2166,2023-04-19 23:00:00,63.005232639075615
2167,2023-04-20 00:00:00,-13.444284201292618
2168,2023-04-20 01:00:00,-79.94293437786811
2169,2023-04-20 02:00:00,-122.0967526548549
2170,2023-04-20 03:00:00,-141.46114796752443
2171,2023-04-20 04:00:00,-150.81571632905994
2172,2023-04-20 05:00:00,-160.58833501576171
2173,2023-04-20 06:00:00,-168.68751221383226
2174,2023-04-20 07:00:00,-162.73222206180003
2175,2023-04-20 08:00:00,-132.22763835047624
2176,2023-04-20 09:00:00,-79.33858217751211
2177,2023-04-20 10:00:00,-18.691965628683448
2178,2023-04-20 11:00:00,33.00548564430758
2179,2023-04-20 12:00:00,67.84015601808775
2180,2023-04-20 13:00:00,89.01452840174254
2181,2023-04-20 14:00:00,104.36714762761736
2182,2023-04-20 15:00:00,118.70081322813107
2183,2023-04-20 16:00:00,132.0365001895707
2184,2023-04-20 17:00:00,143.4622210056328
2185,2023-04-20 18:00:00,154.16881302492195
2186,2023-04-20 19:00:00,164.96837640353232
2187,2023-04-20 20:00:00,170.9485093251083
2188,2023-04-20 23:00:00,59.03700602565411
2189,2023-04-21 00:00:00,-16.569122802741077
2190,2023-04-21 01:00:00,-81.69455681863522
2191,2023-04-21 02:00:00,-121.90613708182656
2192,2023-04-21 03:00:00,-138.7258094765096
2193,2023-04-21 04:00:00,-144.9061343077143
2194,2023-04-21 05:00:00,-150.8550090315871
2195,2023-04-21 06:00:00,-154.46856889131473
2196,2023-04-21 07:00:00,-143.36148678737015
2197,2023-04-21 08:00:00,-107.04307814944008
2198,2023-04-21 09:00:00,-47.69101965276644
2199,2023-04-21 10:00:00,20.04604129984824
2200,2023-04-21 12:00:00,122.50981010910463
2201,2023-04-21 13:00:00,152.43756634826966
2202,2023-04-21 15:00:00,200.92263847817998
2203,2023-04-21 16:00:00,224.16670890234923
2204,2023-04-21 17:00:00,245.73682715331347
2205,2023-04-21 19:00:00,287.8925448213422
2206,2023-04-21 20:00:00,304.19146121769995
2207,2023-04-21 21:00:00,304.0337204693874
2208,2023-04-21 23:00:00,222.0182715957895
2209,2023-04-22 00:00:00,52.07100942830567
2210,2023-04-22 01:00:00,-4.4376158900269616
2211,2023-04-22 02:00:00,-36.68043320102254
2212,2023-04-22 03:00:00,-46.27772547471341
2213,2023-04-22 04:00:00,-46.076322375611966
2214,2023-04-22 05:00:00,-46.57322374725018
2215,2023-04-22 06:00:00,-45.74744080157359
2216,2023-04-22 07:00:00,-31.289289157259162
2217,2023-04-22 08:00:00,7.224448197485458
2218,2023-04-22 09:00:00,67.55766757355656
2219,2023-04-22 10:00:00,135.01311311974854
2220,2023-04-22 11:00:00,192.81527847966197
2221,2023-04-22 13:00:00,258.6578768862253
2222,2023-04-22 14:00:00,277.61525232917046
2223,2023-04-22 15:00:00,294.60261934688066
2224,2023-04-22 16:00:00,309.58932745446134
2225,2023-04-22 17:00:00,321.61696658623384
2226,2023-04-22 18:00:00,331.8356827605576
2227,2023-04-22 20:00:00,344.23902586860913
2228,2023-04-22 22:00:00,287.4020305943332
2229,2023-04-22 23:00:00,216.95225171969795
2230,2023-04-23 00:00:00,133.84146272534338
2231,2023-04-23 01:00:00,60.032013051731695
2232,2023-04-23 02:00:00,9.975450016785516
2233,2023-04-23 03:00:00,-17.82364983220566
2234,2023-04-23 04:00:00,-36.08325222766905
2235,2023-04-23 05:00:00,-55.16872204661118
2236,2023-04-23 06:00:00,-72.92592996738583
2237,2023-04-23 07:00:00,-76.91182905429642
2238,2023-04-23 08:00:00,-56.57090515653738
2239,2023-04-23 09:00:00,-14.009307332878876
2240,2023-04-23 10:00:00,36.2020681146696
2241,2023-04-23 11:00:00,77.40926506214343
2242,2023-04-23 12:00:00,101.74765875550949
2243,2023-04-23 13:00:00,112.46447580490161
2244,2023-04-23 14:00:00,117.43835857164844
2245,2023-04-23 15:00:00,121.50723296483386
2246,2023-04-23 16:00:00,124.72198177947193
2247,2023-04-23 17:00:00,126.19513943054841
2248,2023-04-23 18:00:00,127.13659348080255
2249,2023-04-23 19:00:00,128.37201862520405
2250,2023-04-23 20:00:00,124.99718900709273
2251,2023-04-23 21:00:00,105.51274128373467
2252,2023-04-23 22:00:00,59.1447515118721
2253,2023-04-23 23:00:00,-13.719553373121727
2254,2023-04-24 00:00:00,5.64160131166409
2255,2023-04-24 01:00:00,-67.84412640563713
2256,2023-04-24 02:00:00,-116.25728593712319
2257,2023-04-24 03:00:00,-141.141110372209
2258,2023-04-24 04:00:00,-155.27173965347782
2259,2023-04-24 05:00:00,-169.08233415640785
2260,2023-04-24 06:00:00,-180.4953434944023
2261,2023-04-24 07:00:00,-177.1521610295861
2262,2023-04-24 08:00:00,-148.58857920059563
2263,2023-04-24 09:00:00,-97.00786388450157
2264,2023-04-24 10:00:00,-37.082734018074376
2265,2023-04-24 11:00:00,14.427465465543378
2266,2023-04-24 12:00:00,49.55031625896473
2267,2023-04-24 13:00:00,71.42401632564304
2268,2023-04-24 14:00:00,87.81810853144904
2269,2023-04-24 15:00:00,103.4624939324357
2270,2023-04-24 16:00:00,118.30221875566745
2271,2023-04-24 17:00:00,131.3472383548014
2272,2023-04-24 18:00:00,143.7091316282972
2273,2023-04-24 19:00:00,156.12048040670786
2274,2023-04-24 20:00:00,163.59004947721644
2275,2023-04-24 21:00:00,154.53833045398193
2276,2023-04-24 22:00:00,118.1188045371349
2277,2023-04-24 23:00:00,54.65423811335009
2278,2023-04-25 00:00:00,-20.694152310756607
2279,2023-04-25 01:00:00,-86.03616384486136
2280,2023-04-25 02:00:00,-126.99469944879164
2281,2023-04-25 03:00:00,-145.14127302911135
2282,2023-04-25 04:00:00,-153.27092076839227
2283,2023-04-25 05:00:00,-161.82640773061027
2284,2023-04-25 06:00:00,-168.73070044875737
2285,2023-04-25 07:00:00,-161.61693162441372
2286,2023-04-25 08:00:00,-130.0042664619694
2287,2023-04-25 09:00:00,-76.07148203882409
2288,2023-04-25 10:00:00,-14.45953802809234
2289,2023-04-25 11:00:00,38.11058210094038
2290,2023-04-25 12:00:00,73.7106880951753
2291,2023-04-25 13:00:00,95.52828010863665
2292,2023-04-25 17:00:00,151.00928851155336
2293,2023-04-25 18:00:00,161.5051523083477
2294,2023-04-25 19:00:00,171.87083859606204
2295,2023-04-25 20:00:00,177.175403694784
2296,2023-04-25 21:00:00,165.89771929759354
2297,2023-04-25 22:00:00,127.24695743272125
2298,2023-04-25 23:00:00,61.59816559952239
2299,2023-04-26 00:00:00,-15.839222450095946
2300,2023-04-26 01:00:00,-83.13143034128362
2301,2023-04-26 02:00:00,-125.86292986325714
2302,2023-04-26 03:00:00,-145.57235762774388
2303,2023-04-26 04:00:00,-155.02774632944616
2304,2023-04-26 05:00:00,-164.65095638122582
2305,2023-04-26 06:00:00,-172.3502766457085
2306,2023-04-26 07:00:00,-165.7504197872403
2307,2023-04-26 08:00:00,-134.36832243747267
2308,2023-04-26 09:00:00,-80.38656361497814
2309,2023-04-26 10:00:00,-18.455683013963238
2310,2023-04-26 11:00:00,34.68831714583936
2311,2023-04-26 12:00:00,71.09720967352055
2312,2023-04-26 13:00:00,93.93393452722565
2313,2023-04-26 14:00:00,110.9930508723195
2314,2023-04-26 15:00:00,127.02949759841208
2315,2023-04-26 16:00:00,142.0131538210985
2316,2023-04-26 17:00:00,154.97840462642122
2317,2023-04-26 18:00:00,167.0606869903914
2318,2023-04-26 19:00:00,179.01573132863152
2319,2023-04-26 20:00:00,185.87463477014694
2320,2023-04-26 21:00:00,176.07932927549803
2321,2023-04-26 22:00:00,138.80379899163665
2322,2023-04-26 23:00:00,74.39035974099798
2323,2023-04-27 00:00:00,-1.981164462062054
2324,2023-04-27 01:00:00,-68.40286789376444
2325,2023-04-27 04:00:00,-139.05117957106262
2326,2023-04-27 05:00:00,-148.75112923954862
2327,2023-04-27 06:00:00,-156.7787299394526
2328,2023-04-27 07:00:00,-150.75296485480433
2329,2023-04-27 08:00:00,-120.17901672955011
2330,2023-04-27 09:00:00,-67.221715519942
2331,2023-04-27 10:00:00,-6.507982057978381
2332,2023-04-27 11:00:00,45.25544933735722
2333,2023-04-27 12:00:00,80.15495449474744
2334,2023-04-27 15:00:00,131.20316002217743
2335,2023-04-27 16:00:00,144.59901694576095
2336,2023-04-27 17:00:00,156.08393676807765
2337,2023-04-27 18:00:00,166.84853329616814
2338,2023-04-27 19:00:00,177.7048988861834
2339,2023-04-27 20:00:00,183.74062402990742
2340,2023-04-27 21:00:00,173.45340409964527
2341,2023-04-27 23:00:00,71.98856230001076
2342,2023-04-28 00:00:00,-3.5668888450821328
2343,2023-04-28 01:00:00,-68.64289186786792
2344,2023-04-28 02:00:00,-108.80629481246916
2345,2023-04-28 04:00:00,-131.71372574399373
2346,2023-04-28 05:00:00,-137.61822484042
2347,2023-04-28 06:00:00,-141.1886894407096
2348,2023-04-28 07:00:00,-130.03979880688925
2349,2023-04-28 08:00:00,-93.68087459477383
2350,2023-04-28 09:00:00,-34.28959958022753
2351,2023-04-28 10:00:00,33.485372865233785
2352,2023-04-28 11:00:00,92.90663957680941
2353,2023-04-28 12:00:00,136.02102637314007
2354,2023-04-28 14:00:00,190.57363498086107
2355,2023-04-28 15:00:00,214.53175256637735
2356,2023-04-28 16:00:00,237.8057864893814
2357,2023-04-28 17:00:00,259.4045252059499
2358,2023-04-28 18:00:00,280.43334428267974
2359,2023-04-28 19:00:00,301.61343533701654
2360,2023-04-28 20:00:00,317.93691440125593
2361,2023-04-28 22:00:00,290.336238874376
2362,2023-04-28 23:00:00,235.82922556816072
2363,2023-04-29 00:00:00,65.90105406020066
2364,2023-04-29 01:00:00,9.410141371341979
2365,2023-04-29 02:00:00,-22.816345063976826
2366,2023-04-29 03:00:00,-32.39869177780963
2367,2023-04-29 04:00:00,-32.183731852882744
2368,2023-04-29 05:00:00,-32.668468397986715
2369,2023-04-29 06:00:00,-31.831915736432222
2370,2023-04-29 07:00:00,-17.36439244894612
2371,2023-04-29 08:00:00,21.15731567336914
2372,2023-04-29 09:00:00,81.4971022901144
2373,2023-04-29 10:00:00,148.95770905554934
2374,2023-04-29 11:00:00,206.76362727432928
2375,2023-04-29 13:00:00,272.60949776279386
2376,2023-04-29 14:00:00,291.56638854164856
2377,2023-04-29 15:00:00,308.5518547691349
2378,2023-04-29 16:00:00,323.5352444179855
2379,2023-04-29 17:00:00,335.55814604163874
2380,2023-04-29 18:00:00,345.7707044386108
2381,2023-04-29 19:00:00,354.95054778017993
2382,2023-04-29 21:00:00,343.868417255383
2383,2023-04-29 22:00:00,301.2981998209356
2384,2023-04-29 23:00:00,230.8351492685437
2385,2023-04-30 00:00:00,147.70966445511965
2386,2023-04-30 01:00:00,73.88409475823065
2387,2023-04-30 02:00:00,23.80998759849794
2388,2023-04-30 05:00:00,-41.39535794230332
2389,2023-04-30 06:00:00,-59.175802031113534
2390,2023-04-30 07:00:00,-63.18635836070209
2391,2023-04-30 08:00:00,-42.87151166013231
2392,2023-04-30 09:00:00,-0.33740970773231993
2393,2023-04-30 10:00:00,49.84505265004458
2394,2023-04-30 11:00:00,91.02192092560628
2395,2023-04-30 12:00:00,115.32857215551337
2396,2023-04-30 13:00:00,126.01223492425845
2397,2023-04-30 15:00:00,134.98445682133513
2398,2023-04-30 16:00:00,138.16182945775338
2399,2023-04-30 17:00:00,139.59620872775176
2400,2023-04-30 18:00:00,140.4974850295098
2401,2023-04-30 19:00:00,141.6913360680777
2402,2023-04-30 20:00:00,138.27353917059975
2403,2023-04-30 21:00:00,118.74473435424379
2404,2023-04-30 22:00:00,72.33100120845512
2405,2023-04-30 23:00:00,-0.5804296263883657
2406,2023-05-01 00:00:00,18.732220417696567
2407,2023-05-01 01:00:00,-54.80338657538826
2408,2023-05-01 02:00:00,-103.2677957863066
2409,2023-05-01 03:00:00,-128.20423589898127
2410,2023-05-01 04:00:00,-142.38884227095465
2411,2023-05-01 05:00:00,-156.25477052379372
2412,2023-05-01 06:00:00,-167.72446533918827
2413,2023-05-01 07:00:00,-164.43931497174876
2414,2023-05-01 08:00:00,-135.93510657847662
2415,2023-05-01 09:00:00,-84.41510058005969
2416,2023-05-01 10:00:00,-24.552010282715315
2417,2023-05-01 11:00:00,26.894825187547212
2418,2023-05-01 12:00:00,61.95299350826426
2419,2023-05-01 13:00:00,83.7606987920943
2420,2023-05-01 15:00:00,115.6632754046672
2421,2023-05-01 16:00:00,130.43310719847648
2422,2023-05-01 17:00:00,143.40694782464212
2423,2023-05-01 18:00:00,155.69638320682998
2424,2023-05-01 19:00:00,168.03400237408988
2425,2023-05-01 22:00:00,129.80358193390924
2426,2023-05-01 23:00:00,66.26027446189875
2427,2023-05-02 00:00:00,-9.168090146799102
2428,2023-05-02 01:00:00,-74.5913007710619
2429,2023-05-02 02:00:00,-115.63225196820648
2430,2023-05-02 03:00:00,-133.86244907282094
2431,2023-05-02 04:00:00,-142.07691952141337
2432,2023-05-02 05:00:00,-150.71841946811062
2433,2023-05-02 06:00:00,-157.7099063630528
2434,2023-05-02 07:00:00,-150.68450365738542
2435,2023-05-02 08:00:00,-119.16136713651849
2436,2023-05-02 09:00:00,-65.31926429435839
2437,2023-05-02 10:00:00,-3.7991450503741078
2438,2023-05-02 11:00:00,48.67801704687528
2439,2023-05-02 12:00:00,84.18404182646458
2440,2023-05-02 13:00:00,105.9064396930276
2441,2023-05-02 14:00:00,121.66830221216682
2442,2023-05-02 16:00:00,149.6752921476218
2443,2023-05-02 17:00:00,160.9957529205888
2444,2023-05-02 18:00:00,171.39101738497885
2445,2023-05-02 19:00:00,181.6550563340352
2446,2023-05-02 20:00:00,186.85693747348418
2447,2023-05-02 22:00:00,136.72005977004446
2448,2023-05-02 23:00:00,70.96554401679103
2449,2023-05-03 00:00:00,-6.578557445437042
2450,2023-05-03 01:00:00,-73.97845606956693
2451,2023-05-03 02:00:00,-116.8186113166442
2452,2023-05-03 04:00:00,-146.20358412651674
2453,2023-05-03 05:00:00,-155.93826937311465
2454,2023-05-03 06:00:00,-163.7499789804079
2455,2023-05-03 07:00:00,-157.2634125230442
2456,2023-05-03 08:00:00,-125.995493392518
2457,2023-05-03 09:00:00,-72.12878722336671
2458,2023-05-03 10:00:00,-10.313820175689699
2459,2023-05-03 11:00:00,42.71341921032314
2460,2023-05-03 12:00:00,79.00471756751533
2461,2023-05-03 14:00:00,118.66292625602959
2462,2023-05-03 15:00:00,134.5793630047437
2463,2023-05-03 16:00:00,149.44223257921908
2464,2023-05-03 17:00:00,162.2859345969645
2465,2023-05-03 18:00:00,174.245920705774
2466,2023-05-03 19:00:00,186.07793612502275
2467,2023-05-03 20:00:00,192.8130929307259
2468,2023-05-03 21:00:00,182.89333815597553
2469,2023-05-03 22:00:00,145.49267115910254
2470,2023-05-03 23:00:00,80.95342310435205
2471,2023-05-04 00:00:00,4.455433477715076
2472,2023-05-04 01:00:00,-62.09337639674439
2473,2023-05-04 02:00:00,-104.29903506001256
2474,2023-05-04 03:00:00,-123.71694500595919
2475,2023-05-04 04:00:00,-133.1266955985164
2476,2023-05-04 05:00:00,-142.95615724177972
2477,2023-05-04 06:00:00,-151.11383104281356
2478,2023-05-04 07:00:00,-145.21868383719908
2479,2023-05-04 08:00:00,-114.77588190859649
2480,2023-05-04 09:00:00,-61.95023862003197
2481,2023-05-04 10:00:00,-1.3686581115054821
2482,2023-05-04 11:00:00,50.2621421150898
2483,2023-05-04 12:00:00,85.02855481462842
2484,2023-05-04 13:00:00,106.13307148833812
2485,2023-05-04 14:00:00,121.41424576740097
2486,2023-05-04 15:00:00,135.6748862049645
2487,2023-05-04 16:00:00,148.93597701982148
2488,2023-05-04 17:00:00,160.28554015429478
2489,2023-05-04 18:00:00,170.91442261650175
2490,2023-05-04 19:00:00,181.63473443952535
2491,2023-05-04 20:00:00,187.5340838965373
2492,2023-05-04 22:00:00,139.59119788425014
2493,2023-05-04 23:00:00,75.37114283787088
2494,2023-05-05 00:00:00,-39.16461563666931
2495,2023-05-05 01:00:00,-104.37833386662436
2496,2023-05-05 02:00:00,-144.67966524600223
2497,2023-05-05 03:00:00,-161.5905440845024
2498,2023-05-05 04:00:00,-167.86351890027902
2499,2023-05-05 05:00:00,-173.9064751516336
2500,2023-05-05 06:00:00,-177.61553587515965
2501,2023-05-05 07:00:00,-166.60536155570412
2502,2023-05-05 08:00:00,-130.3852549996963
2503,2023-05-05 09:00:00,-71.13288004611871
2504,2023-05-05 10:00:00,-3.4968710597784423
2505,2023-05-05 11:00:00,55.785387878401195
2506,2023-05-05 12:00:00,98.76074174084863
2507,2023-05-05 13:00:00,128.5834210510323
2508,2023-05-05 14:00:00,153.0352859798506
2509,2023-05-05 15:00:00,176.85441078783214
2510,2023-05-05 16:00:00,199.9895040864427
2511,2023-05-05 17:00:00,221.44937382093445
2512,2023-05-05 18:00:00,242.33941511477556
2513,2023-05-05 20:00:00,279.5657817546524
2514,2023-05-05 21:00:00,279.29285568554343
2515,2023-05-05 22:00:00,251.6885036078144
2516,2023-05-05 23:00:00,197.04346378937308
2517,2023-05-06 00:00:00,65.82029915733216
2518,2023-05-06 01:00:00,9.191799259138065
2519,2023-05-06 02:00:00,-23.172024799825266
2520,2023-05-06 03:00:00,-32.89143953207113
2521,2023-05-06 04:00:00,-32.81325796630085
2522,2023-05-06 05:00:00,-33.43446311303774
2523,2023-05-06 06:00:00,-32.73404916068549
2524,2023-05-06 07:00:00,-18.40231451963166
2525,2023-05-06 08:00:00,19.98397522269005
2526,2023-05-06 09:00:00,80.18873396017021
2527,2023-05-06 10:00:00,147.514723613013
2528,2023-05-06 11:00:00,205.1864557757546
2529,2023-05-06 12:00:00,245.22374538958297
2530,2023-05-06 13:00:00,270.7653286142437
2531,2023-05-06 14:00:00,289.58944850118166
2532,2023-05-06 15:00:00,306.4426562901341
2533,2023-05-06 16:00:00,321.29432035368455
2534,2023-05-06 17:00:00,333.1860496544733
2535,2023-05-06 18:00:00,343.26800941614755
2536,2023-05-06 20:00:00,355.3953776439297
2537,2023-05-06 21:00:00,340.97757283449505
2538,2023-05-06 22:00:00,298.27925593090333
2539,2023-05-06 23:00:00,227.68878183219715
2540,2023-05-07 00:00:00,144.43656984983193
2541,2023-05-07 01:00:00,70.48498981400586
2542,2023-05-07 02:00:00,20.285609592718288
2543,2023-05-07 03:00:00,-7.656973561629144
2544,2023-05-07 04:00:00,-26.060704506814034
2545,2023-05-07 05:00:00,-45.29092709241178
2546,2023-05-07 06:00:00,-63.193490813862496
2547,2023-05-07 07:00:00,-67.32532739885681
2548,2023-05-07 08:00:00,-47.13090120104775
2549,2023-05-07 09:00:00,-4.716339645994225
2550,2023-05-07 11:00:00,86.40663184337623
2551,2023-05-07 12:00:00,110.59650491512436
2552,2023-05-07 14:00:00,125.9888342920246
2553,2023-05-07 15:00:00,129.90790374612854
2554,2023-05-07 16:00:00,132.97246462634718
2555,2023-05-07 17:00:00,134.2950741321419
2556,2023-05-07 18:00:00,135.08564274532773
2557,2023-05-07 19:00:00,136.16986821090555
2558,2023-05-07 20:00:00,132.64354785313674
2559,2023-05-07 21:00:00,113.00734164088786
2560,2023-05-07 22:00:00,66.48734906603818
2561,2023-05-07 23:00:00,-6.5291793763085195
2562,2023-05-08 00:00:00,12.679554682599417
2563,2023-05-08 01:00:00,-60.958766926740935
2564,2023-05-08 02:00:00,-109.52466969537983
2565,2023-05-08 03:00:00,-134.56136267439692
2566,2023-05-08 04:00:00,-148.84496165404852
2567,2023-05-08 05:00:00,-162.80860274618507
2568,2023-05-08 06:00:00,-174.3747111908012
2569,2023-05-08 07:00:00,-171.18465586778657
2570,2023-05-08 08:00:00,-142.77420462926437
2571,2023-05-08 09:00:00,-91.34659866290392
2572,2023-05-08 10:00:00,-31.574532113938744
2573,2023-05-08 11:00:00,19.78267497332419
2574,2023-05-08 13:00:00,76.47355385132701
2575,2023-05-08 14:00:00,92.715016720793
2576,2023-05-08 15:00:00,108.20694421123234
2577,2023-05-08 16:00:00,122.89440789713306
2578,2023-05-08 17:00:00,135.7873885674854
2579,2023-05-08 18:00:00,147.99749063711715
2580,2023-05-08 19:00:00,160.2573215370633
2581,2023-05-08 20:00:00,167.57567172672464
2582,2023-05-08 22:00:00,121.80298910707718
2583,2023-05-08 23:00:00,58.18825559666661
2584,2023-05-09 00:00:00,-17.309899477371403
2585,2023-05-09 01:00:00,-82.80124719704583
2586,2023-05-09 02:00:00,-123.90866442928441
2587,2023-05-09 04:00:00,-150.48118066405834
2588,2023-05-09 05:00:00,-159.18402843184114
2589,2023-05-09 06:00:00,-166.23512244144743
2590,2023-05-09 07:00:00,-159.26756902474656
2591,2023-05-09 08:00:00,-127.8005069610586
2592,2023-05-09 09:00:00,-74.01268686389596
2593,2023-05-09 10:00:00,-12.545041895236835
2594,2023-05-09 11:00:00,39.88147102743653
2595,2023-05-09 12:00:00,75.33868824114636
2596,2023-05-09 14:00:00,112.73092368451987
2597,2023-05-09 15:00:00,127.2758797677032
2598,2023-05-09 16:00:00,140.6534498899743
2599,2023-05-09 17:00:00,151.934554104883
2600,2023-05-09 18:00:00,162.29239986024137
2601,2023-05-09 19:00:00,172.5209735100599
2602,2023-05-09 20:00:00,177.68935817294448
2603,2023-05-09 21:00:00,166.27645235906624
2604,2023-05-09 23:00:00,61.70944021092464
2605,2023-05-10 00:00:00,-15.860131202141702
2606,2023-05-10 01:00:00,-83.28345607642825
2607,2023-05-10 02:00:00,-126.14497935758408
2608,2023-05-10 03:00:00,-145.98331081073195
2609,2023-05-10 04:00:00,-155.56645628887753
2610,2023-05-10 05:00:00,-165.3162493668332
2611,2023-05-10 06:00:00,-173.14095208120037
2612,2023-05-10 07:00:00,-166.66525028459975
2613,2023-05-10 08:00:00,-135.40605380493983
2614,2023-05-10 09:00:00,-81.54591488326707
2615,2023-05-10 10:00:00,-19.735346456336202
2616,2023-05-10 11:00:00,33.28967600266074
2617,2023-05-10 12:00:00,69.58095200632464
2618,2023-05-10 14:00:00,109.24575039129991
2619,2023-05-10 16:00:00,140.04057500408766
2620,2023-05-10 17:00:00,152.89541474275674
2621,2023-05-10 18:00:00,164.86880678456376
2622,2023-05-10 19:00:00,176.71650799715093
2623,2023-05-10 20:00:00,183.46964191392482
2624,2023-05-10 21:00:00,173.5701668451144
2625,2023-05-10 23:00:00,71.67776315987432
2626,2023-05-11 00:00:00,-4.792973195072875
2627,2023-05-11 01:00:00,-71.31218398034682
2628,2023-05-11 02:00:00,-113.48588740822362
2629,2023-05-11 03:00:00,-132.86947584069722
2630,2023-05-11 04:00:00,-142.2425287022933
2631,2023-05-11 05:00:00,-152.03290665490755
2632,2023-05-11 06:00:00,-160.1491012604158
2633,2023-05-11 07:00:00,-154.21007001236555
2634,2023-05-11 08:00:00,-123.72097004755452
2635,2023-05-11 09:00:00,-70.84660578798272
2636,2023-05-11 10:00:00,-10.213872634835838
2637,2023-05-11 11:00:00,41.470520444254674
2638,2023-05-11 12:00:00,76.2929745328951
2639,2023-05-11 14:00:00,112.7981261529062
2640,2023-05-11 15:00:00,127.12220148621161
2641,2023-05-11 16:00:00,140.4492069678495
2642,2023-05-11 17:00:00,151.8671718207852
2643,2023-05-11 18:00:00,162.5669501230623
2644,2023-05-11 19:00:00,173.3606587621723
2645,2023-05-11 20:00:00,179.33591265421637
2646,2023-05-11 22:00:00,131.55238384611374
2647,2023-05-11 23:00:00,67.41579376414833
2648,2023-05-12 00:00:00,-8.191144034889845
2649,2023-05-12 01:00:00,-73.31632772911533
2650,2023-05-12 02:00:00,-113.52658168311297
2651,2023-05-12 03:00:00,-130.34383510048025
2652,2023-05-12 04:00:00,-136.52063161191595
2653,2023-05-12 05:00:00,-142.46485201787817
2654,2023-05-12 06:00:00,-146.07261491621998
2655,2023-05-12 07:00:00,-134.9585765813871
2656,2023-05-12 08:00:00,-98.63203583394917
2657,2023-05-12 09:00:00,-39.2706527582786
2658,2023-05-12 10:00:00,28.476941811783774
2659,2023-05-12 11:00:00,87.87336709866823
2660,2023-05-12 12:00:00,130.9654711438941
2661,2023-05-12 14:00:00,185.48127839047459
2662,2023-05-12 15:00:00,209.42492101508637
2663,2023-05-12 16:00:00,232.68712594385082
2664,2023-05-12 17:00:00,254.27670303960616
2665,2023-05-12 18:00:00,275.2990491065521
2666,2023-05-12 19:00:00,296.4753768151195
2667,2023-05-12 20:00:00,312.7978230833845
2668,2023-05-12 21:00:00,312.6650017716876
2669,2023-05-12 22:00:00,285.20394167151414
2670,2023-05-12 23:00:00,230.70479600663143
2671,2023-05-13 00:00:00,60.787304281141786
2672,2023-05-13 01:00:00,4.309903463165625
2673,2023-05-13 02:00:00,-27.900219233171327
2674,2023-05-13 03:00:00,-37.46333076700918
2675,2023-05-13 04:00:00,-37.22624484296131
2676,2023-05-13 05:00:00,-37.68594539092166
2677,2023-05-13 06:00:00,-36.82142775573723
2678,2023-05-13 07:00:00,-22.32299174217377
2679,2023-05-13 08:00:00,16.23259542799869
2680,2023-05-13 09:00:00,76.6092457743125
2681,2023-05-13 10:00:00,144.10971910269737
2682,2023-05-13 11:00:00,201.95852465737076
2683,2023-05-13 12:00:00,242.17547478253582
2684,2023-05-13 13:00:00,267.89930280537106
2685,2023-05-13 14:00:00,286.9082487032641
2686,2023-05-13 15:00:00,303.9488604024475
2687,2023-05-13 16:00:00,318.9905027172316
2688,2023-05-13 17:00:00,331.07478081723
2689,2023-05-13 18:00:00,341.3518558886019
2690,2023-05-13 19:00:00,350.59937225939154
2691,2023-05-13 21:00:00,339.6621203236293
2692,2023-05-13 23:00:00,226.78654438784994
2693,2023-05-14 00:00:00,143.74474853780038
2694,2023-05-14 01:00:00,70.00611615374812
2695,2023-05-14 02:00:00,20.022209143422288
2696,2023-05-14 03:00:00,-7.702381441001961
2697,2023-05-14 04:00:00,-25.88560689484538
2698,2023-05-14 05:00:00,-44.89281774760218
2699,2023-05-14 06:00:00,-62.56987041436062
2700,2023-05-14 07:00:00,-66.47370377688165
2701,2023-05-14 08:00:00,-46.04878958513697
2702,2023-05-14 09:00:00,-3.401262898321562
2703,2023-05-14 10:00:00,46.89799390943088
2704,2023-05-14 11:00:00,88.19503854408501
2705,2023-05-14 12:00:00,112.6252599820746
2706,2023-05-14 13:00:00,123.43589848291492
2707,2023-05-14 14:00:00,128.5056099592461
2708,2023-05-14 15:00:00,132.6723337738294
2709,2023-05-14 16:00:00,135.9869660805273
2710,2023-05-14 17:00:00,137.5620545528778
2711,2023-05-14 19:00:00,139.94898992016917
2712,2023-05-14 23:00:00,-1.697329590756766
2713,2023-05-15 00:00:00,17.78044994421424
2714,2023-05-15 01:00:00,-55.586503222734024
2715,2023-05-15 02:00:00,-103.87872619167612
2716,2023-05-15 03:00:00,-128.63943984982234
2717,2023-05-15 04:00:00,-142.64477205302933
2718,2023-05-15 05:00:00,-156.32787120404402
2719,2023-05-15 06:00:00,-167.61117506019247
2720,2023-05-15 07:00:00,-164.13606524157163
2721,2023-05-15 08:00:00,-135.4383225686878
2722,2023-05-15 09:00:00,-83.72120141596116
2723,2023-05-15 10:00:00,-23.65740934041264
2724,2023-05-15 11:00:00,27.9937199813198
2725,2023-05-15 12:00:00,63.259779379800534
2726,2023-05-15 15:00:00,117.61536490759707
2727,2023-05-15 16:00:00,132.60752221341338
2728,2023-05-15 17:00:00,145.80730682885087
2729,2023-05-15 18:00:00,158.3263080184982
2730,2023-05-15 19:00:00,170.89711784532665
2731,2023-05-15 21:00:00,169.64098965002637
2732,2023-05-15 22:00:00,133.38804423523712
2733,2023-05-15 23:00:00,70.0924510231025
2734,2023-05-16 00:00:00,-5.084563919137622
2735,2023-05-16 01:00:00,-70.25278828823178
2736,2023-05-16 02:00:00,-111.03511578107378
2737,2023-05-16 03:00:00,-129.0030511677591
2738,2023-05-16 04:00:00,-136.951621644307
2739,2023-05-16 05:00:00,-145.32358343468744
2740,2023-05-16 06:00:00,-152.04189437395047
2741,2023-05-16 07:00:00,-144.73967861404353
2742,2023-05-16 08:00:00,-112.93609295727765
2743,2023-05-16 09:00:00,-58.80990622718224
2744,2023-05-16 10:00:00,2.99793000585629
2745,2023-05-16 11:00:00,55.766440225756696
2746,2023-05-16 12:00:00,91.56744197963566
2747,2023-05-16 13:00:00,113.58844306858383
2748,2023-05-16 14:00:00,129.65253213558935
2749,2023-05-16 15:00:00,144.54651987465843
2750,2023-05-16 16:00:00,158.27483186690577
2751,2023-05-16 17:00:00,169.90836844764777
2752,2023-05-16 18:00:00,180.6203171663119
2753,2023-05-16 20:00:00,196.73041270467596
2754,2023-05-16 21:00:00,185.67650046512722
2755,2023-05-16 22:00:00,147.2520858296199
2756,2023-05-16 23:00:00,81.83222235784505
2757,2023-05-17 00:00:00,4.6263496821823935
2758,2023-05-17 01:00:00,-62.43175008132695
2759,2023-05-17 02:00:00,-104.9265431626379
2760,2023-05-17 03:00:00,-124.39666078478925
2761,2023-05-17 04:00:00,-133.61013041342073
2762,2023-05-17 05:00:00,-142.98880740378982
2763,2023-05-17 06:00:00,-150.44097573128965
2764,2023-05-17 07:00:00,-143.59134334667183
2765,2023-05-17 08:00:00,-111.95684233432115
2766,2023-05-17 09:00:00,-57.7200473426395
2767,2023-05-17 10:00:00,4.4685061295050446
2768,2023-05-17 11:00:00,57.87281989412148
2769,2023-05-17 12:00:00,94.5446706019328
2770,2023-05-17 13:00:00,117.64700188630852
2771,2023-05-17 14:00:00,134.97437640835398
2772,2023-05-17 15:00:00,151.2817363755783
2773,2023-05-17 16:00:00,166.5389640460726
2774,2023-05-17 17:00:00,179.78044746469135
2775,2023-05-17 19:00:00,204.37823383644658
2776,2023-05-17 20:00:00,211.52136935520053
2777,2023-05-17 22:00:00,165.02701339640737
2778,2023-05-17 23:00:00,100.90582581708799
2779,2023-05-18 00:00:00,24.829230102130737
2780,2023-05-18 01:00:00,-41.294866521556884
2781,2023-05-18 02:00:00,-83.0725070074551
2782,2023-05-18 03:00:00,-102.05910857180973
2783,2023-05-18 04:00:00,-111.03427561848801
2784,2023-05-18 05:00:00,-120.42589389475833
2785,2023-05-18 06:00:00,-128.14248016496052
2786,2023-05-18 07:00:00,-121.80301723264904
2787,2023-05-18 08:00:00,-90.91268765311875
2788,2023-05-18 09:00:00,-37.63632137259478
2789,2023-05-18 10:00:00,23.399160581588887
2790,2023-05-18 11:00:00,75.48702350973583
2791,2023-05-18 12:00:00,110.71364267721245
2792,2023-05-18 13:00:00,132.28149177616376
2793,2023-05-18 14:00:00,148.02910633633735
2794,2023-05-18 15:00:00,162.7592765031477
2795,2023-05-18 16:00:00,176.49296779476842
2796,2023-05-18 17:00:00,188.31818314442052
2797,2023-05-18 18:00:00,199.42575025969023
2798,2023-05-18 19:00:00,210.6277595729322
2799,2023-05-18 20:00:00,217.0117994647199
2800,2023-05-18 21:00:00,207.07556299275365
2801,2023-05-18 23:00:00,106.32068401933884
2802,2023-05-19 00:00:00,31.124206644289785
2803,2023-05-19 01:00:00,-33.59016510132014
2804,2023-05-19 02:00:00,-73.38928255281539
2805,2023-05-19 03:00:00,-89.79510194284313
2806,2023-05-19 04:00:00,-95.56019400031082
2807,2023-05-19 05:00:00,-101.09246667706901
2808,2023-05-19 06:00:00,-104.2880657835928
2809,2023-05-19 07:00:00,-92.7616748584955
2810,2023-05-19 08:00:00,-56.02262003951273
2811,2023-05-19 09:00:00,3.7514112214833233
2812,2023-05-19 10:00:00,71.9117606775122
2813,2023-05-19 11:00:00,131.7210200910813
2814,2023-05-19 12:00:00,175.22601000298886
2815,2023-05-19 13:00:00,205.58093623850172
2816,2023-05-19 14:00:00,230.5676340021635
2817,2023-05-19 15:00:00,254.92415231883606
2818,2023-05-19 16:00:00,278.5991743016169
2819,2023-05-19 18:00:00,322.0364449199363
2820,2023-05-19 19:00:00,343.6252475973353
2821,2023-05-19 21:00:00,360.63928621557955
2822,2023-05-19 23:00:00,279.5014231155032
2823,2023-05-20 00:00:00,109.99469578516488
2824,2023-05-20 01:00:00,53.927750971953486
2825,2023-05-20 02:00:00,22.12774805213155
2826,2023-05-20 03:00:00,12.974392222468481
2827,2023-05-20 04:00:00,13.620841934486407
2828,2023-05-20 05:00:00,13.570085413492905
2829,2023-05-20 06:00:00,14.843099470360613
2830,2023-05-20 07:00:00,29.74955645807168
2831,2023-05-20 08:00:00,68.7126613293286
2832,2023-05-20 09:00:00,129.49629827537134
2833,2023-05-20 10:00:00,197.4031992925604
2834,2023-05-20 11:00:00,255.6578458269799
2835,2023-05-20 13:00:00,322.40843471701277
2836,2023-05-20 14:00:00,341.8212948751533
2837,2023-05-20 15:00:00,359.2651231346251
2838,2023-05-20 16:00:00,374.70925662193986
2839,2023-05-20 17:00:00,387.19527284822493
2840,2023-05-20 18:00:00,397.87330537194737
2841,2023-05-20 19:00:00,407.5209709314872
2842,2023-05-20 20:00:00,411.19804895544746
2843,2023-05-20 21:00:00,397.3814823897432
2844,2023-05-20 22:00:00,355.28606087541345
2845,2023-05-20 23:00:00,285.3001066392725
2846,2023-05-21 00:00:00,202.65400612822725
2847,2023-05-21 01:00:00,129.3100961183688
2848,2023-05-21 02:00:00,79.7199112319255
2849,2023-05-21 03:00:00,52.38801528925791
2850,2023-05-21 04:00:00,34.596429820255736
2851,2023-05-21 05:00:00,15.979777179396763
2852,2023-05-21 06:00:00,-1.307826102719872
2853,2023-05-21 07:00:00,-4.823345903213948
2854,2023-05-21 08:00:00,15.988719103988643
2855,2023-05-21 09:00:00,59.022207005359434
2856,2023-05-21 10:00:00,109.70620863359476
2857,2023-05-21 11:00:00,151.38675498055096
2858,2023-05-21 12:00:00,176.19920838739893
2859,2023-05-21 13:00:00,187.3907825510803
2860,2023-05-21 14:00:00,192.8401069010452
2861,2023-05-21 15:00:00,197.38509440339487
2862,2023-05-21 16:00:00,201.07661489744146
2863,2023-05-21 17:00:00,203.027189829804
2864,2023-05-21 18:00:00,204.44669378710628
2865,2023-05-21 19:00:00,206.1607884768993
2866,2023-05-21 20:00:00,203.26523504785732
2867,2023-05-21 21:00:00,184.2606571527938
2868,2023-05-21 23:00:00,65.98983103003471
2869,2023-05-22 00:00:00,85.83255838650634
2870,2023-05-22 01:00:00,12.828944913973999
2871,2023-05-22 02:00:00,-35.101571826098535
2872,2023-05-22 03:00:00,-59.5022379515772
2873,2023-05-22 04:00:00,-73.14920643436523
2874,2023-05-22 05:00:00,-86.47565067929017
2875,2023-05-22 06:00:00,-97.40403332811056
2876,2023-05-22 07:00:00,-93.57576076985086
2877,2023-05-22 08:00:00,-64.52663846814957
2878,2023-05-22 09:00:00,-12.459945320546808
2879,2023-05-22 10:00:00,47.95158671881151
2880,2023-05-22 11:00:00,99.94859970247254
2881,2023-05-22 12:00:00,135.55866232573285
2882,2023-05-22 13:00:00,157.91995954548503
2883,2023-05-22 14:00:00,174.80202123769888
2884,2023-05-22 15:00:00,190.9347354794031
2885,2023-05-22 16:00:00,206.26313552197752
2886,2023-05-22 17:00:00,219.79716375517495
2887,2023-05-22 18:00:00,232.64838612720956
2888,2023-05-22 19:00:00,245.5493715291265
2889,2023-05-22 20:00:00,253.50887181783372
2890,2023-05-22 21:00:00,244.94736569719268
2891,2023-05-22 22:00:00,209.01832146589132
2892,2023-05-22 23:00:00,146.04449262039077
2893,2023-05-23 00:00:00,71.18708280663854
2894,2023-05-23 01:00:00,6.336282062284965
2895,2023-05-23 02:00:00,-34.13082541531162
2896,2023-05-23 03:00:00,-51.785766345404625
2897,2023-05-23 04:00:00,-59.42358970520431
2898,2023-05-23 05:00:00,-67.48707334321418
2899,2023-05-23 06:00:00,-73.89919654723676
2900,2023-05-23 07:00:00,-66.29310475692097
2901,2023-05-23 08:00:00,-34.18797589185348
2902,2023-05-23 09:00:00,20.2374002757943
2903,2023-05-23 10:00:00,82.3420514030951
2904,2023-05-23 11:00:00,135.40498137723085
2905,2023-05-23 12:00:00,171.49798732112146
2906,2023-05-23 13:00:00,193.80855679336176
2907,2023-05-23 14:00:00,210.15975837388063
2908,2023-05-23 15:00:00,225.33838287698921
2909,2023-05-23 16:00:00,239.34883618171958
2910,2023-05-23 17:00:00,251.26199911550475
2911,2023-05-23 18:00:00,262.2510399003959
2912,2023-05-23 19:00:00,273.10990567372244
2913,2023-05-23 20:00:00,278.90764035381903
2914,2023-05-23 21:00:00,268.1231032624511
2915,2023-05-23 22:00:00,229.96545409017102
2916,2023-05-23 23:00:00,164.80972802717105
2917,2023-05-24 00:00:00,87.86534654005933
2918,2023-05-24 01:00:00,21.06607377178787
2919,2023-05-24 02:00:00,-21.172574279798823
2920,2023-05-24 03:00:00,-40.38924640954079
2921,2023-05-24 04:00:00,-49.35198744856578
2922,2023-05-24 05:00:00,-58.482669918639004
2923,2023-05-24 06:00:00,-65.6895947547599
2924,2023-05-24 07:00:00,-58.597486657508796
2925,2023-05-24 08:00:00,-26.72329425531018
2926,2023-05-24 09:00:00,27.75039146515823
2927,2023-05-24 10:00:00,90.17301889089983
2928,2023-05-24 11:00:00,143.80857391699243
2929,2023-05-24 12:00:00,180.70881749679586
2930,2023-05-24 13:00:00,204.0366777817768
2931,2023-05-24 14:00:00,221.58670217026935
2932,2023-05-24 15:00:00,238.1138178186731
2933,2023-05-24 16:00:00,253.58789215381614
2934,2023-05-24 17:00:00,267.04329861264193
2935,2023-05-24 18:00:00,279.6154625635081
2936,2023-05-24 19:00:00,292.0601028556139
2937,2023-05-24 20:00:00,299.40830509362587
2938,2023-05-24 21:00:00,290.101989756257
2939,2023-05-24 22:00:00,253.31512955146246
2940,2023-05-24 23:00:00,189.39002890596456
2941,2023-05-25 00:00:00,113.50650048198368
2942,2023-05-25 01:00:00,47.572438694890224
2943,2023-05-25 02:00:00,5.981788010041242
2944,2023-05-25 03:00:00,-12.82088114099659
2945,2023-05-25 04:00:00,-21.615185276780835
2946,2023-05-25 05:00:00,-30.82902203478855
2947,2023-05-25 06:00:00,-38.370919830630726
2948,2023-05-25 07:00:00,-31.85987288637517
2949,2023-05-25 08:00:00,-0.8010749401979638
2950,2023-05-25 09:00:00,52.64063311293617
2951,2023-05-25 10:00:00,113.83831953535669
2952,2023-05-25 11:00:00,166.0852391571317
2953,2023-05-25 12:00:00,201.46775700610945
2954,2023-05-25 13:00:00,223.18833678041918
2955,2023-05-25 14:00:00,239.0855042539963
2956,2023-05-25 15:00:00,253.96204006044854
2957,2023-05-25 16:00:00,267.83890043919064
2958,2023-05-25 17:00:00,279.8040792955899
2959,2023-05-25 18:00:00,291.04839554665074
2960,2023-05-25 19:00:00,302.3839310806942
2961,2023-05-25 20:00:00,308.8982659738034
2962,2023-05-25 21:00:00,299.0890852266834
2963,2023-05-25 22:00:00,262.1845229768767
2964,2023-05-25 23:00:00,198.57856886647147
2965,2023-05-26 00:00:00,123.4993834914215
2966,2023-05-26 01:00:00,58.899034689782695
2967,2023-05-26 02:00:00,19.2106642998327
2968,2023-05-26 03:00:00,2.9123095048232983
2969,2023-05-26 04:00:00,-2.748606757765458
2970,2023-05-26 05:00:00,-8.17999852561448
2971,2023-05-26 06:00:00,-11.278017448835413
2972,2023-05-26 07:00:00,0.3426473471587883
2973,2023-05-26 08:00:00,37.1726643795387
2974,2023-05-26 09:00:00,97.03434110832765
2975,2023-05-26 10:00:00,165.27901444259308
2976,2023-05-26 11:00:00,225.16927155189546
2977,2023-05-26 12:00:00,268.75192863350355
2978,2023-05-26 13:00:00,299.1811874208778
2979,2023-05-26 14:00:00,324.23887927423954
2980,2023-05-26 15:00:00,348.66304962593233
2981,2023-05-26 16:00:00,372.4023782464377
2982,2023-05-26 17:00:00,394.46564422719973
2983,2023-05-26 18:00:00,415.95821382886254
2984,2023-05-26 19:00:00,437.60126939791684
2985,2023-05-26 20:00:00,454.3869177624025
2986,2023-05-26 21:00:00,454.71374291833774
2987,2023-05-26 22:00:00,427.70815860085565
2988,2023-05-26 23:00:00,373.660874193244
2989,2023-05-27 00:00:00,286.12905032903683
2990,2023-05-27 01:00:00,230.0961944694747
2991,2023-05-27 02:00:00,198.32691544898935
2992,2023-05-27 03:00:00,189.20091787393153
2993,2023-05-27 04:00:00,189.87135985533166
2994,2023-05-27 05:00:00,189.84122952760498
2995,2023-05-27 06:00:00,191.13150385820694
2996,2023-05-27 07:00:00,206.0518556115466
2997,2023-05-27 08:00:00,245.02549038967595
2998,2023-05-27 09:00:00,305.8162932915652
2999,2023-05-27 10:00:00,373.72699745997784
3000,2023-05-27 11:00:00,431.98208575149454
3001,2023-05-27 12:00:00,472.6013443687283
3002,2023-05-27 13:00:00,498.7234807739802
3003,2023-05-27 14:00:00,518.1273980858301
3004,2023-05-27 15:00:00,535.5589300196324
3005,2023-05-27 16:00:00,550.9874163326077
3006,2023-05-27 17:00:00,563.4544374109778
3007,2023-05-27 18:00:00,574.1101299342309
3008,2023-05-27 19:00:00,583.7321140021845
3009,2023-05-27 20:00:00,587.3801726538471
3010,2023-05-27 21:00:00,573.5312526818425
3011,2023-05-27 22:00:00,531.4001478201358
3012,2023-05-27 23:00:00,461.37518462892217
3013,2023-05-28 00:00:00,296.7493038294459
3014,2023-05-28 01:00:00,223.35974760999508
3015,2023-05-28 02:00:00,173.7206053477257
3016,2023-05-28 03:00:00,146.3364461542138
3017,2023-05-28 04:00:00,128.48929708914108
3018,2023-05-28 05:00:00,109.81378627510425
3019,2023-05-28 06:00:00,92.46403624350114
3020,2023-05-28 07:00:00,88.88308735948026
3021,2023-05-28 08:00:00,109.62644741747714
3022,2023-05-28 09:00:00,152.58796121609944
3023,2023-05-28 10:00:00,203.19672652610132
3024,2023-05-28 11:00:00,244.7987815098029
3025,2023-05-28 12:00:00,269.5294959160682
3026,2023-05-28 13:00:00,280.636091071153
3027,2023-05-28 14:00:00,285.99720426911347
3028,2023-05-28 15:00:00,290.4507565639375
3029,2023-05-28 16:00:00,294.04762611497813
3030,2023-05-28 17:00:00,295.9003429135819
3031,2023-05-28 18:00:00,297.2187903131005
3032,2023-05-28 19:00:00,298.8286390139672
3033,2023-05-28 20:00:00,295.82565938223433
3034,2023-05-28 21:00:00,276.71048450818245
3035,2023-05-28 22:00:00,230.70918709726425
3036,2023-05-28 23:00:00,158.20899094917692
3037,2023-05-29 00:00:00,234.46527952323697
3038,2023-05-29 01:00:00,161.3384847371933
3039,2023-05-29 02:00:00,113.28166638016869
3040,2023-05-29 03:00:00,88.75158908170513
3041,2023-05-29 04:00:00,74.97211082261153
3042,2023-05-29 05:00:00,61.51006937090935
3043,2023-05-29 06:00:00,50.44301346329354
3044,2023-05-29 07:00:00,54.12954830121075
3045,2023-05-29 08:00:00,83.03388021899981
3046,2023-05-29 09:00:00,134.9527423232027
3047,2023-05-29 10:00:00,195.21341487170386
3048,2023-05-29 11:00:00,247.05655232985197
3049,2023-05-29 12:00:00,282.50973601023566
3050,2023-05-29 13:00:00,304.7111636886361
3051,2023-05-29 14:00:00,321.4303782605192
3052,2023-05-29 15:00:00,337.3972810166757
3053,2023-05-29 16:00:00,352.5569186250751
3054,2023-05-29 17:00:00,365.9192470825694
3055,2023-05-29 18:00:00,378.5958461416817
3056,2023-05-29 19:00:00,391.3192986880556
3057,2023-05-29 20:00:00,399.0983707652191
3058,2023-05-29 21:00:00,390.3535554517281
3059,2023-05-29 22:00:00,354.2383356099512
3060,2023-05-29 23:00:00,291.07547948630605
3061,2023-05-30 00:00:00,159.49259396453903
3062,2023-05-30 01:00:00,94.44710758658837
3063,2023-05-30 02:00:00,53.78250815885471
3064,2023-05-30 03:00:00,35.92728443878758
3065,2023-05-30 04:00:00,28.086403101408052
3066,2023-05-30 05:00:00,19.817102131994773
3067,2023-05-30 06:00:00,13.19641824821582
3068,2023-05-30 07:00:00,20.59122218958251
3069,2023-05-30 08:00:00,52.482352388857976
3070,2023-05-30 09:00:00,106.69103559098616
3071,2023-05-30 10:00:00,168.5763161416858
3072,2023-05-30 11:00:00,221.41721478056874
3073,2023-05-30 12:00:00,257.2855456479731
3074,2023-05-30 13:00:00,279.3688134821196
3075,2023-05-30 14:00:00,295.4901042042335
3076,2023-05-30 15:00:00,310.436226123384
3077,2023-05-30 16:00:00,324.2116027788917
3078,2023-05-30 17:00:00,335.8871328043726
3079,2023-05-30 18:00:00,346.63600238772585
3080,2023-05-30 19:00:00,357.25217677994885
3081,2023-05-30 20:00:00,362.8047181632105
3082,2023-05-30 21:00:00,351.77250427124886
3083,2023-05-30 22:00:00,313.36471334994724
3084,2023-05-30 23:00:00,247.95639929180953
3085,2023-05-31 00:00:00,170.7570024050132
3086,2023-05-31 01:00:00,103.70030581431106
3087,2023-05-31 02:00:00,61.201844636121635
3088,2023-05-31 03:00:00,41.72298933349339
3089,2023-05-31 04:00:00,32.49571446142534
3090,2023-05-31 05:00:00,23.098167021683935
3091,2023-05-31 06:00:00,15.622065729048757
3092,2023-05-31 07:00:00,22.442705662378188
3093,2023-05-31 08:00:00,54.043158097959804
3094,2023-05-31 09:00:00,108.24085207695066
3095,2023-05-31 10:00:00,170.38525613794366
3096,2023-05-31 11:00:00,223.74037644363548
3097,2023-05-31 12:00:00,260.3579943371156
3098,2023-05-31 13:00:00,283.4010584753452
3099,2023-05-31 14:00:00,300.66413686966314
3100,2023-05-31 15:00:00,316.9021774071434
3101,2023-05-31 16:00:00,332.0850683516472
3102,2023-05-31 17:00:00,345.2472040880258
3103,2023-05-31 18:00:00,357.52403103136794
3104,2023-05-31 19:00:00,369.6712891892134
3105,2023-05-31 20:00:00,376.7200854176549
3106,2023-05-31 21:00:00,367.1123615501247
3107,2023-05-31 22:00:00,330.0221117456881
3108,2023-05-31 23:00:00,265.79166197752727
3109,2023-06-01 00:00:00,189.60084654342847
3110,2023-06-01 01:00:00,123.35758158912644
3111,2023-06-01 02:00:00,81.45583339754162
3112,2023-06-01 03:00:00,62.34019430129514
3113,2023-06-01 04:00:00,53.23106976945758
3114,2023-06-01 05:00:00,43.70058423349613
3115,2023-06-01 06:00:00,35.84023142765611
3116,2023-06-01 07:00:00,42.031039353325525
3117,2023-06-01 08:00:00,72.76783657675935
3118,2023-06-01 09:00:00,125.88580457639597
3119,2023-06-01 10:00:00,186.75803406045765
3120,2023-06-01 11:00:00,238.67780237257944
3121,2023-06-01 12:00:00,273.73149712517574
3122,2023-06-01 13:00:00,295.12160465985437
3123,2023-06-01 14:00:00,310.68667345861155
3124,2023-06-01 15:00:00,325.2295069249059
3125,2023-06-01 16:00:00,338.77108412407597
3126,2023-06-01 17:00:00,350.3994218431633
3127,2023-06-01 18:00:00,361.30536193577313
3128,2023-06-01 19:00:00,372.30100927768535
3129,2023-06-01 20:00:00,378.47396697985585
3130,2023-06-01 21:00:00,368.3219431289033
3131,2023-06-01 22:00:00,331.0730949865281
3132,2023-06-01 23:00:00,267.1214353710142
3133,2023-06-02 00:00:00,191.6951480848611
3134,2023-06-02 01:00:00,126.74632422246881
3135,2023-06-02 02:00:00,86.70812889727378
3136,2023-06-02 03:00:00,70.05862262135021
3137,2023-06-02 04:00:00,64.04525168036811
3138,2023-06-02 05:00:00,58.260125417677244
3139,2023-06-02 06:00:00,54.80711559260473
3140,2023-06-02 07:00:00,66.07155650976388
3141,2023-06-02 08:00:00,102.54414014615625
3142,2023-06-02 09:00:00,162.04719743754035
3143,2023-06-02 10:00:00,229.9320887885691
3144,2023-06-02 11:00:00,289.4614248800315
3145,2023-06-02 12:00:00,332.68204543844774
3146,2023-06-02 13:00:00,362.7481757334895
3147,2023-06-02 14:00:00,387.44167067383205
3148,2023-06-02 15:00:00,411.50059924931065
3149,2023-06-02 16:00:00,434.8736647919286
3150,2023-06-02 17:00:00,456.5696699577178
3151,2023-06-02 18:00:00,477.69400457430163
3152,2023-06-02 19:00:00,498.9678745565584
3153,2023-06-02 20:00:00,515.3834102929586
3154,2023-06-02 21:00:00,515.3392193368654
3155,2023-06-02 22:00:00,487.96173897512017
3156,2023-06-02 23:00:00,433.5417021331849
3157,2023-06-03 00:00:00,263.698842672262
3158,2023-06-03 01:00:00,207.29159217166657
3159,2023-06-03 02:00:00,175.14713266783076
3160,2023-06-03 03:00:00,165.6451922465074
3161,2023-06-03 04:00:00,165.9389524838843
3162,2023-06-03 05:00:00,165.53142495465613
3163,2023-06-03 06:00:00,166.44361004598406
3164,2023-06-03 07:00:00,180.98520390959638
3165,2023-06-03 08:00:00,219.57943551328208
3166,2023-06-03 09:00:00,279.99021328717635
3167,2023-06-03 10:00:00,347.5202936752305
3168,2023-06-03 11:00:00,405.3941827998654
3169,2023-06-03 12:00:00,445.63169009363935
3170,2023-06-03 13:00:00,471.37154620955914
3171,2023-06-03 14:00:00,490.3919886790369
3172,2023-06-03 15:00:00,507.43956320748623
3173,2023-06-03 16:00:00,522.48363261491
3174,2023-06-03 17:00:00,534.5658003084984
3175,2023-06-03 18:00:00,544.8362259365776
3176,2023-06-03 19:00:00,554.0725525185618
3177,2023-06-03 20:00:00,557.3345859604943
3178,2023-06-03 21:00:00,543.0992958695222
3179,2023-06-03 22:00:00,500.58149873690843
3180,2023-06-03 23:00:00,430.1695438191565
3181,2023-06-04 00:00:00,347.0938447803111
3182,2023-06-04 01:00:00,273.3167657847994
3183,2023-06-04 02:00:00,223.28986902389204
3184,2023-06-04 03:00:00,195.5177460551659
3185,2023-06-04 04:00:00,177.28244632201307
3186,2023-06-04 05:00:00,158.2186202554533
3187,2023-06-04 06:00:00,140.4804126287936
3188,2023-06-04 07:00:00,136.5108859741191
3189,2023-06-04 08:00:00,156.86557017878832
3190,2023-06-04 09:00:00,199.43833205492146
3191,2023-06-04 10:00:00,249.65829131154476
3192,2023-06-04 11:00:00,290.8715079696259
3193,2023-06-04 12:00:00,315.2133735510287
3194,2023-06-04 13:00:00,325.9311310740713
3195,2023-06-04 14:00:00,330.903439439747
3196,2023-06-04 15:00:00,334.96824121940733
3197,2023-06-04 16:00:00,338.1764360011506
3198,2023-06-04 17:00:00,339.64057511814894
3199,2023-06-04 18:00:00,340.57056316845126
3200,2023-06-04 19:00:00,341.79209200779115
3201,2023-06-04 20:00:00,338.40095305658707
3202,2023-06-04 21:00:00,318.89780036717605
3203,2023-06-04 22:00:00,272.5087275092426
3204,2023-06-04 23:00:00,199.62097903115927
3205,2023-06-05 00:00:00,218.9563473631835
3206,2023-06-05 01:00:00,145.44250837365607
3207,2023-06-05 02:00:00,96.99893060120873
3208,2023-06-05 03:00:00,72.08239901634651
3209,2023-06-05 04:00:00,57.91679183821988
3210,2023-06-05 05:00:00,44.06896695564015
3211,2023-06-05 06:00:00,32.616493119773594
3212,2023-06-05 07:00:00,35.917995432445906
3213,2023-06-05 08:00:00,64.43770001421271
3214,2023-06-05 09:00:00,115.97235964068234
3215,2023-06-05 10:00:00,175.84927412208592
3216,2023-06-05 11:00:00,227.30911736151518
3217,2023-06-05 12:00:00,262.37948998164916
3218,2023-06-05 13:00:00,284.19860895253976
3219,2023-06-05 14:00:00,300.53603623940467
3220,2023-06-05 15:00:00,316.1216920801652
3221,2023-06-05 16:00:00,330.90064196014146
3222,2023-06-05 17:00:00,343.8828605722023
3223,2023-06-05 18:00:00,356.17994623261313
3224,2023-06-05 19:00:00,368.5245002629399
3225,2023-06-05 20:00:00,375.92530701116056
3226,2023-06-05 21:00:00,366.8028777306759
3227,2023-06-05 22:00:00,330.3107133231987
3228,2023-06-05 23:00:00,266.7715999428549
3229,2023-06-06 00:00:00,174.0742307333723
3230,2023-06-06 01:00:00,108.6539148816414
3231,2023-06-06 02:00:00,67.61522618494767
3232,2023-06-06 03:00:00,49.38667075712178
3233,2023-06-06 04:00:00,41.17323248788196
3234,2023-06-06 05:00:00,32.53216643908837
3235,2023-06-06 06:00:00,25.540526259050807
3236,2023-06-06 07:00:00,32.565199477672365
3237,2023-06-06 08:00:00,64.08704117144511
3238,2023-06-06 09:00:00,117.92729458432662
3239,2023-06-06 10:00:00,179.4450204140302
3240,2023-06-06 11:00:00,231.91925560499243
3241,2023-06-06 12:00:00,267.42183035355333
3242,2023-06-06 13:00:00,289.1402653057532
3243,2023-06-06 14:00:00,304.8976621387005
3244,2023-06-06 15:00:00,319.4808447669037
3245,2023-06-06 16:00:00,332.8942521827709
3246,2023-06-06 17:00:00,344.20879831986383
3247,2023-06-06 18:00:00,354.5976845121263
3248,2023-06-06 19:00:00,364.85489100057873
3249,2023-06-06 20:00:00,370.04949480573987
3250,2023-06-06 21:00:00,358.66038833863263
3251,2023-06-06 22:00:00,319.8967643682432
3252,2023-06-06 23:00:00,254.1336911517028
3253,2023-06-07 00:00:00,193.8531664034941
3254,2023-06-07 01:00:00,126.44390089310036
3255,2023-06-07 03:00:00,63.76480838712557
3256,2023-06-07 04:00:00,54.188353698944894
3257,2023-06-07 05:00:00,44.44278316515988
3258,2023-06-07 06:00:00,36.619828739293155
3259,2023-06-07 07:00:00,43.09479857908147
3260,2023-06-07 08:00:00,74.35077686799893
3261,2023-06-07 09:00:00,128.20520540552454
3262,2023-06-07 10:00:00,190.00756530574947
3263,2023-06-07 11:00:00,243.02187515195175
3264,2023-06-07 12:00:00,279.2999285390913
3265,2023-06-07 13:00:00,302.0046862121326
3266,2023-06-07 14:00:00,318.93072810027525
3267,2023-06-07 15:00:00,334.8330138429576
3268,2023-06-07 16:00:00,349.6814432887628
3269,2023-06-07 17:00:00,362.51042223825823
3270,2023-06-07 18:00:00,374.45540835627594
3271,2023-06-07 19:00:00,386.2721527258093
3272,2023-06-07 20:00:00,392.99177311992537
3273,2023-06-07 21:00:00,383.0562221068302
3274,2023-06-07 22:00:00,345.6395044190669
3275,2023-06-07 23:00:00,281.08395643112544
3276,2023-06-08 00:00:00,204.56942267259848
3277,2023-06-08 01:00:00,138.00382934881304
3278,2023-06-08 02:00:00,95.78115263356257
3279,2023-06-08 03:00:00,76.34599457829071
3280,2023-06-08 04:00:00,66.91877020042007
3281,2023-06-08 05:00:00,57.07161330939607
3282,2023-06-08 06:00:00,48.89602684413549
3283,2023-06-08 07:00:00,54.77304784305758
3284,2023-06-08 08:00:00,85.19751373229576
3285,2023-06-08 09:00:00,138.0046146850641
3286,2023-06-08 10:00:00,198.5674499285788
3287,2023-06-08 11:00:00,250.17930515515687
3288,2023-06-08 12:00:00,284.9265761538813
3289,2023-06-08 13:00:00,306.0117572732549
3290,2023-06-08 14:00:00,321.2734048283306
3291,2023-06-08 15:00:00,335.51432988555416
3292,2023-06-08 16:00:00,348.7555190015801
3293,2023-06-08 17:00:00,360.0849962830477
3294,2023-06-08 18:00:00,370.69361073268306
3295,2023-06-08 19:00:00,381.39347420295815
3296,2023-06-08 20:00:00,387.2721966136994
3297,2023-06-08 21:00:00,376.8274926857963
3298,2023-06-08 22:00:00,339.28752614729376
3299,2023-06-08 23:00:00,275.04631611211425
3300,2023-06-09 00:00:00,199.33205251248413
3301,2023-06-09 01:00:00,134.09683238468884
3302,2023-06-09 02:00:00,93.77382664084016
3303,2023-06-09 03:00:00,76.84110140683914
3304,2023-06-09 04:00:00,70.5461084143468
3305,2023-06-09 05:00:00,64.48096228636163
3306,2023-06-09 06:00:00,60.74953989320724
3307,2023-06-09 07:00:00,71.73718048261824
3308,2023-06-09 08:00:00,107.93458080704676
3309,2023-06-09 09:00:00,167.16407641002155
3310,2023-06-09 10:00:00,234.7770321386045
3311,2023-06-09 11:00:00,294.0360629479722
3312,2023-06-09 12:00:00,336.98801267460425
3313,2023-06-09 13:00:00,366.7871105325391
3314,2023-06-09 14:00:00,391.21521521021486
3315,2023-06-09 15:00:00,415.01039931128935
3316,2023-06-09 16:00:00,438.12136962172775
3317,2023-06-09 17:00:00,459.55693208423594
3318,2023-06-09 18:00:00,480.42247965145043
3319,2023-06-09 19:00:00,501.43922120198044
3320,2023-06-09 20:00:00,517.5992899262562
3321,2023-06-09 21:00:00,517.3012960190385
3322,2023-06-09 22:00:00,489.6716792476065
3323,2023-06-09 23:00:00,435.0011748598116
3324,2023-06-10 00:00:00,264.9095188788004
3325,2023-06-10 01:00:00,208.25514488829896
3326,2023-06-10 02:00:00,175.86523677021458
3327,2023-06-10 04:00:00,166.17119059509443
3328,2023-06-10 05:00:00,165.5232486013229
3329,2023-06-10 06:00:00,166.19669993071815
3330,2023-06-10 07:00:00,180.50124180780554
3331,2023-06-10 08:00:00,218.8601041174116
3332,2023-06-10 09:00:00,279.0371960513694
3333,2023-06-10 10:00:00,346.3352746802702
3334,2023-06-10 11:00:00,403.97884657786983
3335,2023-06-10 12:00:00,443.9877214954711
3336,2023-06-10 13:00:00,469.50171966212855
3337,2023-06-10 14:00:00,488.29798900496587
3338,2023-06-10 15:00:00,505.1230750975037
3339,2023-06-10 16:00:00,519.94634048851
3340,2023-06-10 17:00:00,531.809388163494
3341,2023-06-10 18:00:00,541.8623772083661
3342,2023-06-10 19:00:00,550.8829499355189
3343,2023-06-10 20:00:00,553.9309114025006
3344,2023-06-10 21:00:00,539.4832302273925
3345,2023-06-10 22:00:00,496.7547217705664
3346,2023-06-10 23:00:00,426.13373402211454
3347,2023-06-11 00:00:00,342.8506792381538
3348,2023-06-11 01:00:00,268.8679200401227
3349,2023-06-11 02:00:00,218.63701693856663
3350,2023-06-11 03:00:00,190.66255968043038
3351,2023-06-11 04:00:00,172.22659575831807
3352,2023-06-11 05:00:00,152.9637735247206
3353,2023-06-11 06:00:00,135.0282355412532
3354,2023-06-11 07:00:00,130.86304199836454
3355,2023-06-11 08:00:00,151.02372031259068
3356,2023-06-11 09:00:00,193.40413469683605
3357,2023-06-11 10:00:00,243.43340213490598
3358,2023-06-11 11:00:00,284.4575797959576
3359,2023-06-11 12:00:00,308.6120562263514
3360,2023-06-11 13:00:00,319.14407134578545
3361,2023-06-11 14:00:00,323.9322808341874
3362,2023-06-11 15:00:00,327.81462392238177
3363,2023-06-11 16:00:00,330.84199673679547
3364,2023-06-11 17:00:00,332.1269470298344
3365,2023-06-11 18:00:00,332.8793757048087
3366,2023-06-11 19:00:00,333.92497080459526
3367,2023-06-11 20:00:00,330.3595198230295
3368,2023-06-11 21:00:00,310.6836727728422
3369,2023-06-11 22:00:00,264.1235190730256
3370,2023-06-11 23:00:00,191.06629900854804
3371,2023-06-12 00:00:00,210.23380063773635
3372,2023-06-12 01:00:00,136.55369535547223
3373,2023-06-12 02:00:00,87.94544710238353
3374,2023-06-12 03:00:00,62.865836168755706
3375,2023-06-12 04:00:00,48.53873597520095
3376,2023-06-12 05:00:00,34.53099951310273
3377,2023-06-12 06:00:00,22.920190536432415
3378,2023-06-12 07:00:00,26.064929046284703
3379,2023-06-12 08:00:00,54.42943596965118
3380,2023-06-12 09:00:00,105.81045878655974
3381,2023-06-12 10:00:00,165.53529191858402
3382,2023-06-12 11:00:00,216.84460378418473
3383,2023-06-12 12:00:00,251.7659894343156
3384,2023-06-12 13:00:00,273.4376601681651
3385,2023-06-12 14:00:00,289.6291721948269
3386,2023-06-12 15:00:00,305.07043990735633
3387,2023-06-12 16:00:00,319.70652285853055
3388,2023-06-12 17:00:00,332.54738972319757
3389,2023-06-12 18:00:00,344.70463271424194
3390,2023-06-12 19:00:00,356.91084697255985
3391,2023-06-12 20:00:00,364.17481057634996
3392,2023-06-12 21:00:00,354.9170284353291
3393,2023-06-12 22:00:00,318.29099502769935
3394,2023-06-12 23:00:00,254.619490008597
3395,2023-06-13 00:00:00,179.06374314344663
3396,2023-06-13 01:00:00,113.51397057256857
3397,2023-06-13 02:00:00,72.34728257193322
3398,2023-06-13 03:00:00,53.992178462096675
3399,2023-06-13 04:00:00,45.65363527198761
3400,2023-06-13 05:00:00,36.88890113468872
3401,2023-06-13 06:00:00,29.775022705056585
3402,2023-06-13 07:00:00,36.678880448903584
3403,2023-06-13 08:00:00,68.08132232486194
3404,2023-06-13 09:00:00,121.80358439004786
3405,2023-06-13 10:00:00,183.2047200943206
3406,2023-06-13 11:00:00,235.56375908854378
3407,2023-06-13 12:00:00,270.95252420072273
3408,2023-06-13 13:00:00,292.5585286630228
3409,2023-06-13 14:00:00,308.204866682044
3410,2023-06-13 15:00:00,322.67835465201256
3411,2023-06-13 16:00:00,335.9834239916671
3412,2023-06-13 17:00:00,347.1909810116763
3413,2023-06-13 18:00:00,357.4742193756616
3414,2023-06-13 19:00:00,367.6271116099531
3415,2023-06-13 20:00:00,372.71872697152435
3416,2023-06-13 21:00:00,361.2279500672116
3417,2023-06-13 22:00:00,322.3639658201924
3418,2023-06-13 23:00:00,256.50183460265345
3419,2023-06-14 00:00:00,178.85100300026227
3420,2023-06-14 01:00:00,111.34526022377972
3421,2023-06-14 02:00:00,68.40014727953307
3422,2023-06-14 03:00:00,48.47704032288152
3423,2023-06-14 04:00:00,38.8079194094031
3424,2023-06-14 05:00:00,28.970936848926925
3425,2023-06-14 06:00:00,21.057816471733446
3426,2023-06-14 07:00:00,27.44385828036596
3427,2023-06-14 08:00:00,58.61213828260084
3428,2023-06-14 09:00:00,112.38009007329525
3429,2023-06-14 10:00:00,174.09718653963913
3430,2023-06-14 11:00:00,227.02743801342808
3431,2023-06-14 12:00:00,263.222629829357
3432,2023-06-14 13:00:00,285.8457144366845
3433,2023-06-14 14:00:00,302.6912634620827
3434,2023-06-14 15:00:00,318.5142282244969
3435,2023-06-14 16:00:00,333.2845002397337
3436,2023-06-14 17:00:00,346.0364769583815
3437,2023-06-14 18:00:00,357.9056076876468
3438,2023-06-14 19:00:00,369.64763514171955
3439,2023-06-14 20:00:00,376.29366871632794
3440,2023-06-14 21:00:00,366.28565259831254
3441,2023-06-14 22:00:00,328.7975831304114
3442,2023-06-14 23:00:00,264.1717882931868
3443,2023-06-15 00:00:00,187.5881042233501
3444,2023-06-15 01:00:00,120.95444872983947
3445,2023-06-15 02:00:00,78.66478959124241
3446,2023-06-15 03:00:00,59.16372046403497
3447,2023-06-15 04:00:00,49.67164797969167
3448,2023-06-15 05:00:00,39.7606975591907
3449,2023-06-15 06:00:00,31.522363764894095
3450,2023-06-15 07:00:00,37.3376752642983
3451,2023-06-15 08:00:00,67.70146112248943
3452,2023-06-15 09:00:00,120.44890316031947
3453,2023-06-15 10:00:00,180.95309226622322
3454,2023-06-15 11:00:00,232.50730580947217
3455,2023-06-15 12:00:00,267.1979312655017
3456,2023-06-15 13:00:00,288.2274546894041
3457,2023-06-15 14:00:00,303.4344241193753
3458,2023-06-15 15:00:00,317.6216423650243
3459,2023-06-15 16:00:00,330.81008774164513
3460,2023-06-15 17:00:00,342.0877761431891
3461,2023-06-15 18:00:00,352.64554837785846
3462,2023-06-15 19:00:00,363.29550812913
3463,2023-06-15 20:00:00,369.1252571735226
3464,2023-06-15 21:00:00,358.63250211574655
3465,2023-06-15 22:00:00,321.0453985968762
3466,2023-06-15 23:00:00,256.7579576688504
3467,2023-06-16 00:00:00,180.9983612394607
3468,2023-06-16 01:00:00,115.71869834896685
3469,2023-06-16 02:00:00,75.3521319469295
3470,2023-06-16 04:00:00,52.03990704095892
3471,2023-06-16 05:00:00,45.93379914572884
3472,2023-06-16 06:00:00,42.162265599352736
3473,2023-06-16 07:00:00,53.11063787170798
3474,2023-06-16 08:00:00,89.26960498363927
3475,2023-06-16 09:00:00,148.4614947789279
3476,2023-06-16 10:00:00,216.03766445572117
3477,2023-06-16 11:00:00,275.2607213640059
3478,2023-06-16 12:00:00,318.1775017778442
3479,2023-06-16 13:00:00,347.9422273971125
3480,2023-06-16 14:00:00,372.3367494444916
3481,2023-06-16 15:00:00,396.09913310520244
3482,2023-06-16 16:00:00,419.1780777951151
3483,2023-06-16 17:00:00,440.582382143194
3484,2023-06-16 18:00:00,461.41743183613903
3485,2023-06-16 19:00:00,482.4044285412251
3486,2023-06-16 20:00:00,498.5354982911605
3487,2023-06-16 21:00:00,498.2092441809001
3488,2023-06-16 22:00:00,470.5520989316292
3489,2023-06-16 23:00:00,415.85479080157944
3490,2023-06-17 00:00:00,245.73704888705734
3491,2023-06-17 01:00:00,189.05729990084794
3492,2023-06-17 02:00:00,156.64272091492833
3493,2023-06-17 03:00:00,146.87303495944977
3494,2023-06-17 04:00:00,146.90141845799477
3495,2023-06-17 05:00:00,146.23087774175877
3496,2023-06-17 06:00:00,146.88240786204395
3497,2023-06-17 07:00:00,161.16569955030872
3498,2023-06-17 08:00:00,199.50397626148379
3499,2023-06-17 09:00:00,259.66114083504743
3500,2023-06-17 10:00:00,326.9399440400901
3501,2023-06-17 11:00:00,384.5648862328148
3502,2023-06-17 12:00:00,424.55577100424273
3503,2023-06-17 13:00:00,450.0513230968381
3504,2023-06-17 14:00:00,468.829774043135
3505,2023-06-17 15:00:00,485.6376634778891
3506,2023-06-17 16:00:00,500.4443480810162
3507,2023-06-17 17:00:00,512.2914250450146
3508,2023-06-17 18:00:00,522.3290477344987
3509,2023-06-17 19:00:00,531.3348528149111
3510,2023-06-17 20:00:00,534.3686397777306
3511,2023-06-17 21:00:00,519.9073717445199
3512,2023-06-17 22:00:00,477.16585866098706
3513,2023-06-17 23:00:00,406.5324431785614
3514,2023-06-18 00:00:00,323.2375322952116
3515,2023-06-18 01:00:00,249.24348344935748
3516,2023-06-18 02:00:00,199.00185205232475
3517,2023-06-18 03:00:00,171.01722282974674
3518,2023-06-18 04:00:00,152.5716383346347
3519,2023-06-18 05:00:00,133.29974206240945
3520,2023-06-18 06:00:00,115.35567179649613
3521,2023-06-18 07:00:00,111.18248303816482
3522,2023-06-18 08:00:00,131.33569858886293
3523,2023-06-18 09:00:00,173.70917813906436
3524,2023-06-18 10:00:00,223.7320342290817
3525,2023-06-18 11:00:00,264.7503196706252
3526,2023-06-18 12:00:00,288.8994187377086
3527,2023-06-18 13:00:00,299.42656716437915
3528,2023-06-18 14:00:00,304.2104165293023
3529,2023-06-18 15:00:00,308.0889020500422
3530,2023-06-18 16:00:00,311.11291592576765
3531,2023-06-18 17:00:00,312.3950020690212
3532,2023-06-18 18:00:00,313.1450576318905
3533,2023-06-18 19:00:00,314.1887669902509
3534,2023-06-18 20:00:00,310.6219140651816
3535,2023-06-18 21:00:00,290.94514538344015
3536,2023-06-18 22:00:00,244.38454695947826
3537,2023-06-18 23:00:00,171.3273557763468
3538,2023-06-19 00:00:00,190.4953566713702
3539,2023-06-19 01:00:00,116.81621790862334
3540,2023-06-19 02:00:00,68.20940039036074
3541,2023-06-19 03:00:00,43.13168145709065
3542,2023-06-19 04:00:00,28.80693167069586
3543,2023-06-19 05:00:00,14.802001255572463
3544,2023-06-19 06:00:00,3.194451286300648
3545,2023-06-19 07:00:00,6.342899180077865
3546,2023-06-19 08:00:00,34.71156336529742
3547,2023-06-19 09:00:00,86.09718892149279
3548,2023-06-19 10:00:00,145.82706795590997
3549,2023-06-19 11:00:00,197.14186666540837
3550,2023-06-19 12:00:00,232.06917797084986
3551,2023-06-19 13:00:00,253.7472111350297
3552,2023-06-19 14:00:00,269.9455204183273
3553,2023-06-19 15:00:00,285.3940183592774
3554,2023-06-19 16:00:00,300.0377627469803
3555,2023-06-19 17:00:00,312.8867205835169
3556,2023-06-19 18:00:00,325.052482502842
3557,2023-06-19 19:00:00,337.267642153246
3558,2023-06-19 20:00:00,344.5409762197809
3559,2023-06-19 21:00:00,335.29298830182717
3560,2023-06-19 22:00:00,298.6771716637422
3561,2023-06-19 23:00:00,235.0163048366378
3562,2023-06-20 00:00:00,159.47161655314534
3563,2023-06-20 01:00:00,93.9333220097004
3564,2023-06-20 02:00:00,52.7785306328818
3565,2023-06-20 03:00:00,34.43574097729382
3566,2023-06-20 04:00:00,26.109929404739404
3567,2023-06-20 05:00:00,17.358343466099626
3568,2023-06-20 06:00:00,10.25802932457762
3569,2023-06-20 07:00:00,17.175867045660794
3570,2023-06-20 08:00:00,48.59270427179314
3571,2023-06-20 09:00:00,102.32977683633084
3572,2023-06-20 10:00:00,163.74613806328307
3573,2023-06-20 11:00:00,216.1208175465649
3574,2023-06-20 12:00:00,251.52563815901505
3575,2023-06-20 13:00:00,273.14811326099453
3576,2023-06-20 14:00:00,288.81133727950555
3577,2023-06-20 15:00:00,303.30212690607715
3578,2023-06-20 16:00:00,316.6249139543329
3579,2023-06-20 17:00:00,327.8506052079243
3580,2023-06-20 18:00:00,338.1523948930635
3581,2023-06-20 19:00:00,348.32425618259515
3582,2023-06-20 20:00:00,353.43525906497075
3583,2023-06-20 21:00:00,341.9642889635612
3584,2023-06-20 22:00:00,303.12053169960933
3585,2023-06-20 23:00:00,237.27904862992216
3586,2023-06-21 00:00:00,159.6492874056505
3587,2023-06-21 01:00:00,92.16503838514588
3588,2023-06-21 02:00:00,49.2418438032567
3589,2023-06-21 03:00:00,29.341081128530874
3590,2023-06-21 04:00:00,19.69473180450092
3591,2023-06-21 05:00:00,9.880949614332195
3592,2023-06-21 06:00:00,1.991459937516396
3593,2023-06-21 07:00:00,8.401564406158343
3594,2023-06-21 08:00:00,39.59434073488637
3595,2023-06-21 09:00:00,93.38722430241657
3596,2023-06-21 10:00:00,155.1296898581465
3597,2023-06-21 11:00:00,208.0857496695282
3598,2023-06-21 12:00:00,244.30719108383875
3599,2023-06-21 13:00:00,266.9569686373677
3600,2023-06-21 14:00:00,283.82965611768293
3601,2023-06-21 15:00:00,299.68020707737435
3602,2023-06-21 16:00:00,314.4785153388267
3603,2023-06-21 17:00:00,327.2589807293099
3604,2023-06-21 18:00:00,339.15705500430255
3605,2023-06-21 19:00:00,350.9284833986063
3606,2023-06-21 20:00:00,357.60437789287136
3607,2023-06-21 21:00:00,347.62668533094813
3608,2023-06-21 22:00:00,310.1694047809768
3609,2023-06-21 23:00:00,245.57486700695648
3610,2023-06-22 00:00:00,169.02291100847847
3611,2023-06-22 01:00:00,102.42145751265137
3612,2023-06-22 02:00:00,60.16447728115813
3613,2023-06-22 03:00:00,40.69656702205509
3614,2023-06-22 04:00:00,31.238136472392256
3615,2023-06-22 05:00:00,21.361314227451174
3616,2023-06-22 06:00:00,13.15759807933975
3617,2023-06-22 07:00:00,19.008019987199987
3618,2023-06-22 08:00:00,49.40741236532493
3619,2023-06-22 09:00:00,102.19096044066852
3620,2023-06-22 10:00:00,162.73175856580593
3621,2023-06-22 11:00:00,214.32308762723966
3622,2023-06-22 12:00:00,249.05133867377265
3623,2023-06-22 13:00:00,270.119001386962
3624,2023-06-22 14:00:00,285.3646274849981
3625,2023-06-22 15:00:00,299.59102350403157
3626,2023-06-22 16:00:00,312.8191715436923
3627,2023-06-22 17:00:00,324.13709132435645
3628,2023-06-22 18:00:00,334.73562753356026
3629,2023-06-22 19:00:00,345.42688777867
3630,2023-06-22 20:00:00,351.2984778063052
3631,2023-06-22 21:00:00,340.8481082382323
3632,2023-06-22 22:00:00,303.3039387725678
3633,2023-06-22 23:00:00,239.05998456958147
3634,2023-06-23 00:00:00,163.34443166636382
3635,2023-06-23 01:00:00,98.10937329961537
3636,2023-06-23 03:00:00,40.85830413706583
3637,2023-06-23 04:00:00,34.567803937911066
3638,2023-06-23 05:00:00,28.508587140887073
3639,2023-06-23 06:00:00,24.784527169104507
3640,2023-06-23 07:00:00,35.780959890320844
3641,2023-06-23 08:00:00,71.98857876129445
3642,2023-06-23 09:00:00,131.22971608998375
3643,2023-06-23 10:00:00,198.85573356382906
3644,2023-06-23 11:00:00,258.1292430650292
3645,2023-06-23 12:00:00,301.09708540811624
3646,2023-06-23 13:00:00,330.9134868699958
3647,2023-06-23 14:00:00,355.3603032732051
3648,2023-06-23 15:00:00,379.1756044277302
3649,2023-06-23 16:00:00,402.30809439471426
3650,2023-06-23 17:00:00,423.76657646958313
3651,2023-06-23 18:00:00,444.6564410240446
3652,2023-06-23 19:00:00,465.6988944335199
3653,2023-06-23 20:00:00,481.8860674486921
3654,2023-06-23 21:00:00,481.6165679036446
3655,2023-06-23 22:00:00,454.01683327164744
3656,2023-06-23 23:00:00,399.3775965772968
3657,2023-06-24 00:00:00,229.31859169155996
3658,2023-06-24 01:00:00,172.69825011701138
3659,2023-06-24 02:00:00,140.3437537236531
3660,2023-06-24 04:00:00,130.72466121533938
3661,2023-06-24 05:00:00,130.11625748428037
3662,2023-06-24 06:00:00,130.83061902572837
3663,2023-06-24 07:00:00,145.1774413918848
3664,2023-06-24 08:00:00,183.57995286532616
3665,2023-06-24 09:00:00,243.80206110907585
3666,2023-06-24 10:00:00,311.1465217158824
3667,2023-06-24 11:00:00,368.8378398616044
3668,2023-06-24 12:00:00,408.89582395761676
3669,2023-06-24 13:00:00,434.45920355462886
3670,2023-06-24 14:00:00,453.307363855401
3671,2023-06-24 15:00:00,470.18570021505593
3672,2023-06-24 16:00:00,485.06357410220164
3673,2023-06-24 17:00:00,496.98258748329624
3674,2023-06-24 18:00:00,507.0928984863905
3675,2023-06-24 19:00:00,516.1721485302802
3676,2023-06-24 20:00:00,519.2801418378667
3677,2023-06-24 21:00:00,504.8938462518148
3678,2023-06-24 22:00:00,462.22807641886243
3679,2023-06-24 23:00:00,391.6711796741243
3680,2023-06-25 00:00:00,308.4535676736918
3681,2023-06-25 01:00:00,234.53760249926276
3682,2023-06-25 02:00:00,184.37484417832366
3683,2023-06-25 03:00:00,156.46988202800213
3684,2023-06-25 05:00:00,118.91413563243643
3685,2023-06-25 06:00:00,101.05214171758239
3686,2023-06-25 07:00:00,96.96184140069924
3687,2023-06-25 08:00:00,117.19876193659002
3688,2023-06-25 09:00:00,159.65676743057776
3689,2023-06-25 10:00:00,209.76497480512444
3690,2023-06-25 11:00:00,250.86944121785336
3691,2023-06-25 12:00:00,275.1055552554269
3692,2023-06-25 13:00:00,285.7205569218993
3693,2023-06-25 14:00:00,290.59310202863566
3694,2023-06-25 15:00:00,294.5611299844334
3695,2023-06-25 16:00:00,297.6755371382398
3696,2023-06-25 17:00:00,299.04887150739626
3697,2023-06-25 18:00:00,299.89103430554144
3698,2023-06-25 19:00:00,301.0277139250383
3699,2023-06-25 20:00:00,297.55469825199896
3700,2023-06-25 21:00:00,277.9726377300345
3701,2023-06-25 22:00:00,231.50762224410516
3702,2023-06-25 23:00:00,158.54689259304646
3703,2023-06-26 00:00:00,177.81223738282077
3704,2023-06-26 01:00:00,104.23132857138683
3705,2023-06-26 02:00:00,55.723630731902404
3706,2023-06-26 03:00:00,30.745924792920277
3707,2023-06-26 04:00:00,16.522084860311026
3708,2023-06-26 05:00:00,2.618964633429755
3709,2023-06-26 06:00:00,-8.885871390423745
3710,2023-06-26 07:00:00,-5.633802437771379
3711,2023-06-26 08:00:00,22.839393214015757
3712,2023-06-26 09:00:00,74.33046387307557
3713,2023-06-26 10:00:00,134.1667048099047
3714,2023-06-26 11:00:00,185.5887853216742
3715,2023-06-26 12:00:00,220.62430135385574
3716,2023-06-26 13:00:00,242.41146512992424
3717,2023-06-26 14:00:00,258.7198337987719
3718,2023-06-26 15:00:00,274.27932271641424
3719,2023-06-26 16:00:00,289.034992412734
3720,2023-06-26 17:00:00,301.9968125612904
3721,2023-06-26 18:00:00,314.2763763885369
3722,2023-06-26 19:00:00,326.6062800593211
3723,2023-06-26 20:00:00,333.995302696743
3724,2023-06-26 21:00:00,324.8639502618563
3725,2023-06-26 22:00:00,288.3657182976189
3726,2023-06-26 23:00:00,224.8233875308384
3727,2023-06-27 00:00:00,149.39818881242408
3728,2023-06-27 01:00:00,83.98033936935124
3729,2023-06-27 02:00:00,42.94695057479154
3730,2023-06-27 03:00:00,24.726522842649757
3731,2023-06-27 04:00:00,16.52403431136983
3732,2023-06-27 05:00:00,7.896734214866768
3733,2023-06-27 06:00:00,0.9216703119707859
3734,2023-06-27 07:00:00,7.96572417550891
3735,2023-06-27 08:00:00,39.50974486218098
3736,2023-06-27 09:00:00,93.3749695250217
3737,2023-06-27 10:00:00,154.92045271716253
3738,2023-06-27 11:00:00,207.42522516710622
3739,2023-06-27 12:00:00,242.961110783805
3740,2023-06-27 13:00:00,264.7156238696918
3741,2023-06-27 14:00:00,280.51185969479104
3742,2023-06-27 15:00:00,295.13663569700094
3743,2023-06-27 16:00:00,308.5943843302608
3744,2023-06-27 17:00:00,319.9560129293719
3745,2023-06-27 18:00:00,330.39471615932575
3746,2023-06-27 19:00:00,340.70446753403274
3747,2023-06-27 20:00:00,345.95433727857045
3748,2023-06-27 21:00:00,334.6232109497349
3749,2023-06-27 22:00:00,295.92027439639054
3750,2023-06-27 23:00:00,230.2205888932648
3751,2023-06-28 00:00:00,152.73360190897853
3752,2023-06-28 01:00:00,85.39310350657398
3753,2023-06-28 02:00:00,42.614635517869516
3754,2023-06-28 03:00:00,22.85957489760895
3755,2023-06-28 04:00:00,13.359902469282815
3756,2023-06-28 05:00:00,3.693771278850278
3757,2023-06-28 06:00:00,-4.047094139463411
3758,2023-06-28 07:00:00,2.51260688713964
3759,2023-06-28 08:00:00,33.85595100070671
3760,2023-06-28 09:00:00,87.80037239093092
3761,2023-06-28 10:00:00,149.69534450448876
3762,2023-06-28 11:00:00,202.8048781929546
3763,2023-06-28 12:00:00,239.18075926522326
3764,2023-06-28 13:00:00,261.98594060611987
3765,2023-06-28 14:00:00,279.0149942324536
3766,2023-06-28 15:00:00,295.02287180873344
3767,2023-06-28 16:00:00,309.97946514585044
3768,2023-06-28 17:00:00,322.9191719441866
3769,2023-06-28 18:00:00,334.9774417106056
3770,2023-06-28 19:00:00,346.91001730737287
3771,2023-06-28 20:00:00,353.74800822341604
3772,2023-06-28 21:00:00,343.93335868839335
3773,2023-06-28 22:00:00,306.6400650298872
3774,2023-06-28 23:00:00,242.2104551523134
3775,2023-06-29 00:00:00,165.82436507061706
3776,2023-06-29 01:00:00,99.38971240296824
3777,2023-06-29 02:00:00,57.300464667893266
3778,2023-06-29 03:00:00,38.001215220646685
3779,2023-06-29 04:00:00,28.71237030839211
3780,2023-06-29 05:00:00,19.006054913246118
3781,2023-06-29 06:00:00,10.973763086493932
3782,2023-06-29 07:00:00,16.99652292106802
3783,2023-06-29 08:00:00,47.5691628325707
3784,2023-06-29 09:00:00,100.52686392699933
3785,2023-06-29 10:00:00,161.24271630348207
3786,2023-06-29 11:00:00,213.00999646725995
3787,2023-06-29 12:00:00,247.9150909564317
3788,2023-06-29 13:00:00,269.16048481386656
3789,2023-06-29 14:00:00,284.5847249868436
3790,2023-06-29 15:00:00,298.9906131123204
3791,2023-06-29 16:00:00,312.3991262595399
3792,2023-06-29 17:00:00,323.89827898742374
3793,2023-06-29 18:00:00,334.6789106926808
3794,2023-06-29 19:00:00,345.55312355803943
3795,2023-06-29 20:00:00,351.6085177791797
3796,2023-06-29 21:00:00,341.3427982888718
3797,2023-06-29 22:00:00,303.98411896944367
3798,2023-06-29 23:00:00,239.92648903233052
3799,2023-06-30 00:00:00,164.39808843454233
3800,2023-06-30 01:00:00,99.3510041977557
3801,2023-06-30 02:00:00,59.21839714792259
3802,2023-06-30 03:00:00,42.47832326146664
3803,2023-06-30 04:00:00,36.378224071599305
3804,2023-06-30 05:00:00,30.510203936635094
3805,2023-06-30 06:00:00,26.978129405057928
3806,2023-06-30 07:00:00,38.167329343410756
3807,2023-06-30 08:00:00,74.56849006291729
3808,2023-06-30 09:00:00,134.00393660570097
3809,2023-06-30 10:00:00,201.82502325527395
3810,2023-06-30 11:00:00,261.2943543591288
3811,2023-06-30 12:00:00,304.4587630646093
3812,2023-06-30 13:00:00,334.47246785160314
3813,2023-06-30 14:00:00,359.11731661121064
3814,2023-06-30 15:00:00,383.1313710921198
3815,2023-06-30 16:00:00,406.4633271621682
3816,2023-06-30 17:00:00,428.1219797917527
3817,2023-06-30 18:00:00,449.2127108984879
3818,2023-06-30 19:00:00,470.4567182684475
3819,2023-06-30 20:00:00,486.84612393979296
3820,2023-06-30 21:00:00,486.77952689562204
3821,2023-06-30 22:00:00,459.3833556334175
3822,2023-06-30 23:00:00,404.9483340708691
3823,2023-07-01 00:00:00,235.09418684294855
3824,2023-07-01 01:00:00,178.67933608582982
3825,2023-07-01 02:00:00,146.53095417497718
3826,2023-07-01 03:00:00,137.02875932213735
3827,2023-07-01 04:00:00,137.32592301185983
3828,2023-07-01 05:00:00,136.9254465146385
3829,2023-07-01 06:00:00,137.8483196981961
3830,2023-07-01 07:00:00,152.40422798477763
3831,2023-07-01 08:00:00,191.01638939613045
3832,2023-07-01 09:00:00,251.44870121326124
3833,2023-07-01 10:00:00,319.0039085188732
3834,2023-07-01 11:00:00,376.9065058515055
3835,2023-07-01 12:00:00,417.17629087316595
3836,2023-07-01 13:00:00,442.9519822451117
3837,2023-07-01 14:00:00,462.011805302162
3838,2023-07-01 15:00:00,479.1022933464747
3839,2023-07-01 16:00:00,494.1927965997045
3840,2023-07-01 17:00:00,506.32490565669434
3841,2023-07-01 18:00:00,516.6487671540804
3842,2023-07-01 19:00:00,525.9420108982372
3843,2023-07-01 20:00:00,529.2644293844546
3844,2023-07-01 21:00:00,515.0929786038259
3845,2023-07-01 22:00:00,472.64246123903234
3846,2023-07-01 23:00:00,402.3012125325761
3847,2023-07-02 00:00:00,319.299631949757
3848,2023-07-02 01:00:00,245.6000692526153
3849,2023-07-02 02:00:00,195.65407203659007
3850,2023-07-02 03:00:00,167.96621707618684
3851,2023-07-02 04:00:00,149.81853882999624
3852,2023-07-02 05:00:00,130.84567256356544
3853,2023-07-02 06:00:00,113.20174769022637
3854,2023-07-02 07:00:00,109.3298111949121
3855,2023-07-02 08:00:00,129.78537723015185
3856,2023-07-02 09:00:00,172.46229668927555
3857,2023-07-02 10:00:00,222.78967317605978
3858,2023-07-02 11:00:00,264.11355042212546
3859,2023-07-02 12:00:00,288.5693034805921
3860,2023-07-02 13:00:00,299.40415871919316
3861,2023-07-02 14:00:00,304.49675820824314
3862,2023-07-02 15:00:00,308.68502751087794
3863,2023-07-02 16:00:00,312.01984903274274
3864,2023-07-02 17:00:00,313.61375674088737
3865,2023-07-02 18:00:00,314.67663770344825
3866,2023-07-02 19:00:00,316.0341660660034
3867,2023-07-02 20:00:00,312.78211537084076
3868,2023-07-02 21:00:00,293.4211216216763
3869,2023-07-02 22:00:00,247.1772601664412
3870,2023-07-02 23:00:00,174.43775717575846
3871,2023-07-03 00:00:00,193.92438652940717
3872,2023-07-03 01:00:00,120.56480537199823
3873,2023-07-03 02:00:00,72.27846336816006
3874,2023-07-03 03:00:00,47.52212645494977
3875,2023-07-03 04:00:00,33.51965364533072
3876,2023-07-03 05:00:00,19.837883474407136
3877,2023-07-03 06:00:00,8.554365178265186
3878,2023-07-03 07:00:00,12.027704187846695
3879,2023-07-03 08:00:00,40.72210680252755
3880,2023-07-03 09:00:00,92.43430581886868
3881,2023-07-03 10:00:00,152.49158092094203
3882,2023-07-03 11:00:00,204.13458573553604
3883,2023-07-03 12:00:00,239.39090046215037
3884,2023-07-03 13:00:00,261.39872150074825
3885,2023-07-03 14:00:00,277.9275901019589
3886,2023-07-03 15:00:00,293.7074056467328
3887,2023-07-03 16:00:00,308.6832126215171
3888,2023-07-03 17:00:00,321.8649645809412
3889,2023-07-03 18:00:00,334.36423856506747
3890,2023-07-03 19:00:00,346.91361448278826
3891,2023-07-03 20:00:00,354.52185513458596
3892,2023-07-03 21:00:00,345.60945009335626
3893,2023-07-03 22:00:00,309.32987844914453
3894,2023-07-03 23:00:00,246.00590441481074
3895,2023-07-04 00:00:00,170.79874226482872
3896,2023-07-04 01:00:00,105.59859259025029
3897,2023-07-04 02:00:00,64.78255006915646
3898,2023-07-04 03:00:00,46.77909836776878
3899,2023-07-04 04:00:00,38.793198815502905
3900,2023-07-04 05:00:00,30.382083789399445
3901,2023-07-04 06:00:00,23.622784136264727
3902,2023-07-04 07:00:00,30.88216446797378
3903,2023-07-04 08:00:00,62.64105682849082
3904,2023-07-04 09:00:00,116.7206813203857
3905,2023-07-04 10:00:00,178.48007538680886
3906,2023-07-04 11:00:00,231.19825261043115
3907,2023-07-04 12:00:00,266.94701971208605
3908,2023-07-04 13:00:00,288.91387376609663
3909,2023-07-04 14:00:00,304.92189277000193
3910,2023-07-04 15:00:00,319.7578768567988
3911,2023-07-04 16:00:00,333.42624113877616
3912,2023-07-04 17:00:00,344.99787557245406
3913,2023-07-04 18:00:00,355.64595741546736
3914,2023-07-04 19:00:00,366.1644427434728
3915,2023-07-04 20:00:00,371.62238431159176
3916,2023-07-04 21:00:00,360.4986501814185
3917,2023-07-04 22:00:00,322.0024086811553
3918,2023-07-04 23:00:00,256.5087035419713
3919,2023-07-05 00:00:00,179.22696466213606
3920,2023-07-05 01:00:00,112.09096452063949
3921,2023-07-05 02:00:00,69.51622734295512
3922,2023-07-05 03:00:00,49.96411246047906
3923,2023-07-05 04:00:00,40.666583059236615
3924,2023-07-05 05:00:00,31.201774534461833
3925,2023-07-05 06:00:00,23.661393759339404
3926,2023-07-05 07:00:00,30.420723731774643
3927,2023-07-05 08:00:00,61.962823416770135
3928,2023-07-05 09:00:00,116.10510931719104
3929,2023-07-05 10:00:00,178.19703718931837
3930,2023-07-05 11:00:00,231.5026001907737
3931,2023-07-05 12:00:00,268.0735664408491
3932,2023-07-05 13:00:00,291.072871129079
3933,2023-07-05 14:00:00,308.2950685840495
3934,2023-07-05 15:00:00,324.4950927865553
3935,2023-07-05 16:00:00,339.64281786996753
3936,2023-07-05 17:00:00,352.7726238655831
3937,2023-07-05 18:00:00,365.01994262083684
3938,2023-07-05 19:00:00,377.1404993550353
3939,2023-07-05 20:00:00,384.16538592139113
3940,2023-07-05 21:00:00,374.5365289348438
3941,2023-07-05 22:00:00,337.4279071249282
3942,2023-07-05 23:00:00,273.1818308183398
3943,2023-07-06 00:00:00,196.97811847111933
3944,2023-07-06 01:00:00,130.7246701697191
3945,2023-07-06 02:00:00,88.81543592534099
3946,2023-07-06 03:00:00,69.69499161060305
3947,2023-07-06 04:00:00,60.5837260220661
3948,2023-07-06 05:00:00,51.05374672011962
3949,2023-07-06 06:00:00,43.19653037049848
3950,2023-07-06 07:00:00,49.393087710447716
3951,2023-07-06 08:00:00,80.13822984190855
3952,2023-07-06 09:00:00,133.2671205923384
3953,2023-07-06 10:00:00,194.15283282352883
3954,2023-07-06 11:00:00,246.08862584491237
3955,2023-07-06 12:00:00,281.16086904718696
3956,2023-07-06 13:00:00,302.5720303665289
3957,2023-07-06 14:00:00,318.1606396936956
3958,2023-07-06 15:00:00,332.7294816608621
3959,2023-07-06 16:00:00,346.2995163824198
3960,2023-07-06 17:00:00,357.9587415167735
3961,2023-07-06 18:00:00,368.8979796143962
3962,2023-07-06 19:00:00,379.92931607311175
3963,2023-07-06 20:00:00,386.1403343578969
3964,2023-07-06 21:00:00,376.02872273620585
3965,2023-07-06 22:00:00,338.82261848689916
3966,2023-07-06 23:00:00,274.9160142844908
3967,2023-07-07 00:00:00,199.53707361101206
3968,2023-07-07 01:00:00,134.63786708921413
3969,2023-07-07 02:00:00,94.65153921248293
3970,2023-07-07 03:00:00,78.0561296975922
3971,2023-07-07 04:00:00,72.09906389340738
3972,2023-07-07 05:00:00,66.37243005125418
3973,2023-07-07 06:00:00,62.98007868829575
3974,2023-07-07 07:00:00,74.30732272067274
3975,2023-07-07 08:00:00,110.84483259508852
3976,2023-07-07 09:00:00,170.41491756343197
3977,2023-07-07 10:00:00,238.36891622268251
3978,2023-07-07 11:00:00,297.9694172989381
3979,2023-07-07 12:00:00,341.26323842186866
3980,2023-07-07 13:00:00,371.40458263968145
3981,2023-07-07 14:00:00,396.1752825117806
3982,2023-07-07 15:00:00,420.3133845407872
3983,2023-07-07 16:00:00,443.7675694479386
3984,2023-07-07 17:00:00,465.5466171597046
3985,2023-07-07 18:00:00,486.75589464617474
3986,2023-07-07 19:00:00,508.1165848490358
3987,2023-07-07 20:00:00,524.6207950652683
3988,2023-07-07 21:00:00,524.6671096455726
3989,2023-07-07 22:00:00,497.38194255929886
3990,2023-07-07 23:00:00,443.0560033038934
3991,2023-07-08 00:00:00,273.3090022116595
3992,2023-07-08 01:00:00,216.99934722313913
3993,2023-07-08 02:00:00,184.95419663520076
3994,2023-07-08 03:00:00,175.55325469338217
3995,2023-07-08 04:00:00,175.94967904199797
3996,2023-07-08 05:00:00,175.64645722266542
3997,2023-07-08 06:00:00,176.66456550096893
3998,2023-07-08 07:00:00,191.31367581886187
3999,2023-07-08 08:00:00,230.01699284264993
4000,2023-07-08 09:00:00,290.5384006241568
4001,2023-07-08 10:00:00,358.1806311442301
4002,2023-07-08 11:00:00,416.1681659745505
4003,2023-07-08 12:00:00,456.5222116435939
4004,2023-07-08 13:00:00,482.3800521592511
4005,2023-07-08 14:00:00,501.5199002841821
4006,2023-07-08 15:00:00,518.6882768923649
4007,2023-07-08 16:00:00,533.8545199017593
4008,2023-07-08 17:00:00,546.0602077555557
4009,2023-07-08 18:00:00,556.4554750737559
4010,2023-07-08 19:00:00,565.8179397935164
4011,2023-07-08 20:00:00,569.2073826799672
4012,2023-07-08 21:00:00,555.1007481453297
4013,2023-07-08 22:00:00,512.712827439364
4014,2023-07-08 23:00:00,442.43194451670604
4015,2023-07-09 00:00:00,359.48848771369376
4016,2023-07-09 01:00:00,285.8447958097563
4017,2023-07-09 02:00:00,235.9524055730459
4018,2023-07-09 03:00:00,208.31588310469752
4019,2023-07-09 04:00:00,190.2172523506956
4020,2023-07-09 05:00:00,171.29113821703393
4021,2023-07-09 06:00:00,153.69165992064427
4022,2023-07-09 07:00:00,149.86185441023196
4023,2023-07-09 08:00:00,170.35722596564125
4024,2023-07-09 09:00:00,213.07161576706494
4025,2023-07-09 10:00:00,263.4341178752401
4026,2023-07-09 11:00:00,304.7907666447302
4027,2023-07-09 12:00:00,329.2769279179998
4028,2023-07-09 13:00:00,340.139819022438
4029,2023-07-09 14:00:00,345.2580731589363
4030,2023-07-09 15:00:00,349.46960719386914
4031,2023-07-09 16:00:00,352.8252950052078
4032,2023-07-09 17:00:00,354.43766221381054
4033,2023-07-09 18:00:00,355.51658771279654
4034,2023-07-09 19:00:00,356.8877376511141
4035,2023-07-09 20:00:00,353.64687775245636
4036,2023-07-09 21:00:00,334.29463638342617
4037,2023-07-09 22:00:00,288.0570814342278
4038,2023-07-09 23:00:00,215.32143180189496
4039,2023-07-10 00:00:00,234.80945426377275
4040,2023-07-10 01:00:00,161.44879906855928
4041,2023-07-10 02:00:00,113.15890915391768
4042,2023-07-10 03:00:00,88.39654391979627
4043,2023-07-10 04:00:00,74.38555603466999
4044,2023-07-10 05:00:00,60.69277787109948
4045,2023-07-10 06:00:00,49.395752697808774
4046,2023-07-10 07:00:00,52.85308016610925
4047,2023-07-10 08:00:00,81.52896098972134
4048,2023-07-10 09:00:00,133.22012257268813
4049,2023-07-10 10:00:00,193.25383939580672
4050,2023-07-10 11:00:00,244.87076009165338
4051,2023-07-10 12:00:00,280.09846004081106
4052,2023-07-10 13:00:00,302.07513103752865
4053,2023-07-10 14:00:00,318.5703099172342
4054,2023-07-10 15:00:00,334.3138918465364
4055,2023-07-10 16:00:00,349.2509172970664
4056,2023-07-10 17:00:00,362.39133600841046
4057,2023-07-10 18:00:00,374.84672140875034
4058,2023-07-10 19:00:00,387.34964999315025
4059,2023-07-10 20:00:00,394.90888135813236
4060,2023-07-10 21:00:00,385.94490206926463
4061,2023-07-10 22:00:00,349.61118841814863
4062,2023-07-10 23:00:00,286.2305020235177
4063,2023-07-11 00:00:00,210.96405477207082
4064,2023-07-11 01:00:00,145.70204507208655
4065,2023-07-11 02:00:00,104.82156562873178
4066,2023-07-11 03:00:00,86.7510983417906
4067,2023-07-11 04:00:00,78.69560298356659
4068,2023-07-11 05:00:00,70.21231058407727
4069,2023-07-11 06:00:00,63.37825085120991
4070,2023-07-11 07:00:00,70.56028747250284
4071,2023-07-11 08:00:00,102.23925177209523
4072,2023-07-11 09:00:00,156.2363633517841
4073,2023-07-11 10:00:00,217.9106593615321
4074,2023-07-11 11:00:00,270.5411533033671
4075,2023-07-11 12:00:00,306.19965203674155
4076,2023-07-11 13:00:00,328.0736529798602
4077,2023-07-11 14:00:00,343.9862346933149
4078,2023-07-11 15:00:00,358.7241980863856
4079,2023-07-11 16:00:00,372.29195926460676
4080,2023-07-11 17:00:00,383.7604093900047
4081,2023-07-11 18:00:00,394.3027271429526
4082,2023-07-11 19:00:00,404.71287023633215
4083,2023-07-11 20:00:00,410.05989328473936
4084,2023-07-11 21:00:00,398.82266641704075
4085,2023-07-11 22:00:00,360.2103602517103
4086,2023-07-11 23:00:00,294.5980210258459
4087,2023-07-12 00:00:00,217.19508136154056
4088,2023-07-12 01:00:00,149.9353166767183
4089,2023-07-12 02:00:00,107.23425435698996
4090,2023-07-12 03:00:00,87.55325710951074
4091,2023-07-12 04:00:00,78.12429171487594
4092,2023-07-12 05:00:00,68.52549738162362
4093,2023-07-12 06:00:00,60.84858501287577
4094,2023-07-12 07:00:00,67.46884185831892
4095,2023-07-12 08:00:00,98.86933134741683
4096,2023-07-12 09:00:00,152.8674746720151
4097,2023-07-12 10:00:00,214.8127324919319
4098,2023-07-12 11:00:00,267.9691030878672
4099,2023-07-12 12:00:00,304.38835991992227
4100,2023-07-12 13:00:00,327.2334437393971
4101,2023-07-12 14:00:00,344.29891465115884
4102,2023-07-12 15:00:00,360.339712632783
4103,2023-07-12 16:00:00,375.32571803173164
4104,2023-07-12 17:00:00,388.29131731032714
4105,2023-07-12 18:00:00,400.3719489676508
4106,2023-07-12 19:00:00,412.3233450866668
4107,2023-07-12 20:00:00,419.1766046088907
4108,2023-07-12 21:00:00,409.3736614477443
4109,2023-07-12 22:00:00,372.08850185114477
4110,2023-07-12 23:00:00,307.66344388087373
4111,2023-07-13 00:00:00,231.2783139474285
4112,2023-07-13 01:00:00,164.84102029089658
4113,2023-07-13 02:00:00,122.74552131518598
4114,2023-07-13 03:00:00,103.43640148940284
4115,2023-07-13 04:00:00,94.13405841768792
4116,2023-07-13 05:00:00,84.41060868742686
4117,2023-07-13 06:00:00,76.35753820384903
4118,2023-07-13 07:00:00,82.35586715632985
4119,2023-07-13 08:00:00,112.90041631443364
4120,2023-07-13 09:00:00,165.8263593807342
4121,2023-07-13 10:00:00,226.50677930835172
4122,2023-07-13 11:00:00,278.2349457062042
4123,2023-07-13 12:00:00,313.0972384767228
4124,2023-07-13 13:00:00,334.2961362776483
4125,2023-07-13 14:00:00,349.67017993170447
4126,2023-07-13 15:00:00,364.0221652073358
4127,2023-07-13 16:00:00,377.37306357043417
4128,2023-07-13 17:00:00,388.8108842313402
4129,2023-07-13 18:00:00,399.52646150376836
4130,2023-07-13 19:00:00,410.3318927523923
4131,2023-07-13 20:00:00,416.3147736148352
4132,2023-07-13 21:00:00,405.972804736411
4133,2023-07-13 22:00:00,368.53413597437844
4134,2023-07-13 23:00:00,304.39277278942336
4135,2023-07-14 00:00:00,228.77689164760287
4136,2023-07-14 01:00:00,163.63857635815518
4137,2023-07-14 02:00:00,123.41098479995594
4138,2023-07-14 03:00:00,106.57217027768422
4139,2023-07-14 04:00:00,100.36957192149032
4140,2023-07-14 05:00:00,94.39529196565508
4141,2023-07-14 06:00:00,90.75319510470881
4142,2023-07-14 07:00:00,101.82860862806835
4143,2023-07-14 08:00:00,138.11221754988742
4144,2023-07-14 09:00:00,197.42634588157952
4145,2023-07-14 10:00:00,265.12234717534716
4146,2023-07-14 11:00:00,324.46282530055305
4147,2023-07-14 12:00:00,367.4946132175452
4148,2023-07-14 13:00:00,397.3719295057388
4149,2023-07-14 14:00:00,421.87662242949057
4150,2023-07-14 15:00:00,445.74675438857383
4151,2023-07-14 16:00:00,468.9310221892165
4152,2023-07-14 17:00:00,490.43822202749624
4153,2023-07-14 18:00:00,511.3737373204664
4154,2023-07-14 19:00:00,532.4587676429702
4155,2023-07-14 20:00:00,548.6854371040719
4156,2023-07-14 21:00:00,548.4523470479751
4157,2023-07-14 22:00:00,520.8859286127346
4158,2023-07-14 23:00:00,466.27690864385875
4159,2023-07-15 23:00:00,458.34111956237615
4160,2023-07-16 00:00:00,375.07355390926705
4161,2023-07-16 01:00:00,301.10443224953224
4162,2023-07-16 02:00:00,250.88531288550257
4163,2023-07-16 03:00:00,222.92078360811175
4164,2023-07-16 04:00:00,204.49289016856147
4165,2023-07-16 05:00:00,185.23627941120458
4166,2023-07-16 06:00:00,167.30509261714207
4167,2023-07-16 07:00:00,163.14238892104328
4168,2023-07-16 08:00:00,183.3036949175498
4169,2023-07-16 09:00:00,225.68287421911955
4170,2023-07-16 10:00:00,275.7090434375349
4171,2023-07-16 11:00:00,316.72825959515933
4172,2023-07-16 12:00:00,340.875911320902
4173,2023-07-16 13:00:00,351.3992388373707
4174,2023-07-16 14:00:00,356.17689835293083
4175,2023-07-16 15:00:00,360.0468298534591
4176,2023-07-16 16:00:00,363.0599304409877
4177,2023-07-16 17:00:00,364.3287490662872
4178,2023-07-16 18:00:00,365.06318805446773
4179,2023-07-16 19:00:00,366.08893709155154
4180,2023-07-16 20:00:00,362.5017855318632
4181,2023-07-16 21:00:00,342.8023854733789
4182,2023-07-16 22:00:00,296.21682863196526
4183,2023-07-16 23:00:00,223.1323578241445
4184,2023-07-17 00:00:00,242.27076383344033
4185,2023-07-17 01:00:00,168.5597210088635
4186,2023-07-17 02:00:00,119.91869647476462
4187,2023-07-17 03:00:00,94.80447389310724
4188,2023-07-17 04:00:00,80.44093028852602
4189,2023-07-17 05:00:00,66.39492246342768
4190,2023-07-17 06:00:00,54.74401819784886
4191,2023-07-17 07:00:00,57.84684172543257
4192,2023-07-17 08:00:00,86.16761842129658
4193,2023-07-17 09:00:00,137.50310041884174
4194,2023-07-17 10:00:00,197.18058699846912
4195,2023-07-17 11:00:00,248.4407516580894
4196,2023-07-17 12:00:00,283.31119471375433
4197,2023-07-17 13:00:00,304.93013294950856
4198,2023-07-17 14:00:00,321.0671282594435
4199,2023-07-17 15:00:00,336.4521009204493
4200,2023-07-17 16:00:00,351.03011657390573
4201,2023-07-17 17:00:00,363.81115018174967
4202,2023-07-17 18:00:00,375.9068004450535
4203,2023-07-17 19:00:00,388.0496691852751
4204,2023-07-17 20:00:00,395.24854136555155
4205,2023-07-17 21:00:00,385.9239289669646
4206,2023-07-17 22:00:00,349.22933373836236
4207,2023-07-17 23:00:00,285.48754279665167
4208,2023-07-18 00:00:00,209.85979356023432
4209,2023-07-18 01:00:00,144.23631001005944
4210,2023-07-18 02:00:00,102.99421045458608
4211,2023-07-18 03:00:00,84.56200242629026
4212,2023-07-18 04:00:00,76.14467136042896
4213,2023-07-18 05:00:00,67.29947397598961
4214,2023-07-18 06:00:00,60.10346569451322
4215,2023-07-18 07:00:00,66.92353593443387
4216,2023-07-18 08:00:00,98.24054177653812
4217,2023-07-18 09:00:00,151.87572859134488
4218,2023-07-18 10:00:00,213.18815931328703
4219,2023-07-18 11:00:00,265.4568732397398
4220,2023-07-18 12:00:00,300.7537030400892
4221,2023-07-18 13:00:00,322.2661719442557
4222,2023-07-18 14:00:00,337.81738433135365
4223,2023-07-18 15:00:00,352.19416693369965
4224,2023-07-18 16:00:00,365.40096167863305
4225,2023-07-18 17:00:00,376.5086855483438
4226,2023-07-18 18:00:00,386.69054303810356
4227,2023-07-18 19:00:00,396.7405176721568
4228,2023-07-18 20:00:00,401.72768986231426
4229,2023-07-18 21:00:00,390.1309555278149
4230,2023-07-18 22:00:00,351.1595110644481
4231,2023-07-18 23:00:00,285.18842845868306
4232,2023-07-19 00:00:00,207.4271660826146
4233,2023-07-19 01:00:00,139.80952506993034
4234,2023-07-19 02:00:00,96.75105850207642
4235,2023-07-19 03:00:00,76.71315475530277
4236,2023-07-19 04:00:00,66.92780625553968
4237,2023-07-19 05:00:00,56.97317782049174
4238,2023-07-19 06:00:00,48.94100593372487
4239,2023-07-19 07:00:00,55.20660338926699
4240,2023-07-19 08:00:00,86.25305912374698
4241,2023-07-19 09:00:00,139.8978197948487
4242,2023-07-19 10:00:00,201.49037148700145
4243,2023-07-19 11:00:00,254.29473786453502
4244,2023-07-19 12:00:00,290.3627177177292
4245,2023-07-19 13:00:00,312.85727708366494
4246,2023-07-19 14:00:00,329.5730013004062
4247,2023-07-19 15:00:00,345.2648555255414
4248,2023-07-19 16:00:00,359.9027452270416
4249,2023-07-19 17:00:00,372.5210819345212
4250,2023-07-19 18:00:00,384.2553291493323
4251,2023-07-19 19:00:00,395.8612438952383
4252,2023-07-19 20:00:00,402.3699499885387
4253,2023-07-19 21:00:00,392.2234061516466
4254,2023-07-19 22:00:00,354.5956233691149
4255,2023-07-19 23:00:00,289.8289443702887
4256,2023-07-20 00:00:00,213.10322014613195
4257,2023-07-20 01:00:00,146.32638346229555
4258,2023-07-20 02:00:00,103.89241715252365
4259,2023-07-20 03:00:00,84.24593003798569
4260,2023-07-20 04:00:00,74.60734399419562
4261,2023-07-20 05:00:00,64.54879978980013
4262,2023-07-20 06:00:00,56.16180742597406
4263,2023-07-20 07:00:00,61.8274110969129
4264,2023-07-20 08:00:00,92.04045548446396
4265,2023-07-20 09:00:00,144.63613810661292
4266,2023-07-20 10:00:00,204.98756563667217
4267,2023-07-20 11:00:00,256.388031306613
4268,2023-07-20 12:00:00,290.92393853495327
4269,2023-07-20 13:00:00,311.79778939583025
4270,2023-07-20 14:00:00,326.8481480217065
4271,2023-07-20 15:00:00,340.877833383305
4272,2023-07-20 16:00:00,353.907840034234
4273,2023-07-20 17:00:00,365.0262001670634
4274,2023-07-20 18:00:00,375.42377095833467
4275,2023-07-20 19:00:00,385.91267252024704
4276,2023-07-20 20:00:00,391.58052311894346
4277,2023-07-20 21:00:00,380.92504590824575
4278,2023-07-20 22:00:00,343.1744131315961
4279,2023-07-20 23:00:00,278.72265250548736
4280,2023-07-21 00:00:00,202.79796263308498
4281,2023-07-21 01:00:00,137.35244932564376
4282,2023-07-21 02:00:00,96.81929233423433
4283,2023-07-21 03:00:00,79.67656670150035
4284,2023-07-21 04:00:00,73.17173316387334
4285,2023-07-21 05:00:00,66.89691541919869
4286,2023-07-21 06:00:00,62.95599949092495
4287,2023-07-21 07:00:00,73.73433385399747
4288,2023-07-21 08:00:00,109.72262456286415
4289,2023-07-21 09:00:00,168.74321653336332
4290,2023-07-21 10:00:00,236.14748405864663
4291,2023-07-21 11:00:00,295.1980516147056
4292,2023-07-21 12:00:00,337.9417726090154
4293,2023-07-21 13:00:00,367.5328859191322
4294,2023-07-21 14:00:00,391.7532599517096
4295,2023-07-21 15:00:00,415.3409770920076
4296,2023-07-21 16:00:00,438.244753973215
4297,2023-07-21 17:00:00,459.4734064565472
4298,2023-07-21 18:00:00,480.1323374662768
4299,2023-07-21 19:00:00,500.94276591426365
4300,2023-07-21 20:00:00,516.8968350878654
4301,2023-07-21 21:00:00,516.3931653340079
4302,2023-07-21 22:00:00,488.5582066299153
4303,2023-07-21 23:00:00,433.6827044875889
4304,2023-07-22 00:00:00,263.3864052530108
4305,2023-07-22 01:00:00,206.52775288110095
4306,2023-07-22 02:00:00,173.93394167874052
4307,2023-07-22 03:00:00,163.98471189836093
4308,2023-07-22 04:00:00,163.83325717393225
4309,2023-07-22 05:00:00,162.98260103179717
4310,2023-07-22 06:00:00,163.45375570009975
4311,2023-07-22 07:00:00,177.55642906885097
4312,2023-07-22 08:00:00,215.71386172529083
4313,2023-07-22 09:00:00,275.6899736203461
4314,2023-07-22 10:00:00,342.7875326058797
4315,2023-07-22 11:00:00,400.231056089245
4316,2023-07-22 12:00:00,440.040364693858
4317,2023-07-22 13:00:00,465.3542001443218
4318,2023-07-22 14:00:00,483.95081092773535
4319,2023-07-22 15:00:00,500.57675359731206
4320,2023-07-22 16:00:00,515.2014017083146
4321,2023-07-22 17:00:00,526.866369284732
4322,2023-07-22 18:00:00,536.7218264819891
4323,2023-07-22 19:00:00,545.5454267072407
4324,2023-07-22 20:00:00,548.3969861451958
4325,2023-07-22 21:00:00,533.7534845607386
4326,2023-07-22 22:00:00,490.82974848758977
4327,2023-07-22 23:00:00,420.0141371067759
4328,2023-07-23 00:00:00,336.5370739032572
4329,2023-07-23 01:00:00,262.3609327202145
4330,2023-07-23 02:00:00,211.9372853269723
4331,2023-07-23 03:00:00,183.77073274407795
4332,2023-07-23 04:00:00,165.14333374685938
4333,2023-07-23 05:00:00,145.68974798570633
4334,2023-07-23 06:00:00,127.56412933455238
4335,2023-07-23 07:00:00,123.2095493041228
4336,2023-07-23 08:00:00,143.1815466400283
4337,2023-07-23 09:00:00,185.37553707305432
4338,2023-07-23 10:00:00,235.21910851780314
4339,2023-07-23 11:00:00,276.05832949016093
4340,2023-07-23 12:00:00,300.028599889487
4341,2023-07-23 13:00:00,310.3771709863672
4342,2023-07-23 14:00:00,314.98270981072335
4343,2023-07-23 15:00:00,318.68316694528653
4344,2023-07-23 16:00:00,321.5294498619562
4345,2023-07-23 17:00:00,322.63411765355954
4346,2023-07-23 18:00:00,323.20708255953764
4347,2023-07-23 19:00:00,324.0740439486125
4348,2023-07-23 20:00:00,320.33080063262423
4349,2023-07-23 21:00:00,300.4780139299845
4350,2023-07-23 22:00:00,253.74178454918297
4351,2023-07-23 23:00:00,180.509364066643
4352,2023-07-24 00:00:00,199.50255179021752
4353,2023-07-24 01:00:00,125.64903035994394
4354,2023-07-24 02:00:00,76.8682749571991
4355,2023-07-24 03:00:00,51.61707706600308
4356,2023-07-24 04:00:00,37.119321295361814
4357,2023-07-24 05:00:00,22.941871797039028
4358,2023-07-24 06:00:00,11.162303459004647
4359,2023-07-24 07:00:00,14.139247392066778
4360,2023-07-24 08:00:00,42.33693560196326
4361,2023-07-24 09:00:00,93.55212661658561
4362,2023-07-24 10:00:00,153.1121258804189
4363,2023-07-24 11:00:00,204.25761279772618
4364,2023-07-24 12:00:00,239.01619336180974
4365,2023-07-24 13:00:00,260.5260897910344
4366,2023-07-24 14:00:00,276.5568691730348
4367,2023-07-24 15:00:00,291.83845673271355
4368,2023-07-24 16:00:00,306.31592282241877
4369,2023-07-24 17:00:00,318.99924686802547
4370,2023-07-24 18:00:00,331.000031794033
4371,2023-07-24 19:00:00,343.0508834010311
4372,2023-07-24 20:00:00,350.16059038807646
4373,2023-07-24 21:00:00,340.74966822871636
4374,2023-07-24 22:00:00,303.97162191955005
4375,2023-07-24 23:00:00,240.1492415821457
4376,2023-07-25 00:00:00,164.44376739447648
4377,2023-07-25 01:00:00,98.7454258523193
4378,2023-07-25 02:00:00,57.431337533343054
4379,2023-07-25 03:00:00,38.93001199831197
4380,2023-07-25 04:00:00,30.44643645979781
4381,2023-07-25 05:00:00,21.537869174647085
4382,2023-07-25 06:00:00,14.281366854211598
4383,2023-07-25 07:00:00,21.043819963127874
4384,2023-07-25 08:00:00,52.30608638256945
4385,2023-07-25 09:00:00,105.88941203897829
4386,2023-07-25 10:00:00,167.1528601778797
4387,2023-07-25 11:00:00,219.37547016248413
4388,2023-07-25 12:00:00,254.62907448282067
4389,2023-07-25 13:00:00,276.1011959461989
4390,2023-07-25 14:00:00,291.6149382647937
4391,2023-07-25 15:00:00,305.95712725743897
4392,2023-07-25 16:00:00,319.13220369800297
4393,2023-07-25 17:00:00,330.21108316630915
4394,2023-07-25 18:00:00,340.36696851619325
4395,2023-07-25 19:00:00,350.3938413850436
4396,2023-07-25 20:00:00,355.3607800548461
4397,2023-07-25 21:00:00,343.74667807386584
4398,2023-07-25 22:00:00,304.760729222019
4399,2023-07-25 23:00:00,238.77800263102745
4400,2023-07-26 00:00:00,161.00795357495684
4401,2023-07-26 01:00:00,93.38437985178456
4402,2023-07-26 02:00:00,50.322830953155375
4403,2023-07-26 03:00:00,30.28469144756258
4404,2023-07-26 04:00:00,20.501949695460468
4405,2023-07-26 05:00:00,10.552766218523374
4406,2023-07-26 06:00:00,2.5288729622299115
4407,2023-07-26 07:00:00,8.805577946135372
4408,2023-07-26 08:00:00,39.865965094471136
4409,2023-07-26 09:00:00,93.52747581484256
4410,2023-07-26 10:00:00,155.13959070772336
4411,2023-07-26 11:00:00,207.96632771470442
4412,2023-07-26 12:00:00,244.0594796707962
4413,2023-07-26 13:00:00,266.58200642317695
4414,2023-07-26 14:00:00,283.3284868874232
4415,2023-07-26 15:00:00,299.05387956261995
4416,2023-07-26 16:00:00,313.72808303150777
4417,2023-07-26 17:00:00,326.3855017029424
4418,2023-07-26 18:00:00,338.16159172959135
4419,2023-07-26 19:00:00,349.8121025560825
4420,2023-07-26 20:00:00,356.3681501911155
4421,2023-07-26 21:00:00,346.27168532284725
4422,2023-07-26 22:00:00,308.6967106734734
4423,2023-07-26 23:00:00,243.98556048563654
4424,2023-07-27 00:00:00,167.31807703731636
4425,2023-07-27 01:00:00,100.60218415798336
4426,2023-07-27 02:00:00,58.231855521987825
4427,2023-07-27 04:00:00,29.08210157278026
4428,2023-07-27 05:00:00,19.095219481592096
4429,2023-07-27 06:00:00,10.78254425498912
4430,2023-07-27 07:00:00,16.52510982890763
4431,2023-07-27 08:00:00,46.81775041217321
4432,2023-07-27 09:00:00,99.49565283264504
4433,2023-07-27 10:00:00,159.93191285613392
4434,2023-07-27 11:00:00,211.41981260749085
4435,2023-07-27 12:00:00,246.04574416934256
4436,2023-07-27 13:00:00,267.01219807818586
4437,2023-07-27 14:00:00,282.1577267179937
4438,2023-07-27 15:00:00,296.2851371052471
4439,2023-07-27 16:00:00,309.4154116303905
4440,2023-07-27 17:00:00,320.63657011793595
4441,2023-07-27 18:00:00,331.13945717162744
4442,2023-07-27 19:00:00,341.7361801313871
4443,2023-07-27 20:00:00,347.5143442850673
4444,2023-07-27 21:00:00,336.97165961166075
4445,2023-07-27 22:00:00,299.3362849806192
4446,2023-07-27 23:00:00,235.0022345388566
4447,2023-07-28 00:00:00,159.19769311860392
4448,2023-07-28 01:00:00,93.87475257404745
4449,2023-07-28 02:00:00,53.466578501259434
4450,2023-07-28 03:00:00,36.4512315987608
4451,2023-07-28 04:00:00,30.076158068420852
4452,2023-07-28 05:00:00,23.933466886472758
4453,2023-07-28 06:00:00,20.127029168208196
4454,2023-07-28 07:00:00,31.042178292013602
4455,2023-07-28 08:00:00,67.16960503893569
4456,2023-07-28 09:00:00,126.33163886502885
4457,2023-07-28 10:00:00,193.87963842468432
4458,2023-07-28 11:00:00,253.07621237247696
4459,2023-07-28 12:00:00,295.9681981353226
4460,2023-07-28 13:00:00,325.70981840945194
4461,2023-07-28 14:00:00,350.08292526183664
4462,2023-07-28 15:00:00,373.8255845663742
4463,2023-07-28 16:00:00,396.88649627398866
4464,2023-07-28 17:00:00,418.27445939061715
4465,2023-07-28 18:00:00,439.0948598225583
4466,2023-07-28 19:00:00,460.0688993021449
4467,2023-07-28 20:00:00,476.1887037679286
4468,2023-07-28 21:00:00,475.8528760611464
4469,2023-07-28 22:00:00,448.1878484935911
4470,2023-07-28 23:00:00,393.4843487551344
4471,2023-07-29 00:00:00,223.36210521074145
4472,2023-07-29 01:00:00,166.67954368502777
4473,2023-07-29 02:00:00,134.26384020171812
4474,2023-07-29 03:00:00,124.49471657764556
4475,2023-07-29 04:00:00,124.52534786569176
4476,2023-07-29 05:00:00,123.85873886449806
4477,2023-07-29 06:00:00,124.51588293198768
4478,2023-07-29 07:00:00,138.80646894187225
4479,2023-07-29 08:00:00,177.1537183298739
4480,2023-07-29 09:00:00,237.3215317539736
4481,2023-07-29 10:00:00,304.6126576376373
4482,2023-07-29 11:00:00,362.25159382445315
4483,2023-07-29 12:00:00,402.25814124725207
4484,2023-07-29 13:00:00,427.77102180268304
4485,2023-07-29 14:00:00,446.5684640256349
4486,2023-07-29 15:00:00,463.3970043913074
4487,2023-07-29 16:00:00,478.22599625209114
4488,2023-07-29 17:00:00,490.09703330723255
4489,2023-07-29 18:00:00,500.1602652667135
4490,2023-07-29 19:00:00,509.1933249783375
4491,2023-07-29 20:00:00,512.2560079462421
4492,2023-07-29 21:00:00,497.8252731445069
4493,2023-07-29 22:00:00,455.11592620494
4494,2023-07-29 23:00:00,384.5163052969473
4495,2023-07-30 00:00:00,301.25681278526315
4496,2023-07-30 01:00:00,227.29980129039586
4497,2023-07-30 02:00:00,177.09682125433028
4498,2023-07-30 04:00:00,130.74873158676667
4499,2023-07-30 05:00:00,111.52029723317327
4500,2023-07-30 06:00:00,93.62128136713686
4501,2023-07-30 07:00:00,89.49473369092381
4502,2023-07-30 08:00:00,109.69617105483053
4503,2023-07-30 09:00:00,152.11944702180912
4504,2023-07-30 10:00:00,202.19366784935556
4505,2023-07-30 11:00:00,243.26487990095424
4506,2023-07-30 12:00:00,267.46846083974924
4507,2023-07-30 13:00:00,278.051639624626
4508,2023-07-30 14:00:00,282.8930608966871
4509,2023-07-30 15:00:00,286.83065277711785
4510,2023-07-30 16:00:00,289.91530019955013
4511,2023-07-30 17:00:00,291.2595396560979
4512,2023-07-30 18:00:00,292.07326071384085
4513,2023-07-30 19:00:00,293.1821400049806
4514,2023-07-30 20:00:00,289.68195354285956
4515,2023-07-30 21:00:00,270.07333978627855
4516,2023-07-30 22:00:00,223.58237652710807
4517,2023-07-30 23:00:00,150.59629236531777
4518,2023-07-31 00:00:00,169.83686358693208
4519,2023-07-31 01:00:00,96.23174975220063
4520,2023-07-31 02:00:00,47.7004029156067
4521,2023-07-31 03:00:00,22.69959138662125
4522,2023-07-31 04:00:00,8.453176560102378
4523,2023-07-31 05:00:00,-5.472000674948106
4524,2023-07-31 06:00:00,-16.998388728643363
4525,2023-07-31 07:00:00,-13.76737982651278
4526,2023-07-31 08:00:00,14.685234663852867
4527,2023-07-31 09:00:00,66.15618987115352
4528,2023-07-31 10:00:00,125.9727677986856
4529,2023-07-31 11:00:00,177.3756243932607
4530,2023-07-31 12:00:00,212.39234215423
4531,2023-07-31 13:00:00,234.1611197949806
4532,2023-07-31 14:00:00,250.4515008644455
4533,2023-07-31 15:00:00,265.9933870389126
4534,2023-07-31 16:00:00,280.7318250986666
4535,2023-07-31 17:00:00,293.6767708927176
4536,2023-07-31 18:00:00,305.93980374720354
4537,2023-07-31 19:00:00,318.25350585983807
4538,2023-07-31 20:00:00,325.62664231804115
4539,2023-07-31 21:00:00,316.4797049814423
4540,2023-07-31 22:00:00,279.9661752271893
4541,2023-07-31 23:00:00,216.40881955633358
4542,2023-08-01 00:00:00,140.96885453283528
4543,2023-08-01 01:00:00,75.53648303914512
4544,2023-08-01 02:00:00,34.48880204699611
4545,2023-08-01 03:00:00,16.254297519321426
4546,2023-08-01 04:00:00,8.0379330860371
4547,2023-08-01 05:00:00,-0.6030565710133544
4548,2023-08-01 06:00:00,-7.591638295172828
4549,2023-08-01 07:00:00,-0.5609451599691226
4550,2023-08-01 08:00:00,30.969857198889258
4551,2023-08-01 09:00:00,84.82199121033828
4552,2023-08-01 10:00:00,146.35449665086287
4553,2023-08-01 11:00:00,198.84638944228647
4554,2023-08-01 12:00:00,234.36947865912694
4555,2023-08-01 13:00:00,256.1112637276318
4556,2023-08-01 14:00:00,271.89482501222705
4557,2023-08-01 15:00:00,286.50696502149657
4558,2023-08-01 16:00:00,299.95210125225833
4559,2023-08-01 17:00:00,311.301126054665
4560,2023-08-01 18:00:00,321.7272190937929
4561,2023-08-01 19:00:00,332.0243388600902
4562,2023-08-01 20:00:00,337.26154053908124
4563,2023-08-01 21:00:00,325.9176946325721
4564,2023-08-01 22:00:00,287.20197192113505
4565,2023-08-01 23:00:00,221.4894185956665
4566,2023-08-02 00:00:00,143.98946704668364
4567,2023-08-02 01:00:00,76.63589224116926
4568,2023-08-02 02:00:00,33.844220904750614
4569,2023-08-02 03:00:00,14.075814900435432
4570,2023-08-02 04:00:00,4.56263994818886
4571,2023-08-02 05:00:00,-5.117166003309109
4572,2023-08-02 06:00:00,-12.871893514122917
4573,2023-08-02 07:00:00,-6.3262569958510255
4574,2023-08-02 08:00:00,25.002805111866337
4575,2023-08-02 09:00:00,78.93271193446739
4576,2023-08-02 10:00:00,140.81292186353534
4577,2023-08-02 11:00:00,193.9074307120247
4578,2023-08-02 12:00:00,230.26800926782153
4579,2023-08-02 13:00:00,253.0575954164888
4580,2023-08-02 14:00:00,270.07074619431785
4581,2023-08-02 15:00:00,286.0623983104987
4582,2023-08-02 16:00:00,301.0024286473308
4583,2023-08-02 17:00:00,313.9252200039407
4584,2023-08-02 18:00:00,325.96620701931283
4585,2023-08-02 19:00:00,337.8811177150983
4586,2023-08-02 20:00:00,344.70104678198186
4587,2023-08-02 21:00:00,334.8679236817596
4588,2023-08-02 22:00:00,297.5557300166306
4589,2023-08-02 23:00:00,233.10677901140525
4590,2023-08-03 00:00:00,156.7008920316478
4591,2023-08-03 01:00:00,90.24597210093235
4592,2023-08-03 02:00:00,48.13597219861538
4593,2023-08-03 04:00:00,19.50486083454237
4594,2023-08-03 05:00:00,9.776251767323373
4595,2023-08-03 06:00:00,1.7211236904993825
4596,2023-08-03 07:00:00,7.720490418855633
4597,2023-08-03 08:00:00,38.269166154919205
4598,2023-08-03 09:00:00,91.20231784467364
4599,2023-08-03 10:00:00,151.8930215058731
4600,2023-08-03 11:00:00,203.63453962079433
4601,2023-08-03 12:00:00,238.51324477041277
4602,2023-08-03 13:00:00,259.7316081152118
4603,2023-08-03 14:00:00,275.12816279676304
4604,2023-08-03 15:00:00,289.5056967150421
4605,2023-08-03 16:00:00,302.88517328272167
4606,2023-08-03 17:00:00,314.35459348074914
4607,2023-08-03 18:00:00,325.1047832070166
4608,2023-08-03 19:00:00,335.94783123276386
4609,2023-08-03 20:00:00,341.9713244218415
4610,2023-08-03 21:00:00,331.6729544662504
4611,2023-08-03 22:00:00,294.28086209552055
4612,2023-08-03 23:00:00,230.18904346040415
4613,2023-08-04 00:00:00,154.6256655463571
4614,2023-08-04 01:00:00,89.54280250428324
4615,2023-08-04 02:00:00,49.37360238193227
4616,2023-08-04 03:00:00,32.596108476598545
4617,2023-08-04 04:00:00,26.4577497440159
4618,2023-08-04 05:00:00,20.550618068865305
4619,2023-08-04 06:00:00,16.97856762792776
4620,2023-08-04 07:00:00,28.126915023069955
4621,2023-08-04 08:00:00,64.48633441004851
4622,2023-08-04 09:00:00,123.87913878706385
4623,2023-08-04 10:00:00,191.65667050704295
4624,2023-08-04 11:00:00,251.08152208687923
4625,2023-08-04 12:00:00,294.2005149796349
4626,2023-08-04 13:00:00,324.16785607425584
4627,2023-08-04 14:00:00,348.76538179395243
4628,2023-08-04 15:00:00,372.7311425406223
4629,2023-08-04 16:00:00,396.013822957947
4630,2023-08-04 17:00:00,417.62220691715584
4631,2023-08-04 18:00:00,438.6616653596579
4632,2023-08-04 19:00:00,459.85338522812924
4633,2023-08-04 20:00:00,476.18947784412296
4634,2023-08-04 21:00:00,476.0685316038173
4635,2023-08-04 22:00:00,448.6169645554289
4636,2023-08-04 23:00:00,394.1254902931149
4637,2023-08-05 00:00:00,224.21382327700843
4638,2023-08-05 01:00:00,167.74037559711792
4639,2023-08-05 02:00:00,135.53230972371406
4640,2023-08-05 03:00:00,125.96933410648253
4641,2023-08-05 04:00:00,126.20461060552066
4642,2023-08-05 05:00:00,125.74113101777724
4643,2023-08-05 06:00:00,126.59987587797468
4644,2023-08-05 07:00:00,141.09052142495185
4645,2023-08-05 08:00:00,179.63627664410703
4646,2023-08-05 09:00:00,240.00102993082356
4647,2023-08-05 10:00:00,307.4875176345006
4648,2023-08-05 11:00:00,365.32022571069797
4649,2023-08-05 12:00:00,405.5189433956171
4650,2023-08-05 13:00:00,431.2223810794969
4651,2023-08-05 14:00:00,450.2087559827668
4652,2023-08-05 15:00:00,467.22459345409266
4653,2023-08-05 16:00:00,482.2392359178999
4654,2023-08-05 17:00:00,494.29426633317587
4655,2023-08-05 18:00:00,504.5398238671346
4656,2023-08-05 19:00:00,513.7535310177658
4657,2023-08-05 20:00:00,516.9951731351381
4658,2023-08-05 21:00:00,502.7416992358727
4659,2023-08-05 22:00:00,460.2079051888873
4660,2023-08-05 23:00:00,389.78211960528984
4661,2023-08-06 00:00:00,306.694735469096
4662,2023-08-06 01:00:00,232.90809624572722
4663,2023-08-06 02:00:00,182.87374340200392
4664,2023-08-06 03:00:00,155.09624776290258
4665,2023-08-06 04:00:00,136.8576380025849
4666,2023-08-06 05:00:00,117.79254378228043
4667,2023-08-06 07:00:00,96.0883156557625
4668,2023-08-06 08:00:00,116.44773256387256
4669,2023-08-06 09:00:00,159.02718581228905
4670,2023-08-06 10:00:00,209.25752609302384
4671,2023-08-06 11:00:00,250.48304058349024
4672,2023-08-06 12:00:00,274.83909998263005
4673,2023-08-06 13:00:00,285.57292649516734
4674,2023-08-06 14:00:00,290.56315821067295
4675,2023-08-06 15:00:00,294.64771689752246
4676,2023-08-06 16:00:00,297.8774813476051
4677,2023-08-06 17:00:00,299.3649821089873
4678,2023-08-06 18:00:00,300.3201030103602
4679,2023-08-06 19:00:00,301.5685151502613
4680,2023-08-06 20:00:00,298.20598921132
4681,2023-08-06 21:00:00,278.7331585290167
4682,2023-08-06 22:00:00,232.37609597215578
4683,2023-08-06 23:00:00,159.5220254253034
4684,2023-08-07 00:00:00,178.89271866173246
4685,2023-08-07 01:00:00,105.41583093368291
4686,2023-08-07 02:00:00,57.010810190723674
4687,2023-08-07 03:00:00,32.134420846373274
4688,2023-08-07 04:00:00,18.010520596532416
4689,2023-08-07 05:00:00,4.205946842485872
4690,2023-08-07 06:00:00,-7.2017521141975465
4691,2023-08-07 07:00:00,-3.8539715811045596
4692,2023-08-07 08:00:00,24.713494194964028
4693,2023-08-07 09:00:00,76.29737766701948
4694,2023-08-07 10:00:00,136.2249583677822
4695,2023-08-07 11:00:00,187.73688997211693
4696,2023-08-07 12:00:00,222.8607529179337
4697,2023-08-07 13:00:00,244.73474405169804
4698,2023-08-07 14:00:00,261.1284052631099
4699,2023-08-07 15:00:00,276.7716367687871
4700,2023-08-07 16:00:00,291.6094840941455
4701,2023-08-07 17:00:00,304.65190202948327
4702,2023-08-07 18:00:00,317.0104690468347
4703,2023-08-07 19:00:00,329.41776669183434
4704,2023-08-07 20:00:00,336.8825595970644
4705,2023-08-07 21:00:00,327.82533936657853
4706,2023-08-07 22:00:00,291.3995873235632
4707,2023-08-07 23:00:00,227.92807011398168
4708,2023-08-08 00:00:00,152.57200464117432
4709,2023-08-08 01:00:00,87.22159432985697
4710,2023-08-08 02:00:00,46.25393688869589
4711,2023-08-08 03:00:00,28.097519213264547
4712,2023-08-08 04:00:00,19.957306063560623
4713,2023-08-08 05:00:00,11.390533446790187
4714,2023-08-08 06:00:00,4.474236040704199
4715,2023-08-08 07:00:00,11.575282482787287
4716,2023-08-08 08:00:00,43.17450904831058
4717,2023-08-08 09:00:00,97.09314026539658
4718,2023-08-08 10:00:00,158.6902182028477
4719,2023-08-08 11:00:00,211.24476126565708
4720,2023-08-08 12:00:00,246.82858120476493
4721,2023-08-08 13:00:00,268.6291803096542
4722,2023-08-08 14:00:00,284.4696419965946
4723,2023-08-08 15:00:00,299.136772017746
4724,2023-08-08 16:00:00,312.63499129816194
4725,2023-08-08 17:00:00,324.0351958033746
4726,2023-08-08 18:00:00,334.5105689986035
4727,2023-08-08 19:00:00,344.85507336238857
4728,2023-08-08 20:00:00,350.1377682474226
4729,2023-08-08 21:00:00,338.8375285091518
4730,2023-08-08 22:00:00,300.1635294629428
4731,2023-08-08 23:00:00,234.4908220164889
4732,2023-08-09 00:00:00,157.0288434562131
4733,2023-08-09 01:00:00,89.71137381571712
4734,2023-08-09 02:00:00,46.953945084221616
4735,2023-08-09 03:00:00,27.217924549321793
4736,2023-08-09 04:00:00,17.73528353728281
4737,2023-08-09 05:00:00,8.084165776159324
4738,2023-08-09 06:00:00,0.35628666226224937
4739,2023-08-09 07:00:00,6.926937907490867
4740,2023-08-09 08:00:00,38.2791873734016
4741,2023-08-09 09:00:00,92.23046065290708
4742,2023-08-09 10:00:00,154.13022277514526
4743,2023-08-09 11:00:00,207.24247635790954
4744,2023-08-09 12:00:00,243.61899916472743
4745,2023-08-09 13:00:00,266.4227362164089
4746,2023-08-09 14:00:00,283.4482518522278
4747,2023-08-09 15:00:00,299.4504902481586
4748,2023-08-09 16:00:00,314.39933591360597
4749,2023-08-09 17:00:00,327.32917943550115
4750,2023-08-09 18:00:00,339.3754633993163
4751,2023-08-09 19:00:00,351.29392393541764
4752,2023-08-09 20:00:00,358.11566399279377
4753,2023-08-09 21:00:00,348.2826214518195
4754,2023-08-09 22:00:00,310.96878648613017
4755,2023-08-09 23:00:00,246.51648104536383
4756,2023-08-10 00:00:00,170.10553536779236
4757,2023-08-10 01:00:00,103.6438615031337
4758,2023-08-10 02:00:00,61.52542160532276
4759,2023-08-10 03:00:00,42.194803842387216
4760,2023-08-10 04:00:00,32.872409485228815
4761,2023-08-10 05:00:00,23.130358734182977
4762,2023-08-10 06:00:00,15.060141058070172
4763,2023-08-10 07:00:00,21.042780164042227
4764,2023-08-10 08:00:00,51.57310029011782
4765,2023-08-10 09:00:00,104.4862785510905
4766,2023-08-10 10:00:00,165.1554012730769
4767,2023-08-10 11:00:00,216.8737413805594
4768,2023-08-10 12:00:00,251.72768203058737
4769,2023-08-10 13:00:00,272.9197050920731
4770,2023-08-10 14:00:00,288.2883545435488
4771,2023-08-10 15:00:00,302.6364292546329
4772,2023-08-10 16:00:00,315.98490372747415
4773,2023-08-10 17:00:00,327.42179016778243
4774,2023-08-10 18:00:00,338.137925814191
4775,2023-08-10 19:00:00,348.9454109041102
4776,2023-08-10 20:00:00,354.9318438872235
4777,2023-08-10 21:00:00,344.59492816243187
4778,2023-08-10 22:00:00,307.1628162823313
4779,2023-08-10 23:00:00,243.02951633343866
4780,2023-08-11 00:00:00,167.42320735600188
4781,2023-08-11 01:00:00,102.29597566483105
4782,2023-08-11 02:00:00,62.0809815826443
4783,2023-08-11 03:00:00,45.2562807897405
4784,2023-08-11 04:00:00,39.0693147354404
4785,2023-08-11 05:00:00,33.11218789838365
4786,2023-08-11 06:00:00,29.488767156753056
4787,2023-08-11 07:00:00,40.584381914439334
4788,2023-08-11 08:00:00,76.88971922989435
4789,2023-08-11 09:00:00,136.22710509987226
4790,2023-08-11 10:00:00,203.94789497512537
4791,2023-08-11 11:00:00,263.3146945665502
4792,2023-08-11 12:00:00,306.3743386093912
4793,2023-08-11 13:00:00,336.28104736975365
4794,2023-08-11 14:00:00,360.81667073651954
4795,2023-08-11 15:00:00,384.71927266583623
4796,2023-08-11 16:00:00,407.93755143726344
4797,2023-08-11 17:00:00,429.4803046479034
4798,2023-08-11 18:00:00,450.45291704220494
4799,2023-08-11 19:00:00,471.57658944971774
4800,2023-08-11 20:00:00,487.8434471550334
4801,2023-08-11 21:00:00,487.65209259536914
4802,2023-08-11 22:00:00,460.1289579330985
4803,2023-08-11 23:00:00,405.564770949334
4804,2023-08-12 00:00:00,235.5792603655686
4805,2023-08-12 01:00:00,179.03085260113747
4806,2023-08-12 02:00:00,146.74672451533164
4807,2023-08-12 03:00:00,137.10659902351168
4808,2023-08-12 04:00:00,137.26365251179703
4809,2023-08-12 05:00:00,136.72089135874546
4810,2023-08-12 06:00:00,137.49931074780744
4811,2023-08-12 07:00:00,151.90860162071158
4812,2023-08-12 08:00:00,190.37198772317464
4813,2023-08-12 09:00:00,250.65337226230207
4814,2023-08-12 10:00:00,318.0555064532956
4815,2023-08-12 11:00:00,375.8028911710601
4816,2023-08-12 12:00:00,415.9153306124639
4817,2023-08-12 13:00:00,441.5315501801157
4818,2023-08-12 14:00:00,460.4297821499008
4819,2023-08-12 15:00:00,477.3565669696704
4820,2023-08-12 16:00:00,492.28126219965066
4821,2023-08-12 17:00:00,504.24546597932357
4822,2023-08-12 18:00:00,514.3993326892742
4823,2023-08-12 19:00:00,523.520500076874
4824,2023-08-12 20:00:00,526.6687687743965
4825,2023-08-12 21:00:00,512.32110311331
4826,2023-08-12 22:00:00,469.6923143056347
4827,2023-08-12 23:00:00,399.1707463299744
4828,2023-08-13 00:00:00,315.98680756938904
4829,2023-08-13 01:00:00,242.1028569074034
4830,2023-08-13 02:00:00,191.97045125338468
4831,2023-08-13 03:00:00,164.09417688644524
4832,2023-08-13 04:00:00,145.75607796658102
4833,2023-08-13 05:00:00,126.59079964517845
4834,2023-08-13 06:00:00,108.75248141877333
4835,2023-08-13 07:00:00,104.68418053912748
4836,2023-08-13 08:00:00,124.94142162009085
4837,2023-08-13 09:00:00,167.41806619820235
4838,2023-08-13 10:00:00,217.54322870825695
4839,2023-08-13 11:00:00,258.6629639088649
4840,2023-08-13 12:00:00,282.91265804865515
4841,2023-08-13 13:00:00,293.53954888691777
4842,2023-08-13 14:00:00,298.4222900650544
4843,2023-08-13 15:00:00,302.39881889867945
4844,2023-08-13 16:00:00,305.5200297242711
4845,2023-08-13 17:00:00,306.8984686254449
4846,2023-08-13 18:00:00,307.7440349619175
4847,2023-08-13 19:00:00,308.882415347061
4848,2023-08-13 20:00:00,305.4093959721396
4849,2023-08-13 21:00:00,285.82562566101285
4850,2023-08-13 22:00:00,239.3571927587792
4851,2023-08-13 23:00:00,166.39133660748394
4852,2023-08-14 00:00:00,185.64984441836117
4853,2023-08-14 01:00:00,112.06038685861726
4854,2023-08-14 02:00:00,63.54242727130139
4855,2023-08-14 03:00:00,38.5527454370919
4856,2023-08-14 04:00:00,24.3152143924101
4857,2023-08-14 05:00:00,10.396686850683068
4858,2023-08-14 06:00:00,-1.125273605830131
4859,2023-08-14 07:00:00,2.107952965861415
4860,2023-08-14 08:00:00,30.560587531124128
4861,2023-08-14 09:00:00,82.02937772386349
4862,2023-08-14 10:00:00,141.8416182171895
4863,2023-08-14 11:00:00,193.23797778650393
4864,2023-08-14 12:00:00,228.2460519339713
4865,2023-08-14 13:00:00,250.0040525213857
4866,2023-08-14 14:00:00,266.28153641119326
4867,2023-08-14 15:00:00,281.80841874803866
4868,2023-08-14 16:00:00,296.5297599362831
4869,2023-08-14 17:00:00,309.45552959448855
4870,2023-08-14 18:00:00,321.69732097400504
4871,2023-08-14 19:00:00,333.9877303421339
4872,2023-08-14 20:00:00,341.3355370053961
4873,2023-08-14 21:00:00,332.16124717773096
4874,2023-08-14 22:00:00,295.61835674218344
4875,2023-08-14 23:00:00,232.02964683125168
4876,2023-08-15 00:00:00,157.74531691726736
4877,2023-08-15 01:00:00,92.2776485418858
4878,2023-08-15 02:00:00,51.19272184689147
4879,2023-08-15 03:00:00,32.919037967630885
4880,2023-08-15 04:00:00,24.661575837073855
4881,2023-08-15 05:00:00,15.977585566787695
4882,2023-08-15 06:00:00,8.944115865811142
4883,2023-08-15 07:00:00,15.928049334768758
4884,2023-08-15 08:00:00,47.410236131280996
4885,2023-08-15 09:00:00,101.21191459774701
4886,2023-08-15 10:00:00,162.6921405356026
4887,2023-08-15 11:00:00,215.12994600498064
4888,2023-08-15 12:00:00,250.597156332694
4889,2023-08-15 13:00:00,272.28128730236824
4890,2023-08-15 14:00:00,288.00543574140715
4891,2023-08-15 15:00:00,302.5564207288945
4892,2023-08-15 16:00:00,315.938676430953
4893,2023-08-15 17:00:00,327.22311196670694
4894,2023-08-15 18:00:00,337.58292386701567
4895,2023-08-15 19:00:00,347.8120875842585
4896,2023-08-15 20:00:00,352.9796753577184
4897,2023-08-15 21:00:00,341.56457483155475
4898,2023-08-15 22:00:00,302.77597401928523
4899,2023-08-15 23:00:00,236.9889364306257
4900,2023-08-16 00:00:00,158.22394373226683
4901,2023-08-16 01:00:00,90.79272461313255
4902,2023-08-16 02:00:00,47.92185524577695
4903,2023-08-16 03:00:00,28.072715127299887
4904,2023-08-16 04:00:00,18.477287685148667
4905,2023-08-16 05:00:00,8.71372865184071
4906,2023-08-16 06:00:00,0.8737653212367889
4907,2023-08-16 07:00:00,7.332701196887399
4908,2023-08-16 08:00:00,38.57361582817046
4909,2023-08-16 09:00:00,92.41394638271652
4910,2023-08-16 10:00:00,154.2031693603149
4911,2023-08-16 11:00:00,207.20529873536702
4912,2023-08-16 12:00:00,243.47212351938583
4913,2023-08-16 13:00:00,266.16659986769866
4914,2023-08-16 14:00:00,283.08330314148003
4915,2023-08-16 15:00:00,298.97718842066
4916,2023-08-16 16:00:00,313.8181510080142
4917,2023-08-16 17:00:00,326.6405921628973
4918,2023-08-16 18:00:00,338.57996502709744
4919,2023-08-16 19:00:00,350.3920161681002
4920,2023-08-16 20:00:00,357.1078588523829
4921,2023-08-16 21:00:00,347.16944115720764
4922,2023-08-16 22:00:00,309.7507633308285
4923,2023-08-16 23:00:00,245.19415727581716
4924,2023-08-17 00:00:00,168.6794630589063
4925,2023-08-17 01:00:00,102.11460243391946
4926,2023-08-17 02:00:00,59.893547131923796
4927,2023-08-17 03:00:00,40.460894777046946
4928,2023-08-17 04:00:00,31.03705596113413
4929,2023-08-17 05:00:00,21.194160085015284
4930,2023-08-17 06:00:00,13.023705683981547
4931,2023-08-17 07:00:00,18.906725404878927
4932,2023-08-17 08:00:00,49.33805229137519
4933,2023-08-17 09:00:00,102.15287214318319
4934,2023-08-17 10:00:00,162.7242798246739
4935,2023-08-17 11:00:00,214.3455566744308
4936,2023-08-17 12:00:00,249.10309412770926
4937,2023-08-17 13:00:00,270.19938220365555
4938,2023-08-17 14:00:00,285.4729728878109
4939,2023-08-17 15:00:00,299.72667292328657
4940,2023-08-17 16:00:00,312.9814645555891
4941,2023-08-17 17:00:00,324.3253675895048
4942,2023-08-17 18:00:00,334.9492267311826
4943,2023-08-17 19:00:00,345.66514954471177
4944,2023-08-17 20:00:00,351.560741669292
4945,2023-08-17 21:00:00,341.1337135541312
4946,2023-08-17 22:00:00,303.61222466130346
4947,2023-08-17 23:00:00,239.39028985000965
4948,2023-08-18 00:00:00,163.6960947908584
4949,2023-08-18 01:00:00,98.48173228798419
4950,2023-08-18 02:00:00,58.1803690114543
4951,2023-08-18 03:00:00,41.27006685033258
4952,2023-08-18 04:00:00,34.99827331566084
4953,2023-08-18 05:00:00,28.957098809624767
4954,2023-08-18 06:00:00,25.250415988724484
4955,2023-08-18 07:00:00,36.26355989286576
4956,2023-08-18 08:00:00,72.4872230726618
4957,2023-08-18 09:00:00,131.7437368723481
4958,2023-08-18 10:00:00,199.38446194746888
4959,2023-08-18 11:00:00,258.67200906750384
4960,2023-08-18 12:00:00,301.65321788277055
4961,2023-08-18 13:00:00,331.4823134293158
4962,2023-08-18 14:00:00,355.94115022103097
4963,2023-08-18 15:00:00,379.76779669200585
4964,2023-08-18 16:00:00,402.91095545816216
4965,2023-08-18 17:00:00,424.3794283015851
4966,2023-08-18 18:00:00,445.27860401325466
4967,2023-08-18 19:00:00,466.3296873144705
4968,2023-08-18 20:00:00,482.52480724171096
4969,2023-08-18 21:00:00,482.26256983643043
4970,2023-08-18 22:00:00,454.66941071873055
4971,2023-08-18 23:00:00,400.0360609830793
4972,2023-08-19 00:00:00,229.98225251371602
4973,2023-08-19 01:00:00,173.36641475174622
4974,2023-08-19 02:00:00,141.01572742783617
4975,2023-08-19 03:00:00,131.30991618548902
4976,2023-08-19 04:00:00,131.40215999100303
4977,2023-08-19 05:00:00,130.7954676581295
4978,2023-08-19 06:00:00,131.51083665897184
4979,2023-08-19 07:00:00,145.85796007661878
4980,2023-08-19 08:00:00,184.26006365641985
4981,2023-08-19 09:00:00,244.48105245626408
4982,2023-08-19 10:00:00,311.82367939757944
4983,2023-08-19 11:00:00,369.5124469150913
4984,2023-08-19 12:00:00,409.5671606259032
4985,2023-08-19 13:00:00,435.1265472004178
4986,2023-08-19 14:00:00,453.9688400423835
4987,2023-08-19 15:00:00,470.84058058323035
4988,2023-08-19 16:00:00,485.7111272217319
4989,2023-08-19 17:00:00,497.6220787925296
4990,2023-08-19 18:00:00,507.72359022697924
4991,2023-08-19 19:00:00,516.7932996843317
4992,2023-08-19 20:00:00,519.8910080600871
4993,2023-08-19 21:00:00,505.4936798110129
4994,2023-08-19 22:00:00,462.81612613152413
4995,2023-08-19 23:00:00,392.2466908427531
4996,2023-08-20 00:00:00,309.0157820235589
4997,2023-08-20 01:00:00,235.08575812028096
4998,2023-08-20 02:00:00,184.9081754606218
4999,2023-08-20 03:00:00,156.98761960321565
5000,2023-08-20 04:00:00,138.60613384861608
5001,2023-08-20 05:00:00,119.39836235045203
5002,2023-08-20 06:00:00,101.51844347076329
5003,2023-08-20 07:00:00,97.40943318440137
5004,2023-08-20 08:00:00,117.62879849532669
5005,2023-08-20 09:00:00,160.06845538599472
5006,2023-08-20 10:00:00,210.1575166161922
5007,2023-08-20 11:00:00,251.24203512020267
5008,2023-08-20 12:00:00,275.4573951983094
5009,2023-08-20 13:00:00,286.0508325227525
5010,2023-08-20 14:00:00,290.90099851717696
5011,2023-08-20 15:00:00,294.84582814777764
5012,2023-08-20 16:00:00,297.93621326799996
5013,2023-08-20 17:00:00,299.2846973482449
5014,2023-08-20 18:00:00,300.1011770034887
5015,2023-08-20 19:00:00,301.21133597711275
5016,2023-08-20 20:00:00,297.710957456093
5017,2023-08-20 21:00:00,278.10068713598355
5018,2023-08-20 22:00:00,231.60661010572036
5019,2023-08-20 23:00:00,158.61596232596528
5020,2023-08-21 00:00:00,177.85052749721115
5021,2023-08-21 01:00:00,104.23797265655638
5022,2023-08-21 02:00:00,55.697757391565474
5023,2023-08-21 03:00:00,30.686657602413376
5024,2023-08-21 04:00:00,16.428542325455567
5025,2023-08-21 05:00:00,2.490260152788153
5026,2023-08-21 06:00:00,-9.05062957377902
5027,2023-08-21 07:00:00,-5.835511274128152
5028,2023-08-21 08:00:00,22.59983154137271
5029,2023-08-21 09:00:00,74.0521419092969
5030,2023-08-21 10:00:00,133.84870979128175
5031,2023-08-21 11:00:00,185.23019913417815
5032,2023-08-21 12:00:00,220.22420050385284
5033,2023-08-21 13:00:00,241.96892070433395
5034,2023-08-21 14:00:00,258.2339114324512
5035,2023-08-21 15:00:00,273.74908255840444
5036,2023-08-21 16:00:00,288.45948909772096
5037,2023-08-21 17:00:00,301.37509517419596
5038,2023-08-21 18:00:00,313.60748843503353
5039,2023-08-21 19:00:00,325.88925944058906
5040,2023-08-21 20:00:00,333.229181678987
5041,2023-08-21 21:00:00,324.0477554475377
5042,2023-08-21 22:00:00,287.4984706053356
5043,2023-08-21 23:00:00,223.9041021611739
5044,2023-08-22 00:00:00,148.42587523741258
5045,2023-08-22 01:00:00,82.95400130087489
5046,2023-08-22 02:00:00,41.8655859450362
5047,2023-08-22 03:00:00,23.58912378383036
5048,2023-08-22 04:00:00,15.329587137039567
5049,2023-08-22 05:00:00,6.6442194023690035
5050,2023-08-22 06:00:00,-0.38993751418061606
5051,2023-08-22 07:00:00,6.5939920915232335
5052,2023-08-22 08:00:00,38.0768513902605
5053,2023-08-22 09:00:00,91.87987164534894
5054,2023-08-22 10:00:00,153.36210149360448
5055,2023-08-22 11:00:00,205.80256574449848
5056,2023-08-22 12:00:00,241.27308238415446
5057,2023-08-22 13:00:00,262.9611597744864
5058,2023-08-22 14:00:00,278.68988723756263
5059,2023-08-22 15:00:00,293.2460762658735
5060,2023-08-22 16:00:00,306.6341533541705
5061,2023-08-22 17:00:00,317.9250198780768
5062,2023-08-22 18:00:00,328.2918645431168
5063,2023-08-22 19:00:00,338.5286549005131
5064,2023-08-22 20:00:00,343.70445521347756
5065,2023-08-22 21:00:00,332.2981450778964
5066,2023-08-22 22:00:00,293.5189043864352
5067,2023-08-22 23:00:00,227.74178845821058
5068,2023-08-23 00:00:00,150.1762388140132
5069,2023-08-23 01:00:00,82.75603957562893
5070,2023-08-23 02:00:00,39.89672664056643
5071,2023-08-23 03:00:00,20.059671044397817
5072,2023-08-23 04:00:00,10.476847693412537
5073,2023-08-23 05:00:00,0.7264037314473342
5074,2023-08-23 06:00:00,-7.09994219311082
5075,2023-08-23 07:00:00,-0.626895282337415
5076,2023-08-23 08:00:00,30.628615250240216
5077,2023-08-23 09:00:00,84.4840177513585
5078,2023-08-23 10:00:00,146.28877984289596
5079,2023-08-23 11:00:00,199.30690658586755
5080,2023-08-23 12:00:00,235.59017799824733
5081,2023-08-23 13:00:00,258.3015412111074
5082,2023-08-23 14:00:00,275.2355625078975
5083,2023-08-23 15:00:00,291.14718784440515
5084,2023-08-23 16:00:00,306.0063033501664
5085,2023-08-23 17:00:00,318.8473010722356
5086,2023-08-23 18:00:00,330.80562489408214
5087,2023-08-23 19:00:00,342.63701208467023
5088,2023-08-23 20:00:00,349.37256657163334
5089,2023-08-23 21:00:00,339.4542270588661
5090,2023-08-23 22:00:00,302.0559843809962
5091,2023-08-23 23:00:00,237.5201609917804
5092,2023-08-24 00:00:00,161.02658747992635
5093,2023-08-24 01:00:00,94.48317608601042
5094,2023-08-24 02:00:00,52.28388899874621
5095,2023-08-24 03:00:00,32.87331426892142
5096,2023-08-24 04:00:00,23.47185289399681
5097,2023-08-24 05:00:00,13.651624647318954
5098,2023-08-24 06:00:00,5.504118418058255
5099,2023-08-24 07:00:00,11.41035718266582
5100,2023-08-24 08:00:00,41.86516429410079
5101,2023-08-24 09:00:00,94.70371584027913
5102,2023-08-24 10:00:00,155.29909695755154
5103,2023-08-24 11:00:00,206.94457924000787
5104,2023-08-24 12:00:00,241.72654436912256
5105,2023-08-24 13:00:00,262.84747258530615
5106,2023-08-24 14:00:00,278.1459060934717
5107,2023-08-24 15:00:00,292.4246418434212
5108,2023-08-24 16:00:00,305.70465228037597
5109,2023-08-24 17:00:00,317.07394739936933
5110,2023-08-24 18:00:00,327.7233620941952
5111,2023-08-24 19:00:00,338.4649941106063
5112,2023-08-24 20:00:00,344.38643927091294
5113,2023-08-24 21:00:00,333.985398203099
5114,2023-08-24 22:00:00,296.4900205517456
5115,2023-08-24 23:00:00,232.29431136055194
5116,2023-08-25 00:00:00,156.62644648964817
5117,2023-08-25 01:00:00,91.43850893481694
5118,2023-08-25 02:00:00,51.16365557054233
5119,2023-08-25 03:00:00,34.279938495029626
5120,2023-08-25 04:00:00,28.03479544061196
5121,2023-08-25 05:00:00,22.020327043210216
5122,2023-08-25 06:00:00,18.340396204410524
5123,2023-08-25 07:00:00,29.380328228754138
5124,2023-08-25 08:00:00,65.63080594089641
5125,2023-08-25 09:00:00,124.91415098523265
5126,2023-08-25 10:00:00,192.58171433185072
5127,2023-08-25 11:00:00,251.89609708675738
5128,2023-08-25 12:00:00,294.9041292614543
5129,2023-08-25 13:00:00,324.76002627694527
5130,2023-08-25 14:00:00,349.24563305672825
5131,2023-08-25 15:00:00,373.09900847113045
5132,2023-08-25 16:00:00,396.2688456029041
5133,2023-08-25 17:00:00,417.76393672983835
5134,2023-08-25 18:00:00,438.6896611723023
5135,2023-08-25 19:00:00,459.7672142101585
5136,2023-08-25 20:00:00,475.98871547877445
5137,2023-08-25 21:00:00,475.7527616515895
5138,2023-08-25 22:00:00,448.185779016402
5139,2023-08-25 23:00:00,393.5784893771546
5140,2023-08-26 00:00:00,223.5506153734414
5141,2023-08-26 01:00:00,166.9605772245809
5142,2023-08-26 02:00:00,134.63554550760358
5143,2023-08-26 03:00:00,124.95523674197788
5144,2023-08-26 04:00:00,125.07282082001207
5145,2023-08-26 05:00:00,124.49129752930679
5146,2023-08-26 06:00:00,125.23165536486746
5147,2023-08-26 07:00:00,139.603578484431
5148,2023-08-26 08:00:00,178.03028375585586
5149,2023-08-26 09:00:00,238.27566741800302
5150,2023-08-26 10:00:00,305.642473624545
5151,2023-08-26 11:00:00,363.3551960994454
5152,2023-08-26 12:00:00,403.4336318054925
5153,2023-08-26 13:00:00,429.0164988208171
5154,2023-08-26 14:00:00,447.88202201260214
5155,2023-08-26 15:00:00,464.7767343398634
5156,2023-08-26 16:00:00,479.66998579085407
5157,2023-08-26 17:00:00,491.6033668533057
5158,2023-08-26 18:00:00,501.72702417847046
5159,2023-08-26 19:00:00,510.81858770878233
5160,2023-08-26 20:00:00,513.9378501967068
5161,2023-08-26 21:00:00,499.5617680180791
5162,2023-08-26 22:00:00,456.90514436159447
5163,2023-08-26 23:00:00,386.35631511269276
5164,2023-08-27 00:00:00,303.1456804890157
5165,2023-08-27 01:00:00,229.23559114621395
5166,2023-08-27 02:00:00,179.0775957003298
5167,2023-08-27 03:00:00,151.1762720729825
5168,2023-08-27 04:00:00,132.81365600560682
5169,2023-08-27 06:00:00,95.76258753423681
5170,2023-08-27 07:00:00,91.67131474995003
5171,2023-08-27 08:00:00,111.90608178689217
5172,2023-08-27 09:00:00,154.36074147973514
5173,2023-08-27 10:00:00,204.46439952065998
5174,2023-08-27 11:00:00,245.56310186064684
5175,2023-08-27 12:00:00,269.79222590229153
5176,2023-08-27 13:00:00,280.3990005144226
5177,2023-08-27 14:00:00,285.26207039846247
5178,2023-08-27 15:00:00,289.2193638894935
5179,2023-08-27 16:00:00,292.3217663057584
5180,2023-08-27 17:00:00,293.6818146716354
5181,2023-08-27 18:00:00,294.50939924764276
5182,2023-08-27 19:00:00,295.630197518342
5183,2023-08-27 20:00:00,292.1399865066104
5184,2023-08-27 21:00:00,272.53940584035007
5185,2023-08-27 22:00:00,226.0545346362951
5186,2023-08-27 23:00:00,153.07260298319292
5187,2023-08-28 00:00:00,172.3153888066185
5188,2023-08-28 01:00:00,98.71055346882778
5189,2023-08-28 02:00:00,50.17755098179887
5190,2023-08-28 03:00:00,25.17315177633182
5191,2023-08-28 04:00:00,10.921219514332734
5192,2023-08-28 05:00:00,-3.011402475621651
5193,2023-08-28 06:00:00,-14.547160017772882
5194,2023-08-28 07:00:00,-11.327442589055892
5195,2023-08-28 08:00:00,17.111961347198985
5196,2023-08-28 09:00:00,68.56778998123126
5197,2023-08-28 10:00:00,128.3673285369207
5198,2023-08-28 11:00:00,179.75123632811471
5199,2023-08-28 12:00:00,214.74709939900447
5200,2023-08-28 13:00:00,236.4931201407562
5201,2023-08-28 14:00:00,252.75884594810398
5202,2023-08-28 15:00:00,268.2741824975431
5203,2023-08-28 16:00:00,282.9841807259855
5204,2023-08-28 17:00:00,295.8988007870963
5205,2023-08-28 18:00:00,308.1296264752758
5206,2023-08-28 19:00:00,320.40924460624524
5207,2023-08-28 20:00:00,327.74642504081896
5208,2023-08-28 21:00:00,318.5616645645538
5209,2023-08-28 22:00:00,282.00844963387215
5210,2023-08-28 23:00:00,218.40955198004855
5211,2023-08-29 00:00:00,142.92619355782722
5212,2023-08-29 01:00:00,77.44858278775679
5213,2023-08-29 02:00:00,36.35382232136271
5214,2023-08-29 03:00:00,18.070403970406232
5215,2023-08-29 04:00:00,9.803297352653118
5216,2023-08-29 05:00:00,1.1097432912064278
5217,2023-08-29 06:00:00,-5.933218766534878
5218,2023-08-29 07:00:00,1.0412845460766107
5219,2023-08-29 08:00:00,32.51409418202371
5220,2023-08-29 09:00:00,86.30643930651703
5221,2023-08-29 10:00:00,147.77736658036537
5222,2023-08-29 11:00:00,200.20589895681832
5223,2023-08-29 12:00:00,235.6638526883135
5224,2023-08-29 13:00:00,257.3387345247514
5225,2023-08-29 14:00:00,273.05363229905055
5226,2023-08-29 15:00:00,287.5953561334961
5227,2023-08-29 16:00:00,300.9683312817815
5228,2023-08-29 17:00:00,312.2434579944905
5229,2023-08-29 18:00:00,322.59392397969555
5230,2023-08-29 19:00:00,332.81369591263604
5231,2023-08-29 20:00:00,337.971837304867
5232,2023-08-29 21:00:00,326.5472271242984
5233,2023-08-29 22:00:00,287.7490447580593
5234,2023-08-29 23:00:00,221.9523451468571
5235,2023-08-30 00:00:00,144.3665695549654
5236,2023-08-30 01:00:00,76.9255019722888
5237,2023-08-30 02:00:00,34.04467829013862
5238,2023-08-30 03:00:00,14.185469656737922
5239,2023-08-30 04:00:00,4.579851223715281
5240,2023-08-30 05:00:00,-5.1940294992691065
5241,2023-08-30 06:00:00,-13.044453373906151
5242,2023-08-30 07:00:00,-6.596124987979522
5243,2023-08-30 08:00:00,24.63402718569216
5244,2023-08-30 09:00:00,78.4634323573234
5245,2023-08-30 10:00:00,140.24155913698843
5246,2023-08-30 11:00:00,193.23241369701682
5247,2023-08-30 12:00:00,229.48777729624658
5248,2023-08-30 13:00:00,252.17059842200763
5249,2023-08-30 14:00:00,269.0754448471545
5250,2023-08-30 15:00:00,284.957264133634
5251,2023-08-30 16:00:00,299.7859441444368
5252,2023-08-30 17:00:00,312.5958787825898
5253,2023-08-30 18:00:00,324.52251390953097
5254,2023-08-30 19:00:00,336.32158890024266
5255,2023-08-30 20:00:00,343.02420990409655
5256,2023-08-30 21:00:00,333.07231797367126
5257,2023-08-30 22:00:00,295.63990641412124
5258,2023-08-30 23:00:00,231.069300272602
5259,2023-08-31 00:00:00,154.54033284869035
5260,2023-08-31 01:00:00,87.96091922031594
5261,2023-08-31 02:00:00,45.72502453282574
5262,2023-08-31 03:00:00,26.277239912893293
5263,2023-08-31 04:00:00,16.837969555358427
5264,2023-08-31 05:00:00,6.979336550877889
5265,2023-08-31 06:00:00,-1.2071667736553024
5266,2023-08-31 07:00:00,4.6594861112988895
5267,2023-08-31 08:00:00,35.074122235751446
5268,2023-08-31 09:00:00,87.8719214789787
5269,2023-08-31 10:00:00,148.42597288732276
5270,2023-08-31 11:00:00,200.02955208109216
5271,2023-08-31 12:00:00,234.76904488874277
5272,2023-08-31 13:00:00,255.84693580827633
5273,2023-08-31 14:00:00,271.1017714199593
5274,2023-08-31 15:00:00,285.336353165583
5275,2023-08-31 16:00:00,298.57165809496536
5276,2023-08-31 17:00:00,309.8957009219355
5277,2023-08-31 18:00:00,320.49932137031493
5278,2023-08-31 19:00:00,331.1946221350196
5279,2023-08-31 20:00:00,337.06920409011457
5280,2023-08-31 21:00:00,326.6207730328607
5281,2023-08-31 22:00:00,289.0774838891293
5282,2023-08-31 23:00:00,224.83334708303784
5283,2023-09-01 00:00:00,149.11654397694997
5284,2023-09-01 01:00:00,83.87916317331204
5285,2023-09-01 02:00:00,43.554367258042745
5286,2023-09-01 03:00:00,26.620214149363193
5287,2023-09-01 04:00:00,20.32414750567341
5288,2023-09-01 05:00:00,14.25827399446959
5289,2023-09-01 06:00:00,10.526462654600493
5290,2023-09-01 07:00:00,21.514045026825357
5291,2023-09-01 08:00:00,57.71171028107571
5292,2023-09-01 09:00:00,116.94178650592707
5293,2023-09-01 10:00:00,184.55563121627085
5294,2023-09-01 11:00:00,243.8158521634399
5295,2023-09-01 12:00:00,286.76928610529933
5296,2023-09-01 13:00:00,316.5701553044952
5297,2023-09-01 14:00:00,341.00031162521685
5298,2023-09-01 15:00:00,364.7978209762617
5299,2023-09-01 16:00:00,387.91138357273996
5300,2023-09-01 17:00:00,409.34979891971443
5301,2023-09-01 18:00:00,430.21845365716797
5302,2023-09-01 19:00:00,451.2385504816421
5303,2023-09-01 20:00:00,467.4022165300929
5304,2023-09-01 21:00:00,467.10805607264615
5305,2023-09-01 22:00:00,439.4825030821668
5306,2023-09-01 23:00:00,384.81628714011003
5307,2023-09-02 00:00:00,214.72913873450682
5308,2023-09-02 01:00:00,158.0794860433465
5309,2023-09-02 02:00:00,125.69450767312266
5310,2023-09-02 03:00:00,115.95392825759866
5311,2023-09-02 04:00:00,116.01092588802004
5312,2023-09-02 05:00:00,115.36850863362665
5313,2023-09-02 06:00:00,116.04767335030812
5314,2023-09-02 07:00:00,130.35811263551327
5315,2023-09-02 08:00:00,168.72305188055242
5316,2023-09-02 09:00:00,228.90639591527327
5317,2023-09-02 10:00:00,296.210897566212
5318,2023-09-02 11:00:00,353.86105930722476
5319,2023-09-02 12:00:00,393.87668691769954
5320,2023-09-02 13:00:00,419.39650736942156
5321,2023-09-02 14:00:00,438.19875449288287
5322,2023-09-02 15:00:00,455.02997028132114
5323,2023-09-02 16:00:00,469.85951382141127
5324,2023-09-02 17:00:00,481.728984772369
5325,2023-09-02 18:00:00,491.78853901876585
5326,2023-09-02 19:00:00,500.8158158019495
5327,2023-09-02 20:00:00,503.87061723598526
5328,2023-09-02 21:00:00,489.42990912266924
5329,2023-09-02 22:00:00,446.70850413535936
5330,2023-09-02 23:00:00,376.09474770081897
5331,2023-09-03 00:00:00,292.8190496420554
5332,2023-09-03 01:00:00,218.8437702720849
5333,2023-09-03 02:00:00,168.62046792050737
5334,2023-09-03 03:00:00,140.6537302756334
5335,2023-09-03 04:00:00,122.22560290083672
5336,2023-09-03 05:00:00,102.9707323406586
5337,2023-09-03 06:00:00,85.04531594824606
5338,2023-09-03 07:00:00,80.89035571525538
5339,2023-09-03 08:00:00,101.06137762208357
5340,2023-09-03 09:00:00,143.45224456847617
5341,2023-09-03 10:00:00,193.4920723461807
5342,2023-09-03 11:00:00,234.52691705704115
5343,2023-09-03 12:00:00,258.6921662899334
5344,2023-09-03 13:00:00,269.2350591423121
5345,2023-09-03 14:00:00,274.03425058163344
5346,2023-09-03 15:00:00,277.9276792467439
5347,2023-09-03 16:00:00,280.9662407908946
5348,2023-09-03 17:00:00,282.26248261063677
5349,2023-09-03 18:00:00,283.026305371235
5350,2023-09-03 19:00:00,284.08339699050407
5351,2023-09-03 20:00:00,280.52954495372217
5352,2023-09-03 21:00:00,260.8653993813459
5353,2023-09-03 22:00:00,214.31704990686507
5354,2023-09-03 23:00:00,141.2717371581578
5355,2023-09-04 00:00:00,160.45124962849505
5356,2023-09-04 01:00:00,86.78325926517807
5357,2023-09-04 02:00:00,38.1872306869743
5358,2023-09-04 03:00:00,13.119944946291241
5359,2023-09-04 04:00:00,-1.1947236491475905
5360,2023-09-04 05:00:00,-15.189921117947478
5361,2023-09-04 06:00:00,-26.788082611133404
5362,2023-09-04 07:00:00,-23.63058692324634
5363,2023-09-04 08:00:00,4.746788175911291
5364,2023-09-04 09:00:00,56.14079157869176
5365,2023-09-04 10:00:00,115.8787192183676
5366,2023-09-04 11:00:00,167.20124112832121
5367,2023-09-04 12:00:00,202.13595406962395
5368,2023-09-04 13:00:00,223.82107115814182
5369,2023-09-04 14:00:00,240.02615051357668
5370,2023-09-04 15:00:00,255.48110853695806
5371,2023-09-04 16:00:00,270.1310068858184
5372,2023-09-04 17:00:00,282.9858164344684
5373,2023-09-04 18:00:00,295.15713169029686
5374,2023-09-04 19:00:00,307.37755017594327
5375,2023-09-04 20:00:00,314.6558524509535
5376,2023-09-04 21:00:00,305.4125459898825
5377,2023-09-04 22:00:00,268.801127927611
5378,2023-09-04 23:00:00,205.14438065725315
5379,2023-09-05 00:00:00,129.6035367902403
5380,2023-09-05 01:00:00,64.06881536709453
5381,2023-09-05 02:00:00,22.917329667738443
5382,2023-09-05 03:00:00,4.577582095548962
5383,2023-09-05 04:00:00,-3.74544715610827
5384,2023-09-05 05:00:00,-12.494506711430233
5385,2023-09-05 06:00:00,-19.59254659507613
5386,2023-09-05 07:00:00,-12.672682935124016
5387,2023-09-05 08:00:00,18.745935692690324
5388,2023-09-05 09:00:00,72.48454890373492
5389,2023-09-05 10:00:00,133.90221377336374
5390,2023-09-05 11:00:00,186.2779636383902
5391,2023-09-05 12:00:00,221.68362510179222
5392,2023-09-05 13:00:00,243.3067152291327
5393,2023-09-05 14:00:00,258.9703321312945
5394,2023-09-05 15:00:00,273.4612961697195
5395,2023-09-05 16:00:00,286.7840427984031
5396,2023-09-05 17:00:00,298.00948242602874
5397,2023-09-05 18:00:00,308.3108128762898
5398,2023-09-05 19:00:00,318.4820108935589
5399,2023-09-05 20:00:00,323.59215001633095
5400,2023-09-05 21:00:00,312.1201191871261
5401,2023-09-05 22:00:00,273.2751077213066
5402,2023-09-05 23:00:00,207.43218043635284
5403,2023-09-06 00:00:00,129.80078842141398
5404,2023-09-06 01:00:00,62.31472543496912
5405,2023-09-06 02:00:00,19.389537084889895
5406,2023-09-06 03:00:00,-0.5133958232385396
5407,2023-09-06 04:00:00,-10.162088538178637
5408,2023-09-06 05:00:00,-19.978384009338725
5409,2023-09-06 06:00:00,-27.870553623229313
5410,2023-09-06 07:00:00,-21.4632925479265
5411,2023-09-06 08:00:00,9.726480090562944
5412,2023-09-06 09:00:00,63.51620278685252
5413,2023-09-06 10:00:00,125.25535337802545
5414,2023-09-06 11:00:00,178.2079471745351
5415,2023-09-06 12:00:00,214.4257745165612
5416,2023-09-06 13:00:00,237.07179290050675
5417,2023-09-06 14:00:00,253.9405790306376
5418,2023-09-06 15:00:00,269.787089328589
5419,2023-09-06 16:00:00,284.5812204401476
5420,2023-09-06 17:00:00,297.357374972955
5421,2023-09-06 18:00:00,309.2510074165404
5422,2023-09-06 19:00:00,321.017865688778
5423,2023-09-06 20:00:00,327.68906440780205
5424,2023-09-06 21:00:00,317.7065530037198
5425,2023-09-06 22:00:00,280.2443330798725
5426,2023-09-06 23:00:00,215.6447378942732
5427,2023-09-07 00:00:00,139.08760887102886
5428,2023-09-07 01:00:00,72.48086912214889
5429,2023-09-07 02:00:00,30.218491739023747
5430,2023-09-07 03:00:00,10.745075701639195
5431,2023-09-07 04:00:00,1.2810329665126972
5432,2023-09-07 05:00:00,-8.601505707650944
5433,2023-09-07 06:00:00,-16.811040422118822
5434,2023-09-07 07:00:00,-10.96653716936413
5435,2023-09-07 08:00:00,19.426838455740466
5436,2023-09-07 09:00:00,72.20427361460368
5437,2023-09-07 10:00:00,132.73886453155959
5438,2023-09-07 11:00:00,184.32389390454819
5439,2023-09-07 12:00:00,219.04575453648914
5440,2023-09-07 13:00:00,240.10693779774226
5441,2023-09-07 14:00:00,255.3459970328289
5442,2023-09-07 15:00:00,269.5657403450191
5443,2023-09-07 16:00:00,282.78715133461327
5444,2023-09-07 17:00:00,294.0982511590289
5445,2023-09-07 18:00:00,304.68988587544914
5446,2023-09-07 19:00:00,315.3741644006111
5447,2023-09-07 20:00:00,321.2386937215416
5448,2023-09-07 21:00:00,310.7811856300938
5449,2023-09-07 22:00:00,273.2298009343698
5450,2023-09-07 23:00:00,208.97855582768696
5451,2023-09-08 00:00:00,133.25563732263745
5452,2023-09-08 01:00:00,68.01313955769162
5453,2023-09-08 02:00:00,27.684230523744716
5454,2023-09-08 03:00:00,10.746973444495268
5455,2023-09-08 04:00:00,4.448817147052921
5456,2023-09-08 05:00:00,-1.6181266475349503
5457,2023-09-08 06:00:00,-5.349983970050943
5458,2023-09-08 07:00:00,5.638581526089183
5459,2023-09-08 08:00:00,41.83826369278755
5460,2023-09-08 09:00:00,101.07139517284264
5461,2023-09-08 10:00:00,168.68933791170548
5462,2023-09-08 11:00:00,227.95470396157685
5463,2023-09-08 12:00:00,270.914334254145
5464,2023-09-08 13:00:00,300.7224550963484
5465,2023-09-08 14:00:00,325.16092226764033
5466,2023-09-08 15:00:00,348.9678054570209
5467,2023-09-08 16:00:00,372.09180853419826
5468,2023-09-08 17:00:00,393.5417345207428
5469,2023-09-08 18:00:00,414.4229734428557
5470,2023-09-08 19:00:00,435.4567312475772
5471,2023-09-08 20:00:00,451.6351381877207
5472,2023-09-08 21:00:00,451.3568015138705
5473,2023-09-08 22:00:00,423.7481580419435
5474,2023-09-08 23:00:00,369.09994006078364
5475,2023-09-09 00:00:00,199.03188062625878
5476,2023-09-09 01:00:00,142.4024103461521
5477,2023-09-09 02:00:00,110.03871011593523
5478,2023-09-09 03:00:00,100.32050672265115
5479,2023-09-09 04:00:00,100.40098026418636
5480,2023-09-09 05:00:00,99.78314068147236
5481,2023-09-09 06:00:00,100.48798655354976
5482,2023-09-09 07:00:00,114.82521206455394
5483,2023-09-09 08:00:00,153.21804404584216
5484,2023-09-09 09:00:00,213.43038862428602
5485,2023-09-09 10:00:00,280.76499977844423
5486,2023-09-09 11:00:00,338.4463809976355
5487,2023-09-09 12:00:00,378.4943389168465
5488,2023-09-09 13:00:00,404.04760122868316
5489,2023-09-09 14:00:00,422.88440233647884
5490,2023-09-09 15:00:00,439.75128465606815
5491,2023-09-09 16:00:00,454.61760755549795
5492,2023-09-09 17:00:00,466.52497082250386
5493,2023-09-09 18:00:00,476.6235303259318
5494,2023-09-09 19:00:00,485.6909251415156
5495,2023-09-09 20:00:00,488.7869570697207
5496,2023-09-09 21:00:00,474.38859145033075
5497,2023-09-09 22:00:00,431.7106403438451
5498,2023-09-09 23:00:00,361.14144841746065
5499,2023-09-10 00:00:00,277.9114245829275
5500,2023-09-10 01:00:00,203.9829280923106
5501,2023-09-10 02:00:00,153.80751606303633
5502,2023-09-10 03:00:00,125.88977482401427
5503,2023-09-10 04:00:00,107.5117484240661
5504,2023-09-10 06:00:00,70.43291385302955
5505,2023-09-10 07:00:00,66.32930141228563
5506,2023-09-10 08:00:00,86.55276828701508
5507,2023-09-10 09:00:00,128.9971751085076
5508,2023-09-10 10:00:00,179.09163524924483
5509,2023-09-10 11:00:00,220.1822022376907
5510,2023-09-10 12:00:00,244.40426094564853
5511,2023-09-10 13:00:00,255.00504758956697
5512,2023-09-10 14:00:00,259.86321411248645
5513,2023-09-10 15:00:00,263.8166959775506
5514,2023-09-10 16:00:00,266.9163855069103
5515,2023-09-10 17:00:00,268.2748266154446
5516,2023-09-10 18:00:00,269.1019163359874
5517,2023-09-10 19:00:00,270.223338804283
5518,2023-09-10 20:00:00,266.7348775674083
5519,2023-09-10 21:00:00,247.13717866005044
5520,2023-09-10 22:00:00,200.65632747802812
5521,2023-09-10 23:00:00,127.67956026245372
5522,2023-09-11 00:00:00,146.92866096259408
5523,2023-09-11 01:00:00,73.33129683900101
5524,2023-09-11 02:00:00,24.806927669515574
5525,2023-09-11 03:00:00,-0.1876704837233376
5526,2023-09-11 04:00:00,-14.428628453589255
5527,2023-09-11 05:00:00,-28.349097548319378
5528,2023-09-11 06:00:00,-39.87151835690079
5529,2023-09-11 07:00:00,-36.637275264193335
5530,2023-09-11 08:00:00,-8.182151773809778
5531,2023-09-11 09:00:00,43.29059512055649
5532,2023-09-11 10:00:00,103.10825531961981
5533,2023-09-11 11:00:00,154.51149267539526
5534,2023-09-11 12:00:00,189.52789762570683
5535,2023-09-11 13:00:00,211.29567680932809
5536,2023-09-11 14:00:00,227.58438172696628
5537,2023-09-11 15:00:00,243.12392201476948
5538,2023-09-11 16:00:00,257.859352419422
5539,2023-09-11 17:00:00,270.80063675961003
5540,2023-09-11 18:00:00,283.05936234232854
5541,2023-09-11 19:00:00,295.36811935033825
5542,2023-09-11 20:00:00,302.7356808533475
5543,2023-09-11 21:00:00,293.5825466991474
5544,2023-09-11 22:00:00,257.06220625181527
5545,2023-09-11 23:00:00,193.49743399430832
5546,2023-09-12 00:00:00,118.0494544829143
5547,2023-09-12 01:00:00,52.60847856854082
5548,2023-09-12 02:00:00,11.551611199912685
5549,2023-09-12 03:00:00,-6.692653690686058
5550,2023-09-12 04:00:00,-14.919344517089684
5551,2023-09-12 05:00:00,-23.571218648036876
5552,2023-09-12 06:00:00,-30.571234987812716
5553,2023-09-12 07:00:00,-23.55251868620809
5554,2023-09-12 08:00:00,7.9657725390710254
5555,2023-09-12 09:00:00,61.80486901121347
5556,2023-09-12 10:00:00,123.32381838908182
5557,2023-09-12 11:00:00,175.80164445833
5558,2023-09-12 12:00:00,211.31016414217635
5559,2023-09-12 13:00:00,233.03688469222226
5560,2023-09-12 14:00:00,248.80489427636877
5561,2023-09-12 15:00:00,263.4010031877011
5562,2023-09-12 16:00:00,276.829636681
5563,2023-09-12 17:00:00,288.161694839681
5564,2023-09-12 18:00:00,298.57036503553604
5565,2023-09-12 19:00:00,308.84961343943223
5566,2023-09-12 20:00:00,314.06850288769385
5567,2023-09-12 21:00:00,302.70591150129457
5568,2023-09-12 22:00:00,263.9710176515043
5569,2023-09-12 23:00:00,198.23887509231724
5570,2023-09-13 00:00:00,120.7189237245577
5571,2023-09-13 01:00:00,53.344946006871936
5572,2023-09-13 02:00:00,10.5324761261341
5573,2023-09-13 03:00:00,-9.257116649970442
5574,2023-09-13 04:00:00,-18.791859221973
5575,2023-09-13 05:00:00,-28.493606305243503
5576,2023-09-13 06:00:00,-36.27064116391628
5577,2023-09-13 07:00:00,-29.74767095956571
5578,2023-09-13 08:00:00,1.5583730813669945
5579,2023-09-13 09:00:00,55.46491724918934
5580,2023-09-13 10:00:00,117.32142705557814
5581,2023-09-13 11:00:00,170.39190538825355
5582,2023-09-13 12:00:00,206.72813005518398
5583,2023-09-13 13:00:00,229.49304592366315
5584,2023-09-13 14:00:00,246.48121695477244
5585,2023-09-13 15:00:00,262.44758673424553
5586,2023-09-13 16:00:00,277.36203896503696
5587,2023-09-13 17:00:00,290.25896322093945
5588,2023-09-13 18:00:00,302.2738008523876
5589,2023-09-13 19:00:00,314.1622865458221
5590,2023-09-13 20:00:00,320.9555215917104
5591,2023-09-13 21:00:00,311.09544200196706
5592,2023-09-13 22:00:00,273.7560358664678
5593,2023-09-13 23:00:00,209.27962283868274
5594,2023-09-14 00:00:00,132.8460306531445
5595,2023-09-14 01:00:00,66.36316864114389
5596,2023-09-14 02:00:00,24.224996027927943
5597,2023-09-14 03:00:00,4.8760978412805684
5598,2023-09-14 04:00:00,-4.463127992344852
5599,2023-09-14 05:00:00,-14.220564833955677
5600,2023-09-14 06:00:00,-22.30472697901851
5601,2023-09-14 07:00:00,-16.334594694740105
5602,2023-09-14 08:00:00,14.18465207255906
5603,2023-09-14 09:00:00,67.08818605545967
5604,2023-09-14 10:00:00,127.74908897691608
5605,2023-09-14 11:00:00,179.46062896334735
5606,2023-09-14 12:00:00,214.30918416997525
5607,2023-09-14 13:00:00,235.4972312541742
5608,2023-09-14 14:00:00,250.8633087786979
5609,2023-09-14 15:00:00,265.2102100004197
5610,2023-09-14 16:00:00,278.5589036038601
5611,2023-09-14 17:00:00,289.99739577450055
5612,2023-09-14 18:00:00,300.71651753375215
5613,2023-09-14 19:00:00,311.52836270075744
5614,2023-09-14 20:00:00,317.5205231097225
5615,2023-09-14 21:00:00,307.1906953446214
5616,2023-09-14 22:00:00,269.7670249484608
5617,2023-09-14 23:00:00,205.64351279676347
5618,2023-09-15 00:00:00,130.04833053780953
5619,2023-09-15 01:00:00,64.9335568918242
5620,2023-09-15 02:00:00,24.73234438527632
5621,2023-09-15 03:00:00,7.922740731734876
5622,2023-09-15 04:00:00,1.7521792063357395
5623,2023-09-15 05:00:00,-4.187244067935836
5624,2023-09-15 06:00:00,-7.79167075884618
5625,2023-09-15 07:00:00,3.3242198054147423
5626,2023-09-15 08:00:00,39.65110576494692
5627,2023-09-15 09:00:00,99.01130401282947
5628,2023-09-15 10:00:00,166.7561607142868
5629,2023-09-15 11:00:00,226.1482721111165
5630,2023-09-15 12:00:00,269.2344632899559
5631,2023-09-15 13:00:00,299.1689446885565
5632,2023-09-15 14:00:00,323.73355619012136
5633,2023-09-15 15:00:00,347.6663515640543
5634,2023-09-15 16:00:00,370.9160187340699
5635,2023-09-15 17:00:00,392.4913447607946
5636,2023-09-15 18:00:00,413.4977036868993
5637,2023-09-15 19:00:00,434.6562854599266
5638,2023-09-15 20:00:00,450.95920431759043
5639,2023-09-15 21:00:00,450.80505148473844
5640,2023-09-15 22:00:00,423.3202477375006
5641,2023-09-15 23:00:00,368.795509313588
5642,2023-09-16 00:00:00,198.8505532173263
5643,2023-09-16 01:00:00,142.34379399294244
5644,2023-09-16 02:00:00,110.10239647136092
5645,2023-09-16 03:00:00,100.50607136790515
5646,2023-09-16 04:00:00,100.70798271897252
5647,2023-09-16 05:00:00,100.21112439587824
5648,2023-09-16 06:00:00,101.03647891688655
5649,2023-09-16 07:00:00,115.49372441018787
5650,2023-09-16 08:00:00,154.00607165845233
5651,2023-09-16 09:00:00,214.33741074523607
5652,2023-09-16 10:00:00,281.7904796319603
5653,2023-09-16 11:00:00,339.58976578456935
5654,2023-09-16 12:00:00,379.7550598392198
5655,2023-09-16 13:00:00,405.42507350803135
5656,2023-09-16 14:00:00,424.37802523241345
5657,2023-09-16 15:00:00,441.36044148353363
5658,2023-09-16 16:00:00,456.3416657109849
5659,2023-09-16 17:00:00,468.3632818073467
5660,2023-09-16 18:00:00,478.57542977451453
5661,2023-09-16 19:00:00,487.7557328464623
5662,2023-09-16 20:00:00,490.96397701802664
5663,2023-09-16 21:00:00,476.67711184966447
5664,2023-09-16 22:00:00,434.1099336607881
5665,2023-09-16 23:00:00,363.6507714128221
5666,2023-09-17 00:00:00,280.53001835043165
5667,2023-09-17 01:00:00,206.7100180960869
5668,2023-09-17 02:00:00,156.64231218313793
5669,2023-09-17 03:00:00,128.83147139796733
5670,2023-09-17 04:00:00,110.55952429333871
5671,2023-09-17 05:00:00,91.46334785983981
5672,2023-09-17 06:00:00,73.69481808997763
5673,2023-09-17 07:00:00,69.69697630575156
5674,2023-09-17 08:00:00,90.02533107338274
5675,2023-09-17 09:00:00,132.5737277878668
5676,2023-09-17 10:00:00,182.77126463965956
5677,2023-09-17 11:00:00,223.96398003391184
5678,2023-09-17 12:00:00,248.28724378293595
5679,2023-09-17 13:00:00,258.9882771046628
5680,2023-09-17 14:00:00,263.9457170081134
5681,2023-09-17 15:00:00,267.99748408836143
5682,2023-09-17 16:00:00,271.1944558700659
5683,2023-09-17 17:00:00,272.6491615389003
5684,2023-09-17 18:00:00,273.57148347316985
5685,2023-09-17 19:00:00,274.78709122148445
5686,2023-09-17 20:00:00,271.3917538313966
5687,2023-09-17 21:00:00,251.88610290338607
5688,2023-09-17 22:00:00,205.4962094892184
5689,2023-09-17 23:00:00,132.6092955519583
5690,2023-09-18 00:00:00,151.9471308677943
5691,2023-09-18 01:00:00,78.43736859227606
5692,2023-09-18 02:00:00,29.99945449146945
5693,2023-09-18 04:00:00,-9.066687441707046
5694,2023-09-18 05:00:00,-22.90422499056811
5695,2023-09-18 06:00:00,-34.34491618151574
5696,2023-09-18 07:00:00,-31.03015894996568
5697,2023-09-18 08:00:00,-2.4957502570472343
5698,2023-09-18 09:00:00,49.05503955046842
5699,2023-09-18 10:00:00,108.94948711773588
5700,2023-09-18 11:00:00,160.42824314461623
5701,2023-09-18 12:00:00,195.51888502134494
5702,2023-09-18 13:00:00,217.35960644728823
5703,2023-09-18 14:00:00,233.71994608778886
5704,2023-09-18 15:00:00,249.32980085580465
5705,2023-09-18 16:00:00,264.13421288528264
5706,2023-09-18 17:00:00,277.14313349477266
5707,2023-09-18 18:00:00,289.46813760691657
5708,2023-09-18 19:00:00,301.8418031327965
5709,2023-09-18 20:00:00,309.27289099500354
5710,2023-09-18 21:00:00,300.1818890062608
5711,2023-09-18 22:00:00,263.7222746213461
5712,2023-09-18 23:00:00,200.21681053969962
5713,2023-09-19 00:00:00,124.82670964190714
5714,2023-09-19 01:00:00,59.44217125266155
5715,2023-09-19 02:00:00,18.440288906428464
5716,2023-09-19 03:00:00,0.24954525709995323
5717,2023-09-19 04:00:00,-7.9250992634426325
5718,2023-09-19 05:00:00,-16.526413040513262
5719,2023-09-19 06:00:00,-23.47736586272336
5720,2023-09-19 07:00:00,-16.411093627958593
5721,2023-09-19 08:00:00,15.15323532911458
5722,2023-09-19 09:00:00,69.03684086074666
5723,2023-09-19 10:00:00,130.5987602867369
5724,2023-09-19 11:00:00,183.1180072082048
5725,2023-09-19 12:00:00,218.6663884872351
5726,2023-09-19 13:00:00,240.43140147159986
5727,2023-09-19 14:00:00,256.236124568828
5728,2023-09-19 15:00:00,270.8673584526788
5729,2023-09-19 16:00:00,284.3295189161604
5730,2023-09-19 17:00:00,295.69349672134706
5731,2023-09-19 18:00:00,306.13247007570646
5732,2023-09-19 19:00:00,316.4403961351235
5733,2023-09-19 20:00:00,321.6863288753148
5734,2023-09-19 21:00:00,310.3491377121966
5735,2023-09-19 22:00:00,271.63799246601445
5736,2023-09-19 23:00:00,205.92793850045138
5737,2023-09-20 00:00:00,128.42840748284678
5738,2023-09-20 01:00:00,61.0731737983897
5739,2023-09-20 02:00:00,18.277763720688398
5740,2023-09-20 03:00:00,-1.4964612292678794
5741,2023-09-20 04:00:00,-11.017535541306557
5742,2023-09-20 05:00:00,-20.707321349541587
5743,2023-09-20 06:00:00,-28.474109174402088
5744,2023-09-20 07:00:00,-21.94261326479807
5745,2023-09-20 08:00:00,9.370228233121281
5746,2023-09-20 09:00:00,63.28183485876487
5747,2023-09-20 10:00:00,125.14166554529879
5748,2023-09-20 11:00:00,178.21371677072966
5749,2023-09-20 12:00:00,214.5497601080702
5750,2023-09-20 13:00:00,237.31273436258851
5751,2023-09-20 14:00:00,254.2971976093974
5752,2023-09-20 15:00:00,270.2580877183637
5753,2023-09-20 16:00:00,285.16528286514665
5754,2023-09-20 17:00:00,298.0531672603051
5755,2023-09-20 18:00:00,310.0571770778541
5756,2023-09-20 19:00:00,321.93304200385694
5757,2023-09-20 20:00:00,328.71185851312276
5758,2023-09-20 21:00:00,318.83555797804274
5759,2023-09-20 22:00:00,281.47812403403833
5760,2023-09-20 23:00:00,216.98187206347416
5761,2023-09-21 00:00:00,140.52662571287203
5762,2023-09-21 01:00:00,74.02029041035016
5763,2023-09-21 02:00:00,31.8568216622468
5764,2023-09-21 03:00:00,12.480800968645099
5765,2023-09-21 04:00:00,3.112622907299567
5766,2023-09-21 05:00:00,-6.675599035504234
5767,2023-09-21 06:00:00,-14.792382124985267
5768,2023-09-21 07:00:00,-8.856709405999624
5769,2023-09-21 08:00:00,21.626236586510572
5770,2023-09-21 09:00:00,74.49162618657817
5771,2023-09-21 10:00:00,135.11253891141712
5772,2023-09-21 11:00:00,186.78224087132187
5773,2023-09-21 12:00:00,221.58710839931393
5774,2023-09-21 13:00:00,242.72961652342718
5775,2023-09-21 14:00:00,258.048302371873
5776,2023-09-21 15:00:00,272.34595795627587
5777,2023-09-21 16:00:00,285.64355091796733
5778,2023-09-21 17:00:00,297.02908658713886
5779,2023-09-21 18:00:00,307.6933953307079
5780,2023-09-21 19:00:00,318.4485705064965
5781,2023-09-21 20:00:00,324.38220368443206
5782,2023-09-21 21:00:00,313.9919913826931
5783,2023-09-21 22:00:00,276.5060792720288
5784,2023-09-21 23:00:00,212.31846855872493
5785,2023-09-22 00:00:00,136.65733141777258
5786,2023-09-22 01:00:00,71.47474728360196
5787,2023-09-22 02:00:00,31.20386961659665
5788,2023-09-22 03:00:00,14.322747247115217
5789,2023-09-22 04:00:00,8.07881477157514
5790,2023-09-22 05:00:00,2.064169831341786
5791,2023-09-22 06:00:00,-1.6173275189038634
5792,2023-09-22 07:00:00,9.419645307939675
5793,2023-09-22 08:00:00,45.66576857449584
5794,2023-09-22 09:00:00,104.94336149198048
5795,2023-09-22 10:00:00,172.6037727447889
5796,2023-09-22 11:00:00,231.90960129338845
5797,2023-09-22 12:00:00,274.90767514752395
5798,2023-09-22 13:00:00,304.75220786307113
5799,2023-09-22 14:00:00,329.2250426442269
5800,2023-09-22 15:00:00,353.06423678315855
5801,2023-09-22 16:00:00,376.2184819252278
5802,2023-09-22 17:00:00,397.69656905339116
5803,2023-09-22 18:00:00,418.60387633212423
5804,2023-09-22 19:00:00,439.661598035382
5805,2023-09-22 20:00:00,455.86185292016444
5806,2023-09-22 21:00:00,455.6032369377016
5807,2023-09-22 22:00:00,428.01217578703125
5808,2023-09-22 23:00:00,373.379390831141
5809,2023-09-23 00:00:00,203.3246043930111
5810,2023-09-23 01:00:00,146.70623654207196
5811,2023-09-23 02:00:00,114.3514578316638
5812,2023-09-23 03:00:00,104.63998489567535
5813,2023-09-23 04:00:00,104.72498789028555
5814,2023-09-23 05:00:00,104.10946700428688
5815,2023-09-23 06:00:00,104.81441127307933
5816,2023-09-23 07:00:00,119.14950553573976
5817,2023-09-23 08:00:00,157.53796748702374
5818,2023-09-23 09:00:00,217.7436943190016
5819,2023-09-23 10:00:00,285.06943129567117
5820,2023-09-23 11:00:00,342.7396733824089
5821,2023-09-23 12:00:00,382.7742189149246
5822,2023-09-23 13:00:00,408.3117874933229
5823,2023-09-23 14:00:00,427.13060564543025
5824,2023-09-23 15:00:00,443.9772081230974
5825,2023-09-23 16:00:00,458.82094684880497
5826,2023-09-23 17:00:00,470.7034143836139
5827,2023-09-23 18:00:00,480.7747595856337
5828,2023-09-23 19:00:00,489.81261474344865
5829,2023-09-23 20:00:00,492.876775091255
5830,2023-09-23 21:00:00,478.44419962346115
5831,2023-09-23 22:00:00,435.72969428253725
5832,2023-09-23 23:00:00,365.12159784347216
5833,2023-09-24 00:00:00,281.8503135478553
5834,2023-09-24 01:00:00,207.8781952099249
5835,2023-09-24 02:00:00,157.65679473782694
5836,2023-09-24 03:00:00,129.69069347878732
5837,2023-09-24 04:00:00,111.26193073295525
5838,2023-09-24 05:00:00,92.00514686770285
5839,2023-09-24 06:00:00,74.07447666295515
5840,2023-09-24 07:00:00,69.91297273604876
5841,2023-09-24 08:00:00,90.07615513671391
5842,2023-09-24 09:00:00,132.45788092162107
5843,2023-09-24 10:00:00,182.48726012227624
5844,2023-09-24 11:00:00,223.51034316426055
5845,2023-09-24 12:00:00,247.6625120614122
5846,2023-09-24 13:00:00,258.1910004068069
5847,2023-09-24 14:00:00,262.9744577617313
5848,2023-09-24 15:00:00,266.8508174512819
5849,2023-09-24 16:00:00,269.87096990203463
5850,2023-09-24 17:00:00,271.1474573760796
5851,2023-09-24 18:00:00,271.89017549576863
5852,2023-09-24 19:00:00,272.9248072335065
5853,2023-09-24 20:00:00,269.3471352213272
5854,2023-09-24 21:00:00,249.65780482038753
5855,2023-09-24 22:00:00,203.0829010016759
5856,2023-09-24 23:00:00,130.0096598238994
5857,2023-09-25 00:00:00,149.1598653178582
5858,2023-09-25 01:00:00,75.46118506175397
5859,2023-09-25 02:00:00,26.833079395130724
5860,2023-09-25 03:00:00,1.732325206135016
5861,2023-09-25 04:00:00,-12.617207267214042
5862,2023-09-25 05:00:00,-26.648668015972135
5863,2023-09-25 06:00:00,-38.2844960556875
5864,2023-09-25 07:00:00,-35.166073945656535
5865,2023-09-25 08:00:00,-6.829183115905437
5866,2023-09-25 09:00:00,44.52292177004466
5867,2023-09-25 10:00:00,104.21753319293364
5868,2023-09-25 11:00:00,155.49531784295218
5869,2023-09-25 12:00:00,190.38386924202067
5870,2023-09-25 13:00:00,212.02139737453712
5871,2023-09-25 14:00:00,228.1774573359765
5872,2023-09-25 15:00:00,243.5819626139467
5873,2023-09-25 16:00:00,258.1799720578092
5874,2023-09-25 17:00:00,270.98145384749307
5875,2023-09-25 18:00:00,283.0979999047387
5876,2023-09-25 19:00:00,295.262205278226
5877,2023-09-25 20:00:00,302.48284816491866
5878,2023-09-25 21:00:00,293.18043378987977
5879,2023-09-25 22:00:00,256.50845715143197
5880,2023-09-25 23:00:00,192.7896986236347
5881,2023-09-26 00:00:00,117.18538889677976
5882,2023-09-26 01:00:00,51.585745230670184
5883,2023-09-26 02:00:00,10.367879225144492
5884,2023-09-26 03:00:00,-8.039708285000188
5885,2023-09-26 04:00:00,-16.432038545342834
5886,2023-09-26 05:00:00,-25.25186151147281
5887,2023-09-26 06:00:00,-32.42212841494745
5888,2023-09-26 07:00:00,-25.575956481103475
5889,2023-09-26 08:00:00,5.767504748724292
5890,2023-09-26 09:00:00,59.42949403012122
5891,2023-09-26 10:00:00,120.76906770340085
5892,2023-09-26 11:00:00,173.06525850261795
5893,2023-09-26 12:00:00,208.38989252823194
5894,2023-09-26 13:00:00,229.93048647779653
5895,2023-09-26 14:00:00,245.51013821371225
5896,2023-09-26 15:00:00,259.91566797079633
5897,2023-09-26 16:00:00,273.1515111989846
5898,2023-09-26 17:00:00,284.2885784267627
5899,2023-09-26 18:00:00,294.5000677205567
5900,2023-09-26 19:00:00,304.57995619353244
5901,2023-09-26 20:00:00,309.5973178732335
5902,2023-09-26 21:00:00,298.03104232135024
5903,2023-09-26 22:00:00,259.09031959455933
5904,2023-09-26 23:00:00,193.15021537826308
5905,2023-09-27 00:00:00,115.4201817551643
5906,2023-09-27 01:00:00,47.83401360601394
5907,2023-09-27 02:00:00,4.807257784211373
5908,2023-09-27 03:00:00,-15.198703529748116
5909,2023-09-27 04:00:00,-24.951884082770732
5910,2023-09-27 05:00:00,-34.87412519485099
5911,2023-09-27 06:00:00,-42.87369649343887
5912,2023-09-27 07:00:00,-36.57529126252899
5913,2023-09-27 08:00:00,-5.495826612254177
5914,2023-09-27 09:00:00,48.182138099922696
5915,2023-09-27 10:00:00,109.80808297839467
5916,2023-09-27 11:00:00,162.6460257371934
5917,2023-09-27 12:00:00,198.74775925270905
5918,2023-09-27 13:00:00,221.27624368222658
5919,2023-09-27 14:00:00,238.0260585209944
5920,2023-09-27 15:00:00,253.7521631137398
5921,2023-09-27 16:00:00,268.4244571612524
5922,2023-09-27 17:00:00,281.07734645582747
5923,2023-09-27 18:00:00,292.84628880203263
5924,2023-09-27 19:00:00,304.48703556155385
5925,2023-09-27 20:00:00,311.03070493307143
5926,2023-09-27 21:00:00,300.9192500551726
5927,2023-09-27 22:00:00,263.3266763747273
5928,2023-09-27 23:00:00,198.59532111148476
5929,2023-09-28 00:00:00,118.15959322586161
5930,2023-09-28 01:00:00,51.418293220560045
5931,2023-09-28 02:00:00,9.0199619737555
5932,2023-09-28 03:00:00,-10.590797033345183
5933,2023-09-28 04:00:00,-20.19356721315387
5934,2023-09-28 05:00:00,-30.21621304335025
5935,2023-09-28 06:00:00,-38.56722973007402
5936,2023-09-28 07:00:00,-32.86557823529134
5937,2023-09-28 08:00:00,-2.616418996585196
5938,2023-09-28 09:00:00,50.01544044011999
5939,2023-09-28 10:00:00,110.40310172352667
5940,2023-09-28 11:00:00,161.83985310892587
5941,2023-09-28 12:00:00,196.4120930846069
5942,2023-09-28 13:00:00,217.3223188437114
5943,2023-09-28 14:00:00,232.40908968309353
5944,2023-09-28 15:00:00,246.4752197882873
5945,2023-09-28 16:00:00,259.54169897557205
5946,2023-09-28 17:00:00,270.69655474926225
5947,2023-09-28 18:00:00,281.13063964750495
5948,2023-09-28 19:00:00,291.6560691930993
5949,2023-09-28 20:00:00,297.3604571167177
5950,2023-09-28 21:00:00,286.7415220828561
5951,2023-09-28 22:00:00,249.0274319000393
5952,2023-09-28 23:00:00,184.612209897139
5953,2023-09-29 00:00:00,-41.54674306416865
5954,2023-09-29 01:00:00,-106.95573862430427
5955,2023-09-29 02:00:00,-147.45239467508497
5956,2023-09-29 03:00:00,-164.55864034293947
5957,2023-09-29 04:00:00,-171.02701901610519
5958,2023-09-29 05:00:00,-177.26541106097517
5959,2023-09-29 06:00:00,-181.16993446529452
5960,2023-09-29 07:00:00,-170.35524471281119
5961,2023-09-29 08:00:00,-134.33063964822995
5962,2023-09-29 09:00:00,-75.27377820456627
5963,2023-09-29 10:00:00,-7.833289880268069
5964,2023-09-29 11:00:00,51.2534460611745
5965,2023-09-29 12:00:00,94.03327936152348
5966,2023-09-29 13:00:00,123.66044526498912
5967,2023-09-29 14:00:00,147.91680861360123
5968,2023-09-29 15:00:00,171.54044828878168
5969,2023-09-29 16:00:00,194.4800774723367
5970,2023-09-29 17:00:00,215.74450862779108
5971,2023-09-29 18:00:00,236.43914134738574
5972,2023-09-29 19:00:00,257.28519126768276
5973,2023-09-29 20:00:00,273.2747984552273
5974,2023-09-29 21:00:00,272.80658009750607
5975,2023-09-29 22:00:00,245.00698307137063
5976,2023-09-29 23:00:00,190.16674984776657
5977,2023-09-30 00:00:00,5.712800788176082
5978,2023-09-30 01:00:00,-51.11077707330867
5979,2023-09-30 02:00:00,-83.66961529136091
5980,2023-09-30 03:00:00,-93.58397641775213
5981,2023-09-30 04:00:00,-93.70066956013315
5982,2023-09-30 05:00:00,-94.51667387421534
5983,2023-09-30 06:00:00,-94.01097975244795
5984,2023-09-30 07:00:00,-79.87388186778969
5985,2023-09-30 08:00:00,-41.682142130020054
5986,2023-09-30 09:00:00,18.32815697267162
5987,2023-09-30 10:00:00,85.45978091486815
5988,2023-09-30 11:00:00,142.9372447897356
5989,2023-09-30 12:00:00,182.7803669607847
5990,2023-09-30 13:00:00,208.127886965276
5991,2023-09-30 14:00:00,226.7580511585606
5992,2023-09-30 15:00:00,243.41741402162955
5993,2023-09-30 16:00:00,258.0753471052537
5994,2023-09-30 17:00:00,269.7734624893553
5995,2023-09-30 18:00:00,279.6619284433504
5996,2023-09-30 19:00:00,288.51839655708756
5997,2023-09-30 20:00:00,291.4026812538381
5998,2023-09-30 21:00:00,276.79176060336334
5999,2023-09-30 22:00:00,233.90045950555992
6000,2023-09-30 23:00:00,163.11713557719645
6001,2023-10-01 00:00:00,247.8812637798409
6002,2023-10-01 01:00:00,173.73711052547333
6003,2023-10-01 02:00:00,123.34529919558
6004,2023-10-01 03:00:00,95.21271530453413
6005,2023-10-01 04:00:00,76.61913050394531
6006,2023-10-01 05:00:00,57.19920325219148
6007,2023-10-01 06:00:00,39.10708628711595
6008,2023-10-01 07:00:00,34.785850050097125
6009,2023-10-01 08:00:00,54.79103227914253
6010,2023-10-01 09:00:00,97.01650758133118
6011,2023-10-01 10:00:00,146.89140339996317
6012,2023-10-01 11:00:00,187.76178742987662
6013,2023-10-01 12:00:00,211.76305881252722
6014,2023-10-01 13:00:00,222.14246812297998
6015,2023-10-01 14:00:00,226.77868175922777
6016,2023-10-01 15:00:00,230.50964972972457
6017,2023-10-01 16:00:00,233.38627900168058
6018,2023-10-01 17:00:00,234.52112821809988
6019,2023-10-01 18:00:00,235.1241092354387
6020,2023-10-01 19:00:00,236.02092109875616
6021,2023-10-01 20:00:00,232.30736235854175
6022,2023-10-01 21:00:00,212.4840941352654
6023,2023-10-01 22:00:00,165.77721699722863
6024,2023-10-01 23:00:00,92.57398244038384
6025,2023-10-02 00:00:00,208.12899346713175
6026,2023-10-02 01:00:00,134.30432536273184
6027,2023-10-02 02:00:00,85.55225710226465
6028,2023-10-02 03:00:00,60.329580349676505
6029,2023-10-02 04:00:00,45.86017993860216
6030,2023-10-02 05:00:00,31.710920306724887
6031,2023-10-02 06:00:00,19.959376693296946
6032,2023-10-02 07:00:00,22.964180618091348
6033,2023-10-02 08:00:00,51.18956455357235
6034,2023-10-02 09:00:00,102.43228755980604
6035,2023-10-02 10:00:00,162.0196556639106
6036,2023-10-02 11:00:00,213.19234891801847
6037,2023-10-02 12:00:00,247.9779740253332
6038,2023-10-02 13:00:00,269.514753967781
6039,2023-10-02 14:00:00,285.57225665318276
6040,2023-10-02 15:00:00,300.8804081923414
6041,2023-10-02 16:00:00,315.3842798737315
6042,2023-10-02 17:00:00,328.09385212305574
6043,2023-10-02 18:00:00,340.1207289187911
6044,2023-10-02 19:00:00,352.19751717359514
6045,2023-10-02 20:00:00,359.3330067552064
6046,2023-10-02 21:00:00,349.9477143649584
6047,2023-10-02 22:00:00,313.1951462804668
6048,2023-10-02 23:00:00,249.39809395946634
6049,2023-10-03 00:00:00,111.24852597620497
6050,2023-10-03 01:00:00,45.57521627492699
6051,2023-10-03 02:00:00,4.286013937950855
6052,2023-10-03 03:00:00,-14.190569915471059
6053,2023-10-03 04:00:00,-22.649546455953356
6054,2023-10-03 05:00:00,-31.5336557625933
6055,2023-10-03 06:00:00,-38.76583939924873
6056,2023-10-03 07:00:00,-31.979205128505725
6057,2023-10-03 08:00:00,-0.6928932371113206
6058,2023-10-03 09:00:00,52.91434407324536
6059,2023-10-03 10:00:00,114.20157198951296
6060,2023-10-03 11:00:00,166.44783186100474
6061,2023-10-03 12:00:00,201.72495820792517
6062,2023-10-03 13:00:00,223.220475926615
6063,2023-10-03 14:00:00,238.75749087176717
6064,2023-10-03 15:00:00,253.1228310495522
6065,2023-10-03 16:00:00,266.3209394697229
6066,2023-10-03 17:00:00,277.42273400366327
6067,2023-10-03 18:00:00,287.6014198422978
6068,2023-10-03 19:00:00,297.6509810094001
6069,2023-10-03 20:00:00,302.64049821927836
6070,2023-10-03 21:00:00,291.04886750516715
6071,2023-10-03 22:00:00,252.08528517364283
6072,2023-10-03 23:00:00,186.12482294068417
6073,2023-10-04 00:00:00,74.31340799315271
6074,2023-10-04 01:00:00,6.711902200394007
6075,2023-10-04 02:00:00,-36.32767292209738
6076,2023-10-04 03:00:00,-56.343930055887654
6077,2023-10-04 04:00:00,-66.10487803270749
6078,2023-10-04 05:00:00,-76.03235348239596
6079,2023-10-04 06:00:00,-84.03462156644736
6080,2023-10-04 07:00:00,-77.73637133280721
6081,2023-10-04 08:00:00,-46.65451587622832
6082,2023-10-04 09:00:00,7.028389230377428
6083,2023-10-04 10:00:00,68.66182764934217
6084,2023-10-04 11:00:00,121.50982042389505
6085,2023-10-04 12:00:00,157.62416353599355
6086,2023-10-04 13:00:00,180.16782001315158
6087,2023-10-04 14:00:00,196.93537199490913
6088,2023-10-04 15:00:00,212.681781243613
6089,2023-10-04 16:00:00,227.37694964270673
6090,2023-10-04 17:00:00,240.05528494015948
6091,2023-10-04 18:00:00,251.85224666290753
6092,2023-10-04 19:00:00,263.52358767292776
6093,2023-10-04 20:00:00,270.10042742493295
6094,2023-10-04 21:00:00,260.0247200922003
6095,2023-10-04 22:00:00,222.4704719218713
6096,2023-10-04 23:00:00,157.7800207040987
6097,2023-10-05 00:00:00,81.13321231401623
6098,2023-10-05 01:00:00,14.437974201732857
6099,2023-10-05 02:00:00,-27.91171630019332
6100,2023-10-05 04:00:00,-57.02022911190991
6101,2023-10-05 05:00:00,-66.98650072356227
6102,2023-10-05 06:00:00,-75.27856716571557
6103,2023-10-05 07:00:00,-69.51539068916244
6104,2023-10-05 08:00:00,-39.202133247396404
6105,2023-10-05 09:00:00,13.49639586237194
6106,2023-10-05 10:00:00,73.9532963062192
6107,2023-10-05 11:00:00,125.46185412428855
6108,2023-10-05 12:00:00,160.10846536217056
6109,2023-10-05 13:00:00,181.0956245333842
6110,2023-10-05 14:00:00,196.2618880260182
6111,2023-10-05 15:00:00,210.41006688755488
6112,2023-10-05 16:00:00,223.56114756339468
6113,2023-10-05 17:00:00,234.8031539565793
6114,2023-10-05 18:00:00,245.32693477347328
6115,2023-10-05 19:00:00,255.9446014772729
6116,2023-10-05 20:00:00,261.7437635055559
6117,2023-10-05 21:00:00,251.22213500316388
6118,2023-10-05 22:00:00,213.60787902940086
6119,2023-10-05 23:00:00,149.29501393991083
6120,2023-10-06 00:00:00,73.51172879641905
6121,2023-10-06 01:00:00,8.210119698225753
6122,2023-10-06 02:00:00,-32.176643491862166
6123,2023-10-06 03:00:00,-49.17049578929121
6124,2023-10-06 04:00:00,-55.52398669556558
6125,2023-10-06 05:00:00,-61.645002916596155
6126,2023-10-06 06:00:00,-65.42966900630819
6127,2023-10-06 07:00:00,-54.492647237417
6128,2023-10-06 08:00:00,-18.34324246776592
6129,2023-10-06 09:00:00,40.840879130724005
6130,2023-10-06 10:00:00,108.41108059717843
6131,2023-10-06 11:00:00,167.62997499825937
6132,2023-10-06 12:00:00,210.5444041600607
6133,2023-10-06 13:00:00,240.30859520727194
6134,2023-10-06 14:00:00,264.70440463750026
6135,2023-10-06 15:00:00,288.4699027720816
6136,2023-10-06 16:00:00,311.5537940078118
6137,2023-10-06 17:00:00,332.96488181313885
6138,2023-10-06 18:00:00,353.80855656233143
6139,2023-10-06 19:00:00,374.8060244612513
6140,2023-10-06 20:00:00,390.9494159295498
6141,2023-10-06 21:00:00,390.63733829626057
6142,2023-10-06 22:00:00,362.9962283638803
6143,2023-10-06 23:00:00,308.3168183159923
6144,2023-10-07 00:00:00,138.2188410192348
6145,2023-10-07 01:00:00,81.56072679967113
6146,2023-10-07 02:00:00,49.169656185792064
6147,2023-10-07 03:00:00,39.42535549959477
6148,2023-10-07 04:00:00,39.48100430502605
6149,2023-10-07 05:00:00,38.8396119045525
6150,2023-10-07 06:00:00,39.52217616385069
6151,2023-10-07 07:00:00,53.83839046283728
6152,2023-10-07 08:00:00,92.21148074171555
6153,2023-10-07 09:00:00,152.40535216004693
6154,2023-10-07 10:00:00,219.72275763948383
6155,2023-10-07 11:00:00,277.38819952168905
6156,2023-10-07 12:00:00,317.42148322630374
6157,2023-10-07 13:00:00,342.96133513650017
6158,2023-10-07 14:00:00,361.7859882687416
6159,2023-10-07 15:00:00,378.6419835675028
6160,2023-10-07 16:00:00,393.498678853584
6161,2023-10-07 17:00:00,405.39767228643575
6162,2023-10-07 18:00:00,415.4891180235841
6163,2023-10-07 19:00:00,424.55065335350787
6164,2023-10-07 20:00:00,427.6420782125541
6165,2023-10-07 21:00:00,413.24035599544584
6166,2023-10-07 22:00:00,370.56029674321564
6167,2023-10-07 23:00:00,299.99024302744624
6168,2023-10-08 00:00:00,216.76060158725082
6169,2023-10-08 01:00:00,142.8337294283604
6170,2023-10-08 02:00:00,92.66118134701746
6171,2023-10-08 03:00:00,64.74754127738623
6172,2023-10-08 04:00:00,46.374850800851405
6173,2023-10-08 06:00:00,9.310382109824019
6174,2023-10-08 07:00:00,5.2157943332934735
6175,2023-10-08 08:00:00,25.44951004260153
6176,2023-10-08 09:00:00,67.90538704772453
6177,2023-10-08 10:00:00,118.01253583133766
6178,2023-10-08 11:00:00,159.11700696339767
6179,2023-10-08 12:00:00,183.3541822932082
6180,2023-10-08 13:00:00,193.9712949452381
6181,2023-10-08 14:00:00,198.8469937063543
6182,2023-10-08 15:00:00,202.8192108163638
6183,2023-10-08 16:00:00,205.93883531296822
6184,2023-10-08 17:00:00,207.31840776166518
6185,2023-10-08 18:00:00,208.167821783766
6186,2023-10-08 19:00:00,209.3127580390094
6187,2023-10-08 20:00:00,205.84899654390762
6188,2023-10-08 21:00:00,186.27717973527442
6189,2023-10-08 22:00:00,139.8233893548639
6190,2023-10-08 23:00:00,66.87485792282827
6191,2023-10-09 00:00:00,119.22643583670627
6192,2023-10-09 01:00:00,45.65964610992641
6193,2023-10-09 02:00:00,-2.83298516089053
6194,2023-10-09 04:00:00,-42.00159077947001
6195,2023-10-09 05:00:00,-55.88685531771597
6196,2023-10-09 06:00:00,-67.37292415147982
6197,2023-10-09 07:00:00,-64.10118581670835
6198,2023-10-09 08:00:00,-35.60742802771489
6199,2023-10-09 09:00:00,15.905087967502254
6200,2023-10-09 10:00:00,75.76364776299968
6201,2023-10-09 11:00:00,127.20891085691053
6202,2023-10-09 12:00:00,162.2684632794703
6203,2023-10-09 13:00:00,184.0805072245341
6204,2023-10-09 14:00:00,200.41458969293657
6205,2023-10-09 15:00:00,216.00061577819005
6206,2023-10-09 16:00:00,230.78363563955352
6207,2023-10-09 17:00:00,243.77360846374484
6208,2023-10-09 18:00:00,256.0821168862676
6209,2023-10-09 19:00:00,268.44174636620755
6210,2023-10-09 20:00:00,275.86126522306233
6211,2023-10-09 21:00:00,266.7611685011433
6212,2023-10-09 22:00:00,230.2949407273597
6213,2023-10-09 23:00:00,166.78535151101005
6214,2023-10-10 00:00:00,58.32055028399115
6215,2023-10-10 01:00:00,-7.063116646005966
6216,2023-10-10 02:00:00,-48.0616195208747
6217,2023-10-10 03:00:00,-66.24646943511533
6218,2023-10-10 04:00:00,-74.41269985847742
6219,2023-10-10 05:00:00,-83.0030732516743
6220,2023-10-10 06:00:00,-89.9405536458404
6221,2023-10-10 07:00:00,-82.85827134238932
6222,2023-10-10 08:00:00,-51.275389253311346
6223,2023-10-10 09:00:00,2.629317727059288
6224,2023-10-10 10:00:00,64.21489201588345
6225,2023-10-10 11:00:00,116.7603521234749
6226,2023-10-10 12:00:00,152.33750966076607
6227,2023-10-10 13:00:00,174.13386655664374
6228,2023-10-10 14:00:00,189.97250562254268
6229,2023-10-10 15:00:00,204.64023176753653
6230,2023-10-10 16:00:00,218.14146484210534
6231,2023-10-10 17:00:00,229.5470995029757
6232,2023-10-10 18:00:00,240.03031766968235
6233,2023-10-10 19:00:00,250.38508004098742
6234,2023-10-10 20:00:00,255.68044396000766
6235,2023-10-10 21:00:00,244.3952820346881
6236,2023-10-10 22:00:00,205.7387671044308
6237,2023-10-10 23:00:00,140.08594737333246
6238,2023-10-11 00:00:00,62.6462571750197
6239,2023-10-11 01:00:00,-4.6465266156582175
6240,2023-10-11 02:00:00,-47.3768754114989
6241,2023-10-11 03:00:00,-67.08342555913171
6242,2023-10-11 04:00:00,-76.53420958723052
6243,2023-10-11 05:00:00,-86.15108785211459
6244,2023-10-11 06:00:00,-93.84234927101866
6245,2023-10-11 07:00:00,-87.23270667010078
6246,2023-10-11 08:00:00,-55.839096951120496
6247,2023-10-11 09:00:00,-1.8440995088821523
6248,2023-10-11 10:00:00,60.1017454743986
6249,2023-10-11 11:00:00,113.26243518196364
6250,2023-10-11 12:00:00,149.68974172123754
6251,2023-10-11 13:00:00,172.54660423580106
6252,2023-10-11 14:00:00,189.62758096794497
6253,2023-10-11 15:00:00,205.68760977797098
6254,2023-10-11 16:00:00,220.6965686414714
6255,2023-10-11 17:00:00,233.68884139482776
6256,2023-10-11 18:00:00,245.79986365640897
6257,2023-10-11 19:00:00,257.78536437527583
6258,2023-10-11 20:00:00,264.6764391054749
6259,2023-10-11 21:00:00,254.9150181192574
6260,2023-10-11 22:00:00,217.67508377098028
6261,2023-10-11 23:00:00,153.2989499755962
6262,2023-10-12 00:00:00,76.9664387411017
6263,2023-10-12 01:00:00,10.5854536699797
6264,2023-10-12 02:00:00,-31.45005174840591
6265,2023-10-12 03:00:00,-50.69549819367887
6266,2023-10-12 04:00:00,-59.930493465715244
6267,2023-10-12 05:00:00,-69.58292662759686
6268,2023-10-12 06:00:00,-77.56131767979602
6269,2023-10-12 07:00:00,-71.48465258323301
6270,2023-10-12 08:00:00,-40.85811697076335
6271,2023-10-12 09:00:00,12.153456214128852
6272,2023-10-12 10:00:00,72.92314302833914
6273,2023-10-12 11:00:00,124.74420593844884
6274,2023-10-12 12:00:00,159.70301745844216
6275,2023-10-12 13:00:00,181.00204861207717
6276,2023-10-12 14:00:00,196.47983234342348
6277,2023-10-12 15:00:00,210.93915629817337
6278,2023-10-12 16:00:00,224.40098357609673
6279,2023-10-12 17:00:00,235.95331477866605
6280,2023-10-12 18:00:00,246.78697536884448
6281,2023-10-12 19:00:00,257.71405361942436
6282,2023-10-12 20:00:00,263.82213583602254
6283,2023-10-12 21:00:00,253.60891309162642
6284,2023-10-12 22:00:00,216.3025254337175
6285,2023-10-12 23:00:00,152.2969682732519
6286,2023-10-13 00:00:00,76.82040779234029
6287,2023-10-13 01:00:00,11.824917278157642
6288,2023-10-13 02:00:00,-28.256356147003373
6289,2023-10-13 03:00:00,-44.94537016920239
6290,2023-10-13 04:00:00,-50.99469688244824
6291,2023-10-13 05:00:00,-56.81224550925944
6292,2023-10-13 06:00:00,-60.29416304244671
6293,2023-10-13 07:00:00,-49.05513411138699
6294,2023-10-13 08:00:00,-12.604485848447439
6295,2023-10-13 09:00:00,46.88009338483879
6296,2023-10-13 10:00:00,114.7499445261735
6297,2023-10-13 11:00:00,174.26765862750884
6298,2023-10-13 12:00:00,217.48005559480868
6299,2023-10-13 13:00:00,247.54134072251594
6300,2023-10-13 14:00:00,272.233348779196
6301,2023-10-13 15:00:00,296.2941284425451
6302,2023-10-13 16:00:00,319.67236257696857
6303,2023-10-13 17:00:00,341.3768332123911
6304,2023-10-13 18:00:00,362.51290939067405
6305,2023-10-13 19:00:00,383.8017760888507
6306,2023-10-13 20:00:00,400.23554260497156
6307,2023-10-13 21:00:00,400.2127952556606
6308,2023-10-13 22:00:00,372.85994994080494
6309,2023-10-13 23:00:00,318.46771805521917
6310,2023-10-14 00:00:00,148.65581179040666
6311,2023-10-14 01:00:00,92.28264091350738
6312,2023-10-14 02:00:00,60.17536551069996
6313,2023-10-14 03:00:00,50.71369158737019
6314,2023-10-14 04:00:00,51.05077850390806
6315,2023-10-14 05:00:00,50.68961549087766
6316,2023-10-14 06:00:00,51.65118046220826
6317,2023-10-14 07:00:00,66.24514697582299
6318,2023-10-14 08:00:00,104.89472127776054
6319,2023-10-14 09:00:00,165.3637889642091
6320,2023-10-14 10:00:00,232.9550835273116
6321,2023-10-14 11:00:00,290.8930880103934
6322,2023-10-14 12:00:00,331.1975886722736
6323,2023-10-14 13:00:00,357.0072928730559
6324,2023-10-14 14:00:00,376.10041474501696
6325,2023-10-14 15:00:00,393.2234764890976
6326,2023-10-14 16:00:00,408.3458173255457
6327,2023-10-14 17:00:00,420.5090169553059
6328,2023-10-14 18:00:00,430.8632112248733
6329,2023-10-14 19:00:00,440.18601926029066
6330,2023-10-14 20:00:00,443.5372229803411
6331,2023-10-14 21:00:00,429.3937679151958
6332,2023-10-14 22:00:00,386.9704463962419
6333,2023-10-14 23:00:00,316.65558342616885
6334,2023-10-15 00:00:00,233.67956834658068
6335,2023-10-15 01:00:00,160.00474091410283
6336,2023-10-15 02:00:00,110.08263883353717
6337,2023-10-15 03:00:00,82.41782910682468
6338,2023-10-15 04:00:00,64.29481695755736
6339,2023-10-15 05:00:00,45.34574773569628
6340,2023-10-15 06:00:00,27.724741451504457
6341,2023-10-15 07:00:00,23.874835804656527
6342,2023-10-15 08:00:00,44.35153579738848
6343,2023-10-15 09:00:00,87.04868329118214
6344,2023-10-15 10:00:00,137.3953729911181
6345,2023-10-15 11:00:00,178.73763985874893
6346,2023-10-15 12:00:00,203.2108503099335
6347,2023-10-15 13:00:00,214.06222220398683
6348,2023-10-15 14:00:00,219.17038923743598
6349,2023-10-15 15:00:00,223.37326873801658
6350,2023-10-15 16:00:00,226.7217350047532
6351,2023-10-15 17:00:00,228.32831404356517
6352,2023-10-15 18:00:00,229.40288509137028
6353,2023-10-15 19:00:00,230.77111460959492
6354,2023-10-15 20:00:00,227.52876859021535
6355,2023-10-15 21:00:00,208.17647563385543
6356,2023-10-15 22:00:00,161.94030382589062
6357,2023-10-15 23:00:00,89.20747222122756
6358,2023-10-16 00:00:00,108.69974771271153
6359,2023-10-16 01:00:00,35.34478063162645
6360,2023-10-16 02:00:00,-12.937986043181894
6361,2023-10-16 03:00:00,-37.69179290812204
6362,2023-10-16 04:00:00,-51.692787332229585
6363,2023-10-16 05:00:00,-65.37413701669485
6364,2023-10-16 06:00:00,-76.6582988068181
6365,2023-10-16 07:00:00,-73.1866732044679
6366,2023-10-16 08:00:00,-44.49505968639437
6367,2023-10-16 09:00:00,7.2132689181253795
6368,2023-10-16 10:00:00,67.26558682261961
6369,2023-10-16 11:00:00,118.9025423372724
6370,2023-10-16 12:00:00,154.15171050630994
6371,2023-10-16 13:00:00,176.15128272630153
6372,2023-10-16 14:00:00,192.67079540299565
6373,2023-10-16 15:00:00,208.4401432328039
6374,2023-10-16 16:00:00,223.40436617602157
6375,2023-10-16 17:00:00,236.57341342031503
6376,2023-10-16 18:00:00,249.05885780058114
6377,2023-10-16 19:00:00,261.59327518209034
6378,2023-10-16 20:00:00,269.18542448384824
6379,2023-10-16 21:00:00,260.2557915574163
6380,2023-10-16 22:00:00,223.95785193819768
6381,2023-10-16 23:00:00,160.61436644832284
6382,2023-10-17 00:00:00,85.38654613223012
6383,2023-10-17 01:00:00,20.164588519661805
6384,2023-10-17 02:00:00,-20.674414606928764
6385,2023-10-17 03:00:00,-38.70198231357665
6386,2023-10-17 04:00:00,-46.71315583450601
6387,2023-10-17 05:00:00,-55.150705188975564
6388,2023-10-17 06:00:00,-61.93760175954887
6389,2023-10-17 07:00:00,-54.70698299625593
6390,2023-10-17 08:00:00,-22.9780187486802
6391,2023-10-17 09:00:00,31.07050936379784
6392,2023-10-17 10:00:00,92.79763722785898
6393,2023-10-17 11:00:00,145.48237704084238
6394,2023-10-17 12:00:00,181.19653430675783
6395,2023-10-17 13:00:00,203.1276050567762
6396,2023-10-17 14:00:00,219.09866641063496
6397,2023-10-17 15:00:00,233.89651780031488
6398,2023-10-17 16:00:00,247.52557380012928
6399,2023-10-17 17:00:00,259.05672400760557
6400,2023-10-17 18:00:00,269.66314548758805
6401,2023-10-17 19:00:00,280.1387942945244
6402,2023-10-17 20:00:00,285.55272333882186
6403,2023-10-17 21:00:00,274.383801002733
6404,2023-10-17 22:00:00,235.8411961116421
6405,2023-10-17 23:00:00,170.2999530608679
6406,2023-10-18 00:00:00,92.96950259194185
6407,2023-10-18 01:00:00,25.783618191900587
6408,2023-10-18 02:00:00,-16.842174729194255
6409,2023-10-18 03:00:00,-36.44651548661696
6410,2023-10-18 04:00:00,-45.79743936437404
6411,2023-10-18 05:00:00,-55.31680927067262
6412,2023-10-18 06:00:00,-62.91291646164936
6413,2023-10-18 07:00:00,-56.210475894510665
6414,2023-10-18 08:00:00,-24.72642639326827
6415,2023-10-18 09:00:00,29.356650931994594
6416,2023-10-18 10:00:00,91.38821439307549
6417,2023-10-18 11:00:00,144.6322598782545
6418,2023-10-18 12:00:00,181.14055840124064
6419,2023-10-18 13:00:00,204.0760482240539
6420,2023-10-18 14:00:00,221.23328691328345
6421,2023-10-18 15:00:00,237.36721186107275
6422,2023-10-18 16:00:00,252.4477007776352
6423,2023-10-18 17:00:00,265.5091374450448
6424,2023-10-18 18:00:00,277.6869576293733
6425,2023-10-18 19:00:00,289.7368906334338
6426,2023-10-18 20:00:00,296.6900325690018
6427,2023-10-18 21:00:00,286.9883144731223
6428,2023-10-18 22:00:00,249.8057196652232
6429,2023-10-18 23:00:00,185.48456322881904
6430,2023-10-19 00:00:00,109.2046685499424
6431,2023-10-19 01:00:00,42.87394079210566
6432,2023-10-19 02:00:00,0.8863352330607199
6433,2023-10-19 03:00:00,-18.313566835971926
6434,2023-10-19 04:00:00,-27.505371033502257
6435,2023-10-19 05:00:00,-37.11696405194209
6436,2023-10-19 06:00:00,-45.05686331260722
6437,2023-10-19 07:00:00,-38.944052003243826
6438,2023-10-19 08:00:00,-8.283712784861478
6439,2023-10-19 09:00:00,44.759324565899846
6440,2023-10-19 10:00:00,105.55813947041665
6441,2023-10-19 11:00:00,157.4059979575409
6442,2023-10-19 12:00:00,192.3892762926398
6443,2023-10-19 13:00:00,213.71044944874103
6444,2023-10-19 14:00:00,229.20805451116593
6445,2023-10-19 15:00:00,243.6848834598689
6446,2023-10-19 16:00:00,257.1619039156505
6447,2023-10-19 17:00:00,268.72712119821335
6448,2023-10-19 18:00:00,279.5713656735842
6449,2023-10-19 19:00:00,290.50673070721643
6450,2023-10-19 20:00:00,296.6208078844833
6451,2023-10-19 21:00:00,286.41129374730633
6452,2023-10-19 22:00:00,249.10633399614443
6453,2023-10-19 23:00:00,185.0999298766491
6454,2023-10-20 00:00:00,109.62025359499847
6455,2023-10-20 01:00:00,44.61938464139267
6456,2023-10-20 02:00:00,4.5304765235780735
6457,2023-10-20 03:00:00,-12.168421879878139
6458,2023-10-20 05:00:00,-24.061787882078136
6459,2023-10-20 06:00:00,-27.560297673009018
6460,2023-10-20 07:00:00,-16.340082639156606
6461,2023-10-20 08:00:00,20.089537538302153
6462,2023-10-20 09:00:00,79.5508821216644
6463,2023-10-20 10:00:00,147.3952998561445
6464,2023-10-20 11:00:00,206.8853897546445
6465,2023-10-20 12:00:00,250.06797986418042
6466,2023-10-20 13:00:00,280.0972837904022
6467,2023-10-20 14:00:00,304.7551447773417
6468,2023-10-20 15:00:00,328.77962014619004
6469,2023-10-20 16:00:00,352.1194015694568
6470,2023-10-20 17:00:00,373.78328004836027
6471,2023-10-20 18:00:00,394.87663376074875
6472,2023-10-20 19:00:00,416.1206569762013
6473,2023-10-20 20:00:00,432.50746845237757
6474,2023-10-20 21:00:00,432.4356641162277
6475,2023-10-20 22:00:00,405.0316696398427
6476,2023-10-20 23:00:00,350.5862063448068
6477,2023-10-21 00:00:00,180.71899650376474
6478,2023-10-21 01:00:00,124.28846011664552
6479,2023-10-21 02:00:00,92.12176765561665
6480,2023-10-21 03:00:00,82.59863566022581
6481,2023-10-21 04:00:00,82.87223417464837
6482,2023-10-21 05:00:00,82.44556325970002
6483,2023-10-21 06:00:00,83.3396118062048
6484,2023-10-21 07:00:00,97.86406449309301
6485,2023-10-21 08:00:00,136.4421388264581
6486,2023-10-21 09:00:00,196.83773180799105
6487,2023-10-21 10:00:00,264.35358847198495
6488,2023-10-21 11:00:00,322.2142035426457
6489,2023-10-21 12:00:00,362.43937509531884
6490,2023-10-21 13:00:00,388.16782244383285
6491,2023-10-21 14:00:00,407.17777180301954
6492,2023-10-21 15:00:00,424.2157575934083
6493,2023-10-21 16:00:00,439.2511313791232
6494,2023-10-21 17:00:00,451.3254853361655
6495,2023-10-21 18:00:00,461.58896791329664
6496,2023-10-21 19:00:00,470.8192109606106
6497,2023-10-21 20:00:00,474.0760092498849
6498,2023-10-21 21:00:00,459.8363212794798
6499,2023-10-21 22:00:00,417.3149524732471
6500,2023-10-21 23:00:00,346.9002410435656
6501,2023-10-22 00:00:00,263.8225896585047
6502,2023-10-22 01:00:00,190.04435151720926
6503,2023-10-22 02:00:00,140.0170778700303
6504,2023-10-22 03:00:00,112.24534939374973
6505,2023-10-22 04:00:00,94.01120467087597
6506,2023-10-22 05:00:00,74.94928331966446
6507,2023-10-22 06:00:00,57.21371933772882
6508,2023-10-22 07:00:00,53.247564522166016
6509,2023-10-22 08:00:00,73.60633806623359
6510,2023-10-22 09:00:00,116.18389613269952
6511,2023-10-22 10:00:00,166.40934782119635
6512,2023-10-22 11:00:00,207.62874258656606
6513,2023-10-22 12:00:00,231.9774614332663
6514,2023-10-22 13:00:00,242.7027369040358
6515,2023-10-22 14:00:00,247.68321747000522
6516,2023-10-22 15:00:00,251.75683532153272
6517,2023-10-22 16:00:00,254.974479711077
6518,2023-10-22 17:00:00,256.4486916821359
6519,2023-10-22 18:00:00,257.3893655973359
6520,2023-10-22 19:00:00,258.62218312118574
6521,2023-10-22 20:00:00,255.2429255355239
6522,2023-10-22 21:00:00,235.75223680370868
6523,2023-10-22 22:00:00,189.37620045488305
6524,2023-10-22 23:00:00,116.50205106188426
6525,2023-10-24 10:00:00,114.35557901014306
6526,2023-10-24 11:00:00,166.85749706447862
6527,2023-10-24 12:00:00,202.38798895949594
6528,2023-10-24 13:00:00,224.1345676807211
6529,2023-10-24 14:00:00,239.92032731539044
6530,2023-10-24 15:00:00,254.53208425251557
6531,2023-10-24 16:00:00,267.97427003483915
6532,2023-10-24 17:00:00,279.3177912059755
6533,2023-10-24 18:00:00,289.7358417823741
6534,2023-10-24 19:00:00,300.0223947567046
6535,2023-10-24 20:00:00,305.2465199680257
6536,2023-10-24 21:00:00,293.8871027156448
6537,2023-10-24 22:00:00,255.15332872573225
6538,2023-10-24 23:00:00,189.4202592817786
6539,2023-10-25 00:00:00,111.8973419933531
6540,2023-10-25 01:00:00,44.51836719621974
6541,2023-10-25 02:00:00,1.6988771269644474
6542,2023-10-25 03:00:00,-18.099750723154614
6543,2023-10-25 04:00:00,-27.6455348621717
6544,2023-10-25 05:00:00,-37.360321443724786
6545,2023-10-25 06:00:00,-45.152385001593274
6546,2023-10-25 07:00:00,-38.646423799345996
6547,2023-10-25 08:00:00,-7.3593600000822335
6548,2023-10-25 09:00:00,46.52624191207674
6549,2023-10-25 10:00:00,108.35985684127722
6550,2023-10-25 11:00:00,161.4054972277359
6551,2023-10-25 12:00:00,197.71495060005577
6552,2023-10-25 13:00:00,220.45117169346287
6553,2023-10-25 14:00:00,237.40873450582689
6554,2023-10-25 15:00:00,253.34259281311137
6555,2023-10-25 16:00:00,268.2226406679853
6556,2023-10-25 17:00:00,281.0832781427336
6557,2023-10-25 18:00:00,293.0599572464435
6558,2023-10-25 19:00:00,304.90842347270035
6559,2023-10-25 20:00:00,311.659789071359
6560,2023-10-25 21:00:00,301.75600116354497
6561,2023-10-25 22:00:00,264.37105909564116
6562,2023-10-25 23:00:00,199.84729392188632
6563,2023-10-26 00:00:00,123.36454493585802
6564,2023-10-26 01:00:00,56.83073315239679
6565,2023-10-26 02:00:00,14.639829634401366
6566,2023-10-26 03:00:00,-4.763568605170548
6567,2023-10-26 04:00:00,-14.15905152958527
6568,2023-10-26 05:00:00,-23.974490240842727
6569,2023-10-26 06:00:00,-32.11838664161402
6570,2023-10-26 07:00:00,-26.20970847334047
6571,2023-10-26 08:00:00,4.246376984287309
6572,2023-10-26 09:00:00,57.08505525463194
6573,2023-10-26 10:00:00,117.67942098754537
6574,2023-10-26 11:00:00,169.32275536203042
6575,2023-10-26 12:00:00,204.10144971958772
6576,2023-10-26 13:00:00,225.21799402433555
6577,2023-10-26 14:00:00,240.510940273664
6578,2023-10-26 15:00:00,254.7830952790776
6579,2023-10-26 16:00:00,268.05544140675704
6580,2023-10-26 17:00:00,279.4159986367551
6581,2023-10-26 18:00:00,290.0556119082457
6582,2023-10-26 19:00:00,300.78638907463016
6583,2023-10-26 20:00:00,306.6959361153537
6584,2023-10-26 21:00:00,296.28196387738967
6585,2023-10-26 22:00:00,258.77263227480404
6586,2023-10-26 23:00:00,194.56195667400414
6587,2023-10-27 00:00:00,118.87812330189185
6588,2023-10-27 01:00:00,53.67322558038303
6589,2023-10-27 02:00:00,13.380430846918443
6590,2023-10-27 03:00:00,-3.5221982882830787
6591,2023-10-27 04:00:00,-9.787213539156426
6592,2023-10-27 05:00:00,-15.822503675783196
6593,2023-10-27 06:00:00,-19.524195160004524
6594,2023-10-27 07:00:00,-8.506952022269104
6595,2023-10-27 08:00:00,27.719919279231135
6596,2023-10-27 09:00:00,86.9787511189593
6597,2023-10-27 10:00:00,154.62090524817154
6598,2023-10-27 11:00:00,213.90899357654618
6599,2023-10-27 12:00:00,256.88985694104747
6600,2023-10-27 13:00:00,286.7177216261746
6601,2023-10-27 14:00:00,311.1744434381656
6602,2023-10-27 15:00:00,334.99809215369623
6603,2023-10-27 16:00:00,358.1373717825951
6604,2023-10-27 17:00:00,379.6010855547425
6605,2023-10-27 18:00:00,400.49462375026997
6606,2023-10-27 19:00:00,421.539192635101
6607,2023-10-27 20:00:00,437.72692283653953
6608,2023-10-27 21:00:00,437.4564220370694
6609,2023-10-27 22:00:00,409.8541275433346
6610,2023-10-27 23:00:00,355.21077219146656
6611,2023-10-28 00:00:00,185.14608964323168
6612,2023-10-28 01:00:00,128.51851116952062
6613,2023-10-28 02:00:00,96.15521838777187
6614,2023-10-28 03:00:00,86.43593885826691
6615,2023-10-28 04:00:00,86.51385352046323
6616,2023-10-28 05:00:00,85.89197320531031
6617,2023-10-28 06:00:00,86.59129744585003
6618,2023-10-28 07:00:00,100.92152143394159
6619,2023-10-28 08:00:00,139.30587306437866
6620,2023-10-28 09:00:00,199.5082595941572
6621,2023-10-28 10:00:00,266.83143618430154
6622,2023-10-28 11:00:00,324.49990755356237
6623,2023-10-28 12:00:00,364.5334816451142
6624,2023-10-28 13:00:00,390.0708875017432
6625,2023-10-28 14:00:00,408.8903609378951
6626,2023-10-28 15:00:00,425.7384458406072
6627,2023-10-28 16:00:00,440.58450310515735
6628,2023-10-28 17:00:00,452.4701341033953
6629,2023-10-28 18:00:00,462.545496346324
6630,2023-10-28 19:00:00,471.5882306100151
6631,2023-10-28 20:00:00,474.6581404522428
6632,2023-10-28 21:00:00,460.23219302674
6633,2023-10-28 22:00:00,417.52520226584454
6634,2023-10-28 23:00:00,346.9255147627292
6635,2023-10-29 00:00:00,263.66354142156626
6636,2023-10-29 01:00:00,189.70164353979533
6637,2023-10-29 02:00:00,139.4913803256071
6638,2023-10-29 03:00:00,111.53734027430843
6639,2023-10-29 04:00:00,93.12156964919711
6640,2023-10-29 05:00:00,73.87871560383591
6641,2023-10-29 06:00:00,55.96291953347469
6642,2023-10-29 07:00:00,51.81724049056288
6643,2023-10-29 08:00:00,71.99720478260146
6644,2023-10-29 09:00:00,114.3966755411079
6645,2023-10-29 10:00:00,164.44476869593447
6646,2023-10-29 11:00:00,205.48754039071636
6647,2023-10-29 12:00:00,229.6603781693082
6648,2023-10-29 13:00:00,240.21052097635948
6649,2023-10-29 14:00:00,245.01662353909882
6650,2023-10-29 15:00:00,248.91662416439448
6651,2023-10-29 16:00:00,251.96141806981694
6652,2023-10-29 17:00:00,253.263552128053
6653,2023-10-29 18:00:00,254.03292638208268
6654,2023-10-29 19:00:00,255.09522803390786
6655,2023-10-29 20:00:00,251.54624375828706
6656,2023-10-29 21:00:00,231.88662276881658
6657,2023-10-29 22:00:00,185.3424536991938
6658,2023-10-29 23:00:00,112.30097608008072
6659,2023-10-30 00:00:00,131.48397721465213
6660,2023-10-30 01:00:00,57.819127765694944
6661,2023-10-30 02:00:00,9.225890973913096
6662,2023-10-30 03:00:00,-15.838953582733211
6663,2023-10-30 04:00:00,-30.15153316021366
6664,2023-10-30 05:00:00,-44.14499544167518
6665,2023-10-30 06:00:00,-55.74177732957759
6666,2023-10-30 07:00:00,-52.58325946844562
6667,2023-10-30 08:00:00,-24.205221565279572
6668,2023-10-30 09:00:00,27.189083235042446
6669,2023-10-30 10:00:00,86.92694873744695
6670,2023-10-30 11:00:00,138.24904276730777
6671,2023-10-30 12:00:00,173.18565678907112
6672,2023-10-30 13:00:00,194.8723046221255
6673,2023-10-30 14:00:00,211.07854189643726
6674,2023-10-30 15:00:00,226.5342824270653
6675,2023-10-30 16:00:00,241.18458519860803
6676,2023-10-30 17:00:00,254.03941832186786
6677,2023-10-30 18:00:00,266.2103734512189
6678,2023-10-30 19:00:00,278.43004516709044
6679,2023-10-30 20:00:00,285.70721099788807
6680,2023-10-30 21:00:00,276.4623752997469
6681,2023-10-30 22:00:00,239.8490320006972
6682,2023-10-30 23:00:00,176.1899602053198
6683,2023-10-31 00:00:00,100.64638913234648
6684,2023-10-31 01:00:00,35.10853436896517
6685,2023-10-31 02:00:00,-6.046494359880114
6686,2023-10-31 03:00:00,-24.390198291258116
6687,2023-10-31 04:00:00,-32.717600949747634
6688,2023-10-31 05:00:00,-41.471454764056006
6689,2023-10-31 06:00:00,-48.574713646015795
6690,2023-10-31 07:00:00,-41.66049769604882
6691,2023-10-31 08:00:00,-10.247959537214882
6692,2023-10-31 09:00:00,43.48413631026422
6693,2023-10-31 10:00:00,104.89484271041337
6694,2023-10-31 11:00:00,157.2631887077956
6695,2023-10-31 12:00:00,192.66099653346512
6696,2023-10-31 13:00:00,214.27577880261532
6697,2023-10-31 14:00:00,229.93062909969177
6698,2023-10-31 15:00:00,244.41236318282387
6699,2023-10-31 16:00:00,257.7254118265421
6700,2023-10-31 17:00:00,268.9406806859566
6701,2023-10-31 18:00:00,279.2313627541151
6702,2023-10-31 19:00:00,289.39142987677883
6703,2023-10-31 20:00:00,294.48995061503825
6704,2023-10-31 21:00:00,283.0058088662161
6705,2023-10-31 22:00:00,244.148188832269
6706,2023-10-31 23:00:00,178.29215013490077
6707,2023-11-01 00:00:00,100.64713861764335
6708,2023-11-01 01:00:00,33.14694271214994
6709,2023-11-01 02:00:00,-9.792897364790747
6710,2023-11-01 03:00:00,-29.71100626491085
6711,2023-11-01 04:00:00,-39.37540475909705
6712,2023-11-01 05:00:00,-49.20794138266518
6713,2023-11-01 06:00:00,-57.11689317099214
6714,2023-11-01 07:00:00,-50.726961003596244
6715,2023-11-01 08:00:00,-19.555069781859345
6716,2023-11-01 09:00:00,34.216213162739194
6717,2023-11-01 10:00:00,95.93635976809651
6718,2023-11-01 11:00:00,148.86937939572346
6719,2023-11-01 12:00:00,185.0670563822979
6720,2023-11-01 13:00:00,207.69234216212558
6721,2023-11-01 14:00:00,224.5398073180977
6722,2023-11-01 15:00:00,240.36440210349488
6723,2023-11-01 16:00:00,255.13601693974033
6724,2023-11-01 17:00:00,267.88904815962144
6725,2023-11-01 18:00:00,279.7589439287778
6726,2023-11-01 19:00:00,291.50144578739275
6727,2023-11-01 20:00:00,298.14766193534126
6728,2023-11-01 21:00:00,288.1395353327566
6729,2023-11-01 22:00:00,250.65106106836046
6730,2023-11-01 23:00:00,186.02456584001976
6731,2023-11-02 00:00:00,109.4398844727832
6732,2023-11-02 01:00:00,42.80493343297647
6733,2023-11-02 02:00:00,0.5136791262232236
6734,2023-11-02 03:00:00,-18.989286184950544
6735,2023-11-02 04:00:00,-28.483557310231305
6736,2023-11-02 05:00:00,-38.39701028900825
6737,2023-11-02 06:00:00,-46.63815205534766
6738,2023-11-02 07:00:00,-40.82595547097222
6739,2023-11-02 08:00:00,-10.465593030325834
6740,2023-11-02 09:00:00,42.278115492689
6741,2023-11-02 10:00:00,102.7782593595255
6742,2023-11-02 11:00:00,154.32811427596133
6743,2023-11-02 12:00:00,189.01406602536846
6744,2023-11-02 13:00:00,210.0385989320736
6745,2023-11-02 14:00:00,225.24025926942943
6746,2023-11-02 15:00:00,239.42184804560165
6747,2023-11-02 16:00:00,252.6043417437711
6748,2023-11-02 17:00:00,263.8757543828966
6749,2023-11-02 18:00:00,274.4269248646758
6750,2023-11-02 19:00:00,285.0699549281925
6751,2023-11-02 20:00:00,290.89244436858917
6752,2023-11-02 21:00:00,280.3920977714664
6753,2023-11-02 22:00:00,242.79706872124342
6754,2023-11-02 23:00:00,178.50136618431975
6755,2023-11-03 00:00:00,102.73316991980586
6756,2023-11-03 01:00:00,37.44456681203192
6757,2023-11-03 02:00:00,-2.931282400593801
6758,2023-11-03 03:00:00,-19.916321773759506
6759,2023-11-03 04:00:00,-26.26310974906943
6760,2023-11-03 05:00:00,-32.37954188464681
6761,2023-11-03 06:00:00,-36.161751492903676
6762,2023-11-03 07:00:00,-25.224409508091952
6763,2023-11-03 08:00:00,10.9231706414146
6764,2023-11-03 09:00:00,70.1033143207931
6765,2023-11-03 10:00:00,137.66737620019973
6766,2023-11-03 11:00:00,196.87796106572767
6767,2023-11-03 12:00:00,239.78190257663968
6768,2023-11-03 13:00:00,269.5334197941989
6769,2023-11-03 14:00:00,293.91436125040474
6770,2023-11-03 15:00:00,317.6627893956972
6771,2023-11-03 16:00:00,340.72740088228727
6772,2023-11-03 17:00:00,362.1169915255167
6773,2023-11-03 18:00:00,382.9369441556218
6774,2023-11-03 19:00:00,403.90845754485974
6775,2023-11-03 20:00:00,420.0236547952297
6776,2023-11-03 21:00:00,419.68113601605603
6777,2023-11-03 22:00:00,392.00733091108395
6778,2023-11-03 23:00:00,337.29296467798997
6779,2023-11-04 00:00:00,167.15776330842868
6780,2023-11-04 01:00:00,110.46015036967526
6781,2023-11-04 02:00:00,78.02729974598336
6782,2023-11-04 03:00:00,68.23893123845131
6783,2023-11-04 04:00:00,68.2482179953512
6784,2023-11-04 05:00:00,67.55816303807073
6785,2023-11-04 06:00:00,68.18975806118138
6786,2023-11-04 07:00:00,82.4526903985212
6787,2023-11-04 08:00:00,120.77018006551597
6788,2023-11-04 09:00:00,180.90612641978115
6789,2023-11-04 10:00:00,248.16327670844817
6790,2023-11-04 11:00:00,305.76612771587793
6791,2023-11-04 12:00:00,345.73447943990936
6792,2023-11-04 13:00:00,371.20705296404844
6793,2023-11-04 14:00:00,389.96207613312697
6794,2023-11-04 15:00:00,406.74608485103784
6795,2023-11-04 16:00:00,421.52843202756065
6796,2023-11-04 17:00:00,433.3507110368656
6797,2023-11-04 18:00:00,443.36307139049984
6798,2023-11-04 19:00:00,452.3431458597979
6799,2023-11-04 20:00:00,455.35072999675987
6800,2023-11-04 21:00:00,440.86278294730766
6801,2023-11-04 22:00:00,398.0941106378648
6802,2023-11-04 23:00:00,327.4330516590353
6803,2023-11-05 00:00:00,244.1100089209599
6804,2023-11-05 01:00:00,170.08733571194472
6805,2023-11-05 02:00:00,119.8165832672986
6806,2023-11-05 03:00:00,91.80233210167805
6807,2023-11-05 05:00:00,54.0240876845054
6808,2023-11-05 06:00:00,36.04886708352694
6809,2023-11-05 07:00:00,31.844009829223907
6810,2023-11-05 08:00:00,51.96503431740693
6811,2023-11-05 09:00:00,94.3057957837465
6812,2023-11-05 10:00:00,144.29540228360196
6813,2023-11-05 11:00:00,185.27990210462474
6814,2023-11-05 12:00:00,209.39467495996337
6815,2023-11-05 13:00:00,219.88695198486727
6816,2023-11-05 14:00:00,224.63538012429746
6817,2023-11-05 15:00:00,228.47788992433047
6818,2023-11-05 16:00:00,231.46536887786687
6819,2023-11-05 17:00:00,232.71035615511693
6820,2023-11-05 18:00:00,233.4227441323315
6821,2023-11-05 19:00:00,234.42821237482826
6822,2023-11-05 20:00:00,230.8225399552797
6823,2023-11-05 21:00:00,211.106368521101
6824,2023-11-05 22:00:00,164.505779174893
6825,2023-11-05 23:00:00,91.40800395696701
6826,2023-11-06 00:00:00,110.53482271796888
6827,2023-11-06 01:00:00,36.81389870948617
6828,2023-11-06 02:00:00,-11.835312197752728
6829,2023-11-06 03:00:00,-36.956037747494236
6830,2023-11-06 04:00:00,-51.32441247930666
6831,2023-11-06 05:00:00,-65.37359130539119
6832,2023-11-06 06:00:00,-77.02601831745923
6833,2023-11-06 07:00:00,-73.92308129306258
6834,2023-11-06 08:00:00,-45.60056702530994
6835,2023-11-06 09:00:00,5.738264305585744
6836,2023-11-06 10:00:00,65.4206995336583
6837,2023-11-06 11:00:00,116.68739954846444
6838,2023-11-06 12:00:00,151.5659519295958
6839,2023-11-06 13:00:00,173.19456057907087
6840,2023-11-06 14:00:00,189.34277437474546
6841,2023-11-06 15:00:00,204.74050043888468
6842,2023-11-06 16:00:00,219.3327911235478
6843,2023-11-06 17:00:00,232.1296079719582
6844,2023-11-06 18:00:00,244.2425361293345
6845,2023-11-06 19:00:00,256.40416373957856
6846,2023-11-06 20:00:00,263.62326195287767
6847,2023-11-06 21:00:00,254.320328819888
6848,2023-11-06 22:00:00,217.64885203018522
6849,2023-11-06 23:00:00,153.93160452095847
6850,2023-11-07 00:00:00,78.32980941055554
6851,2023-11-07 01:00:00,12.733676263403083
6852,2023-11-07 02:00:00,-28.479691147296876
6853,2023-11-07 03:00:00,-46.88179993717819
6854,2023-11-07 04:00:00,-55.267679431889945
6855,2023-11-07 05:00:00,-64.08008778464094
6856,2023-11-07 06:00:00,-71.24198455258792
6857,2023-11-07 07:00:00,-64.38649540686987
6858,2023-11-07 08:00:00,-33.0327784545465
6859,2023-11-07 09:00:00,20.64039637691735
6860,2023-11-07 10:00:00,81.9920766277468
6861,2023-11-07 11:00:00,134.3012861015583
6862,2023-11-07 12:00:00,169.639841875902
6863,2023-11-07 13:00:00,191.19525149406422
6864,2023-11-07 14:00:00,206.7906035557503
6865,2023-11-07 15:00:00,221.212708925313
6866,2023-11-07 16:00:00,234.46599356881214
6867,2023-11-07 17:00:00,245.62135842320458
6868,2023-11-07 18:00:00,255.85199185293726
6869,2023-11-07 19:00:00,265.9518611698994
6870,2023-11-07 20:00:00,270.9900304889546
6871,2023-11-07 21:00:00,259.4453793591249
6872,2023-11-07 22:00:00,220.52708772209743
6873,2023-11-07 23:00:00,154.61021104385395
6874,2023-11-08 00:00:00,76.90419109774673
6875,2023-11-08 01:00:00,9.342812353386734
6876,2023-11-08 02:00:00,-33.65838885295591
6877,2023-11-08 03:00:00,-53.63804093684189
6878,2023-11-08 04:00:00,-63.36416834484467
6879,2023-11-08 05:00:00,-73.25862318474239
6880,2023-11-08 06:00:00,-81.22968596249211
6881,2023-11-08 07:00:00,-74.90206093046552
6882,2023-11-08 08:00:00,-43.79267625447292
6883,2023-11-08 09:00:00,9.915897568493136
6884,2023-11-08 10:00:00,71.57312941593301
6885,2023-11-08 11:00:00,124.44302569241671
6886,2023-11-08 12:00:00,160.57736788787466
6887,2023-11-08 13:00:00,183.13910468923225
6888,2023-11-08 14:00:00,199.9228040424046
6889,2023-11-08 15:00:00,215.68341367126663
6890,2023-11-08 16:00:00,230.39082157470824
6891,2023-11-08 17:00:00,243.07942177167996
6892,2023-11-08 18:00:00,254.88466022238822
6893,2023-11-08 19:00:00,266.56227637571504
6894,2023-11-08 20:00:00,273.1433764435171
6895,2023-11-08 21:00:00,263.0699015137086
6896,2023-11-08 22:00:00,225.51584491318096
6897,2023-11-08 23:00:00,160.8235316910966
6898,2023-11-09 00:00:00,84.17279513138936
6899,2023-11-09 01:00:00,17.471550277981464
6900,2023-11-09 02:00:00,-24.88623777306279
6901,2023-11-09 03:00:00,-44.455977962524884
6902,2023-11-09 04:00:00,-54.017266178880504
6903,2023-11-09 05:00:00,-63.9979794315272
6904,2023-11-09 06:00:00,-72.30662550762295
6905,2023-11-09 07:00:00,-66.56217800839096
6906,2023-11-09 08:00:00,-36.269810048948244
6907,2023-11-09 09:00:00,16.40565808851605
6908,2023-11-09 10:00:00,76.8373152731527
6909,2023-11-09 11:00:00,128.31843694750458
6910,2023-11-09 12:00:00,162.93540872832727
6911,2023-11-09 13:00:00,183.890714904784
6912,2023-11-09 14:00:00,199.02290182899924
6913,2023-11-09 15:00:00,213.13477070694216
6914,2023-11-09 16:00:00,226.2472983327621
6915,2023-11-09 17:00:00,237.44849916156568
6916,2023-11-09 18:00:00,247.92921264488055
6917,2023-11-09 19:00:00,258.5015411912847
6918,2023-11-09 20:00:00,264.25308538425776
6919,2023-11-09 21:00:00,253.6815507167716
6920,2023-11-09 22:00:00,216.0150918007648
6921,2023-11-09 23:00:00,151.64771874389135
6922,2023-11-10 00:00:00,75.80761257338558
6923,2023-11-10 01:00:00,10.446861555677998
6924,2023-11-10 02:00:00,-30.001372068471085
6925,2023-11-10 03:00:00,-47.05903073395845
6926,2023-11-10 04:00:00,-53.47867113890368
6927,2023-11-10 05:00:00,-59.66818698386737
6928,2023-11-10 06:00:00,-63.523709600541366
6929,2023-11-10 07:00:00,-52.65990782486804
6930,2023-11-10 08:00:00,-16.58609286792887
6931,2023-11-10 09:00:00,42.52006297135894
6932,2023-11-10 10:00:00,110.00991681832384
6933,2023-11-10 11:00:00,169.14607603252256
6934,2023-11-10 12:00:00,211.9753769715454
6935,2023-11-10 13:00:00,241.6520414991233
6936,2023-11-10 14:00:00,265.95792107988916
6937,2023-11-10 15:00:00,289.63108121248945
6938,2023-11-10 16:00:00,312.62022171097226
6939,2023-11-10 17:00:00,333.93414167612684
6940,2023-11-10 18:00:00,354.67822733683056
6941,2023-11-10 19:00:00,375.5736809822002
6942,2023-11-10 20:00:00,391.6126293462072
6943,2023-11-10 21:00:00,391.19367629172086
6944,2023-11-10 22:00:00,363.4432553901013
6945,2023-11-10 23:00:00,308.65209581084446
6946,2023-11-11 00:00:00,138.43992765316472
6947,2023-11-11 01:00:00,81.66517869349312
6948,2023-11-11 02:00:00,49.15502714286916
6949,2023-11-11 03:00:00,39.28919724264024
6950,2023-11-11 04:00:00,39.220866699761274
6951,2023-11-11 05:00:00,38.45304320047882
6952,2023-11-11 06:00:00,39.00672322212587
6953,2023-11-11 07:00:00,53.19159899253037
6954,2023-11-11 08:00:00,91.43089553301795
6955,2023-11-11 09:00:00,151.48851731752936
6956,2023-11-11 10:00:00,218.66721682015077
6957,2023-11-11 11:00:00,276.1914961673389
6958,2023-11-11 12:00:00,316.0811608010385
6959,2023-11-11 13:00:00,341.47493736333286
6960,2023-11-11 14:00:00,360.151059364956
6961,2023-11-11 15:00:00,376.8560684844701
6962,2023-11-11 16:00:00,391.5593235096961
6963,2023-11-11 17:00:00,403.30242380532184
6964,2023-11-11 18:00:00,413.2355249753003
6965,2023-11-11 19:00:00,422.1362659897185
6966,2023-11-11 20:00:00,425.0644487033717
6967,2023-11-11 21:00:00,410.4970386711245
6968,2023-11-11 22:00:00,367.648848329714
6969,2023-11-11 23:00:00,296.90822287975163
6970,2023-11-12 00:00:00,213.5055719490278
6971,2023-11-12 01:00:00,139.40325564013963
6972,2023-11-12 02:00:00,89.05283210332666
6973,2023-11-12 03:00:00,60.95888886874208
6974,2023-11-12 04:00:00,42.403471339457695
6975,2023-11-12 05:00:00,23.021225926186105
6976,2023-11-12 06:00:00,4.966293386963059
6977,2023-11-12 07:00:00,0.681732249819305
6978,2023-11-12 08:00:00,20.72306840857391
6979,2023-11-12 09:00:00,62.984164689865125
6980,2023-11-12 10:00:00,112.89413683364309
6981,2023-11-12 11:00:00,153.7990409042502
6982,2023-11-12 12:00:00,177.83426448255415
6983,2023-11-12 13:00:00,188.24704666285595
6984,2023-11-12 14:00:00,192.91604243665864
6985,2023-11-12 15:00:00,196.67919048622173
6986,2023-11-12 16:00:00,199.5873865269589
6987,2023-11-12 17:00:00,200.75317803769735
6988,2023-11-12 18:00:00,201.3864657893649
6989,2023-11-12 19:00:00,202.3129378234699
6990,2023-11-12 20:00:00,198.6283817769201
6991,2023-11-12 21:00:00,178.8334479372636
6992,2023-11-12 22:00:00,132.15422613204265
6993,2023-11-12 23:00:00,58.97795720518292
6994,2023-11-13 00:00:00,78.02642988992228
6995,2023-11-13 01:00:00,4.227316396075651
6996,2023-11-13 02:00:00,-44.49991836802363
6997,2023-11-13 03:00:00,-69.69849303719184
6998,2023-11-13 04:00:00,-84.14453296536698
6999,2023-11-13 05:00:00,-98.2711838071566
7000,2023-11-13 06:00:00,-110.00088032460906
7001,2023-11-13 07:00:00,-106.97500089446024
7002,2023-11-13 08:00:00,-78.72932284597147
7003,2023-11-13 09:00:00,-27.467096814303204
7004,2023-11-13 10:00:00,32.13897363087176
7005,2023-11-15 12:00:00,124.15941137175427
7006,2023-11-15 13:00:00,146.67387739132593
7007,2023-11-15 14:00:00,163.411103537892
7008,2023-11-15 15:00:00,179.126048631686
7009,2023-11-15 16:00:00,193.7886117597472
7010,2023-11-15 17:00:00,206.43319800947378
7011,2023-11-15 18:00:00,218.19526439459193
7012,2023-11-15 19:00:00,229.83056139851914
7013,2023-11-15 20:00:00,236.3702062479131
7014,2023-11-15 21:00:00,226.25615102337795
7015,2023-11-15 22:00:00,188.6624000210826
7016,2023-11-15 23:00:00,123.93128923500316
7017,2023-11-16 00:00:00,47.242662867720995
7018,2023-11-16 01:00:00,-19.495553147750343
7019,2023-11-16 02:00:00,-61.88938285689065
7020,2023-11-16 03:00:00,-81.49422436896288
7021,2023-11-16 04:00:00,-91.08966278131243
7022,2023-11-16 05:00:00,-101.10356434000877
7023,2023-11-16 06:00:00,-109.44442610969526
7024,2023-11-16 07:00:00,-103.73121100511392
7025,2023-11-16 08:00:00,-73.46908149483576
7026,2023-11-16 09:00:00,-20.82284726019833
7027,2023-11-16 10:00:00,39.58059114171516
7028,2023-11-16 11:00:00,91.03451965969316
7029,2023-11-16 12:00:00,125.62533438599169
7030,2023-11-16 13:00:00,146.55553003308177
7031,2023-11-16 14:00:00,161.66366333151936
7032,2023-11-16 15:00:00,175.7525458051813
7033,2023-11-16 16:00:00,188.84316452432407
7034,2023-11-16 17:00:00,200.02354415821696
7035,2023-11-16 18:00:00,210.4845343215402
7036,2023-11-16 19:00:00,221.03824752638613
7037,2023-11-16 20:00:00,226.77229440132032
7038,2023-11-16 21:00:00,216.18439042546566
7039,2023-11-16 22:00:00,178.502700131177
7040,2023-11-16 23:00:00,114.12124348794406
7041,2023-11-17 00:00:00,38.268211316367854
7042,2023-11-17 01:00:00,-27.104298389783622
7043,2023-11-17 02:00:00,-67.56311373158462
7044,2023-11-17 03:00:00,-84.63016755234142
7045,2023-11-17 04:00:00,-91.05800703493014
7046,2023-11-17 05:00:00,-97.25451643353477
7047,2023-11-17 06:00:00,-101.11581770896163
7048,2023-11-17 07:00:00,-90.25657040246074
7049,2023-11-17 08:00:00,-54.1860765071803
7050,2023-11-17 09:00:00,4.918000814382651
7051,2023-11-17 10:00:00,72.40702774674857
7052,2023-11-17 11:00:00,131.54362062433032
7053,2023-11-17 12:00:00,174.37462469754308
7054,2023-11-17 13:00:00,204.0542706375819
7055,2023-11-17 14:00:00,228.36441862881003
7056,2023-11-17 15:00:00,252.0431428073528
7057,2023-11-17 16:00:00,275.03915152722595
7058,2023-11-17 17:00:00,296.3612523415565
7059,2023-11-17 18:00:00,317.11483984183445
7060,2023-11-17 19:00:00,338.0211245867347
7061,2023-11-17 20:00:00,354.07224147761667
7062,2023-11-17 21:00:00,353.66680245516693
7063,2023-11-17 22:00:00,325.9312490684868
7064,2023-11-17 23:00:00,271.1563183666364
7065,2023-11-18 00:00:00,100.96174822407582
7066,2023-11-18 01:00:00,44.20597409504943
7067,2023-11-18 02:00:00,11.716181763899556
7068,2023-11-18 03:00:00,1.8721029373778606
7069,2023-11-18 04:00:00,1.8269226848433675
7070,2023-11-18 05:00:00,1.0836559468671965
7071,2023-11-18 06:00:00,1.6633063473100833
7072,2023-11-18 07:00:00,15.875573147068366
7073,2023-11-18 08:00:00,54.14368829405019
7074,2023-11-18 09:00:00,114.23156307276263
7075,2023-11-18 10:00:00,181.44195665476371
7076,2023-11-18 11:00:00,238.99937774758743
7077,2023-11-18 12:00:00,278.92363826312345
7078,2023-11-18 13:00:00,304.35347118865593
7079,2023-11-18 14:00:00,323.0671162647858
7080,2023-11-18 15:00:00,339.8111212808383
7081,2023-11-18 16:00:00,354.5548510123954
7082,2023-11-18 17:00:00,366.33991068977275
7083,2023-11-18 18:00:00,376.31646165802687
7084,2023-11-18 19:00:00,385.2621485074542
7085,2023-11-18 20:00:00,388.23677858128667
7086,2023-11-18 21:00:00,373.7173227997561
7087,2023-11-18 22:00:00,330.9185988359091
7088,2023-11-18 23:00:00,260.2289570035647
7089,2023-11-19 00:00:00,176.87881188836047
7090,2023-11-19 01:00:00,102.83052845639082
7091,2023-11-19 02:00:00,52.535669564806724
7092,2023-11-19 03:00:00,24.498827320401716
7093,2023-11-19 04:00:00,6.002051572251503
7094,2023-11-19 05:00:00,-13.320006960720804
7095,2023-11-19 06:00:00,-31.31320334712123
7096,2023-11-19 07:00:00,-35.53447502813688
7097,2023-11-19 08:00:00,-15.428292210787248
7098,2023-11-19 09:00:00,26.899211686790863
7099,2023-11-19 10:00:00,76.87715601651615
7100,2023-11-19 11:00:00,117.85160032596855
7101,2023-11-19 12:00:00,141.95793552052407
7102,2023-11-19 13:00:00,152.44340388455507
7103,2023-11-19 14:00:00,157.18666345332508
7104,2023-11-19 15:00:00,161.02565581036794
7105,2023-11-19 16:00:00,164.01127942420658
7106,2023-11-19 17:00:00,165.25608438063338
7107,2023-11-19 18:00:00,165.96997390883402
7108,2023-11-19 19:00:00,166.9786383643385
7109,2023-11-19 20:00:00,163.37786754339146
7110,2023-11-19 21:00:00,143.66831374683994
7111,2023-11-19 22:00:00,97.07606866411193
7112,2023-11-19 23:00:00,23.98837485153487
7113,2023-11-20 00:00:00,43.127022596138715
7114,2023-11-20 01:00:00,-30.580314483288674
7115,2023-11-20 02:00:00,-79.2141702266683
7116,2023-11-20 03:00:00,-104.31776217067292
7117,2023-11-20 04:00:00,-118.66721472602194
7118,2023-11-20 05:00:00,-132.69567275922122
7119,2023-11-20 06:00:00,-144.32557039869693
7120,2023-11-20 07:00:00,-141.19828554810013
7121,2023-11-20 08:00:00,-112.84959521556297
7122,2023-11-20 09:00:00,-61.48274987626641
7123,2023-11-20 10:00:00,-1.7704530972941086
7124,2023-11-20 11:00:00,49.52796552285285
7125,2023-11-20 12:00:00,84.44010298687446
7126,2023-11-20 13:00:00,106.10417251684436
7127,2023-11-20 14:00:00,122.28973220870938
7128,2023-11-20 15:00:00,137.7266983079678
7129,2023-11-20 16:00:00,152.3601321884364
7130,2023-11-20 17:00:00,165.2000043065472
7131,2023-11-20 18:00:00,177.3579086196643
7132,2023-11-20 19:00:00,189.56644197053373
7133,2023-11-20 20:00:00,196.83438410951953
7134,2023-11-20 21:00:00,187.58224156604476
7135,2023-11-20 22:00:00,150.9635104017969
7136,2023-11-20 23:00:00,87.30097180901546
7137,2023-11-21 00:00:00,11.755857050275353
7138,2023-11-21 01:00:00,-53.781616288845385
7139,2023-11-21 02:00:00,-94.93433652970714
7140,2023-11-21 03:00:00,-113.2738030058344
7141,2023-11-21 04:00:00,-121.5950373784826
7142,2023-11-21 05:00:00,-130.3407902655831
7143,2023-11-21 06:00:00,-137.43401381235307
7144,2023-11-21 07:00:00,-130.50782640232245
7145,2023-11-21 08:00:00,-99.0813789901112
7146,2023-11-21 09:00:00,-45.33343447546389
7147,2023-11-21 10:00:00,16.09506157504373
7148,2023-11-21 11:00:00,68.48313972728052
7149,2023-11-21 12:00:00,103.90262368167141
7150,2023-11-21 13:00:00,125.54102747249667
7151,2023-11-21 14:00:00,141.22144605026537
7152,2023-11-21 15:00:00,155.7306964921064
7153,2023-11-21 16:00:00,169.0732108311737
7154,2023-11-21 17:00:00,180.31989593555383
7155,2023-11-21 18:00:00,190.64394595473232
7156,2023-11-21 19:00:00,200.8393338363307
7157,2023-11-21 20:00:00,205.9751291902243
7158,2023-11-21 21:00:00,194.53021690828217
7159,2023-11-21 22:00:00,155.7137821277858
7160,2023-11-21 23:00:00,89.90088535519487
7161,2023-11-22 00:00:00,12.300973263462026
7162,2023-11-22 01:00:00,-55.152164955193314
7163,2023-11-22 02:00:00,-98.04298836996341
7164,2023-11-22 03:00:00,-117.91012097341465
7165,2023-11-22 04:00:00,-127.52158294305306
7166,2023-11-22 05:00:00,-137.2992222802205
7167,2023-11-22 06:00:00,-145.15131553904666
7168,2023-11-22 07:00:00,-138.7025631843002
7169,2023-11-22 08:00:00,-107.46988975645257
7170,2023-11-22 09:00:00,-53.63586229334223
7171,2023-11-22 10:00:00,8.148991379604013
7172,2023-11-22 11:00:00,61.148680797926446
7173,2023-11-22 12:00:00,97.41499041079165
7174,2023-11-22 13:00:00,120.1108716998132
7175,2023-11-22 14:00:00,137.03089523551094
7176,2023-11-22 15:00:00,152.93001119280441
7177,2023-11-22 16:00:00,167.77810985134502
7178,2023-11-22 17:00:00,180.60958733838228
7179,2023-11-22 18:00:00,192.55989154666491
7180,2023-11-22 19:00:00,204.38476368270753
7181,2023-11-22 20:00:00,211.11531153924557
7182,2023-11-22 21:00:00,201.1934776109631
7183,2023-11-22 22:00:00,163.7932564493129
7184,2023-11-22 23:00:00,99.25697414913745
7185,2023-11-23 00:00:00,22.764464863858535
7186,2023-11-23 01:00:00,-43.77635567839391
7187,2023-11-23 02:00:00,-85.97152187964525
7188,2023-11-23 03:00:00,-105.37644235819931
7189,2023-11-23 04:00:00,-114.77071286643005
7190,2023-11-23 05:00:00,-124.58221046148037
7191,2023-11-23 06:00:00,-132.71944316637297
7192,2023-11-23 07:00:00,-126.80138499934736
7193,2023-11-23 08:00:00,-96.33320968315516
7194,2023-11-23 09:00:00,-43.47973829915486
7195,2023-11-23 10:00:00,17.13211704859711
7196,2023-11-23 11:00:00,68.79563062111612
7197,2023-11-23 12:00:00,103.59718667150057
7198,2023-11-23 13:00:00,124.73926794031667
7199,2023-11-23 14:00:00,140.0604190335389
7200,2023-11-23 15:00:00,154.36343921583222
7201,2023-11-23 16:00:00,167.66930315550837
7202,2023-11-23 17:00:00,179.0660229828857
7203,2023-11-23 18:00:00,189.74443563272703
7204,2023-11-23 19:00:00,200.51664080030483
7205,2023-11-23 20:00:00,206.47023616490426
7206,2023-11-23 21:00:00,196.10292411623973
7207,2023-11-23 22:00:00,158.64285596663942
7208,2023-11-23 23:00:00,94.48403833206117
7209,2023-11-24 00:00:00,18.854648547862638
7210,2023-11-24 01:00:00,-46.29322901039441
7211,2023-11-24 02:00:00,-86.52643618819812
7212,2023-11-24 03:00:00,-103.36691970263078
7213,2023-11-24 04:00:00,-109.56724073826516
7214,2023-11-24 05:00:00,-115.53529767524898
7215,2023-11-24 06:00:00,-119.16722672852589
7216,2023-11-24 07:00:00,-108.0777018112131
7217,2023-11-24 08:00:00,-71.77603941807939
7218,2023-11-24 09:00:00,-12.439917326613084
7219,2023-11-24 10:00:00,55.28201590828324
7220,2023-11-24 11:00:00,114.65236176441883
7221,2023-11-24 12:00:00,157.71795051842705
7222,2023-11-24 13:00:00,187.63299775351277
7223,2023-11-24 14:00:00,212.17934844932796
7224,2023-11-24 15:00:00,236.0950614258505
7225,2023-11-24 16:00:00,259.32882960881096
7226,2023-11-24 17:00:00,280.8894450114591
7227,2023-11-24 18:00:00,301.88228658158573
7228,2023-11-24 19:00:00,323.0285491180239
7229,2023-11-24 20:00:00,339.3203516661737
7230,2023-11-24 21:00:00,339.1562901989803
7231,2023-11-24 22:00:00,311.6627901948783
7232,2023-11-24 23:00:00,257.1305725367639
7233,2023-11-25 00:00:00,87.17935882817683
7234,2023-11-25 01:00:00,30.667568156419946
7235,2023-11-25 02:00:00,-1.5776301673436706
7236,2023-11-25 03:00:00,-11.176520989941935
7237,2023-11-25 04:00:00,-10.975935900029185
7238,2023-11-25 05:00:00,-11.47287670466929
7239,2023-11-25 06:00:00,-10.646356618447669
7240,2023-11-25 07:00:00,3.813306692989755
7241,2023-11-25 08:00:00,42.329328159293084
7242,2023-11-25 09:00:00,102.66560196584771
7243,2023-11-25 10:00:00,170.1248700972323
7244,2023-11-25 11:00:00,227.9316239919792
7245,2023-11-25 12:00:00,268.1056582118539
7246,2023-11-25 13:00:00,293.78568831640536
7247,2023-11-25 14:00:00,312.7499365374955
7248,2023-11-25 15:00:00,329.74493308151557
7249,2023-11-25 16:00:00,344.74002506638584
7250,2023-11-25 17:00:00,356.7767999914073
7251,2023-11-25 18:00:00,367.0054014012529
7252,2023-11-25 19:00:00,376.20345601306303
7253,2023-11-25 20:00:00,379.43075323502217
7254,2023-11-25 21:00:00,365.1642459803344
7255,2023-11-25 22:00:00,322.61873385494016
7256,2023-11-25 23:00:00,252.1825490421449
7257,2023-11-26 00:00:00,169.08608793772692
7258,2023-11-26 01:00:00,95.29169725559233
7259,2023-11-26 02:00:00,45.250921549924186
7260,2023-11-26 03:00:00,17.468334560244244
7261,2023-11-26 04:00:00,-0.7740322747258972
7262,2023-11-26 05:00:00,-19.841546704004458
7263,2023-11-26 06:00:00,-37.580082311442965
7264,2023-11-26 07:00:00,-41.54659510270335
7265,2023-11-26 08:00:00,-21.185573896543133
7266,2023-11-26 09:00:00,21.39682923804031
7267,2023-11-26 10:00:00,71.6297149562192
7268,2023-11-26 11:00:00,112.85912406636743
7269,2023-11-26 12:00:00,137.22042870141186
7270,2023-11-26 13:00:00,147.96085233360853
7271,2023-11-26 14:00:00,152.95903415288387
7272,2023-11-26 15:00:00,157.05289686066905
7273,2023-11-26 16:00:00,160.29332001947293
7274,2023-11-26 17:00:00,161.79283477302212
7275,2023-11-26 18:00:00,162.76132538645035
7276,2023-11-26 19:00:00,164.02446322331764
7277,2023-11-26 20:00:00,160.67801906633193
7278,2023-11-26 21:00:00,141.22262617958071
7279,2023-11-26 22:00:00,94.88435719735935
7280,2023-11-26 23:00:00,22.050435604173856
7281,2023-11-27 00:00:00,41.44263260069924
7282,2023-11-27 01:00:00,-32.011397296444784
7283,2023-11-27 02:00:00,-80.39220704120854
7284,2023-11-27 03:00:00,-105.24303328929724
7285,2023-11-27 04:00:00,-119.34001958530567
7286,2023-11-27 05:00:00,-133.11632992804078
7287,2023-11-27 06:00:00,-144.49441758698705
7288,2023-11-27 07:00:00,-141.1156796057184
7289,2023-11-27 08:00:00,-112.515912132968
7290,2023-11-27 09:00:00,-60.89838478275013
7291,2023-11-27 10:00:00,-0.9358202545194843
7292,2023-11-27 11:00:00,50.61243272372258
7293,2023-11-27 12:00:00,85.77395203594202
7294,2023-11-27 13:00:00,107.68693179514484
7295,2023-11-27 14:00:00,124.12091100109546
7296,2023-11-27 15:00:00,139.80578681465278
7297,2023-11-27 16:00:00,154.68660154569525
7298,2023-11-27 17:00:00,167.773306600652
7299,2023-11-27 18:00:00,180.17747690870297
7300,2023-11-27 19:00:00,192.63169030921762
7301,2023-11-27 20:00:00,200.14470756808916
7302,2023-11-27 21:00:00,191.13701626052176
7303,2023-11-27 22:00:00,154.7620935227739
7304,2023-11-27 23:00:00,91.34270164440738
7305,2023-11-28 00:00:00,16.04005302955585
7306,2023-11-28 01:00:00,-49.255653569022826
7307,2023-11-28 02:00:00,-90.16732526829514
7308,2023-11-28 03:00:00,-108.2664801551092
7309,2023-11-28 04:00:00,-116.34815861017424
7310,2023-11-28 05:00:00,-124.85512992318579
7311,2023-11-28 06:00:00,-131.71036486980944
7312,2023-11-28 07:00:00,-124.54700041682204
7313,2023-11-28 08:00:00,-92.88420605414936
7314,2023-11-28 09:00:00,-38.90076316778163
7315,2023-11-28 10:00:00,22.762364243069698
7316,2023-11-28 11:00:00,75.38418836400517
7317,2023-11-28 12:00:00,111.03651457281418
7318,2023-11-28 13:00:00,132.90683863832038
7319,2023-11-28 14:00:00,148.81823730694626
7320,2023-11-28 15:00:00,163.5575095087362
7321,2023-11-28 16:00:00,177.12906920147435
7322,2023-11-28 17:00:00,188.6038052359676
7323,2023-11-28 18:00:00,199.1548938175076
7324,2023-11-28 19:00:00,209.57629001636818
7325,2023-11-28 20:00:00,214.93704563766022
7326,2023-11-28 21:00:00,203.71602784218913
7327,2023-11-28 22:00:00,165.1224041099134
7328,2023-11-28 23:00:00,99.53121737508633
7329,2023-11-29 00:00:00,22.151896797267938
7330,2023-11-29 01:00:00,-45.081785835896284
7331,2023-11-29 02:00:00,-87.75430693345356
7332,2023-11-29 03:00:00,-107.40430773763683
7333,2023-11-29 04:00:00,-116.79982559095026
7334,2023-11-29 05:00:00,-126.36272556656269
7335,2023-11-29 06:00:00,-134.00130120313636
7336,2023-11-29 07:00:00,-127.34026986010227
7337,2023-11-29 08:00:00,-95.89657286995748
7338,2023-11-29 09:00:00,-41.8496140648553
7339,2023-11-29 10:00:00,20.146882613069437
7340,2023-11-29 11:00:00,73.3569101947182
7341,2023-11-29 12:00:00,109.8322367314739
7342,2023-11-29 13:00:00,132.73579740345684
7343,2023-11-29 14:00:00,149.86214658896225
7344,2023-11-29 15:00:00,165.9662183774283
7345,2023-11-29 16:00:00,181.01788707124
7346,2023-11-29 17:00:00,194.05153293092906
7347,2023-11-29 18:00:00,206.20258809368937
7348,2023-11-29 19:00:00,218.2267781293564
7349,2023-11-29 20:00:00,225.1551953025678
7350,2023-11-29 21:00:00,215.42976670248513
7351,2023-11-29 22:00:00,178.22447159308777
7352,2023-11-29 23:00:00,113.88162090336564
7353,2023-11-30 00:00:00,37.581033740892494
7354,2023-11-30 01:00:00,-28.769389084714902
7355,2023-11-30 02:00:00,-70.77569676790694
7356,2023-11-30 03:00:00,-89.99331259492169
7357,2023-11-30 04:00:00,-99.20184685425554
7358,2023-11-30 05:00:00,-108.82919100863012
7359,2023-11-30 06:00:00,-116.78386735303653
7360,2023-11-30 07:00:00,-110.68486404733693
7361,2023-11-30 08:00:00,-80.03736881700729
7362,2023-11-30 09:00:00,-27.006216603246827
7363,2023-11-30 10:00:00,33.78166675586043
7364,2023-11-30 11:00:00,85.6195419362562
7365,2023-11-30 12:00:00,120.5937797497306
7366,2023-11-30 13:00:00,141.90684963369011
7367,2023-11-30 14:00:00,157.39728303821062
7368,2023-11-30 15:00:00,171.8678662202447
7369,2023-11-30 16:00:00,185.33956098672346
7370,2023-11-30 17:00:00,196.90036675611464
7371,2023-11-30 18:00:00,207.74110790187967
7372,2023-11-30 19:00:00,218.67387171348037
7373,2023-11-30 20:00:00,224.78624361362864
7374,2023-11-30 21:00:00,214.5759138938321
7375,2023-11-30 22:00:00,177.27102192432295
7376,2023-11-30 23:00:00,113.2655625375472
7377,2023-12-01 00:00:00,37.78770144158993
7378,2023-12-01 01:00:00,-27.21048844917246
7379,2023-12-01 02:00:00,-67.2958602826024
7380,2023-12-01 03:00:00,-83.99037191606462
7381,2023-12-01 04:00:00,-90.04659550737341
7382,2023-12-01 05:00:00,-95.87244024426732
7383,2023-12-01 06:00:00,-99.36405298133974
7384,2023-12-01 07:00:00,-88.13611810704705
7385,2023-12-01 08:00:00,-51.69796241513049
7386,2023-12-01 09:00:00,7.772726184205368
7387,2023-12-01 10:00:00,75.62728917656382
7388,2023-12-01 11:00:00,135.12831825271576
7389,2023-12-01 12:00:00,178.3226340807458
7390,2023-12-01 13:00:00,208.36444280564567
7391,2023-12-01 14:00:00,233.03558014775712
7392,2023-12-01 15:00:00,257.0740958471497
7393,2023-12-01 16:00:00,280.42867392679887
7394,2023-12-01 17:00:00,302.1080976775603
7395,2023-12-01 18:00:00,323.2177375048323
7396,2023-12-01 19:00:00,344.4787798515499
7397,2023-12-01 20:00:00,360.88333558303214
7398,2023-12-01 21:00:00,360.82999268282254
7399,2023-12-01 22:00:00,333.4451688224265
7400,2023-12-01 23:00:00,279.01957726468544
7401,2023-12-02 00:00:00,109.17293218136368
7402,2023-12-02 01:00:00,52.76364540388764
7403,2023-12-02 02:00:00,20.61887919815419
7404,2023-12-02 03:00:00,11.118341843488139
7405,2023-12-02 04:00:00,11.41519507833101
7406,2023-12-02 05:00:00,11.012430608149913
7407,2023-12-02 06:00:00,11.93102892488281
7408,2023-12-02 07:00:00,26.480666263487933
7409,2023-12-02 08:00:00,65.08455164704777
7410,2023-12-02 09:00:00,125.50657354908
7411,2023-12-02 10:00:00,193.04946843663276
7412,2023-12-02 11:00:00,250.9377224309972
7413,2023-12-02 12:00:00,291.1911249663809
7414,2023-12-02 13:00:00,316.94838667729175
7415,2023-12-02 14:00:00,335.98772506730734
7416,2023-12-02 15:00:00,353.05566581413524
7417,2023-12-02 16:00:00,368.1215517022879
7418,2023-12-02 17:00:00,380.2269661033371
7419,2023-12-02 18:00:00,390.5220486306836
7420,2023-12-02 19:00:00,399.78442227227595
7421,2023-12-02 20:00:00,403.07387290825756
7422,2023-12-02 21:00:00,388.8673501275526
7423,2023-12-02 22:00:00,346.3796504131101
7424,2023-12-02 23:00:00,275.9991030254036
7425,2023-12-03 00:00:00,192.9561016470009
7426,2023-12-03 01:00:00,119.21299047785304
7427,2023-12-03 02:00:00,69.2213117636423
7428,2023-12-03 03:00:00,41.4856371386922
7429,2023-12-03 04:00:00,23.287996145578347
7430,2023-12-03 05:00:00,4.263019340791914
7431,2023-12-03 06:00:00,-13.43516835021319
7432,2023-12-03 07:00:00,-17.363524211752377
7433,2023-12-03 08:00:00,3.0334618607116113
7434,2023-12-03 09:00:00,45.64963692561773
7435,2023-12-03 10:00:00,95.91410098323968
7436,2023-12-03 11:00:00,137.17289438070316
7437,2023-12-03 12:00:00,161.5613890021949
7438,2023-12-03 13:00:00,172.3268082794014
7439,2023-12-03 14:00:00,177.3477915682471
7440,2023-12-03 15:00:00,181.4622619447593
7441,2023-12-03 16:00:00,184.7210995487846
7442,2023-12-03 17:00:00,186.23683631702053
7443,2023-12-03 18:00:00,187.21935750754548
7444,2023-12-03 19:00:00,188.49433568871916
7445,2023-12-03 20:00:00,185.15754305354108
7446,2023-12-03 21:00:00,165.70961448844187
7447,2023-12-03 22:00:00,119.37662445365964
7448,2023-12-03 23:00:00,46.545798465801184
7449,2023-12-04 00:00:00,65.938909970549
7450,2023-12-04 01:00:00,-7.516384067165944
7451,2023-12-04 02:00:00,-55.900633944862705
7452,2023-12-04 03:00:00,-80.75707345585201
7453,2023-12-04 04:00:00,-94.86184307065034
7454,2023-12-04 05:00:00,-108.64810351408886
7455,2023-12-04 06:00:00,-120.03830457046135
7456,2023-12-04 07:00:00,-116.67383959317203
7457,2023-12-04 08:00:00,-88.09050083482492
7458,2023-12-04 09:00:00,-36.49155380826346
7459,2023-12-04 10:00:00,23.450283093471654
7460,2023-12-04 11:00:00,74.97566565788394
7461,2023-12-04 12:00:00,110.11217648220831
7462,2023-12-04 13:00:00,131.99801460197546
7463,2023-12-04 14:00:00,148.40272414188308
7464,2023-12-04 15:00:00,164.05620759372076
7465,2023-12-04 16:00:00,178.90351279458503
7466,2023-12-04 17:00:00,191.95459688772183
7467,2023-12-04 18:00:00,204.32104073966462
7468,2023-12-04 19:00:00,216.73542832577613
7469,2023-12-04 20:00:00,224.20652675139368
7470,2023-12-04 21:00:00,215.1548301312783
7471,2023-12-04 22:00:00,178.73382234205565
7472,2023-12-04 23:00:00,115.26627260951953
7473,2023-12-05 00:00:00,39.91340047834606
7474,2023-12-05 01:00:00,-25.434587962652046
7475,2023-12-05 02:00:00,-66.40059230526924
7476,2023-12-05 03:00:00,-84.55612289850092
7477,2023-12-05 04:00:00,-92.69621220053645
7478,2023-12-05 05:00:00,-101.26362137951816
7479,2023-12-05 06:00:00,-108.18131289725613
7480,2023-12-05 07:00:00,-101.08241520866585
7481,2023-12-05 08:00:00,-69.48608910557388
7482,2023-12-05 09:00:00,-15.571107076464557
7483,2023-12-05 10:00:00,46.021575963662684
7484,2023-12-05 11:00:00,98.57098147627858
7485,2023-12-05 12:00:00,134.1489243046455
7486,2023-12-05 13:00:00,155.94290987214953
7487,2023-12-05 14:00:00,171.77602476730166
7488,2023-12-05 15:00:00,186.43507794864158
7489,2023-12-05 16:00:00,199.9244935888144
7490,2023-12-05 17:00:00,211.31517093790626
7491,2023-12-05 18:00:00,221.78029678501755
7492,2023-12-05 19:00:00,232.11383696520437
7493,2023-12-05 20:00:00,237.38485423419047
7494,2023-12-05 21:00:00,226.0722268795251
7495,2023-12-05 22:00:00,187.3851336904673
7496,2023-12-05 23:00:00,121.69862908841662
7497,2023-12-06 00:00:00,44.2221538983834
7498,2023-12-06 01:00:00,-23.110508253090444
7499,2023-12-06 02:00:00,-65.88382175738533
7500,2023-12-06 03:00:00,-85.63641566757812
7501,2023-12-06 04:00:00,-95.13631496349524
7502,2023-12-06 05:00:00,-104.80537218335161
7503,2023-12-06 06:00:00,-112.55186816277379
7504,2023-12-06 07:00:00,-106.00050738339303
7505,2023-12-06 08:00:00,-74.66821814137373
7506,2023-12-06 09:00:00,-20.737570967470504
7507,2023-12-06 10:00:00,41.14090307888037
7508,2023-12-06 11:00:00,94.23121057643237
7509,2023-12-06 12:00:00,130.58513326441926
7510,2023-12-06 13:00:00,153.36562018932014
7511,2023-12-06 14:00:00,170.36723974806293
7512,2023-12-06 15:00:00,186.34494020985363
7513,2023-12-06 16:00:00,201.26861021267402
7514,2023-12-06 17:00:00,214.17264450743141
7515,2023-12-06 18:00:00,226.19248987864387
7516,2023-12-06 19:00:00,238.08388669071928
7517,2023-12-06 20:00:00,244.87794216157022
7518,2023-12-06 21:00:00,235.01659847521026
7519,2023-12-06 22:00:00,197.6738501436016
7520,2023-12-06 23:00:00,133.1920234892443
7521,2023-12-07 00:00:00,56.750953157526496
7522,2023-12-07 01:00:00,-9.741444360592482
7523,2023-12-07 02:00:00,-51.891202436153065
7524,2023-12-07 03:00:00,-71.25372839216331
7525,2023-12-07 04:00:00,-80.6086164150042
7526,2023-12-07 05:00:00,-90.38374172792606
7527,2023-12-07 06:00:00,-98.48761025230368
7528,2023-12-07 07:00:00,-92.53919363802399
7529,2023-12-07 08:00:00,-62.04366297377143
7530,2023-12-07 09:00:00,-9.165836427897403
7531,2023-12-07 10:00:00,51.4673770592414
7532,2023-12-07 11:00:00,103.14925518644054
7533,2023-12-07 12:00:00,137.96618592387762
7534,2023-12-07 13:00:00,159.12065597629558
7535,2023-12-07 14:00:00,174.4512141920754
7536,2023-12-07 15:00:00,188.76066434018276
7537,2023-12-07 16:00:00,202.06998586582765
7538,2023-12-07 17:00:00,213.46719593449478
7539,2023-12-07 18:00:00,224.14313678394905
7540,2023-12-07 19:00:00,234.9099136792454
7541,2023-12-07 20:00:00,240.8551301325568
7542,2023-12-07 21:00:00,230.4764946301283
7543,2023-12-07 22:00:00,193.00216484423535
7544,2023-12-07 23:00:00,128.826154018036
7545,2023-12-08 00:00:00,53.17664636914151
7546,2023-12-08 01:00:00,-11.994266574915457
7547,2023-12-08 02:00:00,-52.25341925097658
7548,2023-12-08 03:00:00,-69.12275070469062
7549,2023-12-08 04:00:00,-75.35481419167016
7550,2023-12-08 05:00:00,-81.35749989950966
7551,2023-12-08 06:00:00,-85.02693559306175
7552,2023-12-08 07:00:00,-73.97778648081905
7553,2023-12-08 08:00:00,-37.71936008919201
7554,2023-12-08 09:00:00,21.57067502413412
7555,2023-12-08 10:00:00,89.24367978217487
7556,2023-12-08 11:00:00,148.56226539302656
7557,2023-12-08 12:00:00,191.57327212297062
7558,2023-12-08 13:00:00,221.43092579261938
7559,2023-12-08 14:00:00,245.91708187448643
7560,2023-12-08 15:00:00,269.76980993019106
7561,2023-12-08 16:00:00,292.93781388206537
7562,2023-12-08 17:00:00,314.4298969832527
7563,2023-12-08 18:00:00,335.35144967448866
7564,2023-12-08 19:00:00,356.4236784952596
7565,2023-12-08 20:00:00,372.63871447238137
7566,2023-12-08 21:00:00,372.3951658111813
7567,2023-12-08 22:00:00,344.8194704632201
7568,2023-12-08 23:00:00,290.20236203047324
7569,2023-12-09 00:00:00,120.16357507704856
7570,2023-12-09 01:00:00,63.56154187942548
7571,2023-12-09 02:00:00,31.22344519772429
7572,2023-12-09 03:00:00,21.529013858693418
7573,2023-12-09 04:00:00,21.631430186384478
7574,2023-12-09 05:00:00,21.033706523661778
7575,2023-12-09 06:00:00,21.756844037619402
7576,2023-12-09 07:00:00,36.11053967832444
7577,2023-12-09 08:00:00,74.51802322544386
7578,2023-12-09 09:00:00,134.74320393691852
7579,2023-12-09 10:00:00,202.08883910482854
7580,2023-12-09 11:00:00,259.77943570199443
7581,2023-12-09 12:00:00,299.8348040449328
7582,2023-12-09 13:00:00,325.3936756772425
7583,2023-12-09 14:00:00,344.2342890368709
7584,2023-12-09 15:00:00,361.1031907544025
7585,2023-12-09 16:00:00,375.9697445933889
7586,2023-12-09 17:00:00,387.87555491692126
7587,2023-12-09 18:00:00,397.97078234910373
7588,2023-12-09 19:00:00,407.0330709004595
7589,2023-12-09 20:00:00,410.1222274857064
7590,2023-12-09 21:00:00,395.7152227378143
7591,2023-12-09 22:00:00,353.0268741892219
7592,2023-12-09 23:00:00,282.4455321573752
7593,2023-12-10 00:00:00,199.2016113823939
7594,2023-12-10 01:00:00,125.2574771225218
7595,2023-12-10 02:00:00,75.06469267930117
7596,2023-12-10 03:00:00,47.127850741201854
7597,2023-12-10 04:00:00,28.729001894547196
7598,2023-12-10 05:00:00,9.502797734722208
7599,2023-12-10 06:00:00,-8.396615785125391
7600,2023-12-10 07:00:00,-12.526174935272252
7601,2023-12-10 08:00:00,7.66965138800964
7602,2023-12-10 09:00:00,50.084731224920574
7603,2023-12-10 10:00:00,100.14818553814091
7604,2023-12-10 11:00:00,141.2060756143596
7605,2023-12-10 12:00:00,165.39379425681614
7606,2023-12-10 13:00:00,175.95858578755121
7607,2023-12-10 14:00:00,180.77911042506432
7608,2023-12-10 15:00:00,184.6933120766066
7609,2023-12-10 16:00:00,187.7520916819412
7610,2023-12-10 17:00:00,189.0680019430399
7611,2023-12-10 18:00:00,189.8509488451611
7612,2023-12-10 19:00:00,190.92662564760198
7613,2023-12-10 20:00:00,187.39082518788743
7614,2023-12-10 21:00:00,167.74420295731682
7615,2023-12-10 22:00:00,121.21285397447636
7616,2023-12-10 23:00:00,48.184024267550555
7617,2023-12-11 00:00:00,67.37950773980417
7618,2023-12-11 01:00:00,-6.273018233227617
7619,2023-12-11 02:00:00,-54.85408359447439
7620,2023-12-11 03:00:00,-79.90690184123048
7621,2023-12-11 04:00:00,-94.20759320425702
7622,2023-12-11 05:00:00,-108.18929822973243
7623,2023-12-11 06:00:00,-119.77444658512565
7624,2023-12-11 07:00:00,-116.60441157525574
7625,2023-12-11 08:00:00,-88.21496546604337
7626,2023-12-11 09:00:00,-36.80935385681903
7627,2023-12-11 10:00:00,22.939724703191047
7628,2023-12-11 11:00:00,74.27294577111412
7629,2023-12-11 12:00:00,109.21791164232893
7630,2023-12-11 13:00:00,130.91284096717234
7631,2023-12-11 14:00:00,147.1272974091279
7632,2023-12-11 15:00:00,162.5912029184377
7633,2023-12-11 16:00:00,177.24962470487054
7634,2023-12-11 17:00:00,190.1125391992681
7635,2023-12-11 18:00:00,202.2915464675852
7636,2023-12-11 19:00:00,214.5192495986392
7637,2023-12-11 20:00:00,221.8044347134645
7638,2023-12-11 21:00:00,212.5676148547018
7639,2023-12-11 22:00:00,175.9622927252322
7640,2023-12-11 23:00:00,112.31125628776323
7641,2023-12-12 00:00:00,36.775743715774
7642,2023-12-12 01:00:00,-28.75402036812099
7643,2023-12-12 02:00:00,-69.90091712806068
7644,2023-12-12 03:00:00,-88.23643859184014
7645,2023-12-12 04:00:00,-96.5555990020307
7646,2023-12-12 05:00:00,-105.30114142050772
7647,2023-12-12 06:00:00,-112.39601031307376
7648,2023-12-12 07:00:00,-105.47331625576777
7649,2023-12-12 08:00:00,-74.05220226995175
7650,2023-12-12 09:00:00,-20.311423194900158
7651,2023-12-12 10:00:00,41.1080835861318
7652,2023-12-12 11:00:00,93.48535694526029
7653,2023-12-12 12:00:00,128.89222901746345
7654,2023-12-12 13:00:00,150.5162223901935
7655,2023-12-12 14:00:00,166.18044068993635
7656,2023-12-12 15:00:00,180.6717097896079
7657,2023-12-12 16:00:00,193.99447064364756
7658,2023-12-12 17:00:00,205.21963915355997
7659,2023-12-12 18:00:00,215.5204186261281
7660,2023-12-12 19:00:00,225.69079128282965
7661,2023-12-12 20:00:00,230.79983612469658
7662,2023-12-12 21:00:00,219.32644754997122
7663,2023-12-12 22:00:00,180.47982031823338
7664,2023-12-12 23:00:00,114.63502468116525
7665,2023-12-13 00:00:00,37.001517145797706
7666,2023-12-13 01:00:00,-30.48690311673346
7667,2023-12-13 02:00:00,-73.4146851019317
7668,2023-12-13 03:00:00,-93.32044262090821
7669,2023-12-13 04:00:00,-102.97218555118519
7670,2023-12-13 05:00:00,-112.79175148555069
7671,2023-12-13 06:00:00,-120.68740646427682
7672,2023-12-13 07:00:00,-114.280447254601
7673,2023-12-13 08:00:00,-83.09118017663968
7674,2023-12-13 09:00:00,-29.30216143608243
7675,2023-12-13 10:00:00,32.43609207745584
7676,2023-12-13 11:00:00,85.3876009511766
7677,2023-12-13 12:00:00,121.60416077171902
7678,2023-12-13 13:00:00,144.24873426891313
7679,2023-12-13 14:00:00,161.1159033629177
7680,2023-12-13 15:00:00,176.96062967487603
7681,2023-12-13 16:00:00,191.75281502830214
7682,2023-12-13 17:00:00,204.52686719530652
7683,2023-12-13 18:00:00,216.41824580768463
7684,2023-12-13 19:00:00,228.1827039074073
7685,2023-12-13 20:00:00,234.85136121661753
7686,2023-12-13 21:00:00,224.8661722525981
7687,2023-12-13 22:00:00,187.40114368240077
7688,2023-12-13 23:00:00,122.7986138067518
7689,2023-12-14 00:00:00,46.23842907574219
7690,2023-12-14 01:00:00,-20.371482396996356
7691,2023-12-14 02:00:00,-62.63714253923962
7692,2023-12-14 03:00:00,-82.11394741256322
7693,2023-12-14 04:00:00,-91.5814801197929
7694,2023-12-14 05:00:00,-101.46760499061838
7695,2023-12-14 06:00:00,-109.68081723318602
7696,2023-12-14 07:00:00,-103.84007797036182
7697,2023-12-14 08:00:00,-73.45054795053011
7698,2023-12-14 09:00:00,-20.67703519110387
7699,2023-12-14 10:00:00,39.85356133111004
7700,2023-12-14 11:00:00,91.43452909109581
7701,2023-12-14 12:00:00,126.15226563903121
7702,2023-12-14 13:00:00,147.2092670718885
7703,2023-12-14 14:00:00,162.44409143508145
7704,2023-12-14 15:00:00,176.65955150878364
7705,2023-12-14 16:00:00,189.87663553965945
7706,2023-12-14 17:00:00,201.183369313559
7707,2023-12-14 18:00:00,211.7706034848564
7708,2023-12-14 19:00:00,222.45045154241765
7709,2023-12-14 20:00:00,228.310525019086
7710,2023-12-14 21:00:00,217.848540227788
7711,2023-12-14 22:00:00,180.29266247010688
7712,2023-12-14 23:00:00,116.03691240060394
7713,2023-12-15 00:00:00,40.309481475301
7714,2023-12-15 01:00:00,-24.93753176087108
7715,2023-12-15 02:00:00,-65.27095492494843
7716,2023-12-15 03:00:00,-82.2127204467856
7717,2023-12-15 04:00:00,-88.51537516632362
7718,2023-12-15 05:00:00,-94.58680306481722
7719,2023-12-15 06:00:00,-98.32312590227878
7720,2023-12-15 07:00:00,-87.33900308883639
7721,2023-12-15 08:00:00,-51.14373655795393
7722,2023-12-15 09:00:00,8.085010516074306
7723,2023-12-15 10:00:00,75.698604235488
7724,2023-12-15 11:00:00,134.95966078139665
7725,2023-12-15 12:00:00,177.9150251800272
7726,2023-12-15 13:00:00,207.7189278072768
7727,2023-12-15 14:00:00,232.15322848018485
7728,2023-12-15 15:00:00,255.95600089900682
7729,2023-12-15 16:00:00,279.0759529083989
7730,2023-12-15 17:00:00,300.52189148136233
7731,2023-12-15 18:00:00,321.3992105615537
7732,2023-12-15 19:00:00,342.42911998416514
7733,2023-12-15 20:00:00,358.6037538592107
7734,2023-12-15 21:00:00,358.32172326688533
7735,2023-12-15 22:00:00,330.70946881904194
7736,2023-12-15 23:00:00,276.0577265688904
7737,2023-12-16 00:00:00,105.98623331028078
7738,2023-12-16 01:00:00,49.35342335478887
7739,2023-12-16 02:00:00,16.986481271588616
7740,2023-12-16 03:00:00,7.265137489819438
7741,2023-12-16 04:00:00,7.3425757216187435
7742,2023-12-16 05:00:00,6.7218094851945125
7743,2023-12-16 06:00:00,7.423840911436628
7744,2023-12-16 07:00:00,21.758367702007916
7745,2023-12-16 08:00:00,60.148620174726176
7746,2023-12-16 09:00:00,120.35850791318921
7747,2023-12-16 10:00:00,187.69078832252453
7748,2023-12-16 11:00:00,245.36996827631248
7749,2023-12-16 12:00:00,285.41585777878015
7750,2023-12-16 13:00:00,310.96718785190234
7751,2023-12-16 14:00:00,329.8021961955304
7752,2023-12-16 15:00:00,346.66742849327056
7753,2023-12-16 16:00:00,361.5322473487858
7754,2023-12-16 17:00:00,373.43825575327855
7755,2023-12-16 18:00:00,383.53561274921157
7756,2023-12-16 19:00:00,392.60196055093405
7757,2023-12-16 20:00:00,395.6971040717697
7758,2023-12-16 21:00:00,381.29801172661087
7759,2023-12-16 22:00:00,338.61949862348774
7760,2023-12-16 23:00:00,268.04991244500724
7761,2023-12-17 00:00:00,184.8196650863004
7762,2023-12-17 01:00:00,110.89111874998707
7763,2023-12-17 02:00:00,60.715833476122384
7764,2023-12-17 03:00:00,32.798398481961016
7765,2023-12-17 04:00:00,14.420860674578819
7766,2023-12-17 05:00:00,-4.782132236223532
7767,2023-12-17 06:00:00,-22.656438392090138
7768,2023-12-17 07:00:00,-26.758998359660183
7769,2023-12-17 08:00:00,-6.534285546284934
7770,2023-12-17 09:00:00,35.91156338523791
7771,2023-12-17 10:00:00,86.00766447728591
7772,2023-12-17 11:00:00,127.10007389923757
7773,2023-12-17 12:00:00,151.32417912903375
7774,2023-12-17 13:00:00,161.9272189667978
7775,2023-12-17 14:00:00,166.7878479020407
7776,2023-12-17 15:00:00,170.7440039131928
7777,2023-12-17 16:00:00,173.8465818118944
7778,2023-12-17 17:00:00,175.20812796924724
7779,2023-12-17 18:00:00,176.03854184308224
7780,2023-12-17 19:00:00,177.16350996329012
7781,2023-12-17 20:00:00,173.6788182486096
7782,2023-12-17 21:00:00,154.08511506415917
7783,2023-12-17 22:00:00,107.60848811361757
7784,2023-12-17 23:00:00,34.63617591351351
7785,2023-12-18 00:00:00,53.88996466152712
7786,2023-12-18 01:00:00,-19.702476166922622
7787,2023-12-18 02:00:00,-68.22168460526657
7788,2023-12-18 03:00:00,-93.21088243379322
7789,2023-12-18 04:00:00,-107.44619835623456
7790,2023-12-18 05:00:00,-121.36078158050333
7791,2023-12-18 06:00:00,-132.87707062506573
7792,2023-12-18 07:00:00,-129.63644783075247
7793,2023-12-18 08:00:00,-101.17469468986266
7794,2023-12-18 09:00:00,-49.69506620889487
7795,2023-12-18 10:00:00,10.129729469292187
7796,2023-12-18 11:00:00,61.540358125509314
7797,2023-12-18 12:00:00,96.56441209776649
7798,2023-12-18 13:00:00,118.34009989993496
7799,2023-12-18 14:00:00,134.63697487622025
7800,2023-12-18 15:00:00,150.18494848146074
7801,2023-12-18 16:00:00,164.92907725287415
7802,2023-12-18 17:00:00,177.87932677207104
7803,2023-12-18 18:00:00,190.1472860836148
7804,2023-12-18 19:00:00,202.4655470770942
7805,2023-12-18 20:00:00,209.84288450925462
7806,2023-12-18 21:00:00,200.69979988103762
7807,2023-12-18 22:00:00,164.18978418795814
7808,2023-12-18 23:00:00,100.63561351704224
7809,2023-12-19 00:00:00,25.198514003568818
7810,2023-12-19 01:00:00,-40.23130195064758
7811,2023-12-19 02:00:00,-81.2767278696947
7812,2023-12-19 03:00:00,-99.50926831677799
7813,2023-12-19 04:00:00,-107.72395023198493
7814,2023-12-19 05:00:00,-116.36352953188137
7815,2023-12-19 06:00:00,-123.3509636930417
7816,2023-12-19 07:00:00,-116.31937646086453
7817,2023-12-19 08:00:00,-84.78792418072368
7818,2023-12-19 09:00:00,-30.93537516975286
7819,2023-12-19 10:00:00,30.59731955988093
7820,2023-12-19 11:00:00,83.08918509965207
7821,2023-12-19 12:00:00,118.61203965611396
7822,2023-12-19 13:00:00,140.35339174086135
7823,2023-12-19 14:00:00,156.1363307602844
7824,2023-12-19 15:00:00,170.74766821763757
7825,2023-12-19 16:00:00,184.19183056381368
7826,2023-12-19 17:00:00,195.5397190478747
7827,2023-12-19 18:00:00,205.96452219111472
7828,2023-12-19 19:00:00,216.26020728858845
7829,2023-12-19 20:00:00,221.49583828019064
7830,2023-12-19 21:00:00,210.15029436965244
7831,2023-12-19 22:00:00,171.43275498758126
7832,2023-12-19 23:00:00,105.71827492947114
7833,2023-12-20 00:00:00,28.216295115040595
7834,2023-12-20 01:00:00,-39.139400998603975
7835,2023-12-20 02:00:00,-81.9332782471594
7836,2023-12-20 03:00:00,-101.70396640201736
7837,2023-12-20 04:00:00,-111.21949142810556
7838,2023-12-20 05:00:00,-120.9017071196532
7839,2023-12-20 06:00:00,-128.6588958422852
7840,2023-12-20 07:00:00,-122.11576387643817
7841,2023-12-20 08:00:00,-90.78924158396939
7842,2023-12-20 09:00:00,-36.86190184024068
7843,2023-12-20 10:00:00,25.01572170089935
7844,2023-12-20 11:00:00,78.10763272971882
7845,2023-12-20 12:00:00,114.4656098449894
7846,2023-12-20 13:00:00,137.25259868003127
7847,2023-12-20 14:00:00,154.2631639562621
7848,2023-12-20 15:00:00,170.2522499915948
7849,2023-12-20 16:00:00,185.18974121173227
7850,2023-12-20 17:00:00,198.11002789170627
7851,2023-12-20 18:00:00,210.14855206980315
7852,2023-12-20 19:00:00,222.06104910254996
7853,2023-12-20 20:00:00,228.87862093491034
7854,2023-12-20 21:00:00,219.04320421855854
7855,2023-12-20 22:00:00,181.72878766640142
7856,2023-12-20 23:00:00,117.27769154094455
7857,2023-12-21 00:00:00,40.869744170090186
7858,2023-12-21 01:00:00,-25.587144536048214
7859,2023-12-21 02:00:00,-67.69901478881641
7860,2023-12-21 03:00:00,-87.02128100696004
7861,2023-12-21 04:00:00,-96.33354473195757
7862,2023-12-21 05:00:00,-106.06368879862777
7863,2023-12-21 06:00:00,-114.12022699526568
7864,2023-12-21 07:00:00,-108.12213909222189
7865,2023-12-21 08:00:00,-77.57460455274904
7866,2023-12-21 09:00:00,-24.6424501742396
7867,2023-12-21 10:00:00,36.04740622522354
7868,2023-12-21 11:00:00,87.78823321646097
7869,2023-12-21 12:00:00,122.6664093887821
7870,2023-12-21 13:00:00,143.88441182158184
7871,2023-12-21 14:00:00,159.2807794894615
7872,2023-12-21 15:00:00,173.6583060451406
7873,2023-12-21 16:00:00,187.03796056539056
7874,2023-12-21 17:00:00,198.50774961048506
7875,2023-12-21 18:00:00,209.25850456911522
7876,2023-12-21 19:00:00,220.1023196178578
7877,2023-12-21 20:00:00,226.12678693659382
7878,2023-12-21 21:00:00,215.82960344765758
7879,2023-12-21 22:00:00,178.43891501854438
7880,2023-12-21 23:00:00,114.34872284570889
7881,2023-12-22 00:00:00,38.787198881849605
7882,2023-12-22 01:00:00,-26.293577848936962
7883,2023-12-22 02:00:00,-66.4604545306151
7884,2023-12-22 03:00:00,-83.23538316787543
7885,2023-12-22 04:00:00,-89.37093021072528
7886,2023-12-22 05:00:00,-95.2749992697251
7887,2023-12-22 06:00:00,-98.8437317527937
7888,2023-12-22 07:00:00,-87.69180674051239
7889,2023-12-22 08:00:00,-51.32854584563435
7890,2023-12-22 09:00:00,8.06836806055125
7891,2023-12-22 10:00:00,75.8502813727321
7892,2023-12-22 11:00:00,135.2797905538705
7893,2023-12-22 12:00:00,178.40372091161458
7894,2023-12-22 13:00:00,208.37628309075163
7895,2023-12-22 14:00:00,232.97931717862235
7896,2023-12-22 15:00:00,256.95087714435033
7897,2023-12-22 16:00:00,280.2396511040371
7898,2023-12-22 17:00:00,301.85442630556315
7899,2023-12-22 18:00:00,322.90057697250336
7900,2023-12-22 19:00:00,344.0992932327051
7901,2023-12-22 20:00:00,360.4426894928446
7902,2023-12-22 21:00:00,360.3293571466129
7903,2023-12-22 22:00:00,332.88571713340065
7904,2023-12-22 23:00:00,278.40248585169763
7905,2023-12-23 00:00:00,108.49938045623838
7906,2023-12-23 01:00:00,52.034815645100764
7907,2023-12-23 02:00:00,19.835956397343693
7908,2023-12-23 03:00:00,10.282513570293958
7909,2023-12-23 04:00:00,10.527651341430982
7910,2023-12-23 05:00:00,10.07436371873382
7911,2023-12-23 06:00:00,10.94363335778786
7912,2023-12-23 07:00:00,25.44513851416241
7913,2023-12-23 08:00:00,64.00209010206088
7914,2023-12-23 09:00:00,124.37837833557495
7915,2023-12-23 10:00:00,191.87674128772957
7916,2023-12-23 11:00:00,249.7216665575167
7917,2023-12-23 12:00:00,289.9329449001473
7918,2023-12-23 13:00:00,315.64928814407136
7919,2023-12-23 14:00:00,334.64891484492546
7920,2023-12-23 15:00:00,351.67835159271084
7921,2023-12-23 16:00:00,366.706941949668
7922,2023-12-23 17:00:00,378.77626992075636
7923,2023-12-23 18:00:00,389.0364756182788
7924,2023-12-23 19:00:00,398.2651823896631
7925,2023-12-23 20:00:00,401.52217633682767
7926,2023-12-23 21:00:00,387.28440712994876
7927,2023-12-23 22:00:00,344.7666711973364
7928,2023-12-23 23:00:00,274.35729760984026
7929,2023-12-24 00:00:00,191.2866797165328
7930,2023-12-24 01:00:00,117.51716125086186
7931,2023-12-24 02:00:00,67.50028385340443
7932,2023-12-24 03:00:00,39.74061841766135
7933,2023-12-24 04:00:00,21.52019360475896
7934,2023-12-24 05:00:00,2.473638957919434
7935,2023-12-24 06:00:00,-15.244921748471398
7936,2023-12-24 07:00:00,-19.192447086827002
7937,2023-12-24 08:00:00,1.1865716220434592
7938,2023-12-24 09:00:00,43.785979884057866
7939,2023-12-24 10:00:00,94.03487600045496
7940,2023-12-24 11:00:00,135.27929848813082
7941,2023-12-24 12:00:00,159.65461727501855
7942,2023-12-24 13:00:00,170.40805369193927
7943,2023-12-24 14:00:00,175.41824486344584
7944,2023-12-24 15:00:00,179.52311150215417
7945,2023-12-24 16:00:00,182.77353125189143
7946,2023-12-24 17:00:00,184.28203341843826
7947,2023-12-24 18:00:00,185.25850049858656
7948,2023-12-24 19:00:00,186.5286021674337
7949,2023-12-24 20:00:00,183.18810759290855
7950,2023-12-24 21:00:00,163.73764850557762
7951,2023-12-24 22:00:00,117.40329608382646
7952,2023-12-24 23:00:00,44.57227241837499
7953,2023-12-25 00:00:00,163.3768506192161
7954,2023-12-25 01:00:00,89.92367757434731
7955,2023-12-25 02:00:00,41.54270238479934
7956,2023-12-25 03:00:00,16.690687323814558
7957,2023-12-25 04:00:00,2.5914878671557346
7958,2023-12-25 05:00:00,-11.188060896517271
7959,2023-12-25 06:00:00,-22.570413061366253
7960,2023-12-25 07:00:00,-19.19696641676515
7961,2023-12-25 08:00:00,9.396482223833061
7962,2023-12-25 09:00:00,61.006662662306624
7963,2023-12-25 10:00:00,120.96085169495859
7964,2023-12-25 11:00:00,172.4997001788902
7965,2023-12-25 12:00:00,207.65078565612626
7966,2023-12-25 13:00:00,229.5523019855507
7967,2023-12-25 14:00:00,245.9737879928684
7968,2023-12-25 15:00:00,261.6451407541932
7969,2023-12-25 16:00:00,276.5114025659833
7970,2023-12-25 17:00:00,289.5825249149853
7971,2023-12-25 18:00:00,301.9700828924781
7972,2023-12-25 19:00:00,314.4066545799793
7973,2023-12-25 20:00:00,321.90100107236947
7974,2023-12-25 21:00:00,312.8736103592653
7975,2023-12-25 22:00:00,276.4779600717172
7976,2023-12-25 23:00:00,213.03681308173398
7977,2023-12-26 00:00:00,38.3008792665197
7978,2023-12-26 01:00:00,-27.018635480286747
7979,2023-12-26 02:00:00,-67.95514063535671
7980,2023-12-26 03:00:00,-86.08015335894646
7981,2023-12-26 04:00:00,-94.18871302785257
7982,2023-12-26 05:00:00,-102.72358783998595
7983,2023-12-26 06:00:00,-109.60774739143443
7984,2023-12-26 07:00:00,-102.47432738656414
7985,2023-12-26 08:00:00,-70.84249596378393
7986,2023-12-26 09:00:00,-16.89103307687236
7987,2023-12-26 10:00:00,44.73909879637854
7988,2023-12-26 11:00:00,97.32691344811268
7989,2023-12-26 12:00:00,132.94421794850012
7990,2023-12-26 13:00:00,154.7785098446289
7991,2023-12-26 14:00:00,170.6528677465259
7992,2023-12-26 15:00:00,185.35409253441983
7993,2023-12-26 16:00:00,198.88660020130587
7994,2023-12-26 17:00:00,210.32128171924018
7995,2023-12-26 18:00:00,220.83131550055793
7996,2023-12-26 19:00:00,231.21065890814867
7997,2023-12-26 20:00:00,236.52836612528318
7998,2023-12-26 21:00:00,225.26330677652555
7999,2023-12-26 22:00:00,186.6246508911633
8000,2023-12-26 23:00:00,120.98744403832876
8001,2023-12-27 00:00:00,43.5611180975996
8002,2023-12-27 01:00:00,-23.720552338382163
8003,2023-12-27 02:00:00,-66.44204078743965
8004,2023-12-27 03:00:00,-86.14198552146524
8005,2023-12-27 04:00:00,-95.58463968917494
8006,2023-12-27 05:00:00,-105.19564555243957
8007,2023-12-27 06:00:00,-112.8832934236911
8008,2023-12-27 07:00:00,-106.27229734578643
8009,2023-12-27 08:00:00,-74.87959525928088
8010,2023-12-27 09:00:00,-20.887767421942726
8011,2023-12-27 10:00:00,41.05264530214397
8012,2023-12-27 11:00:00,94.20563959541113
8013,2023-12-27 12:00:00,130.62298722698824
8014,2023-12-27 13:00:00,153.46762720192518
8015,2023-12-27 14:00:00,170.53411779146992
8016,2023-12-27 15:00:00,186.57739706193945
8017,2023-12-27 16:00:00,201.5673433763897
8018,2023-12-27 17:00:00,214.53834113870067
8019,2023-12-27 18:00:00,226.6258267108542
8020,2023-12-27 19:00:00,238.58552996130908
8021,2023-12-27 20:00:00,245.44854754806684
8022,2023-12-27 21:00:00,235.65681102125188
8023,2023-12-27 22:00:00,198.38430419233043
8024,2023-12-27 23:00:00,133.97334261599005
8025,2023-12-28 00:00:00,57.60375010709525
8026,2023-12-28 01:00:00,-8.816567742279489
8027,2023-12-28 02:00:00,-50.89365526443214
8028,2023-12-28 03:00:00,-70.18293080277985
8029,2023-12-28 04:00:00,-79.46399962748742
8030,2023-12-28 05:00:00,-89.16474810431461
8031,2023-12-28 06:00:00,-97.19369335644478
8032,2023-12-28 07:00:00,-91.16981828888973
8033,2023-12-28 08:00:00,-60.598305307146376
8034,2023-12-28 09:00:00,-7.643983946940267
8035,2023-12-28 10:00:00,53.06622542950227
8036,2023-12-28 11:00:00,104.82558904823671
8037,2023-12-28 12:00:00,139.72048335182234
8038,2023-12-28 13:00:00,160.95338347308106
8039,2023-12-28 14:00:00,176.3628266362703
8040,2023-12-28 15:00:00,190.7516049439687
8041,2023-12-28 16:00:00,204.14068612103137
8042,2023-12-28 17:00:00,215.61807557384992
8043,2023-12-28 18:00:00,226.37460373863385
8044,2023-12-28 19:00:00,237.2223640331217
8045,2023-12-28 20:00:00,243.24894808349626
8046,2023-12-28 21:00:00,232.95205245085606
8047,2023-12-28 22:00:00,195.55982284461618
8048,2023-12-28 23:00:00,131.46626049984667
8049,2023-12-29 00:00:00,55.89953760673876
8050,2023-12-29 01:00:00,-9.188266378091697
8051,2023-12-29 02:00:00,-49.363998003003275
8052,2023-12-29 03:00:00,-66.1496084428685
8053,2023-12-29 04:00:00,-72.29766311931607
8054,2023-12-29 05:00:00,-78.21606441618377
8055,2023-12-29 06:00:00,-81.80095232018576
8056,2023-12-29 07:00:00,-70.66700428917244
8057,2023-12-29 08:00:00,-34.32354012440206
8058,2023-12-29 09:00:00,25.051759319765637
8059,2023-12-29 10:00:00,92.81024264439145
8060,2023-12-29 11:00:00,152.21450871678684
8061,2023-12-29 12:00:00,195.31138544146086
8062,2023-12-29 13:00:00,225.2550862587829
8063,2023-12-29 14:00:00,249.8274542426164
8064,2023-12-29 15:00:00,273.7665465440092
8065,2023-12-29 16:00:00,297.0210546537795
8066,2023-12-29 17:00:00,318.5997693868127
8067,2023-12-29 18:00:00,339.60806872780677
8068,2023-12-29 19:00:00,360.7671467535174
8069,2023-12-29 20:00:00,377.0691220173456
8070,2023-12-29 21:00:00,376.9125902428867
8071,2023-12-29 22:00:00,349.4239768942898
8072,2023-12-29 23:00:00,294.8940030827519
8073,2023-12-30 00:00:00,124.94239086521681
8074,2023-12-30 01:00:00,68.42756002830406
8075,2023-12-30 02:00:00,36.17668082868775
8076,2023-12-30 03:00:00,26.569469586967557
8077,2023-12-30 04:00:00,26.759096130218637
8078,2023-12-30 05:00:00,26.248560301632665
8079,2023-12-30 06:00:00,27.05885077533827
8080,2023-12-30 07:00:00,41.4996520121348
8081,2023-12-30 08:00:00,79.99418130936526
8082,2023-12-30 09:00:00,140.3063354465468
8083,2023-12-30 10:00:00,207.73885925720782
8084,2023-12-30 11:00:00,265.51624725765976
8085,2023-12-30 12:00:00,305.65829731601883
8086,2023-12-30 13:00:00,331.3037285469941
8087,2023-12-30 14:00:00,350.23076697593655
8088,2023-12-30 15:00:00,367.1859468282057
8089,2023-12-30 16:00:00,382.13861948781226
8090,2023-12-30 17:00:00,394.13037694957717
8091,2023-12-30 18:00:00,404.31136749277186
8092,2023-12-30 19:00:00,413.4592228028404
8093,2023-12-30 20:00:00,416.63373749162463
8094,2023-12-30 21:00:00,402.31186991119455
8095,2023-12-30 22:00:00,359.70842533878204
8096,2023-12-30 23:00:00,289.2117418657307
8097,2023-12-31 00:00:00,206.05222202680255
8098,2023-12-31 01:00:00,132.1922189078939
8099,2023-12-31 02:00:00,82.08328366627433
8100,2023-12-31 03:00:00,54.22999687862536
8101,2023-12-31 04:00:00,35.91439704824717
8102,2023-12-31 05:00:00,16.771123725222395
8103,2023-12-31 06:00:00,-1.0456891504464352
8104,2023-12-31 07:00:00,-5.092989825699306
8105,2023-12-31 08:00:00,15.184740861622458
8106,2023-12-31 09:00:00,57.681359056657826
8107,2023-12-31 10:00:00,107.82597385585119
8108,2023-12-31 11:00:00,148.96463472415726
8109,2023-12-31 12:00:00,173.23272269165113
8110,2023-12-31 13:00:00,183.87747034195613
8111,2023-12-31 14:00:00,188.77752620419153
8112,2023-12-31 15:00:00,192.77082253871308
8113,2023-12-31 16:00:00,195.90824869178635
8114,2023-12-31 17:00:00,197.30234581046372
8115,2023-12-31 18:00:00,198.1630083841052
8116,2023-12-31 19:00:00,199.31591821821513
8117,2023-12-31 20:00:00,195.8568567546951
8118,2023-12-31 21:00:00,176.2864681385017
8119,2023-12-31 22:00:00,129.8308360996284
8120,2023-12-31 23:00:00,56.87719541999496
8121,2024-01-01 00:00:00,57.619295734807594
8122,2024-01-01 01:00:00,-15.95913050830444
8123,2024-01-01 02:00:00,-64.46665741623895
8124,2024-01-01 03:00:00,-89.44650949071945
8125,2024-01-01 04:00:00,-103.67481790590045
8126,2024-01-01 05:00:00,-117.58473408953168
8127,2024-01-01 06:00:00,-129.0986985284882
8128,2024-01-01 07:00:00,-125.85809527956067
8129,2024-01-01 08:00:00,-97.3987073007147
8130,2024-01-01 09:00:00,-45.92379081296198
8131,2024-01-01 10:00:00,13.893945078791944
8132,2024-01-01 11:00:00,65.29516544562429
8133,2024-01-01 12:00:00,100.30746216267195
8134,2024-01-01 13:00:00,122.06904353652695
8135,2024-01-01 14:00:00,138.3494629547773
8136,2024-01-01 15:00:00,153.87863216401587
8137,2024-01-01 16:00:00,168.60160824546358
8138,2024-01-01 17:00:00,181.52835757591527
8139,2024-01-01 18:00:00,193.77047024424647
8140,2024-01-01 19:00:00,206.060539434198
8141,2024-01-01 20:00:00,213.4073414461464
8142,2024-01-01 21:00:00,204.23137957684298
8143,2024-01-01 22:00:00,167.68614686310033
8144,2024-01-01 23:00:00,104.09442168643889
8145,2024-01-02 00:00:00,47.145465811348245
8146,2024-01-02 01:00:00,-18.32657176111553
8147,2024-01-02 02:00:00,-59.41654842490331
8148,2024-01-02 03:00:00,-77.69596546297225
8149,2024-01-02 04:00:00,-85.95984628585913
8150,2024-01-02 05:00:00,-94.6509430365447
8151,2024-01-02 06:00:00,-101.6922091722185
8152,2024-01-02 07:00:00,-94.7167641780043
8153,2024-01-02 08:00:00,-63.243759885180054
8154,2024-01-02 09:00:00,-9.451959865463095
8155,2024-01-02 10:00:00,52.01768986067033
8156,2024-01-02 11:00:00,104.44421963215967
8157,2024-01-02 12:00:00,139.89945312251223
8158,2024-01-02 13:00:00,161.57090456363585
8159,2024-01-02 14:00:00,177.28166931884607
8160,2024-01-02 15:00:00,191.8185650912027
8161,2024-01-02 16:00:00,205.18602476208977
8162,2024-01-02 17:00:00,216.4549562565392
8163,2024-01-02 18:00:00,226.7985550016974
8164,2024-01-02 19:00:00,237.01079543926986
8165,2024-01-02 20:00:00,242.16074888528783
8166,2024-01-02 21:00:00,230.72730215771367
8167,2024-01-02 22:00:00,191.9196425331193
8168,2024-01-02 23:00:00,126.11283288226579
8169,2024-01-03 00:00:00,48.516322432574455
8170,2024-01-03 01:00:00,-18.936096819543224
8171,2024-01-03 02:00:00,-61.82888094460719
8172,2024-01-03 03:00:00,-81.70065072251185
8173,2024-01-03 04:00:00,-91.31942289545538
8174,2024-01-03 05:00:00,-101.10704181519591
8175,2024-01-03 06:00:00,-108.9717801760502
8176,2024-01-03 07:00:00,-102.53833436926593
8177,2024-01-03 08:00:00,-71.32362464244585
8178,2024-01-03 09:00:00,-17.51021353120811
8179,2024-01-03 10:00:00,44.251375855209716
8180,2024-01-03 11:00:00,97.22515798240134
8181,2024-01-03 12:00:00,133.46292243554268
8182,2024-01-03 13:00:00,156.12762605389653
8183,2024-01-03 14:00:00,173.0138449708733
8184,2024-01-03 15:00:00,188.876535135991
8185,2024-01-03 16:00:00,203.68559281661112
8186,2024-01-03 17:00:00,216.47542033533506
8187,2024-01-03 18:00:00,228.38147198963185
8188,2024-01-03 19:00:00,240.15949560201108
8189,2024-01-03 20:00:00,246.8406057873144
8190,2024-01-03 21:00:00,236.86675206993255
8191,2024-01-03 22:00:00,199.41193624059738
8192,2024-01-03 23:00:00,134.81849184020223
8193,2024-01-04 00:00:00,58.26626067090092
8194,2024-01-04 01:00:00,-8.336833682223244
8195,2024-01-04 02:00:00,-50.59681755940301
8196,2024-01-04 03:00:00,-70.06909131688752
8197,2024-01-04 04:00:00,-79.53324223881512
8198,2024-01-04 05:00:00,-89.41713871136255
8199,2024-01-04 06:00:00,-97.6292798850049
8200,2024-01-04 07:00:00,-91.78863070567044
8201,2024-01-04 08:00:00,-61.40035562604169
8202,2024-01-04 09:00:00,-8.629266246695778
8203,2024-01-04 10:00:00,51.89773499070424
8204,2024-01-04 11:00:00,103.47393221417401
8205,2024-01-04 12:00:00,138.18571975276285
8206,2024-01-04 13:00:00,159.23559059895754
8207,2024-01-04 14:00:00,174.4620998153898
8208,2024-01-04 15:00:00,188.66805731937154
8209,2024-01-04 16:00:00,201.8744486214461
8210,2024-01-04 17:00:00,213.16929688451984
8211,2024-01-04 18:00:00,223.74345027037043
8212,2024-01-04 19:00:00,234.4090198917815
8213,2024-01-04 20:00:00,240.25361503061887
8214,2024-01-04 21:00:00,229.77494987028984
8215,2024-01-04 22:00:00,192.20118770263824
8216,2024-01-04 23:00:00,127.92634730537566
8217,2024-01-05 00:00:00,52.178618372870275
8218,2024-01-05 01:00:00,-13.08990219553948
8219,2024-01-05 02:00:00,-53.44604352593018
8220,2024-01-05 03:00:00,-70.41173943720062
8221,2024-01-05 04:00:00,-76.73953803644446
8222,2024-01-05 05:00:00,-82.83732445043867
8223,2024-01-05 06:00:00,-86.60122145686157
8224,2024-01-05 07:00:00,-75.64588936257638
8225,2024-01-05 08:00:00,-39.48063087328774
8226,2024-01-05 09:00:00,19.71689018914168
8227,2024-01-05 10:00:00,87.29803940183923
8228,2024-01-05 11:00:00,146.5254325467453
8229,2024-01-05 12:00:00,189.4459143737363
8230,2024-01-05 13:00:00,219.21371510651315
8231,2024-01-05 14:00:00,243.61069453351683
8232,2024-01-05 15:00:00,267.3749264518208
8233,2024-01-05 16:00:00,290.45511892312726
8234,2024-01-05 17:00:00,311.86007926590787
8235,2024-01-05 18:00:00,332.695201890028
8236,2024-01-05 19:00:00,353.6816972218861
8237,2024-01-05 20:00:00,369.81170008603283
8238,2024-01-05 21:00:00,369.4838223999068
8239,2024-01-05 22:00:00,341.82450573740925
8240,2024-01-05 23:00:00,287.12448723568656
8241,2024-01-06 00:00:00,117.00350489663973
8242,2024-01-06 01:00:00,60.319994362525264
8243,2024-01-06 02:00:00,27.901141657713737
8244,2024-01-06 03:00:00,18.12667878147832
8245,2024-01-06 04:00:00,18.149791151578057
8246,2024-01-06 05:00:00,17.473494102698908
8247,2024-01-06 06:00:00,18.118791710404793
8248,2024-01-06 07:00:00,32.395383740215465
8249,2024-01-06 08:00:00,70.72650269686737
8250,2024-01-06 09:00:00,130.87606046691303
8251,2024-01-06 10:00:00,198.1468168909102
8252,2024-01-06 11:00:00,255.76328139374107
8253,2024-01-06 12:00:00,295.74526664187266
8254,2024-01-06 13:00:00,321.23150644825733
8255,2024-01-06 14:00:00,340.0002414283687
8256,2024-01-06 15:00:00,356.79802029135647
8257,2024-01-06 16:00:00,371.59420878997435
8258,2024-01-06 17:00:00,383.43041318720776
8259,2024-01-06 18:00:00,393.45679590786415
8260,2024-01-06 19:00:00,402.4510026746062
8261,2024-01-06 20:00:00,405.4728420200937
8262,2024-01-06 21:00:00,390.999286102312
8263,2024-01-06 22:00:00,348.24515388565123
8264,2024-01-06 23:00:00,277.59879702655684
8265,2024-01-07 00:00:00,194.29063151076176
8266,2024-01-07 01:00:00,120.28302374868623
8267,2024-01-07 02:00:00,70.02753810004872
8268,2024-01-07 03:00:00,42.02876821958856
8269,2024-01-07 04:00:00,23.568765565295024
8270,2024-01-07 05:00:00,4.2821825115919125
8271,2024-01-07 06:00:00,-13.676834302636053
8272,2024-01-07 07:00:00,-17.865220555261203
8273,2024-01-07 08:00:00,2.2725553549615256
8274,2024-01-07 09:00:00,44.630361877838155
8275,2024-01-07 10:00:00,94.63732028500759
8276,2024-01-07 11:00:00,135.6394920842552
8277,2024-01-07 12:00:00,159.77227020637895
8278,2024-01-07 13:00:00,170.28289900591474
8279,2024-01-07 14:00:00,175.05003864303208
8280,2024-01-07 15:00:00,178.91163287441606
8281,2024-01-07 16:00:00,181.9185823959504
8282,2024-01-07 17:00:00,183.18343957204212
8283,2024-01-07 18:00:00,183.91610996210875
8284,2024-01-07 19:00:00,184.94228630212504
8285,2024-01-07 20:00:00,181.35776081995738
8286,2024-01-07 21:00:00,161.66318830468867
8287,2024-01-07 22:00:00,115.08466297728262
8288,2024-01-07 23:00:00,42.009429974507015
8289,2024-01-08 00:00:00,61.15928223413475
8290,2024-01-08 01:00:00,-12.538103939783298
8291,2024-01-08 02:00:00,-61.16325965692786
8292,2024-01-08 03:00:00,-86.25939965301814
8293,2024-01-08 04:00:00,-100.60264550068632
8294,2024-01-08 05:00:00,-114.6261391734447
8295,2024-01-08 06:00:00,-126.25231185719284
8296,2024-01-08 07:00:00,-123.12253845864797
8297,2024-01-08 08:00:00,-94.77259294381827
8298,2024-01-08 09:00:00,-43.40572269184881
8299,2024-01-08 10:00:00,16.305371876199956
8300,2024-01-08 11:00:00,67.60136435981386
8301,2024-01-08 12:00:00,102.50985500523707
8302,2024-01-08 13:00:00,124.16906033554312
8303,2024-01-08 14:00:00,140.34854179272168
8304,2024-01-08 15:00:00,155.77821902161975
8305,2024-01-08 16:00:00,170.40315684175013
8306,2024-01-08 17:00:00,183.23332920737317
8307,2024-01-08 18:00:00,195.38033362712747
8308,2024-01-08 19:00:00,207.57677053841329
8309,2024-01-08 20:00:00,214.8314233409017
8310,2024-01-08 21:00:00,205.56480226088712
8311,2024-01-08 22:00:00,168.9304071070841
8312,2024-01-08 23:00:00,105.25102286877127
8313,2024-01-09 00:00:00,29.687884654587236
8314,2024-01-09 01:00:00,-35.86878605570479
8315,2024-01-09 02:00:00,-77.04187363808717
8316,2024-01-09 03:00:00,-95.40287342907453
8317,2024-01-09 04:00:00,-103.74680304977988
8318,2024-01-09 05:00:00,-112.51640902372603
8319,2024-01-09 06:00:00,-119.63463935584613
8320,2024-01-09 07:00:00,-112.73460823788241
8321,2024-01-09 08:00:00,-81.33546238633244
8322,2024-01-09 09:00:00,-27.615960413256772
8323,2024-01-09 10:00:00,33.782956447534445
8324,2024-01-09 11:00:00,86.14032315502479
8325,2024-01-09 12:00:00,121.52796783603762
8326,2024-01-09 13:00:00,143.13340900895
8327,2024-01-09 14:00:00,158.77974615400078
8328,2024-01-09 15:00:00,173.2538009247371
8329,2024-01-09 16:00:00,186.56000998395865
8330,2024-01-09 17:00:00,197.7692848699005
8331,2024-01-09 18:00:00,208.05482445513667
8332,2024-01-09 19:00:00,218.2106064565727
8333,2024-01-09 20:00:00,223.30570530108275
8334,2024-01-09 21:00:00,211.81901074388412
8335,2024-01-09 22:00:00,172.95971283359853
8336,2024-01-09 23:00:00,107.10287704389805
8337,2024-01-10 00:00:00,29.457955036680175
8338,2024-01-10 01:00:00,-38.0412589277166
8339,2024-01-10 02:00:00,-80.97516873255003
8340,2024-01-10 03:00:00,-100.88644227506165
8341,2024-01-10 04:00:00,-110.54309453654213
8342,2024-01-10 05:00:00,-120.36696827545742
8343,2024-01-10 06:00:00,-128.26633476222517
8344,2024-01-10 07:00:00,-121.86588912878852
8345,2024-01-10 08:00:00,-90.68255053681688
8346,2024-01-10 09:00:00,-36.898880596956104
8347,2024-01-10 10:00:00,24.83459833522025
8348,2024-01-10 11:00:00,77.78190131027722
8349,2024-01-10 12:00:00,113.99481834238861
8350,2024-01-10 13:00:00,136.63630651922887
8351,2024-01-10 14:00:00,153.50094206476098
8352,2024-01-10 15:00:00,169.34368084953888
8353,2024-01-10 16:00:00,184.13441890072403
8354,2024-01-10 17:00:00,196.9075581325682
8355,2024-01-10 18:00:00,208.7985522684165
8356,2024-01-10 19:00:00,220.56314839583604
8357,2024-01-10 20:00:00,227.23246023009435
8358,2024-01-10 21:00:00,217.2484362282608
8359,2024-01-10 22:00:00,179.78507695783864
8360,2024-01-10 23:00:00,115.18471456158542
8361,2024-01-11 00:00:00,38.62718929853739
8362,2024-01-11 01:00:00,-27.979576962835154
8363,2024-01-11 02:00:00,-70.24161243887286
8364,2024-01-11 03:00:00,-89.71431951713998
8365,2024-01-11 04:00:00,-99.17728768150843
8366,2024-01-11 05:00:00,-109.05838766917091
8367,2024-01-11 06:00:00,-117.2661211455314
8368,2024-01-11 07:00:00,-111.41945572723958
8369,2024-01-11 08:00:00,-81.02355869590593
8370,2024-01-11 09:00:00,-28.243244638414154
8371,2024-01-11 10:00:00,32.29458086260095
8372,2024-01-11 11:00:00,83.8831986363504
8373,2024-01-11 12:00:00,118.60899956003763
8374,2024-01-11 13:00:00,139.67447301985527
8375,2024-01-11 14:00:00,154.9181703198181
8376,2024-01-11 15:00:00,169.14289746180248
8377,2024-01-11 16:00:00,182.36963589603351
8378,2024-01-11 17:00:00,193.68640456760608
8379,2024-01-11 18:00:00,204.28404727391253
8380,2024-01-11 19:00:00,214.9746706125598
8381,2024-01-11 20:00:00,220.84587920202637
8382,2024-01-11 21:00:00,210.39538241536755
8383,2024-01-11 22:00:00,172.85133858494603
8384,2024-01-11 23:00:00,108.607761390849
8385,2024-01-12 00:00:00,32.892835265295275
8386,2024-01-12 01:00:00,-32.34134827226896
8387,2024-01-12 02:00:00,-72.66162388992018
8388,2024-01-12 03:00:00,-89.58993107995445
8389,2024-01-12 04:00:00,-95.87882377590333
8390,2024-01-12 05:00:00,-101.93619305926629
8391,2024-01-12 06:00:00,-105.65816780817553
8392,2024-01-12 07:00:00,-94.65941456680525
8393,2024-01-12 08:00:00,-58.449242413314266
8394,2024-01-12 09:00:00,0.7946783175512167
8395,2024-01-12 10:00:00,68.4237065588303
8396,2024-01-12 11:00:00,127.70045131200762
8397,2024-01-12 12:00:00,170.6717504148824
8398,2024-01-12 13:00:00,200.4918270470335
8399,2024-01-12 14:00:00,224.9425338231764
8400,2024-01-12 15:00:00,248.76193723302953
8401,2024-01-12 16:00:00,271.89873790876436
8402,2024-01-12 17:00:00,293.3617356066816
8403,2024-01-12 18:00:00,314.2563170514461
8404,2024-01-12 19:00:00,335.30368485803444
8405,2024-01-12 20:00:00,351.49596591626107
8406,2024-01-12 21:00:00,351.23176408680354
8407,2024-01-12 22:00:00,323.6375127646729
8408,2024-01-12 23:00:00,269.00394078864986
8409,2024-01-13 00:00:00,98.95077774526598
8410,2024-01-13 01:00:00,42.33645074130678
8411,2024-01-13 02:00:00,9.988137149667352
8412,2024-01-13 03:00:00,0.28556020626248824
8413,2024-01-13 04:00:00,0.38189644608587514
8414,2024-01-13 05:00:00,-0.21984778411857064
8415,2024-01-13 06:00:00,0.5013224866247583
8416,2024-01-13 07:00:00,14.855097812851682
8417,2024-01-13 08:00:00,53.2647013761371
8418,2024-01-13 09:00:00,113.49403564396243
8419,2024-01-13 10:00:00,180.8458509169675
8420,2024-01-13 11:00:00,238.54464698296488
8421,2024-01-13 12:00:00,278.6102267718434
8422,2024-01-13 13:00:00,304.18131425732577
8423,2024-01-13 14:00:00,323.03614010960393
8424,2024-01-13 15:00:00,339.92124300069236
8425,2024-01-13 16:00:00,354.80597854720196
8426,2024-01-13 17:00:00,366.7319427786458
8427,2024-01-13 18:00:00,376.84928779374013
8428,2024-01-13 19:00:00,385.935648897791
8429,2024-01-13 20:00:00,389.05082411241756
8430,2024-01-13 21:00:00,374.6717749943713
8431,2024-01-13 22:00:00,332.0133098205814
8432,2024-01-13 23:00:00,261.4637694736047
8433,2024-01-14 00:00:00,178.25355907528888
8434,2024-01-14 01:00:00,104.34503409497863
8435,2024-01-14 02:00:00,54.18974786520762
8436,2024-01-14 03:00:00,26.292282932626563
8437,2024-01-14 04:00:00,7.934679568930221
8438,2024-01-14 05:00:00,-11.24842111525021
8439,2024-01-14 06:00:00,-29.1028838202854
8440,2024-01-14 07:00:00,-33.18565564221373
8441,2024-01-14 08:00:00,-12.941216463262975
8442,2024-01-14 09:00:00,29.524290604374215
8443,2024-01-14 10:00:00,79.63997520374416
8444,2024-01-14 11:00:00,120.751887143337
8445,2024-01-14 12:00:00,144.9954075944865
8446,2024-01-14 13:00:00,155.61776907970193
8447,2024-01-14 14:00:00,160.49761986579855
8448,2024-01-14 15:00:00,164.47289175665145
8449,2024-01-14 16:00:00,167.59447343272305
8450,2024-01-14 17:00:00,168.97490518482437
8451,2024-01-14 18:00:00,169.82408044082965
8452,2024-01-14 19:00:00,170.96767975317962
8453,2024-01-14 20:00:00,167.50148310811917
8454,2024-01-14 21:00:00,147.92613300109366
8455,2024-01-14 22:00:00,101.46771131321036
8456,2024-01-14 23:00:00,28.513450790068333
8457,2024-01-15 00:00:00,47.7851319316153
8458,2024-01-15 01:00:00,-25.789581451651713
8459,2024-01-15 02:00:00,-74.29123298578358
8460,2024-01-15 03:00:00,-99.26304998287338
8461,2024-01-15 04:00:00,-113.48116662615072
8462,2024-01-15 05:00:00,-127.37873754011494
8463,2024-01-15 06:00:00,-138.87820659672562
8464,2024-01-15 07:00:00,-135.6209614288734
8465,2024-01-15 08:00:00,-107.14278875763296
8466,2024-01-15 09:00:00,-55.64694875307458
8467,2024-01-15 10:00:00,4.193845342850693
8468,2024-01-15 11:00:00,55.62025427832076
8469,2024-01-15 12:00:00,90.65986542660687
8470,2024-01-15 13:00:00,112.45088240421963
8471,2024-01-15 14:00:00,128.76285372689262
8472,2024-01-15 15:00:00,144.3256860907009
8473,2024-01-15 16:00:00,159.08443134472475
8474,2024-01-15 17:00:00,172.0490504541753
8475,2024-01-15 18:00:00,184.33112791903102
8476,2024-01-15 19:00:00,196.66325115792296
8477,2024-01-15 20:00:00,204.0541905303874
8478,2024-01-15 21:00:00,194.924443215008
8479,2024-01-15 22:00:00,158.42749596077488
8480,2024-01-15 23:00:00,94.88612068904946
8481,2024-01-16 00:00:00,19.461539429293254
8482,2024-01-16 01:00:00,-45.95603941856646
8483,2024-01-16 02:00:00,-86.98951331694434
8484,2024-01-16 03:00:00,-105.21039069255457
8485,2024-01-16 04:00:00,-113.4137022559938
8486,2024-01-16 05:00:00,-122.04220761913089
8487,2024-01-16 06:00:00,-129.01886787385857
8488,2024-01-16 07:00:00,-121.97681029621941
8489,2024-01-16 08:00:00,-90.43519467597397
8490,2024-01-16 09:00:00,-36.5727927012301
8491,2024-01-16 10:00:00,24.969441345128388
8492,2024-01-16 11:00:00,77.470529361454
8493,2024-01-16 12:00:00,113.00228644002806
8494,2024-01-16 13:00:00,134.75221807459147
8495,2024-01-16 14:00:00,150.54341073882722
8496,2024-01-16 15:00:00,165.1626730941584
8497,2024-01-16 16:00:00,178.614428826603
8498,2024-01-16 17:00:00,189.96957652600204
8499,2024-01-16 18:00:00,200.40130213190366
8500,2024-01-16 19:00:00,210.70357045361965
8501,2024-01-16 20:00:00,215.94544303494416
8502,2024-01-16 21:00:00,204.60579677580122
8503,2024-01-16 22:00:00,165.8938088971229
8504,2024-01-16 23:00:00,100.18453207088483
8505,2024-01-17 00:00:00,22.68740519554939
8506,2024-01-17 01:00:00,-44.66379020456171
8507,2024-01-17 02:00:00,-87.4535208016527
8508,2024-01-17 03:00:00,-107.2204181128904
8509,2024-01-17 04:00:00,-116.73250974405488
8510,2024-01-17 05:00:00,-126.41165104497657
8511,2024-01-17 06:00:00,-134.166125833105
8512,2024-01-17 07:00:00,-127.62064174650769
8513,2024-01-17 08:00:00,-96.29213040946405
8514,2024-01-17 09:00:00,-42.36316585201061
8515,2024-01-17 10:00:00,19.515717198310455
8516,2024-01-17 11:00:00,72.60852147104026
8517,2024-01-17 12:00:00,108.96702470196962
8518,2024-01-17 13:00:00,131.75417175596147
8519,2024-01-17 14:00:00,148.76452668356728
8520,2024-01-17 15:00:00,164.75303324203298
8521,2024-01-17 16:00:00,179.68957538817364
8522,2024-01-17 17:00:00,192.60854303284881
8523,2024-01-17 18:00:00,204.64537794906096
8524,2024-01-17 19:00:00,216.55581533394246
8525,2024-01-17 20:00:00,223.37095707211537
8526,2024-01-17 21:00:00,213.5327398553187
8527,2024-01-17 22:00:00,176.21515254515927
8528,2024-01-17 23:00:00,111.76051564281607
8529,2024-01-18 00:00:00,35.348657835774674
8530,2024-01-18 01:00:00,-31.112510512156064
8531,2024-01-18 02:00:00,-73.22902906469145
8532,2024-01-18 03:00:00,-92.55631157031922
8533,2024-01-18 04:00:00,-101.87395880903648
8534,2024-01-18 05:00:00,-111.60985274657608
8535,2024-01-18 06:00:00,-119.67250619781768
8536,2024-01-18 07:00:00,-113.6808978553006
8537,2024-01-18 08:00:00,-83.14020600006353
8538,2024-01-18 09:00:00,-30.215256142728606
8539,2024-01-18 10:00:00,30.467035290497194
8540,2024-01-18 11:00:00,82.19993836750066
8541,2024-01-18 12:00:00,117.06983327968786
8542,2024-01-18 13:00:00,138.2791988138818
8543,2024-01-18 14:00:00,153.66657575715593
8544,2024-01-18 15:00:00,168.0347596799297
8545,2024-01-18 16:00:00,181.40472168203277
8546,2024-01-18 17:00:00,192.86447045178667
8547,2024-01-18 18:00:00,203.60483961343482
8548,2024-01-18 19:00:00,214.43792568120654
8549,2024-01-18 20:00:00,220.45132328025431
8550,2024-01-18 21:00:00,210.14273188268407
8551,2024-01-18 22:00:00,172.74030001181734
8552,2024-01-18 23:00:00,108.63803162814116
8553,2024-01-19 00:00:00,33.06410154557952
8554,2024-01-19 01:00:00,-32.0294082444764
8555,2024-01-19 02:00:00,-72.20934184046433
8556,2024-01-19 03:00:00,-88.99764806923383
8557,2024-01-19 04:00:00,-95.14689009644658
8558,2024-01-19 05:00:00,-101.06496814111304
8559,2024-01-19 06:00:00,-104.64802011695662
8560,2024-01-19 07:00:00,-93.5107215025229
8561,2024-01-19 08:00:00,-57.162390207441774
8562,2024-01-19 09:00:00,2.2192947035175337
8563,2024-01-19 10:00:00,69.98568353301383
8564,2024-01-19 11:00:00,129.3993767738561
8565,2024-01-19 12:00:00,172.50720383496585
8566,2024-01-19 13:00:00,202.46337959205187
8567,2024-01-19 14:00:00,227.04974845612335
8568,2024-01-19 15:00:00,251.00436882286397
8569,2024-01-19 16:00:00,274.2759333384875
8570,2024-01-19 17:00:00,295.8732338821324
8571,2024-01-19 18:00:00,316.90164941362787
8572,2024-01-19 19:00:00,338.08237488966955
8573,2024-01-19 20:00:00,354.4075296594014
8574,2024-01-19 21:00:00,354.2757101501426
8575,2024-01-19 22:00:00,326.8133424388482
8576,2024-01-19 23:00:00,272.31114816045266
8577,2024-01-20 00:00:00,102.38884980932669
8578,2024-01-20 01:00:00,45.90486751663943
8579,2024-01-20 02:00:00,13.6863717956968
8580,2024-01-20 03:00:00,4.113079138030741
8581,2024-01-20 04:00:00,4.338159451243968
8582,2024-01-20 05:00:00,3.8646125721000146
8583,2024-01-20 06:00:00,4.71342707965357
8584,2024-01-20 07:00:00,19.19428725517892
8585,2024-01-20 08:00:00,57.73041012303993
8586,2024-01-20 09:00:00,118.08569211719782
8587,2024-01-20 10:00:00,185.5628776214141
8588,2024-01-20 11:00:00,243.3864606260557
8589,2024-01-20 12:00:00,283.5762383905559
8590,2024-01-20 13:00:00,309.270929331699
8591,2024-01-20 14:00:00,328.2487586874598
8592,2024-01-20 15:00:00,345.2562598193827
8593,2024-01-20 16:00:00,360.2627831578934
8594,2024-01-20 17:00:00,372.30991966471936
8595,2024-01-20 18:00:00,382.5478164977841
8596,2024-01-20 19:00:00,391.75410414096825
8597,2024-01-20 20:00:00,394.9885759231661
8598,2024-01-20 21:00:00,380.7281888268534
8599,2024-01-20 22:00:00,338.18774668222983
8600,2024-01-20 23:00:00,267.7555860487608
8601,2024-01-21 00:00:00,184.66210784995414
8602,2024-01-21 01:00:00,110.86966347934224
8603,2024-01-21 02:00:00,60.829802322051634
8604,2024-01-21 03:00:00,33.04710310009051
8605,2024-01-21 04:00:00,14.80360238652608
8606,2024-01-21 05:00:00,-4.26606228011633
8607,2024-01-21 06:00:00,-22.007759050251934
8608,2024-01-21 07:00:00,-25.978438338414577
8609,2024-01-21 08:00:00,-5.622583228282423
8610,2024-01-21 09:00:00,36.95366010247926
8611,2024-01-21 10:00:00,87.179398350067
8612,2024-01-21 11:00:00,128.40067850419086
8613,2024-01-21 12:00:00,152.75287904253463
8614,2024-01-21 13:00:00,163.48322992151355
8615,2024-01-21 14:00:00,168.4703769658231
8616,2024-01-21 15:00:00,172.5522496640549
8617,2024-01-21 16:00:00,175.7797345066845
8618,2024-01-21 17:00:00,177.26536971978126
8619,2024-01-21 18:00:00,178.21904679307812
8620,2024-01-21 19:00:00,179.46644446376084
8621,2024-01-21 20:00:00,176.10334103277643
8622,2024-01-21 21:00:00,156.63037742991057
8623,2024-01-21 22:00:00,110.27363409889611
8624,2024-01-21 23:00:00,37.42034247203992
8625,2024-01-24 00:00:00,35.67809272370843
8626,2024-01-24 01:00:00,-31.606636431785518
8627,2024-01-24 02:00:00,-74.33052181716775
8628,2024-01-24 03:00:00,-94.0321904634786
8629,2024-01-24 04:00:00,-103.47966540542876
8630,2024-01-24 05:00:00,-113.09479732668177
8631,2024-01-24 06:00:00,-120.78586529342326
8632,2024-01-24 07:00:00,-114.17757210344601
8633,2024-01-24 08:00:00,-82.78684445491854
8634,2024-01-24 09:00:00,-28.796251367160068
8635,2024-01-24 10:00:00,33.14367752913179
8636,2024-01-24 11:00:00,86.29695014047476
8637,2024-01-24 12:00:00,122.71534946364432
8638,2024-01-24 13:00:00,145.5618257047004
8639,2024-01-24 14:00:00,162.63094833578032
8640,2024-01-24 15:00:00,178.67766661115095
8641,2024-01-24 16:00:00,193.67187006656607
8642,2024-01-24 17:00:00,206.6479542626745
8643,2024-01-24 18:00:00,218.74136670313993
8644,2024-01-24 19:00:00,230.7078483828178
8645,2024-01-24 20:00:00,237.57850706063482
8646,2024-01-24 21:00:00,227.79528537381967
8647,2024-01-24 22:00:00,190.5321781946283
8648,2024-01-24 23:00:00,126.13151211170225
8649,2024-01-25 00:00:00,49.77312195973329
8650,2024-01-25 01:00:00,-16.63507567880771
8651,2024-01-25 02:00:00,-58.69911418736481
8652,2024-01-25 03:00:00,-77.97440096968901
8653,2024-01-25 04:00:00,-87.24053039875218
8654,2024-01-25 05:00:00,-96.92537797227175
8655,2024-01-25 06:00:00,-104.93744997616827
8656,2024-01-25 07:00:00,-98.89571851991872
8657,2024-01-25 08:00:00,-68.30535523888128
8658,2024-01-25 09:00:00,-15.331178946590114
8659,2024-01-25 10:00:00,45.399900683369566
8660,2024-01-25 11:00:00,97.18116052326572
8661,2024-01-25 12:00:00,132.09898762469504
8662,2024-01-25 13:00:00,153.35586767907517
8663,2024-01-25 14:00:00,168.79034842912182
8664,2024-01-25 15:00:00,183.20523244994263
8665,2024-01-25 16:00:00,196.62149789005147
8666,2024-01-25 17:00:00,208.12716053137675
8667,2024-01-25 18:00:00,218.91306113424045
8668,2024-01-25 19:00:00,229.79130339332593
8669,2024-01-25 20:00:00,235.84948915071521
8670,2024-01-25 21:00:00,225.58532513661982
8671,2024-01-25 22:00:00,188.2269671697326
8672,2024-01-25 23:00:00,124.16842654302887
8673,2024-01-26 00:00:00,48.63788543233488
8674,2024-01-26 01:00:00,-16.412566768841003
8675,2024-01-26 02:00:00,-56.549766728132255
8676,2024-01-26 03:00:00,-73.29565581701073
8677,2024-01-26 04:00:00,-79.40278970733274
8678,2024-01-26 05:00:00,-85.27906110327123
8679,2024-01-26 06:00:00,-88.82060037581832
8680,2024-01-26 07:00:00,-77.64207543930104
8681,2024-01-26 08:00:00,-41.25279661075112
8682,2024-01-26 09:00:00,18.169564652699847
8683,2024-01-26 10:00:00,85.9763662844082
8684,2024-01-26 11:00:00,145.43021642439948
8685,2024-01-26 12:00:00,188.57795214991444
8686,2024-01-26 13:00:00,218.57379601296026
8687,2024-01-26 14:00:00,243.19960012392988
8688,2024-01-26 15:00:00,267.19343058122155
8689,2024-01-26 16:00:00,290.5039877497013
8690,2024-01-26 17:00:00,312.1400712342954
8691,2024-01-26 18:00:00,333.20706772947557
8692,2024-01-26 19:00:00,354.4261799350721
8693,2024-01-26 20:00:00,370.78953494294007
8694,2024-01-26 21:00:00,370.6957369285709
8695,2024-01-26 22:00:00,343.27121972010775
8696,2024-01-26 23:00:00,288.80671270369874
8697,2024-01-27 00:00:00,118.92194612071701
8698,2024-01-27 01:00:00,62.475347850213794
8699,2024-01-27 02:00:00,30.294096148119337
8700,2024-01-27 03:00:00,20.757915239944452
8701,2024-01-27 04:00:00,21.01998276243242
8702,2024-01-27 05:00:00,20.58330627231001
8703,2024-01-27 06:00:00,21.468882058091367
8704,2024-01-27 07:00:00,35.98640209679593
8705,2024-01-27 08:00:00,74.55909109825566
8706,2024-01-27 09:00:00,134.95085316442908
8707,2024-01-27 10:00:00,202.46444033111482
8708,2024-01-27 11:00:00,260.32435422163377
8709,2024-01-27 12:00:00,300.5503997137069
8710,2024-01-27 13:00:00,326.2813028145956
8711,2024-01-27 14:00:00,345.2952963329975
8712,2024-01-27 15:00:00,362.3389211809588
8713,2024-01-27 16:00:00,377.3815353078566
8714,2024-01-27 17:00:00,389.4647371704724
8715,2024-01-27 18:00:00,399.73868139194195
8716,2024-01-27 19:00:00,408.9810058943261
8717,2024-01-27 20:00:00,412.25151140825966
8718,2024-01-27 21:00:00,398.02716228985116
8719,2024-01-27 22:00:00,355.5227697089017
8720,2024-01-27 23:00:00,285.12667751560366
8721,2024-01-28 00:00:00,202.06929390838917
8722,2024-01-28 01:00:00,128.31297750190487
8723,2024-01-28 02:00:00,78.3092848661792
8724,2024-01-28 03:00:00,50.562801864050925
8725,2024-01-28 04:00:00,32.35557217124972
8726,2024-01-28 05:00:00,13.322240378332225
8727,2024-01-28 06:00:00,-4.3830546543894116
8728,2024-01-28 07:00:00,-8.317256380432411
8729,2024-01-28 08:00:00,12.075159029552452
8730,2024-01-28 09:00:00,54.68805225773906
8731,2024-01-28 10:00:00,104.95053681154138
8732,2024-01-28 11:00:00,146.20866643919973
8733,2024-01-28 12:00:00,170.59782631878065
8734,2024-01-28 13:00:00,181.36525305390288
8735,2024-01-28 14:00:00,186.38959905839906
8736,2024-01-28 15:00:00,190.50880035241462
8737,2024-01-28 16:00:00,193.77374989312656
8738,2024-01-28 17:00:00,195.2969923186857
8739,2024-01-28 18:00:00,196.28842546343816
8740,2024-01-28 19:00:00,197.57373434616676
8741,2024-01-28 20:00:00,194.24870348351465
8742,2024-01-28 21:00:00,174.81397995590783
8743,2024-01-28 22:00:00,128.49565028806705
8744,2024-01-28 23:00:00,55.68095192677174
8745,2024-01-29 00:00:00,75.09167011266017
8746,2024-01-29 01:00:00,1.655473471899029
8747,2024-01-29 02:00:00,-46.70817677219517
8748,2024-01-29 03:00:00,-71.54250302382746
8749,2024-01-29 04:00:00,-85.62363451754962
8750,2024-01-29 05:00:00,-99.38472088155305
8751,2024-01-29 06:00:00,-110.74820094317349
8752,2024-01-29 07:00:00,-107.35545725114645
8753,2024-01-29 08:00:00,-78.74227139889027
8754,2024-01-29 09:00:00,-27.111898393110323
8755,2024-01-29 10:00:00,32.862953729878484
8756,2024-01-29 11:00:00,84.42295096100905
8757,2024-01-29 12:00:00,119.59568594560074
8758,2024-01-29 13:00:00,141.51936761125575
8759,2024-01-29 14:00:00,157.96354981578992
8760,2024-01-29 15:00:00,173.65814462503033
8761,2024-01-29 16:00:00,188.54820928789485
8762,2024-01-29 17:00:00,201.64371019675565
8763,2024-01-29 18:00:00,214.05623730361773
8764,2024-01-29 19:00:00,226.51838350196067
8765,2024-01-29 20:00:00,234.0389246481761
8766,2024-01-29 21:00:00,225.03836344100412
8767,2024-01-29 22:00:00,188.67019216459005
8768,2024-01-29 23:00:00,125.25718829302261
8769,2024-01-30 00:00:00,49.96057942737755
8770,2024-01-30 01:00:00,-15.32942045061884
8771,2024-01-30 02:00:00,-56.2357032097332
8772,2024-01-30 03:00:00,-74.32977166960418
8773,2024-01-30 04:00:00,-82.40665092704717
8774,2024-01-30 05:00:00,-90.90909497324495
8775,2024-01-30 06:00:00,-97.76005927314029
8776,2024-01-30 07:00:00,-90.59266547166615
8777,2024-01-30 08:00:00,-58.926067728433935
8778,2024-01-30 09:00:00,-4.93903209191393
8779,2024-01-30 10:00:00,56.727492779570184
8780,2024-01-30 11:00:00,109.35253441749231
8781,2024-01-30 12:00:00,145.00791353396866
8782,2024-01-30 13:00:00,166.8811412471535
8783,2024-01-30 14:00:00,182.7953096380533
8784,2024-01-30 15:00:00,197.53723296546272
8785,2024-01-30 16:00:00,211.11134051077164
8786,2024-01-30 17:00:00,222.58853643615018
8787,2024-01-30 18:00:00,233.142012244645
8788,2024-01-30 19:00:00,243.56573828928296
8789,2024-01-30 20:00:00,248.9287816439531
8790,2024-01-30 21:00:00,237.71002471528362
8791,2024-01-30 22:00:00,199.11865021029172
8792,2024-01-30 23:00:00,133.52971626679204
8793,2024-01-31 00:00:00,56.15266722275314
8794,2024-01-31 01:00:00,-11.078709986207258
8795,2024-01-31 02:00:00,-53.74887664656137
8796,2024-01-31 03:00:00,-73.39645891787441
8797,2024-01-31 04:00:00,-82.78947908452795
8798,2024-01-31 05:00:00,-92.34978720160657
8799,2024-01-31 06:00:00,-99.98566183122611
8800,2024-01-31 07:00:00,-93.32180538731416
8801,2024-01-31 08:00:00,-61.87514431383005
8802,2024-01-31 09:00:00,-7.828247494168153
8803,2024-01-31 10:00:00,54.16835544780068
8804,2024-01-31 11:00:00,107.37867230095456
8805,2024-01-31 12:00:00,143.85448581795492
8806,2024-01-31 13:00:00,166.75874583687946
8807,2024-01-31 14:00:00,183.88602133139256
8808,2024-01-31 15:00:00,199.99126093196372
8809,2024-01-31 16:00:00,215.0443534225708
8810,2024-01-31 17:00:00,228.07969348348746
8811,2024-01-31 18:00:00,240.23272761122962
8812,2024-01-31 19:00:00,252.25919566051692
8813,2024-01-31 20:00:00,259.190204127777
8814,2024-01-31 21:00:00,249.46769425197243
8815,2024-01-31 22:00:00,212.26565938069933
8816,2024-01-31 23:00:00,147.9264244474165
8817,2024-02-01 00:00:00,71.62982250584624
8818,2024-02-01 01:00:00,5.283768208478051
8819,2024-02-01 02:00:00,-36.717773861205956
8820,2024-02-01 03:00:00,-55.930213289396505
8821,2024-02-01 04:00:00,-65.1331467573205
8822,2024-02-01 05:00:00,-74.75445220321609
8823,2024-02-01 06:00:00,-82.70263848419611
8824,2024-02-01 07:00:00,-76.59668041068542
8825,2024-02-01 08:00:00,-45.94175245569767
8826,2024-02-01 09:00:00,7.097323604318632
8827,2024-02-01 10:00:00,67.89363499678142
8828,2024-02-01 11:00:00,119.74045536441946
8829,2024-02-01 12:00:00,154.72416839712085
8830,2024-02-01 13:00:00,176.0472562945839
8831,2024-02-01 14:00:00,191.5482631734249
8832,2024-02-01 15:00:00,206.02998785259888
8833,2024-02-01 16:00:00,219.5134045921571
8834,2024-02-01 17:00:00,231.08652515359486
8835,2024-02-01 18:00:00,241.9401861459915
8836,2024-02-01 19:00:00,252.88648697966175
8837,2024-02-01 20:00:00,259.01302508431525
8838,2024-02-01 21:00:00,248.81750264240927
8839,2024-02-01 22:00:00,211.52807079674005
8840,2024-02-01 23:00:00,147.5387360327328
8841,2024-02-02 00:00:00,72.07767558861734
8842,2024-02-02 01:00:00,7.096973787093987
8843,2024-02-02 02:00:00,-32.97021123707404
8844,2024-02-02 03:00:00,-49.64582618441497
8845,2024-02-02 04:00:00,-55.68243218576302
8846,2024-02-02 05:00:00,-61.48792753238857
8847,2024-02-02 06:00:00,-64.95844831398625
8848,2024-02-02 07:00:00,-53.70866828832638
8849,2024-02-02 08:00:00,-17.24790375034297
8850,2024-02-02 09:00:00,42.24616773978559
8851,2024-02-02 10:00:00,110.12489789647682
8852,2024-02-02 11:00:00,169.6508884903901
8853,2024-02-02 12:00:00,212.87097011891547
8854,2024-02-02 13:00:00,242.93935872390543
8855,2024-02-02 14:00:00,267.63789967988185
8856,2024-02-02 15:00:00,291.70465222246116
8857,2024-02-02 16:00:00,315.08830973145905
8858,2024-02-02 17:00:00,336.79766470270556
8859,2024-02-02 18:00:00,357.93809659231226
8860,2024-02-02 19:00:00,379.23080074348655
8861,2024-02-02 20:00:00,395.6678967673844
8862,2024-02-02 21:00:00,395.6479812369732
8863,2024-02-02 22:00:00,368.2974802556115
8864,2024-02-02 23:00:00,313.9071153652894
8865,2024-02-03 00:00:00,144.0966088414972
8866,2024-02-03 01:00:00,87.72438047841156
8867,2024-02-03 02:00:00,55.61760032681411
8868,2024-02-03 03:00:00,46.155984293829704
8869,2024-02-03 04:00:00,46.492701572426625
8870,2024-02-03 05:00:00,46.13075116663762
8871,2024-02-03 06:00:00,47.091120691153776
8872,2024-02-03 07:00:00,61.68349333663113
8873,2024-02-03 08:00:00,100.3310849111714
8874,2024-02-03 09:00:00,160.7977905013874
8875,2024-02-03 10:00:00,228.3863530166055
8876,2024-02-03 11:00:00,286.3212648384858
8877,2024-02-03 12:00:00,326.6223214953178
8878,2024-02-03 13:00:00,352.4282395333531
8879,2024-02-03 14:00:00,371.5172421925623
8880,2024-02-03 15:00:00,388.6358607034985
8881,2024-02-03 16:00:00,403.7534432333729
8882,2024-02-03 17:00:00,415.9115783445826
8883,2024-02-03 18:00:00,426.260410663861
8884,2024-02-03 19:00:00,435.577568010764
8885,2024-02-03 20:00:00,438.9228409104419
8886,2024-02-03 21:00:00,424.77318341338776
8887,2024-02-03 22:00:00,382.3433962734219
8888,2024-02-03 23:00:00,312.0218128385292
8889,2024-02-04 00:00:00,229.03883069503934
8890,2024-02-04 01:00:00,155.35679775388147
8891,2024-02-04 02:00:00,105.4272597697981
8892,2024-02-04 03:00:00,77.75479171822404
8893,2024-02-04 04:00:00,59.62142627324985
8894,2024-02-04 05:00:00,40.661796938197995
8895,2024-02-04 06:00:00,23.03003139175334
8896,2024-02-04 07:00:00,19.169174907813044
8897,2024-02-04 08:00:00,39.63473995275743
8898,2024-02-04 09:00:00,82.32057575651962
8899,2024-02-04 10:00:00,132.65578428733522
8900,2024-02-04 11:00:00,173.98640766658372
8901,2024-02-04 12:00:00,198.44781936123937
8902,2024-02-04 13:00:00,209.28724417962934
8903,2024-02-04 14:00:00,214.3833226589695
8904,2024-02-04 15:00:00,218.57397885625946
8905,2024-02-04 16:00:00,221.9100936932706
8906,2024-02-04 17:00:00,223.50419968694965
8907,2024-02-04 18:00:00,224.56618247751206
8908,2024-02-04 19:00:00,225.9217148112815
8909,2024-02-04 20:00:00,222.6665688591918
8910,2024-02-04 21:00:00,203.30137928071684
8911,2024-02-04 22:00:00,157.05222010870972
8912,2024-02-04 23:00:00,84.3063162281639
8913,2024-02-05 00:00:00,103.78544024972238
8914,2024-02-05 01:00:00,30.417248099658792
8915,2024-02-05 02:00:00,-17.878811762165782
8916,2024-02-05 03:00:00,-42.64597457579035
8917,2024-02-05 04:00:00,-56.66038246380489
8918,2024-02-05 05:00:00,-70.35519800936552
8919,2024-02-05 06:00:00,-81.6528730560006
8920,2024-02-05 07:00:00,-78.19480322823958
8921,2024-02-05 08:00:00,-49.5167832479807
8922,2024-02-05 09:00:00,2.177918688984846
8923,2024-02-05 10:00:00,62.216581301654074
8924,2024-02-05 11:00:00,113.83985729676995
8925,2024-02-05 12:00:00,149.07532596756425
8926,2024-02-05 13:00:00,171.06118284717846
8927,2024-02-05 14:00:00,187.56696835180094
8928,2024-02-05 15:00:00,203.32258105909838
8929,2024-02-05 16:00:00,218.27306468431868
8930,2024-02-05 17:00:00,231.42837204317678
8931,2024-02-05 18:00:00,243.90007946819665
8932,2024-02-05 19:00:00,256.4207661988362
8933,2024-02-05 20:00:00,263.99919439129525
8934,2024-02-05 21:00:00,255.05585301337905
8935,2024-02-05 22:00:00,218.7442205817918
8936,2024-02-05 23:00:00,155.38706077108992
8937,2024-02-06 00:00:00,80.14558734730949
8938,2024-02-06 01:00:00,14.910000432678373
8939,2024-02-06 02:00:00,-25.94260573164675
8940,2024-02-06 03:00:00,-43.983747883105906
8941,2024-02-06 04:00:00,-52.008465059341205
8942,2024-02-06 05:00:00,-60.4595252157483
8943,2024-02-06 06:00:00,-67.25989780095355
8944,2024-02-06 07:00:00,-60.042718468191
8945,2024-02-06 08:00:00,-28.327155395984505
8946,2024-02-06 09:00:00,25.708011326538383
8947,2024-02-06 10:00:00,87.42181898845048
8948,2024-02-06 11:00:00,140.09328105208857
8949,2024-02-06 12:00:00,175.79420416467477
8950,2024-02-06 13:00:00,197.71208534908396
8951,2024-02-06 14:00:00,213.67000259628202
8952,2024-02-06 15:00:00,228.4547560692809
8953,2024-02-06 16:00:00,242.07076094834096
8954,2024-02-06 17:00:00,253.58890729241833
8955,2024-02-06 18:00:00,264.18237250147246
8956,2024-02-06 19:00:00,274.645112830113
8957,2024-02-06 20:00:00,280.04618125221066
8958,2024-02-06 21:00:00,268.8644460839596
8959,2024-02-06 22:00:00,230.30907595166184
8960,2024-02-06 23:00:00,164.75511490950555
8961,2024-02-07 00:00:00,87.41199323771427
8962,2024-02-07 01:00:00,20.21348382059034
8963,2024-02-07 02:00:00,-22.424888665259914
8964,2024-02-07 03:00:00,-42.0417644004886
8965,2024-02-07 04:00:00,-51.40517967082593
8966,2024-02-07 05:00:00,-60.93699851269426
8967,2024-02-07 06:00:00,-68.5455134463871
8968,2024-02-07 07:00:00,-61.85544082406801
8969,2024-02-07 08:00:00,-30.383720996483476
8970,2024-02-07 09:00:00,23.687063269814445
8971,2024-02-07 10:00:00,85.70636849824928
8972,2024-02-07 11:00:00,138.9381886552991
8973,2024-02-07 12:00:00,175.43429270922525
8974,2024-02-07 13:00:00,198.35761674198744
8975,2024-02-07 14:00:00,215.5027160119502
8976,2024-02-07 15:00:00,231.62452547316298
8977,2024-02-07 16:00:00,246.6929202729339
8978,2024-02-07 17:00:00,259.74228149724337
8979,2024-02-07 18:00:00,271.90804209213263
8980,2024-02-07 19:00:00,283.94592841241393
8981,2024-02-07 20:00:00,290.88703349582534
8982,2024-02-07 21:00:00,281.17328517704277
8983,2024-02-07 22:00:00,243.97866345061408
8984,2024-02-07 23:00:00,179.64547995054681
8985,2024-02-08 00:00:00,103.35355448650975
8986,2024-02-08 01:00:00,37.010788523676695
8987,2024-02-08 02:00:00,-4.988866480139848
8988,2024-02-08 03:00:00,-24.20083317942391
8989,2024-02-08 04:00:00,-33.40472125890372
8990,2024-02-08 05:00:00,-43.028421594127224
8991,2024-02-08 06:00:00,-50.98045591410323
8992,2024-02-08 07:00:00,-44.879811833344064
8993,2024-02-08 08:00:00,-14.231676555111022
8994,2024-02-08 09:00:00,38.79911547954555
8995,2024-02-08 10:00:00,99.5856389121694
8996,2024-02-08 11:00:00,151.42115487695241
8997,2024-02-08 12:00:00,186.3920346275546
8998,2024-02-08 13:00:00,207.70074801090072
8999,2024-02-08 14:00:00,223.18582687116262
9000,2024-02-08 15:00:00,237.65005783900048
9001,2024-02-08 16:00:00,251.1144030663665
9002,2024-02-08 17:00:00,262.66686230023606
9003,2024-02-08 18:00:00,273.49826021893716
9004,2024-02-08 19:00:00,284.42068439349936
9005,2024-02-08 20:00:00,290.5217205063393
9006,2024-02-08 21:00:00,280.29905908706525
9007,2024-02-08 22:00:00,242.98083972145008
9008,2024-02-08 23:00:00,178.96105743078556
9009,2024-02-09 00:00:00,41.68535459652608
9010,2024-02-09 01:00:00,-23.32914872089978
9011,2024-02-09 02:00:00,-63.43182904445581
9012,2024-02-09 03:00:00,-80.14464412997748
9013,2024-02-09 04:00:00,-86.22016605310921
9014,2024-02-09 05:00:00,-92.06630394739904
9015,2024-02-09 06:00:00,-95.57920463201293
9016,2024-02-09 07:00:00,-84.37355248384281
9017,2024-02-09 08:00:00,-47.95867430660772
9018,2024-02-09 09:00:00,11.487741954137306
9019,2024-02-09 10:00:00,79.31703772932958
9020,2024-02-09 11:00:00,138.79180463568076
9021,2024-02-09 12:00:00,181.95886322941303
9022,2024-02-09 13:00:00,211.97241954101904
9023,2024-02-09 14:00:00,236.6143091441472
9024,2024-02-09 15:00:00,260.6225816077258
9025,2024-02-09 16:00:00,283.94592076446816
9026,2024-02-09 17:00:00,305.5931096966102
9027,2024-02-09 18:00:00,326.6695185716736
9028,2024-02-09 19:00:00,347.89633357622847
9029,2024-02-09 20:00:00,364.2656652965527
9030,2024-02-09 21:00:00,364.1761014171652
9031,2024-02-09 22:00:00,336.75405928565556
9032,2024-02-09 23:00:00,282.29025182435237
9033,2024-02-10 00:00:00,90.2936276318007
9034,2024-02-10 01:00:00,33.84412856188638
9035,2024-02-10 02:00:00,1.6581512670366294
9036,2024-02-10 03:00:00,-7.8845964016018115
9037,2024-02-10 04:00:00,-7.630953157997482
9038,2024-02-10 05:00:00,-8.077927766361881
9039,2024-02-10 06:00:00,-7.2045402278189385
9040,2024-02-10 07:00:00,7.29888517992967
9041,2024-02-10 08:00:00,45.85555694678567
9042,2024-02-10 09:00:00,106.22936299221284
9043,2024-02-10 10:00:00,173.72303921115292
9044,2024-02-10 11:00:00,231.56107112942732
9045,2024-02-10 12:00:00,271.7632475677127
9046,2024-02-10 13:00:00,297.46827852744525
9047,2024-02-10 14:00:00,316.45438086058965
9048,2024-02-10 15:00:00,333.46807957063777
9049,2024-02-10 16:00:00,348.47871675447806
9050,2024-02-10 17:00:00,360.527875071753
9051,2024-02-10 18:00:00,370.7656934087994
9052,2024-02-10 19:00:00,379.9697940065032
9053,2024-02-10 20:00:00,383.1999619804978
9054,2024-02-10 21:00:00,368.9331461375298
9055,2024-02-10 22:00:00,326.38414215899377
9056,2024-02-10 23:00:00,255.94127848425708
9057,2024-02-11 00:00:00,335.6817641700044
9058,2024-02-11 01:00:00,261.87431016215885
9059,2024-02-11 02:00:00,211.81727402839175
9060,2024-02-11 03:00:00,184.01522652899178
9061,2024-02-11 04:00:00,165.75019629965837
9062,2024-02-11 05:00:00,146.65681298052823
9063,2024-02-11 06:00:00,128.8892005648956
9064,2024-02-11 07:00:00,124.89040082392485
9065,2024-02-11 08:00:00,145.21592289250492
9066,2024-02-11 09:00:00,187.75961285862718
9067,2024-02-11 10:00:00,237.95056972504926
9068,2024-02-11 11:00:00,279.13483283181523
9069,2024-02-11 12:00:00,303.4477730479334
9070,2024-02-11 13:00:00,314.1366127696529
9071,2024-02-11 14:00:00,319.0799903058849
9072,2024-02-11 15:00:00,323.1158276731973
9073,2024-02-11 16:00:00,326.29500393959563
9074,2024-02-11 17:00:00,327.7300499570429
9075,2024-02-11 18:00:00,328.6308498884439
9076,2024-02-11 19:00:00,329.82307519260314
9077,2024-02-11 20:00:00,326.40249694721706
9078,2024-02-11 21:00:00,306.86974890629654
9079,2024-02-11 22:00:00,260.45090439119366
9080,2024-02-11 23:00:00,187.53318776835303
9081,2024-02-12 00:00:00,154.42978962389327
9082,2024-02-12 01:00:00,80.88552915243177
9083,2024-02-12 02:00:00,32.411273179783194
9084,2024-02-12 03:00:00,7.463786725873462
9085,2024-02-12 04:00:00,-6.733071874456471
9086,2024-02-12 05:00:00,-20.61246454890454
9087,2024-02-12 06:00:00,-32.0968422910114
9088,2024-02-12 07:00:00,-28.827599671051104
9089,2024-02-12 08:00:00,-0.34053016453950136
9090,2024-02-12 09:00:00,51.16109948078329
9091,2024-02-12 10:00:00,111.00456964334148
9092,2024-02-12 11:00:00,162.4305348686091
9093,2024-02-12 12:00:00,197.46657650442583
9094,2024-02-12 13:00:00,219.25089233725166
9095,2024-02-12 14:00:00,235.5530252400175
9096,2024-02-12 15:00:00,251.102876444421
9097,2024-02-12 16:00:00,265.84549252707046
9098,2024-02-12 17:00:00,278.7908293663521
9099,2024-02-12 18:00:00,291.0504665633863
9100,2024-02-12 19:00:00,303.35698682511844
9101,2024-02-12 20:00:00,310.7191559876101
9102,2024-02-12 21:00:00,301.5574668944764
9103,2024-02-12 22:00:00,265.0254021485644
9104,2024-02-12 23:00:00,201.44572971435235
9105,2024-02-13 00:00:00,99.43472205341823
9106,2024-02-13 01:00:00,33.97247558735043
9107,2024-02-13 02:00:00,-7.1088563352335825
9108,2024-02-13 03:00:00,-25.380785339725378
9109,2024-02-13 04:00:00,-33.63834514540616
9110,2024-02-13 05:00:00,-42.32429818213285
9111,2024-02-13 06:00:00,-49.36160816922734
9112,2024-02-13 07:00:00,-42.383404819571126
9113,2024-02-13 08:00:00,-10.908850171943584
9114,2024-02-13 09:00:00,42.88328203850858
9115,2024-02-13 10:00:00,104.35203565629931
9116,2024-02-13 11:00:00,156.7764309071162
9117,2024-02-13 12:00:00,192.22828140778685
9118,2024-02-13 13:00:00,213.89509135837392
9119,2024-02-13 14:00:00,229.59994613120082
9120,2024-02-13 15:00:00,244.1296534804533
9121,2024-02-13 16:00:00,257.48863637940553
9122,2024-02-13 17:00:00,268.7477928888313
9123,2024-02-13 18:00:00,279.0803086142788
9124,2024-02-13 19:00:00,289.2801482241159
9125,2024-02-13 20:00:00,294.4163733105971
9126,2024-02-13 21:00:00,282.9678610117643
9127,2024-02-13 22:00:00,244.1437889812764
9128,2024-02-13 23:00:00,178.31921050771678
9129,2024-02-14 00:00:00,100.70356530808223
9130,2024-02-14 01:00:00,33.23063590762695
9131,2024-02-14 02:00:00,-9.684043173396134
9132,2024-02-14 03:00:00,-29.579102064879663
9133,2024-02-14 04:00:00,-39.22256680472435
9134,2024-02-14 05:00:00,-49.03629097338032
9135,2024-02-14 06:00:00,-56.92855643659982
9136,2024-02-14 07:00:00,-50.52406868868479
9137,2024-02-14 08:00:00,-19.339757021965085
9138,2024-02-14 09:00:00,34.441807055595035
9139,2024-02-14 10:00:00,96.17009152794837
9140,2024-02-14 11:00:00,149.1091020190675
9141,2024-02-14 12:00:00,185.31061935528885
9142,2024-02-14 13:00:00,207.93759167513298
9143,2024-02-14 14:00:00,224.7845864920362
9144,2024-02-14 15:00:00,240.6065512088462
9145,2024-02-14 16:00:00,255.37337362339906
9146,2024-02-14 17:00:00,268.11944766365974
9147,2024-02-14 18:00:00,279.98021931501216
9148,2024-02-14 19:00:00,291.7114281650771
9149,2024-02-14 20:00:00,298.344180678429
9150,2024-02-14 21:00:00,288.32041830941216
9151,2024-02-14 22:00:00,250.8141348646642
9152,2024-02-14 23:00:00,186.16765598561838
9153,2024-02-15 00:00:00,109.56081566261808
9154,2024-02-15 01:00:00,42.90152975704274
9155,2024-02-15 02:00:00,0.5837642928173068
9156,2024-02-15 03:00:00,-18.94788862150571
9157,2024-02-15 04:00:00,-28.47302372814667
9158,2024-02-15 05:00:00,-38.41951676693762
9159,2024-02-15 06:00:00,-46.6958741511053
9160,2024-02-15 07:00:00,-40.92106799277988
9161,2024-02-15 08:00:00,-10.600269810622137
9162,2024-02-15 09:00:00,42.10170182033329
9163,2024-02-15 10:00:00,102.55793758770123
9164,2024-02-15 11:00:00,154.0617148592882
9165,2024-02-15 12:00:00,188.69942128783498
9166,2024-02-15 13:00:00,209.6735433067368
9167,2024-02-15 14:00:00,224.82262952191675
9168,2024-02-15 15:00:00,238.9494834962379
9169,2024-02-15 16:00:00,252.07508449571174
9170,2024-02-15 17:00:00,263.28744954730263
9171,2024-02-15 18:00:00,273.7774207857825
9172,2024-02-15 19:00:00,284.35710340687666
9173,2024-02-15 20:00:00,290.11410088721414
9174,2024-02-15 21:00:00,279.54612172072405
9175,2024-02-15 22:00:00,241.88132362061367
9176,2024-02-15 23:00:00,177.51371990559727
9177,2024-02-16 00:00:00,101.67149491471851
9178,2024-02-16 01:00:00,36.30674033063309
9179,2024-02-16 02:00:00,-4.147378087123002
9180,2024-02-16 03:00:00,-21.212799149365168
9181,2024-02-16 04:00:00,-27.642075832306062
9182,2024-02-16 05:00:00,-33.843098008709006
9183,2024-02-16 06:00:00,-37.71199308367099
9184,2024-02-16 07:00:00,-26.863425864691038
9185,2024-02-16 08:00:00,9.193296566250751
9186,2024-02-16 09:00:00,68.28050613652735
9187,2024-02-16 10:00:00,135.74956430019532
9188,2024-02-16 11:00:00,194.8630828434377
9189,2024-02-16 12:00:00,237.66790264335532
9190,2024-02-16 13:00:00,267.3182501904157
9191,2024-02-16 14:00:00,291.59598166570504
9192,2024-02-16 15:00:00,315.23916738582653
9193,2024-02-16 16:00:00,338.1965120741522
9194,2024-02-16 17:00:00,359.476819836931
9195,2024-02-16 18:00:00,380.1854820061905
9196,2024-02-16 19:00:00,401.0437060691597
9197,2024-02-16 20:00:00,417.0436240468417
9198,2024-02-16 21:00:00,416.58384518446474
9199,2024-02-16 22:00:00,388.79080852651
9200,2024-02-16 23:00:00,333.9552488197246
9201,2024-02-17 00:00:00,163.69690181015153
9202,2024-02-17 01:00:00,106.87420102847327
9203,2024-02-17 02:00:00,74.31433052612829
9204,2024-02-17 03:00:00,64.39702047114596
9205,2024-02-17 04:00:00,64.27545458913019
9206,2024-02-17 05:00:00,63.45264667185529
9207,2024-02-17 06:00:00,63.94959939239044
9208,2024-02-17 07:00:00,78.0760112562504
9209,2024-02-17 08:00:00,116.25511365411482
9210,2024-02-17 09:00:00,176.25081751212412
9211,2024-02-17 10:00:00,243.36588184184305
9212,2024-02-17 11:00:00,300.82481539065185
9213,2024-02-17 12:00:00,340.6474303098139
9214,2024-02-17 13:00:00,365.97246002724194
9215,2024-02-17 14:00:00,384.57814492546095
9216,2024-02-17 15:00:00,401.2110336370723
9217,2024-02-17 16:00:00,415.84049198376266
9218,2024-02-17 17:00:00,427.50812644457994
9219,2024-02-17 18:00:00,437.36409981655595
9220,2024-02-17 19:00:00,446.1860583458333
9221,2024-02-17 20:00:00,449.03381123572046
9222,2024-02-17 21:00:00,434.3843314711911
9223,2024-02-17 22:00:00,391.45243899503396
9224,2024-02-17 23:00:00,320.6264865916776
9225,2024-02-18 00:00:00,237.136891541604
9226,2024-02-18 01:00:00,162.94602168418146
9227,2024-02-18 02:00:00,112.50544297557917
9228,2024-02-18 03:00:00,84.31975082280188
9229,2024-02-18 04:00:00,65.67099858539248
9230,2024-02-18 05:00:00,46.19384069416449
9231,2024-02-18 06:00:00,28.042426006156177
9232,2024-02-18 07:00:00,23.659821212665918
9233,2024-02-18 08:00:00,43.60156044111915
9234,2024-02-18 09:00:00,85.7615148268363
9235,2024-02-18 10:00:00,135.5688084802064
9236,2024-02-18 11:00:00,176.3695059045213
9237,2024-02-18 12:00:00,200.29900318970763
9238,2024-02-18 13:00:00,210.604548000719
9239,2024-02-18 14:00:00,215.16480396704674
9240,2024-02-18 15:00:00,218.8177184728336
9241,2024-02-18 16:00:00,221.61419599977108
9242,2024-02-18 17:00:00,222.66679285531868
9243,2024-02-18 18:00:00,223.18541870013166
9244,2024-02-18 19:00:00,223.9957705306622
9245,2024-02-18 20:00:00,220.19364499390343
9246,2024-02-18 21:00:00,200.27970145099894
9247,2024-02-18 22:00:00,153.4800388613789
9248,2024-02-18 23:00:00,80.1819072600394
9249,2024-02-19 00:00:00,99.1071046246018
9250,2024-02-19 01:00:00,25.183312471647696
9251,2024-02-19 02:00:00,-23.669994930724386
9252,2024-02-19 03:00:00,-48.99602680194448
9253,2024-02-19 04:00:00,-63.5708990264624
9254,2024-02-19 05:00:00,-77.82774773558359
9255,2024-02-19 06:00:00,-89.68899811395738
9256,2024-02-19 07:00:00,-86.79601891272952
9257,2024-02-19 08:00:00,-58.684577776304536
9258,2024-02-19 09:00:00,-7.557915619162543
9259,2024-02-19 10:00:00,51.91127377685024
9260,2024-02-19 11:00:00,102.96367079778794
9261,2024-02-19 12:00:00,137.62688263102848
9262,2024-02-19 13:00:00,159.03913290082946
9263,2024-02-19 14:00:00,174.96999031016514
9264,2024-02-19 15:00:00,190.14938191687298
9265,2024-02-19 16:00:00,204.5223801074696
9266,2024-02-19 17:00:00,217.09896656570183
9267,2024-02-19 18:00:00,228.990746676105
9268,2024-02-19 19:00:00,240.93032891515884
9269,2024-02-19 20:00:00,247.9265048676381
9270,2024-02-19 21:00:00,238.39979310668159
9271,2024-02-19 22:00:00,201.5037019375575
9272,2024-02-19 23:00:00,137.56102499918308
9273,2024-02-20 00:00:00,61.73300620351216
9274,2024-02-20 01:00:00,-4.090124012752739
9275,2024-02-20 02:00:00,-45.53124091864714
9276,2024-02-20 03:00:00,-64.16183059481787
9277,2024-02-20 04:00:00,-72.7769012496284
9278,2024-02-20 05:00:00,-81.81918984885885
9279,2024-02-20 06:00:00,-89.21163468700104
9280,2024-02-20 07:00:00,-82.58734009861436
9281,2024-02-20 08:00:00,-51.46544279142657
9282,2024-02-20 09:00:00,1.9753087769072692
9283,2024-02-20 10:00:00,63.09398367978238
9284,2024-02-20 11:00:00,115.16962731669588
9285,2024-02-20 12:00:00,150.27407841721148
9286,2024-02-20 13:00:00,171.59486623784593
9287,2024-02-20 14:00:00,186.95510114458256
9288,2024-02-20 15:00:00,201.14161582199782
9289,2024-02-20 16:00:00,214.1588581021478
9290,2024-02-20 17:00:00,225.07775084236073
9291,2024-02-20 18:00:00,235.0715043709112
9292,2024-02-20 19:00:00,244.934108002948
9293,2024-02-20 20:00:00,249.73464790365168
9294,2024-02-20 21:00:00,237.95202570716089
9295,2024-02-20 22:00:00,198.79544347892445
9296,2024-02-20 23:00:00,132.63997883846724
9297,2024-02-21 00:00:00,54.695095750955744
9298,2024-02-21 01:00:00,-13.105399097845094
9299,2024-02-21 02:00:00,-56.345947128224424
9300,2024-02-21 03:00:00,-76.56515448525974
9301,2024-02-21 04:00:00,-86.53102332426602
9302,2024-02-21 05:00:00,-96.66538344230995
9303,2024-02-21 06:00:00,-104.87649301667184
9304,2024-02-21 07:00:00,-98.7890339550307
9305,2024-02-21 08:00:00,-67.91991206595557
9306,2024-02-21 09:00:00,-14.451675481224271
9307,2024-02-21 10:00:00,46.96516705331848
9308,2024-02-21 11:00:00,99.59464432464341
9309,2024-02-21 12:00:00,135.48856020422187
9310,2024-02-21 13:00:00,157.80988576565204
9311,2024-02-21 14:00:00,174.35321133988177
9312,2024-02-21 15:00:00,189.87350702987894
9313,2024-02-21 16:00:00,204.34068320884825
9314,2024-02-21 17:00:00,216.7891562625317
9315,2024-02-21 18:00:00,228.35439450534483
9316,2024-02-21 19:00:00,239.79215972779122
9317,2024-02-21 20:00:00,246.13358046735428
9318,2024-02-21 21:00:00,235.8206201227091
9319,2024-02-21 22:00:00,198.02729430752638
9320,2024-02-21 23:00:00,133.095950335407
9321,2024-02-22 00:00:00,56.206443733802104
9322,2024-02-22 01:00:00,-10.733288241074803
9323,2024-02-22 02:00:00,-53.329258310513325
9324,2024-02-22 03:00:00,-73.1368532612301
9325,2024-02-22 04:00:00,-82.93564686432535
9326,2024-02-22 05:00:00,-93.15349404800955
9327,2024-02-22 06:00:00,-101.69888055828258
9328,2024-02-22 07:00:00,-96.19075799352552
9329,2024-02-22 08:00:00,-66.13427751134162
9330,2024-02-22 09:00:00,-13.694237482519355
9331,2024-02-22 10:00:00,46.502472825953475
9332,2024-02-22 11:00:00,97.74915067171698
9333,2024-02-22 12:00:00,132.1322034294909
9334,2024-02-22 13:00:00,152.85413709670348
9335,2024-02-22 14:00:00,167.75351967441568
9336,2024-02-22 15:00:00,181.63317395510018
9337,2024-02-22 16:00:00,194.5140982644237
9338,2024-02-22 17:00:00,205.48432851764116
9339,2024-02-22 18:00:00,215.73472556623096
9340,2024-02-22 19:00:00,226.0774131453518
9341,2024-02-22 20:00:00,231.60001309959097
9342,2024-02-22 21:00:00,220.80025210577728
9343,2024-02-22 22:00:00,182.90630588499926
9344,2024-02-22 23:00:00,118.3122055807057
9345,2024-02-23 00:00:00,42.24615317367963
9346,2024-02-23 01:00:00,-23.33974219971958
9347,2024-02-23 02:00:00,-64.01229750943102
9348,2024-02-23 03:00:00,-81.29343448651468
9349,2024-02-23 04:00:00,-87.93568921747939
9350,2024-02-23 05:00:00,-94.34693487642679
9351,2024-02-23 06:00:00,-98.42328236566613
9352,2024-02-23 07:00:00,-87.77938018050114
9353,2024-02-23 08:00:00,-51.92451929468629
9354,2024-02-23 09:00:00,6.963648136521698
9355,2024-02-23 10:00:00,74.23649927989356
9356,2024-02-23 11:00:00,133.15666143252753
9357,2024-02-23 12:00:00,175.77099078551194
9358,2024-02-23 13:00:00,205.2337289308713
9359,2024-02-23 14:00:00,229.32674694929247
9360,2024-02-23 15:00:00,252.78812984861733
9361,2024-02-23 16:00:00,275.56659683653254
9362,2024-02-23 17:00:00,296.67096629117003
9363,2024-02-23 18:00:00,317.206643604194
9364,2024-02-23 19:00:00,337.8948501103047
9365,2024-02-23 20:00:00,353.7277314655015
9366,2024-02-23 21:00:00,353.1039103293745
9367,2024-02-23 22:00:00,325.1498389500027
9368,2024-02-23 23:00:00,270.1562650489034
9369,2024-02-24 00:00:00,99.74293714099429
9370,2024-02-24 01:00:00,42.768301294433826
9371,2024-02-24 02:00:00,10.05955387891359
9372,2024-02-24 03:00:00,-0.0035628413751283006
9373,2024-02-24 04:00:00,-0.2678532715342783
9374,2024-02-24 05:00:00,-1.2302919746265957
9375,2024-02-24 06:00:00,-0.8698648619108553
9376,2024-02-24 07:00:00,13.123137763347245
9377,2024-02-24 08:00:00,51.17195824894088
9378,2024-02-24 09:00:00,111.04051825242306
9379,2024-02-24 10:00:00,178.03158728235235
9380,2024-02-24 11:00:00,235.3696843513969
9381,2024-02-24 12:00:00,275.0746316420405
9382,2024-02-24 13:00:00,300.2851723812098
9383,2024-02-24 14:00:00,318.77955651148216
9384,2024-02-24 15:00:00,335.30434199119736
9385,2024-02-24 16:00:00,349.8289037297193
9386,2024-02-24 17:00:00,361.3948570548631
9387,2024-02-24 18:00:00,371.1523733747265
9388,2024-02-24 19:00:00,379.879107303041
9389,2024-02-24 20:00:00,382.63487617528256
9390,2024-02-24 21:00:00,367.89666086052796
9391,2024-02-24 22:00:00,324.87928894705726
9392,2024-02-24 23:00:00,253.97112062528788
9393,2024-02-25 00:00:00,170.40258031901615
9394,2024-02-25 01:00:00,96.13604279144333
9395,2024-02-25 02:00:00,45.62308066082039
9396,2024-02-25 03:00:00,17.368295757982423
9397,2024-02-25 04:00:00,-1.346252390969397
9398,2024-02-25 05:00:00,-20.885903425384782
9399,2024-02-25 06:00:00,-39.096502812023004
9400,2024-02-25 07:00:00,-43.53497843067365
9401,2024-02-25 08:00:00,-23.645790976044168
9402,2024-02-25 09:00:00,18.464935616785084
9403,2024-02-25 10:00:00,68.22633013693095
9404,2024-02-25 11:00:00,108.98446151557333
9405,2024-02-25 12:00:00,132.87473001745724
9406,2024-02-25 13:00:00,143.14438723279812
9407,2024-02-25 14:00:00,147.67210046343988
9408,2024-02-25 15:00:00,151.29582051144058
9409,2024-02-25 16:00:00,154.06645502787757
9410,2024-02-25 17:00:00,155.09656323003946
9411,2024-02-25 18:00:00,155.59605743933656
9412,2024-02-25 19:00:00,156.3906370565718
9413,2024-02-25 20:00:00,152.57610087940822
9414,2024-02-25 21:00:00,132.65311016559542
9415,2024-02-25 22:00:00,85.8477655147727
9416,2024-02-25 23:00:00,12.547318349531281
9417,2024-02-26 00:00:00,31.47356777826522
9418,2024-02-26 01:00:00,-42.44580380686958
9419,2024-02-26 02:00:00,-91.29132151883991
9420,2024-02-26 03:00:00,-116.60619420929166
9421,2024-02-26 04:00:00,-131.16653765774845
9422,2024-02-26 05:00:00,-145.40548813914663
9423,2024-02-26 06:00:00,-157.24547124269637
9424,2024-02-26 07:00:00,-154.32785637704566
9425,2024-02-26 08:00:00,-126.18841210311558
9426,2024-02-26 09:00:00,-75.0303804987606
9427,2024-02-26 10:00:00,-15.526456777545206
9428,2024-02-26 11:00:00,35.56403776597992
9429,2024-02-26 12:00:00,70.26870838232131
9430,2024-02-26 13:00:00,91.72577650836246
9431,2024-02-26 14:00:00,107.70480839627079
9432,2024-02-26 15:00:00,122.93572840085523
9433,2024-02-26 16:00:00,137.36360595458385
9434,2024-02-26 17:00:00,149.9984195280387
9435,2024-02-26 18:00:00,161.95177104088225
9436,2024-02-26 19:00:00,173.9562652487171
9437,2024-02-26 20:00:00,181.0206897657431
9438,2024-02-26 21:00:00,171.5655589359274
9439,2024-02-26 22:00:00,134.74437658525898
9440,2024-02-26 23:00:00,70.8799316215489
9441,2024-02-27 00:00:00,-4.866537027926398
9442,2024-02-27 01:00:00,-70.60480416264548
9443,2024-02-27 02:00:00,-111.95775054024685
9444,2024-02-27 03:00:00,-130.4968679767913
9445,2024-02-27 04:00:00,-139.01717067257223
9446,2024-02-27 05:00:00,-147.96140182946812
9447,2024-02-27 06:00:00,-155.2525062304876
9448,2024-02-27 07:00:00,-148.52359494597852
9449,2024-02-27 08:00:00,-117.29381166812425
9450,2024-02-27 09:00:00,-63.74191208620911
9451,2024-02-27 10:00:00,-2.508834605469019
9452,2024-02-27 11:00:00,49.684458448685035
9453,2024-02-27 12:00:00,84.90979783586153
9454,2024-02-27 13:00:00,106.35470459798934
9455,2024-02-27 14:00:00,121.84228064358544
9456,2024-02-27 15:00:00,136.15934995178367
9457,2024-02-27 16:00:00,149.3103514146398
9458,2024-02-27 17:00:00,160.3661987001134
9459,2024-02-27 18:00:00,170.50009271186588
9460,2024-02-27 19:00:00,180.50601309755677
9461,2024-02-27 20:00:00,185.45303611696198
9462,2024-02-27 21:00:00,173.8200532606354
9463,2024-02-27 22:00:00,134.81625621177014
9464,2024-02-27 23:00:00,68.8167119757089
9465,2024-02-28 00:00:00,-8.969126334618068
9466,2024-02-28 01:00:00,-76.607463129743
9467,2024-02-28 02:00:00,-119.68275113822509
9468,2024-02-28 03:00:00,-139.73360806195154
9469,2024-02-28 04:00:00,-149.52804783933098
9470,2024-02-28 05:00:00,-159.48791228199596
9471,2024-02-28 06:00:00,-167.521471807328
9472,2024-02-28 07:00:00,-161.2534207967009
9473,2024-02-28 08:00:00,-130.20067775291758
9474,2024-02-28 09:00:00,-76.5458037312857
9475,2024-02-28 10:00:00,-14.939320624896482
9476,2024-02-28 11:00:00,37.88278698191917
9477,2024-02-28 12:00:00,73.97230937211998
9478,2024-02-28 13:00:00,96.49220380349603
9479,2024-02-28 14:00:00,113.23704657569391
9480,2024-02-28 15:00:00,128.96179354195817
9481,2024-02-28 16:00:00,143.63634060857214
9482,2024-02-28 17:00:00,156.29508947873157
9483,2024-02-28 18:00:00,168.0734935692057
9484,2024-02-28 19:00:00,179.72729956487242
9485,2024-02-28 20:00:00,186.28762067907618
9486,2024-02-28 21:00:00,176.19640478156234
9487,2024-02-28 22:00:00,138.6276517472682
9488,2024-02-28 23:00:00,73.92369294487932
9489,2024-02-29 00:00:00,-2.735632251517302
9490,2024-02-29 01:00:00,-69.44240293930702
9491,2024-02-29 02:00:00,-111.80264839681715
9492,2024-02-29 03:00:00,-131.3717721717658
9493,2024-02-29 04:00:00,-140.9293649927248
9494,2024-02-29 05:00:00,-150.9032989435306
9495,2024-02-29 06:00:00,-159.20207712264508
9496,2024-02-29 07:00:00,-153.44466867690588
9497,2024-02-29 08:00:00,-123.1362425016251
9498,2024-02-29 09:00:00,-70.44161490355128
9499,2024-02-29 10:00:00,-9.987693260893707
9500,2024-02-29 11:00:00,41.518801363506356
9501,2024-02-29 12:00:00,76.16425785513195
9502,2024-02-29 13:00:00,97.1511635279588
9503,2024-02-29 14:00:00,112.31806752180134
9504,2024-02-29 15:00:00,126.46777358392131
9505,2024-02-29 16:00:00,139.62126081645903
9506,2024-02-29 17:00:00,150.86654573329983
9507,2024-02-29 18:00:00,161.3944696073823
9508,2024-02-29 19:00:00,172.01713642502855
9509,2024-02-29 20:00:00,177.82214810454278
9510,2024-02-29 21:00:00,167.30721123017815
9511,2024-02-29 22:00:00,129.70048126057236
9512,2024-02-29 23:00:00,65.39596891146789
9513,2024-03-01 00:00:00,18.47515606623449
9514,2024-03-01 01:00:00,-46.81646989192765
9515,2024-03-01 02:00:00,-87.19244635143335
9516,2024-03-01 03:00:00,-104.17471612047493
9517,2024-03-01 04:00:00,-110.51583651906543
9518,2024-03-01 05:00:00,-116.6237021096612
9519,2024-03-01 06:00:00,-120.39444533530579
9520,2024-03-01 07:00:00,-109.44273638742104
9521,2024-03-01 08:00:00,-73.2778880783219
9522,2024-03-01 09:00:00,-14.077574553639153
9523,2024-03-01 10:00:00,53.50955921909866
9524,2024-03-01 11:00:00,112.7461182577853
9525,2024-03-01 12:00:00,155.67893634009178
9526,2024-03-01 13:00:00,185.46223249761564
9527,2024-03-01 14:00:00,209.87785511638154
9528,2024-03-01 15:00:00,233.6638663794809
9529,2024-03-01 16:00:00,256.76896252940577
9530,2024-03-01 17:00:00,278.2019388536905
9531,2024-03-01 18:00:00,299.06817752243296
9532,2024-03-01 19:00:00,320.08887652720966
9533,2024-03-01 20:00:00,336.2561580492154
9534,2024-03-01 21:00:00,335.9686211584087
9535,2024-03-01 22:00:00,308.35269438869125
9536,2024-03-01 23:00:00,253.69910163152684
9537,2024-03-02 00:00:00,54.7742669578023
9538,2024-03-02 01:00:00,-1.8567866211046749
9539,2024-03-02 02:00:00,-34.22018741320551
9540,2024-03-02 03:00:00,-43.93621742760516
9541,2024-03-02 04:00:00,-43.85170545293764
9542,2024-03-02 05:00:00,-44.46365054558203
9543,2024-03-02 06:00:00,-43.75106320706149
9544,2024-03-02 07:00:00,-29.404258432323616
9545,2024-03-02 08:00:00,8.99998133723301
9546,2024-03-02 09:00:00,69.22555287405348
9547,2024-03-02 10:00:00,136.5752007077674
9548,2024-03-02 11:00:00,194.27341878602277
9549,2024-03-02 12:00:00,234.3400041306649
9550,2024-03-02 13:00:00,259.9136747265244
9551,2024-03-02 14:00:00,278.77265518897076
9552,2024-03-02 15:00:00,295.6634780685839
9553,2024-03-02 16:00:00,310.55549278344216
9554,2024-03-02 17:00:00,322.49028909900306
9555,2024-03-02 18:00:00,332.61801278240085
9556,2024-03-02 19:00:00,341.7162927349275
9557,2024-03-02 20:00:00,344.8449205095851
9558,2024-03-02 21:00:00,330.4808511263789
9559,2024-03-02 22:00:00,287.83888625855576
9560,2024-03-02 23:00:00,217.3073601150582
9561,2024-03-03 00:00:00,134.11667108471715
9562,2024-03-03 01:00:00,60.229167832094504
9563,2024-03-03 02:00:00,10.096396822048064
9564,2024-03-03 03:00:00,-17.777066322254683
9565,2024-03-03 04:00:00,-36.10918833012275
9566,2024-03-03 05:00:00,-55.265335150078386
9567,2024-03-03 06:00:00,-73.09137859977045
9568,2024-03-03 07:00:00,-77.14427296035848
9569,2024-03-03 08:00:00,-56.868505359801276
9570,2024-03-03 09:00:00,-14.370226216667959
9571,2024-03-03 10:00:00,35.779666741248946
9572,2024-03-03 11:00:00,76.92721590600715
9573,2024-03-03 12:00:00,101.20779494956646
9574,2024-03-03 13:00:00,111.86862885358403
9575,2024-03-03 14:00:00,116.7883582807957
9576,2024-03-03 15:00:00,120.80490736979291
9577,2024-03-03 16:00:00,123.96915708111091
9578,2024-03-03 17:00:00,125.39363992803185
9579,2024-03-03 18:00:00,126.28824150539968
9580,2024-03-03 19:00:00,127.47863447301542
9581,2024-03-03 20:00:00,124.06059087399461
9582,2024-03-03 21:00:00,104.5347452027188
9583,2024-03-03 22:00:00,58.12717128542917
9584,2024-03-03 23:00:00,-14.774906236925318
9585,2024-03-04 00:00:00,4.550284964231736
9586,2024-03-04 01:00:00,-68.96959950421495
9587,2024-03-04 02:00:00,-117.41511153855342
9588,2024-03-04 03:00:00,-142.32948677127737
9589,2024-03-04 04:00:00,-156.4888677522702
9590,2024-03-04 05:00:00,-170.32641752507183
9591,2024-03-04 06:00:00,-181.76458843351585
9592,2024-03-04 07:00:00,-178.44477662790445
9593,2024-03-04 08:00:00,-149.90277739642465
9594,2024-03-04 09:00:00,-98.34185952609386
9595,2024-03-04 10:00:00,-38.43474492112895
9596,2024-03-04 11:00:00,13.059218457465306
9597,2024-03-04 12:00:00,48.167609221816406
9598,2024-03-04 13:00:00,70.028622186434
9599,2024-03-04 14:00:00,86.41179701983533
9600,2024-03-04 15:00:00,102.04703152155803
9601,2024-03-04 16:00:00,116.87936860447853
9602,2024-03-04 17:00:00,129.91876025230312
9603,2024-03-04 18:00:00,142.27678194000794
9604,2024-03-04 19:00:00,154.68601201583573
9605,2024-03-04 20:00:00,162.15521173197558
9606,2024-03-04 21:00:00,153.10486911526846
9607,2024-03-04 22:00:00,116.68846172201413
9608,2024-03-04 23:00:00,53.22875224020555
9609,2024-03-05 00:00:00,-22.113046570115614
9610,2024-03-05 01:00:00,-87.44673562330757
9611,2024-03-05 02:00:00,-128.39522173277686
9612,2024-03-05 03:00:00,-146.53002271315387
9613,2024-03-05 04:00:00,-154.64617870181448
9614,2024-03-05 05:00:00,-163.18645877381326
9615,2024-03-05 06:00:00,-170.07383352170305
9616,2024-03-05 07:00:00,-162.94143975377693
9617,2024-03-05 08:00:00,-131.30844683717888
9618,2024-03-05 09:00:00,-77.3536360565488
9619,2024-03-05 10:00:00,-15.717971343155227
9620,2024-03-05 11:00:00,36.87755952927998
9621,2024-03-05 12:00:00,72.5047619500427
9622,2024-03-05 13:00:00,94.35113167274123
9623,2024-03-05 14:00:00,110.23974539843016
9624,2024-03-05 15:00:00,124.95740198548894
9625,2024-03-05 16:00:00,138.5085152908411
9626,2024-03-05 17:00:00,149.96397403646785
9627,2024-03-05 18:00:00,160.49695427173833
9628,2024-03-05 19:00:00,170.90141088145893
9629,2024-03-05 20:00:00,176.24639546157002
9630,2024-03-05 21:00:00,165.01077493165778
9631,2024-03-05 22:00:00,126.40371650582878
9632,2024-03-05 23:00:00,60.80026282126889
9633,2024-03-06 00:00:00,-16.59015727338641
9634,2024-03-06 01:00:00,-83.83377235063233
9635,2024-03-06 02:00:00,-126.51505918960544
9636,2024-03-06 03:00:00,-146.17265943624815
9637,2024-03-06 04:00:00,-155.57461086104976
9638,2024-03-06 05:00:00,-165.14277899415563
9639,2024-03-06 06:00:00,-172.7854578577175
9640,2024-03-06 07:00:00,-166.12736531854387
9641,2024-03-06 08:00:00,-134.6854432486085
9642,2024-03-06 09:00:00,-80.64227595000793
9643,2024-03-06 10:00:00,-18.648408440961248
9644,2024-03-06 11:00:00,34.56015169375499
9645,2024-03-06 12:00:00,71.03517186259282
9646,2024-03-06 13:00:00,93.93958657930685
9647,2024-03-06 14:00:00,111.06794952574215
9648,2024-03-06 15:00:00,127.17519407158056
9649,2024-03-06 16:00:00,142.23119377207615
9650,2024-03-06 17:00:00,155.27032811387144
9651,2024-03-06 18:00:00,167.42802843709012
9652,2024-03-06 19:00:00,179.4600194831399
9653,2024-03-06 20:00:00,186.39739266995417
9654,2024-03-06 21:00:00,176.68207420596852
9655,2024-03-06 22:00:00,139.48804245360347
9656,2024-03-06 23:00:00,75.15760741351832
9657,2024-03-07 00:00:00,-1.129412762145904
9658,2024-03-07 01:00:00,-67.46511824418786
9659,2024-03-07 02:00:00,-109.45555923311105
9660,2024-03-07 03:00:00,-128.65616004731436
9661,2024-03-07 04:00:00,-137.8465320330397
9662,2024-03-07 05:00:00,-147.45456773628044
9663,2024-03-07 06:00:00,-155.3887905617936
9664,2024-03-07 07:00:00,-149.26818980258176
9665,2024-03-07 08:00:00,-118.59795434567206
9666,2024-03-07 09:00:00,-65.54292032246474
9667,2024-03-07 10:00:00,-4.730014777341552
9668,2024-03-07 11:00:00,47.134021725556266
9669,2024-03-07 12:00:00,82.1355587342575
9670,2024-03-07 13:00:00,103.47706439837441
9671,2024-03-07 14:00:00,118.99706885314285
9672,2024-03-07 15:00:00,133.49835701236577
9673,2024-03-07 16:00:00,147.00188932011037
9674,2024-03-07 17:00:00,158.59566380157236
9675,2024-03-07 18:00:00,169.47050341274866
9676,2024-03-07 19:00:00,180.43849399958467
9677,2024-03-07 20:00:00,186.58721951541443
9678,2024-03-07 21:00:00,176.41436875785382
9679,2024-03-07 22:00:00,139.1480795739649
9680,2024-03-07 23:00:00,75.18234525266709
9681,2024-03-08 00:00:00,-0.2546700726258848
9682,2024-03-08 01:00:00,-65.21089508545089
9683,2024-03-08 02:00:00,-105.25318455896058
9684,2024-03-08 03:00:00,-121.90349799855841
9685,2024-03-08 04:00:00,-127.91440924113695
9686,2024-03-08 05:00:00,-133.69382917544056
9687,2024-03-08 06:00:00,-137.13790638499066
9688,2024-03-08 07:00:00,-125.86132701287809
9689,2024-03-08 08:00:00,-89.37341963445573
9690,2024-03-08 09:00:00,-29.85187396602356
9691,2024-03-08 10:00:00,38.054649644522954
9692,2024-03-08 11:00:00,97.60874102719188
9693,2024-03-08 12:00:00,140.8572189639268
9694,2024-03-08 13:00:00,170.9542876870952
9695,2024-03-08 14:00:00,195.681780978833
9696,2024-03-08 15:00:00,219.77774661043597
9697,2024-03-08 16:00:00,243.19086661575705
9698,2024-03-08 17:00:00,264.92992226406466
9699,2024-03-08 18:00:00,286.10028191575907
9700,2024-03-08 19:00:00,307.4231299403612
9701,2024-03-08 20:00:00,323.89057510344264
9702,2024-03-08 21:00:00,323.90120326248035
9703,2024-03-08 22:00:00,296.5814299329643
9704,2024-03-08 23:00:00,242.22196619735215
9705,2024-03-09 00:00:00,72.44252401688593
9706,2024-03-09 01:00:00,16.101512997209056
9707,2024-03-09 02:00:00,-15.973906872632767
9708,2024-03-09 03:00:00,-25.40402959450475
9709,2024-03-09 04:00:00,-25.035695752966205
9710,2024-03-09 05:00:00,-25.365915986520093
9711,2024-03-09 06:00:00,-24.373712177511578
9712,2024-03-09 07:00:00,-9.749410492198905
9713,2024-03-09 08:00:00,28.930195663438155
9714,2024-03-09 09:00:00,89.42899230390574
9715,2024-03-09 10:00:00,157.04971341264005
9716,2024-03-09 11:00:00,215.0168425953286
9717,2024-03-09 12:00:00,255.3501667441591
9718,2024-03-09 13:00:00,281.18839392313794
9719,2024-03-09 14:00:00,300.30973903767597
9720,2024-03-09 15:00:00,317.4607251349018
9721,2024-03-09 16:00:00,332.6106923458803
9722,2024-03-09 17:00:00,344.8012213544472
9723,2024-03-09 18:00:00,355.18244906068446
9724,2024-03-09 19:00:00,364.53199570842855
9725,2024-03-09 20:00:00,367.90964440508355
9726,2024-03-09 21:00:00,353.7923419381283
9727,2024-03-09 22:00:00,311.3948819577937
9728,2024-03-09 23:00:00,241.1055908649795
9729,2024-03-10 00:00:00,158.15485945120733
9730,2024-03-10 01:00:00,84.5050289959548
9731,2024-03-10 02:00:00,34.60763879357353
9732,2024-03-10 03:00:00,6.967257501024676
9733,2024-03-10 04:00:00,-11.134088352427511
9734,2024-03-10 05:00:00,-30.061771250599833
9735,2024-03-10 06:00:00,-47.66166933582639
9736,2024-03-10 07:00:00,-51.490742996601625
9737,2024-03-10 08:00:00,-30.99348525852176
9738,2024-03-10 09:00:00,11.723947774647229
9739,2024-03-10 10:00:00,62.09065290274245
9740,2024-03-10 11:00:00,103.4526672568356
9741,2024-03-10 12:00:00,127.9453594634031
9742,2024-03-10 13:00:00,138.8159496649135
9743,2024-03-10 14:00:00,143.9430739027212
9744,2024-03-10 15:00:00,148.1646519009364
9745,2024-03-10 16:00:00,151.53156041920488
9746,2024-03-10 17:00:00,153.15632798035898
9747,2024-03-10 18:00:00,154.24883639878186
9748,2024-03-10 19:00:00,155.6347547679529
9749,2024-03-10 20:00:00,152.40985176945708
9750,2024-03-10 21:00:00,133.07475874986991
9751,2024-03-10 22:00:00,86.85554659632996
9752,2024-03-10 23:00:00,14.13943722080512
9753,2024-03-11 00:00:00,33.64820042767201
9754,2024-03-11 01:00:00,-39.69051048668331
9755,2024-03-11 02:00:00,-87.95724952260497
9756,2024-03-11 03:00:00,-112.69525421310269
9757,2024-03-11 04:00:00,-126.68066879743972
9758,2024-03-11 05:00:00,-140.3466578035293
9759,2024-03-11 06:00:00,-151.61567485126733
9760,2024-03-11 07:00:00,-148.12911716649162
9761,2024-03-11 08:00:00,-119.42278090270597
9762,2024-03-11 09:00:00,-67.69993551131597
9763,2024-03-11 10:00:00,-7.6333033565319965
9764,2024-03-11 11:00:00,44.01776734235813
9765,2024-03-11 12:00:00,79.28085514767884
9766,2024-03-11 13:00:00,101.29415501704341
9767,2024-03-11 14:00:00,117.82720696921633
9768,2024-03-11 15:00:00,133.6099093521953
9769,2024-03-11 16:00:00,148.58730582807743
9770,2024-03-11 17:00:00,161.76934932758283
9771,2024-03-11 18:00:00,174.26761646897953
9772,2024-03-11 19:00:00,186.8146869498993
9773,2024-03-11 20:00:00,194.419323555536
9774,2024-03-11 21:00:00,185.5020160499627
9775,2024-03-11 22:00:00,149.21624392292878
9776,2024-03-11 23:00:00,85.88477197843262
9777,2024-03-12 00:00:00,10.668815300259581
9778,2024-03-12 01:00:00,-54.541424517064485
9779,2024-03-12 02:00:00,-95.36885158595555
9780,2024-03-12 03:00:00,-113.38498083105057
9781,2024-03-12 04:00:00,-121.38484930852812
9782,2024-03-12 05:00:00,-129.81122282399278
9783,2024-03-12 06:00:00,-136.58706851201333
9784,2024-03-12 07:00:00,-129.3455195407227
9785,2024-03-12 08:00:00,-97.60574144520493
9786,2024-03-12 09:00:00,-43.54651149807725
9787,2024-03-12 10:00:00,18.19121056581136
9788,2024-03-12 11:00:00,70.88644135027496
9789,2024-03-12 12:00:00,106.61099080826936
9790,2024-03-12 13:00:00,128.55235943132527
9791,2024-03-12 14:00:00,144.53362883918248
9792,2024-03-12 15:00:00,159.3416029885696
9793,2024-03-12 16:00:00,172.9807010098276
9794,2024-03-12 17:00:00,184.52181707427374
9795,2024-03-12 18:00:00,195.13813285349255
9796,2024-03-12 19:00:00,205.6236090314389
9797,2024-03-12 20:00:00,211.04730317009933
9798,2024-03-12 21:00:00,199.88808832914697
9799,2024-03-12 22:00:00,161.35513803130243
9800,2024-03-12 23:00:00,95.8235013949734
9801,2024-03-13 00:00:00,18.502613899075072
9802,2024-03-13 01:00:00,-48.67374620678382
9803,2024-03-13 02:00:00,-91.29004873263682
9804,2024-03-13 03:00:00,-110.88492818860388
9805,2024-03-13 04:00:00,-120.22641504870256
9806,2024-03-13 05:00:00,-129.73636738382825
9807,2024-03-13 06:00:00,-137.32307159973652
9808,2024-03-13 07:00:00,-130.61123778909257
9809,2024-03-13 08:00:00,-99.11779989351476
9810,2024-03-13 09:00:00,-45.02533413155402
9811,2024-03-13 10:00:00,17.015622716056214
9812,2024-03-13 11:00:00,70.26907145723032
9813,2024-03-13 12:00:00,106.7867880369415
9814,2024-03-13 13:00:00,129.73171565886133
9815,2024-03-13 14:00:00,146.89841684097837
9816,2024-03-13 15:00:00,163.04183393581923
9817,2024-03-13 16:00:00,178.1318496222897
9818,2024-03-13 17:00:00,191.20285265880077
9819,2024-03-13 18:00:00,203.3902837944451
9820,2024-03-13 19:00:00,215.44987732086332
9821,2024-03-13 20:00:00,222.41273434388768
9822,2024-03-13 21:00:00,212.7207908985499
9823,2024-03-13 22:00:00,175.54803530656608
9824,2024-03-13 23:00:00,111.23678766012317
9825,2024-03-14 00:00:00,34.96687634018812
9826,2024-03-14 01:00:00,-31.353788469587585
9827,2024-03-14 02:00:00,-73.33124648536892
9828,2024-03-14 03:00:00,-92.5209114153597
9829,2024-03-14 04:00:00,-101.70238386535064
9830,2024-03-14 05:00:00,-111.30354552387965
9831,2024-03-14 06:00:00,-119.2329088117013
9832,2024-03-14 07:00:00,-113.10945191823453
9833,2024-03-14 08:00:00,-82.43835251024862
9834,2024-03-14 09:00:00,-29.384435374513146
9835,2024-03-14 10:00:00,31.425383892652604
9836,2024-03-14 11:00:00,83.28437630024808
9837,2024-03-14 12:00:00,118.27892307379456
9838,2024-03-14 13:00:00,139.61150415479622
9839,2024-03-14 14:00:00,155.12066157808877
9840,2024-03-14 15:00:00,169.6091922647095
9841,2024-03-14 16:00:00,183.09806876668046
9842,2024-03-14 17:00:00,194.67530132734706
9843,2024-03-14 18:00:00,205.53172521783586
9844,2024-03-14 19:00:00,216.47943869926038
9845,2024-03-14 20:00:00,222.6060382418723
9846,2024-03-14 21:00:00,212.40922525190408
9847,2024-03-14 22:00:00,175.11715028386897
9848,2024-03-14 23:00:00,111.12381942072942
9849,2024-03-15 00:00:00,35.657409689378284
9850,2024-03-15 01:00:00,-29.32999461684048
9851,2024-03-15 02:00:00,-69.40523520549132
9852,2024-03-15 03:00:00,-86.09025843151332
9853,2024-03-15 04:00:00,-92.13762489402404
9854,2024-03-15 05:00:00,-97.95523216739153
9855,2024-03-15 06:00:00,-101.43921543572435
9856,2024-03-15 07:00:00,-90.20424736656221
9857,2024-03-15 08:00:00,-53.759642981530504
9858,2024-03-15 09:00:00,5.716921626929661
9859,2024-03-15 10:00:00,73.57679981236257
9860,2024-03-15 11:00:00,133.0825951781082
9861,2024-03-15 12:00:00,176.28114034382617
9862,2024-03-15 13:00:00,206.32665345077348
9863,2024-03-15 14:00:00,231.00098225461457
9864,2024-03-15 15:00:00,255.04218856488245
9865,2024-03-15 16:00:00,278.39896851149933
9866,2024-03-15 17:00:00,300.0801175257575
9867,2024-03-15 18:00:00,321.1910181842882
9868,2024-03-15 19:00:00,342.4528691301149
9869,2024-03-15 20:00:00,358.85779345663593
9870,2024-03-15 21:00:00,358.8043914033088
9871,2024-03-15 22:00:00,331.41909291733236
9872,2024-03-15 23:00:00,276.992623559728
9873,2024-03-16 00:00:00,107.14470982615104
9874,2024-03-16 01:00:00,50.73377588208362
9875,2024-03-16 02:00:00,18.58699634526272
9876,2024-03-16 03:00:00,9.084091867249953
9877,2024-03-16 04:00:00,9.378236560940536
9878,2024-03-16 05:00:00,8.972434525078
9879,2024-03-16 06:00:00,9.887678647272708
9880,2024-03-16 07:00:00,24.433657569056436
9881,2024-03-16 08:00:00,63.03359271987537
9882,2024-03-16 09:00:00,123.45138498533767
9883,2024-03-16 10:00:00,190.98978324519987
9884,2024-03-16 11:00:00,248.87328602916745
9885,2024-03-16 12:00:00,289.1216951783696
9886,2024-03-16 13:00:00,314.8737337308667
9887,2024-03-16 14:00:00,333.9076315840575
9888,2024-03-16 15:00:00,350.96992679916474
9889,2024-03-16 16:00:00,366.0299745380719
9890,2024-03-16 17:00:00,378.1293705308461
9891,2024-03-16 18:00:00,388.41826673948276
9892,2024-03-16 19:00:00,397.6742984787154
9893,2024-03-16 20:00:00,400.95726394287897
9894,2024-03-16 21:00:00,386.74412500871824
9895,2024-03-16 22:00:00,344.249690426662
9896,2024-03-16 23:00:00,273.8623017019527
9897,2024-03-17 00:00:00,190.81236473427055
9898,2024-03-17 01:00:00,117.06223590968528
9899,2024-03-17 02:00:00,67.0634696334458
9900,2024-03-17 03:00:00,39.32064966781212
9901,2024-03-17 04:00:00,21.115817645016506
9902,2024-03-17 05:00:00,2.0836161799843183
9903,2024-03-17 06:00:00,-15.621817783927554
9904,2024-03-17 07:00:00,-19.557429548651527
9905,2024-03-17 08:00:00,0.832302924806811
9906,2024-03-17 09:00:00,43.441238590916385
9907,2024-03-17 10:00:00,93.69848930095506
9908,2024-03-17 11:00:00,134.95010720339232
9909,2024-03-17 12:00:00,159.33147593729652
9910,2024-03-17 13:00:00,170.08983063715903
9911,2024-03-17 14:00:00,175.10382231023522
9912,2024-03-17 15:00:00,179.21138562987423
9913,2024-03-17 16:00:00,182.46341227678485
9914,2024-03-17 17:00:00,183.97244566945625
9915,2024-03-17 18:00:00,184.9483824908258
9916,2024-03-17 19:00:00,186.21690667120265
9917,2024-03-17 20:00:00,182.87380170303456
9918,2024-03-17 21:00:00,163.4197137049268
9919,2024-03-17 22:00:00,117.0807283058137
9920,2024-03-17 23:00:00,44.24408212328831
9921,2024-03-18 00:00:00,63.63155962773976
9922,2024-03-18 01:00:00,-9.82917125680612
9923,2024-03-18 02:00:00,-58.21864994302811
9924,2024-03-18 03:00:00,-83.08009941791056
9925,2024-03-18 04:00:00,-97.18964942023416
9926,2024-03-18 05:00:00,-110.98045002177807
9927,2024-03-18 06:00:00,-122.37494043370427
9928,2024-03-18 07:00:00,-119.01450351983777
9929,2024-03-18 08:00:00,-90.43492112588353
9930,2024-03-18 09:00:00,-38.83944844187232
9931,2024-03-18 10:00:00,21.09920637320309
9932,2024-03-18 11:00:00,72.62170925180709
9933,2024-03-18 12:00:00,107.75565285067788
9934,2024-03-18 13:00:00,129.6392461687838
9935,2024-03-18 14:00:00,146.04204320106777
9936,2024-03-18 15:00:00,161.69395621818578
9937,2024-03-18 16:00:00,176.54004273727088
9938,2024-03-18 17:00:00,189.590269484311
9939,2024-03-18 18:00:00,201.95622680738435
9940,2024-03-18 19:00:00,214.37050806695342
9941,2024-03-18 20:00:00,221.84188964852353
9942,2024-03-18 21:00:00,212.79087484214412
9943,2024-03-18 22:00:00,176.37095659354458
9944,2024-03-18 23:00:00,112.90491309766807
9945,2024-03-19 00:00:00,37.553972751381565
9946,2024-03-19 01:00:00,-27.791649607394504
9947,2024-03-19 02:00:00,-68.75484493557363
9948,2024-03-19 03:00:00,-86.90711505743855
9949,2024-03-19 04:00:00,-95.04348402433234
9950,2024-03-19 05:00:00,-103.60670470739834
9951,2024-03-19 06:00:00,-110.51973139008456
9952,2024-03-19 07:00:00,-103.41568446953767
9953,2024-03-19 08:00:00,-71.81371679308577
9954,2024-03-19 09:00:00,-17.89259302909079
9955,2024-03-19 10:00:00,43.70673960710286
9956,2024-03-19 11:00:00,96.26331015211427
9957,2024-03-19 12:00:00,131.84894090397188
9958,2024-03-19 13:00:00,153.6511446122637
9959,2024-03-19 14:00:00,169.49301506594094
9960,2024-03-19 15:00:00,184.1613682954452
9961,2024-03-19 16:00:00,197.66063542108728
9962,2024-03-19 17:00:00,209.06172250353933
9963,2024-03-19 18:00:00,219.53782301580605
9964,2024-03-19 19:00:00,229.88290934511286
9965,2024-03-19 20:00:00,235.16605066192568
9966,2024-03-19 21:00:00,223.86613153809557
9967,2024-03-19 22:00:00,185.19233690864127
9968,2024-03-19 23:00:00,119.5197272088472
9969,2024-03-20 00:00:00,42.057749132346146
9970,2024-03-20 01:00:00,-25.259807956629857
9971,2024-03-20 02:00:00,-68.01740285466039
9972,2024-03-20 03:00:00,-87.75365916318447
9973,2024-03-20 04:00:00,-97.2365965477803
9974,2024-03-20 05:00:00,-106.88806237538174
9975,2024-03-20 06:00:00,-114.61633245459555
9976,2024-03-20 07:00:00,-108.04610638667427
9977,2024-03-20 08:00:00,-76.69430772669173
9978,2024-03-20 09:00:00,-22.743502416580355
9979,2024-03-20 10:00:00,39.15578293161133
9980,2024-03-20 11:00:00,92.26755919182672
9981,2024-03-20 12:00:00,128.6436122530263
9982,2024-03-20 13:00:00,151.44689516155063
9983,2024-03-20 14:00:00,168.47198016538937
9984,2024-03-20 15:00:00,184.47381923157684
9985,2024-03-20 16:00:00,199.4223045462764
9986,2024-03-20 17:00:00,212.35183425734934
9987,2024-03-20 18:00:00,224.39785839185242
9988,2024-03-20 19:00:00,236.31612040393514
9989,2024-03-20 20:00:00,243.13773044676455
9990,2024-03-20 21:00:00,233.30463348818768
9991,2024-03-20 22:00:00,195.99082666498037
9992,2024-03-20 23:00:00,131.53863876922463
9993,2024-03-21 00:00:00,55.1279067629774
9994,2024-03-21 01:00:00,-11.333450706207827
9995,2024-03-21 02:00:00,-53.45146501037905
9996,2024-03-21 03:00:00,-72.78154162778586
9997,2024-03-21 04:00:00,-82.10327306088664
9998,2024-03-21 05:00:00,-91.84453300751198
9999,2024-03-21 06:00:00,-99.91382602249342
10000,2024-03-21 07:00:00,-93.93012254745307
10001,2024-03-21 08:00:00,-63.398592623087836
10002,2024-03-21 09:00:00,-10.484053531798907
10003,2024-03-21 10:00:00,50.18658651432881
10004,2024-03-21 11:00:00,101.90660578166097
10005,2024-03-21 12:00:00,136.76239264325312
10006,2024-03-21 13:00:00,157.95643404913415
10007,2024-03-21 14:00:00,173.3272789305586
10008,2024-03-21 15:00:00,187.6777309788881
10009,2024-03-21 16:00:00,201.028769395455
10010,2024-03-21 17:00:00,212.46841094430644
10011,2024-03-21 18:00:00,223.18749729755527
10012,2024-03-21 19:00:00,233.9981329944738
10013,2024-03-21 20:00:00,239.98792065482536
10014,2024-03-21 21:00:00,229.6545677136263
10015,2024-03-21 22:00:00,192.2262306323545
10016,2024-03-21 23:00:00,128.09692126498237
10017,2024-03-22 00:00:00,52.49482229855883
10018,2024-03-22 01:00:00,-12.627976443120076
10019,2024-03-22 02:00:00,-52.83831126370356
10020,2024-03-22 03:00:00,-69.65812323710338
10021,2024-03-22 04:00:00,-75.83996780688653
10022,2024-03-22 05:00:00,-81.79173751546949
10023,2024-03-22 06:00:00,-85.40956263999396
10024,2024-03-22 07:00:00,-74.30811106897872
10025,2024-03-22 08:00:00,-37.99669316319063
10026,2024-03-22 09:00:00,21.347019516485233
10027,2024-03-22 10:00:00,89.07438473198141
10028,2024-03-22 11:00:00,148.44801036975434
10029,2024-03-22 12:00:00,191.51473321234414
10030,2024-03-22 13:00:00,221.42877543473642
10031,2024-03-22 14:00:00,245.9719887046333
10032,2024-03-22 15:00:00,269.8824386213366
10033,2024-03-22 16:00:00,293.1088249793396
10034,2024-03-22 17:00:00,314.6599467517365
10035,2024-03-22 18:00:00,335.64118993259893
10036,2024-03-22 19:00:00,356.7737564643236
10037,2024-03-22 20:00:00,373.04977261056933
10038,2024-03-22 21:00:00,372.86784166303073
10039,2024-03-22 22:00:00,345.3543964986946
10040,2024-03-22 23:00:00,290.8001654874808
10041,2024-03-23 00:00:00,120.8248778084917
10042,2024-03-23 01:00:00,64.28696019634484
10043,2024-03-23 02:00:00,32.01358971488267
10044,2024-03-23 03:00:00,22.384489336870075
10045,2024-03-23 04:00:00,22.552835383813374
10046,2024-03-23 05:00:00,22.02163403936524
10047,2024-03-23 06:00:00,22.811880160041852
10048,2024-03-23 07:00:00,37.23326423194388
10049,2024-03-23 08:00:00,75.70900942492
10050,2024-03-23 09:00:00,136.00301823079175
10051,2024-03-23 10:00:00,203.41804102837597
10052,2024-03-23 11:00:00,261.178577726708
10053,2024-03-23 12:00:00,301.3044314355684
10054,2024-03-23 13:00:00,326.93432633939113
10055,2024-03-23 14:00:00,345.8464933710304
10056,2024-03-23 15:00:00,362.7874715132322
10057,2024-03-23 16:00:00,377.72661673509117
10058,2024-03-23 17:00:00,389.70552546114334
10059,2024-03-23 18:00:00,399.87435023461603
10060,2024-03-23 19:00:00,409.0107268437886
10061,2024-03-23 20:00:00,412.17445383986455
10062,2024-03-23 21:00:00,397.8424933502498
10063,2024-03-23 22:00:00,355.22965426566327
10064,2024-03-23 23:00:00,284.72427812397217
10065,2024-03-24 00:00:00,201.55677074447908
10066,2024-03-24 01:00:00,127.68948833281995
10067,2024-03-24 02:00:00,77.5739850023084
10068,2024-03-24 03:00:00,49.714844118393756
10069,2024-03-24 04:00:00,31.39410681190239
10070,2024-03-24 05:00:00,12.246415092230393
10071,2024-03-24 06:00:00,-5.574094804975374
10072,2024-03-24 07:00:00,-9.624368996817282
10073,2024-03-24 08:00:00,10.651113644844855
10074,2024-03-24 09:00:00,53.14621106335488
10075,2024-03-24 10:00:00,103.29003399019952
10076,2024-03-24 11:00:00,144.42863336177425
10077,2024-03-24 12:00:00,168.6973915066622
10078,2024-03-24 13:00:00,179.34354215225548
10079,2024-03-24 14:00:00,184.24573479719936
10080,2024-03-24 15:00:00,188.24190251774547
10081,2024-03-24 16:00:00,191.38293529576737
10082,2024-03-24 17:00:00,192.78137476331878
10083,2024-03-24 18:00:00,193.6471157221038
10084,2024-03-24 19:00:00,194.80584012915426
10085,2024-03-24 20:00:00,191.3533294138932
10086,2024-03-24 21:00:00,171.79022754168562
10087,2024-03-24 22:00:00,125.34261790068513
10088,2024-03-24 23:00:00,52.39773477639102
10089,2024-03-25 00:00:00,71.6773602284305
10090,2024-03-25 01:00:00,-1.8908403219000434
10091,2024-03-25 02:00:00,-50.38740887251717
10092,2024-03-25 03:00:00,-75.35557108019191
10093,2024-03-25 04:00:00,-89.571459430663
10094,2024-03-25 05:00:00,-103.46822683062518
10095,2024-03-25 06:00:00,-114.9683154017219
10096,2024-03-25 07:00:00,-111.7131109978672
10097,2024-03-25 08:00:00,-83.23839853266296
10098,2024-03-25 09:00:00,-31.747436341615668
10099,2024-03-25 10:00:00,28.087064195572225
10100,2024-03-25 11:00:00,79.50576572050244
10101,2024-03-25 12:00:00,114.53625751892316
10102,2024-03-25 13:00:00,136.31674515191986
10103,2024-03-25 14:00:00,152.6167791044465
10104,2024-03-25 15:00:00,168.16626806899868
10105,2024-03-25 16:00:00,182.91026591232108
10106,2024-03-25 17:00:00,195.85873564728516
10107,2024-03-25 18:00:00,208.1232638426517
10108,2024-03-25 19:00:00,220.43644001104155
10109,2024-03-25 20:00:00,227.8070366295678
10110,2024-03-25 21:00:00,218.65555301943797
10111,2024-03-25 22:00:00,182.13547809376908
10112,2024-03-25 23:00:00,118.5695859542871
10113,2024-03-26 00:00:00,43.119100851025024
10114,2024-03-26 01:00:00,-22.32576658580794
10115,2024-03-26 02:00:00,-63.38791157579274
10116,2024-03-26 03:00:00,-81.63884026136265
10117,2024-03-26 04:00:00,-89.8735810604347
10118,2024-03-26 05:00:00,-98.53489127113005
10119,2024-03-26 06:00:00,-105.54572964621832
10120,2024-03-26 07:00:00,-98.53922110542058
10121,2024-03-26 08:00:00,-67.03452306508692
10122,2024-03-26 09:00:00,-13.210404812576257
10123,2024-03-26 10:00:00,48.29218177613575
10124,2024-03-26 11:00:00,100.7522610335451
10125,2024-03-26 12:00:00,136.2416505073149
10126,2024-03-26 13:00:00,157.94785815818676
10127,2024-03-26 14:00:00,173.69397294582856
10128,2024-03-26 15:00:00,188.26680603395658
10129,2024-03-26 16:00:00,201.6707836338833
10130,2024-03-26 17:00:00,212.97680686900196
10131,2024-03-26 18:00:00,223.35806423542755
10132,2024-03-26 19:00:00,233.6085231117595
10133,2024-03-26 20:00:00,238.79724762808235
10134,2024-03-26 21:00:00,227.40311728613875
10135,2024-03-26 22:00:00,188.63531192217818
10136,2024-03-26 23:00:00,122.86888684126555
10137,2024-03-27 00:00:00,45.31328358736948
10138,2024-03-27 01:00:00,-22.09771365458741
10139,2024-03-27 02:00:00,-64.94856888291113
10140,2024-03-27 03:00:00,-84.77791092324492
10141,2024-03-27 04:00:00,-94.35376468247401
10142,2024-03-27 05:00:00,-104.09798279318633
10143,2024-03-27 06:00:00,-111.91884634506863
10144,2024-03-27 07:00:00,-105.44106023548673
10145,2024-03-27 08:00:00,-74.18155333240333
10146,2024-03-27 09:00:00,-20.322896907405408
10147,2024-03-27 10:00:00,41.4843770983681
10148,2024-03-27 11:00:00,94.50427420274596
10149,2024-03-27 12:00:00,130.78857493567875
10150,2024-03-27 13:00:00,153.50022697934986
10151,2024-03-27 14:00:00,170.43379720980954
10152,2024-03-27 15:00:00,186.34423221353381
10153,2024-03-27 16:00:00,201.20141879573055
10154,2024-03-27 17:00:00,214.03974971919428
10155,2024-03-27 18:00:00,225.99466962726655
10156,2024-03-27 19:00:00,237.8219165859082
10157,2024-03-27 20:00:00,244.5525953695253
10158,2024-03-27 21:00:00,234.62864556221433
10159,2024-03-27 22:00:00,197.22405892678174
10160,2024-03-27 23:00:00,132.68115888606664
10161,2024-03-28 00:00:00,56.179777040170734
10162,2024-03-28 01:00:00,-10.372173316924659
10163,2024-03-28 02:00:00,-52.58072890052205
10164,2024-03-28 03:00:00,-72.00130052038023
10165,2024-03-28 04:00:00,-81.4134859979034
10166,2024-03-28 05:00:00,-91.2451643349716
10167,2024-03-28 06:00:00,-99.40484537586775
10168,2024-03-28 07:00:00,-93.51150483211913
10169,2024-03-28 08:00:00,-63.070318001058354
10170,2024-03-28 09:00:00,-10.246107396079793
10171,2024-03-28 10:00:00,50.334213557051925
10172,2024-03-28 11:00:00,101.96391793449614
10173,2024-03-28 12:00:00,136.72938894241784
10174,2024-03-28 13:00:00,157.83310839101534
10175,2024-03-28 14:00:00,173.11362009526627
10176,2024-03-28 15:00:00,187.3737226613519
10177,2024-03-28 16:00:00,200.6343902311401
10178,2024-03-28 17:00:00,211.983634541517
10179,2024-03-28 18:00:00,222.61229226928825
10180,2024-03-28 19:00:00,233.3324629897683
10181,2024-03-28 20:00:00,239.23174439689384
10182,2024-03-28 21:00:00,228.80783903065344
10183,2024-03-28 22:00:00,191.28889849762749
10184,2024-03-28 23:00:00,127.06892983444484
10185,2024-03-29 00:00:00,51.37611095158371
10186,2024-03-29 01:00:00,-13.83747306689881
10187,2024-03-29 02:00:00,-54.13866321735483
10188,2024-03-29 03:00:00,-71.04940522750371
10189,2024-03-29 04:00:00,-77.32225914767292
10190,2024-03-29 05:00:00,-83.3651220810421
10191,2024-03-29 06:00:00,-87.07412882121241
10192,2024-03-29 07:00:00,-76.06395171983411
10193,2024-03-29 08:00:00,-39.8439055586953
10194,2024-03-29 09:00:00,19.4083337384331
10195,2024-03-29 10:00:00,87.04411961771348
10196,2024-03-29 11:00:00,146.3260557041218
10197,2024-03-29 12:00:00,189.30097457275326
10198,2024-03-29 13:00:00,219.12309424801745
10199,2024-03-29 14:00:00,243.57426230126737
10200,2024-03-29 15:00:00,267.3925402946504
10201,2024-03-29 16:00:00,290.52662404392805
10202,2024-03-29 17:00:00,311.98530860279317
10203,2024-03-29 18:00:00,332.87397610888615
10204,2024-03-29 19:00:00,353.91382470635807
10205,2024-03-29 20:00:00,370.09697692959924
10206,2024-03-29 21:00:00,369.822032400891
10207,2024-03-29 22:00:00,342.2154203951348
10208,2024-03-29 23:00:00,287.56786575076
10209,2024-03-30 00:00:00,117.49909416686725
10210,2024-03-30 01:00:00,60.86752898873496
10211,2024-03-30 02:00:00,28.500343946064532
10212,2024-03-30 03:00:00,18.777258755791195
10213,2024-03-30 04:00:00,18.851446547604723
10214,2024-03-30 05:00:00,18.22591039180591
10215,2024-03-30 06:00:00,18.921642103773195
10216,2024-03-30 07:00:00,33.24832920402133
10217,2024-03-30 08:00:00,71.62919196842361
10218,2024-03-30 09:00:00,131.82813007708899
10219,2024-03-30 10:00:00,199.1478911685424
10220,2024-03-30 11:00:00,256.8129725028192
10221,2024-03-30 12:00:00,296.8431745998268
10222,2024-03-30 13:00:00,322.3772191491736
10223,2024-03-30 14:00:00,341.1933346671341
10224,2024-03-30 15:00:00,358.03805779802803
10225,2024-03-30 16:00:00,372.8807422614147
10226,2024-03-30 17:00:00,384.7629823105331
10227,2024-03-30 18:00:00,394.8349284052357
10228,2024-03-30 19:00:00,403.8742143342131
10229,2024-03-30 20:00:00,406.9406367357708
10230,2024-03-30 21:00:00,392.51115591193434
10231,2024-03-30 22:00:00,349.8005790140261
10232,2024-03-30 23:00:00,279.19724593185344
10233,2024-03-31 00:00:00,195.93156092400693
10234,2024-03-31 01:00:00,121.9658787256881
10235,2024-03-31 02:00:00,71.75175206984659
10236,2024-03-31 04:00:00,25.373951555789063
10237,2024-03-31 05:00:00,6.126958538425413
10238,2024-03-31 06:00:00,-11.793080792192285
10239,2024-03-31 07:00:00,-15.943113467685635
10240,2024-03-31 08:00:00,4.2323808183025164
10241,2024-03-31 09:00:00,46.627259285239745
10242,2024-03-31 10:00:00,96.67063203470795
10243,2024-03-31 11:00:00,137.70854946962748
10244,2024-03-31 12:00:00,161.87639348309582
10245,2024-03-31 13:00:00,172.4213974646292
10246,2024-03-31 14:00:00,177.22221067444136
10247,2024-03-31 15:00:00,181.11676604357208
10248,2024-03-31 16:00:00,184.15595351862152
10249,2024-03-31 17:00:00,185.45231478503942
10250,2024-03-31 18:00:00,186.21574480369526
10251,2024-03-31 19:00:00,187.27192578995462
10252,2024-03-31 20:00:00,183.7166395348213
10253,2024-03-31 21:00:00,164.05053046528096
10254,2024-03-31 22:00:00,117.49968253209278
10255,2024-03-31 23:00:00,44.45133068822514
10256,2024-04-01 00:00:00,63.627257761777486
10257,2024-04-01 01:00:00,-10.044869953980225
10258,2024-04-01 02:00:00,-58.64559348275989
10259,2024-04-01 03:00:00,-83.71813739885306
10260,2024-04-01 04:00:00,-98.03863300856025
10261,2024-04-01 05:00:00,-112.04023192762656
10262,2024-04-01 06:00:00,-123.64537488682825
10263,2024-04-01 07:00:00,-120.49544624185688
10264,2024-04-01 08:00:00,-92.12622930376162
10265,2024-04-01 09:00:00,-40.74098070031087
10266,2024-04-01 10:00:00,18.987590004096006
10267,2024-04-01 11:00:00,70.30014736887492
10268,2024-04-01 12:00:00,105.22428270606684
10269,2024-04-01 13:00:00,126.89820370878147
10270,2024-04-01 14:00:00,143.09146310160332
10271,2024-04-01 15:00:00,158.5339719183338
10272,2024-04-01 16:00:00,173.17078648019006
10273,2024-04-01 17:00:00,186.01187235607148
10274,2024-04-01 18:00:00,198.1688187804933
10275,2024-04-01 19:00:00,210.37421803691925
10276,2024-04-01 20:00:00,217.63684548044367
10277,2024-04-01 21:00:00,208.37720341860503
10278,2024-04-01 22:00:00,171.74878385513242
10279,2024-04-01 23:00:00,108.07436409284543
10280,2024-04-02 00:00:00,32.51517168849324
10281,2024-04-02 01:00:00,-33.038579324865566
10282,2024-04-02 02:00:00,-74.20978063633268
10283,2024-04-02 03:00:00,-92.5699347665159
10284,2024-04-02 04:00:00,-100.91406640118643
10285,2024-04-02 05:00:00,-109.68492899877404
10286,2024-04-02 06:00:00,-116.8054773664374
10287,2024-04-02 07:00:00,-109.90883237544776
10288,2024-04-02 08:00:00,-78.51414728147842
10289,2024-04-02 09:00:00,-24.800187110045187
10290,2024-04-02 10:00:00,36.59210063145915
10291,2024-04-02 11:00:00,88.94174474900592
10292,2024-04-02 12:00:00,124.32056737147101
10293,2024-04-02 13:00:00,145.9160811427412
10294,2024-04-02 14:00:00,161.55137980989053
10295,2024-04-02 15:00:00,176.0132794318351
10296,2024-04-02 16:00:00,189.30621121646448
10297,2024-04-02 17:00:00,200.50108138802935
10298,2024-04-02 18:00:00,210.771083645942
10299,2024-04-02 19:00:00,220.91019067843035
10300,2024-04-02 20:00:00,225.98747202291486
10301,2024-04-02 21:00:00,214.4818126945972
10302,2024-04-02 22:00:00,175.60239814370274
10303,2024-04-02 23:00:00,109.7242893919874
10304,2024-04-03 00:00:00,32.056933796688554
10305,2024-04-03 01:00:00,-35.46587853725123
10306,2024-04-03 02:00:00,-78.42860559142085
10307,2024-04-03 03:00:00,-98.36987007625928
10308,2024-04-03 04:00:00,-108.05769068247434
10309,2024-04-03 05:00:00,-117.91391372807132
10310,2024-04-03 06:00:00,-125.84681389020994
10311,2024-04-03 07:00:00,-119.48108955868545
10312,2024-04-03 08:00:00,-88.3336629922845
10313,2024-04-03 09:00:00,-34.58709876091527
10314,2024-04-03 10:00:00,27.108077992396943
10315,2024-04-03 11:00:00,80.01587967786224
10316,2024-04-03 12:00:00,116.18809381660726
10317,2024-04-03 13:00:00,138.78767516915855
10318,2024-04-03 14:00:00,155.6091977871319
10319,2024-04-03 15:00:00,171.4076155246729
10320,2024-04-03 16:00:00,186.15282254465484
10321,2024-04-03 17:00:00,198.8792190616532
10322,2024-04-03 18:00:00,210.7222572555627
10323,2024-04-03 19:00:00,222.43768282590383
10324,2024-04-03 20:00:00,229.05660826146186
10325,2024-04-03 21:00:00,219.02098095359173
10326,2024-04-03 22:00:00,181.50480055841535
10327,2024-04-03 23:00:00,116.85039847920659
10328,2024-04-04 00:00:00,40.237614378668326
10329,2024-04-04 01:00:00,-26.425630298284716
10330,2024-04-04 02:00:00,-68.74536403222535
10331,2024-04-04 03:00:00,-88.27698931900045
10332,2024-04-04 04:00:00,-97.80009558099377
10333,2024-04-04 05:00:00,-107.74255334049349
10334,2024-04-04 06:00:00,-116.01286388111899
10335,2024-04-04 07:00:00,-110.22999427816592
10336,2024-04-04 08:00:00,-79.89911110885598
10337,2024-04-04 09:00:00,-27.185028093233967
10338,2024-04-04 10:00:00,33.28535021385696
10339,2024-04-04 11:00:00,84.80530583389663
10340,2024-04-04 12:00:00,119.46123099696798
10341,2024-04-04 13:00:00,140.45561660498083
10342,2024-04-04 14:00:00,155.62701563908547
10343,2024-04-04 15:00:00,169.77823594502232
10344,2024-04-04 16:00:00,182.93026097221477
10345,2024-04-04 17:00:00,194.17111183401812
10346,2024-04-04 18:00:00,204.6916346539814
10347,2024-04-04 19:00:00,215.30393851998852
10348,2024-04-04 20:00:00,221.09563070194994
10349,2024-04-04 21:00:00,210.56442338684045
10350,2024-04-04 22:00:00,172.93847788268565
10351,2024-04-04 23:00:00,108.61181100005368
10352,2024-04-05 00:00:00,32.81261047835403
10353,2024-04-05 01:00:00,-32.50702870417604
10354,2024-04-05 02:00:00,-72.9139376040444
10355,2024-04-05 03:00:00,-89.93005193274482
10356,2024-04-05 04:00:00,-96.30792167721145
10357,2024-04-05 05:00:00,-102.45543382370178
10358,2024-04-05 06:00:00,-106.26871299084542
10359,2024-04-05 07:00:00,-95.36242130384551
10360,2024-04-05 08:00:00,-59.24586326578404
10361,2024-04-05 09:00:00,-0.09670447382382008
10362,2024-04-05 10:00:00,67.43641889651434
10363,2024-04-05 11:00:00,126.61612089777722
10364,2024-04-05 12:00:00,169.48924457426543
10365,2024-04-05 13:00:00,199.21001846861105
10366,2024-04-05 14:00:00,223.56030071340234
10367,2024-04-05 15:00:00,247.27816347548196
10368,2024-04-05 16:00:00,270.3123132125056
10369,2024-04-05 17:00:00,291.6715556650793
10370,2024-04-05 18:00:00,312.46128369467914
10371,2024-04-05 19:00:00,333.4027062050362
10372,2024-04-05 20:00:00,349.4879565271616
10373,2024-04-05 21:00:00,349.1156451140185
10374,2024-04-05 22:00:00,321.41221210439085
10375,2024-04-05 23:00:00,266.66839323032167
10376,2024-04-06 00:00:00,96.50392511902967
10377,2024-04-06 01:00:00,39.77724206930401
10378,2024-04-06 02:00:00,7.315528794157416
10379,2024-04-06 03:00:00,-2.501483988643571
10380,2024-04-06 04:00:00,-2.520612107547862
10381,2024-04-06 05:00:00,-3.2388414437984068
10382,2024-04-06 06:00:00,-2.635169101668538
10383,2024-04-06 07:00:00,11.6001035353857
10384,2024-04-06 08:00:00,49.89020785891904
10385,2024-04-06 09:00:00,109.99905468118101
10386,2024-04-06 10:00:00,177.2294027887882
10387,2024-04-06 11:00:00,234.80576060782738
10388,2024-04-06 12:00:00,274.74793982999785
10389,2024-04-06 13:00:00,300.1946733330459
10390,2024-04-06 14:00:00,318.92420082982085
10391,2024-04-06 15:00:00,335.68307017034874
10392,2024-04-06 16:00:00,350.44064628254233
10393,2024-04-06 17:00:00,362.23853463899945
10394,2024-04-06 18:00:00,372.22689691854555
10395,2024-04-06 19:00:00,381.18337813203004
10396,2024-04-06 20:00:00,384.16778614010616
10397,2024-04-06 21:00:00,369.65709246770854
10398,2024-04-06 22:00:00,326.86611548550763
10399,2024-04-06 23:00:00,256.1832062956667
10400,2024-04-07 00:00:00,172.83878036963097
10401,2024-04-07 01:00:00,98.79520364371453
10402,2024-04-07 02:00:00,48.504040044581814
10403,2024-04-07 03:00:00,20.46988283305501
10404,2024-04-07 04:00:00,1.9747831154931248
10405,2024-04-07 05:00:00,-17.346607044700107
10406,2024-04-07 06:00:00,-35.340141278410755
10407,2024-04-07 07:00:00,-39.56275549162163
10408,2024-04-07 08:00:00,-19.458918269144505
10409,2024-04-07 09:00:00,22.865238694033536
10410,2024-04-07 10:00:00,72.83883656754747
10411,2024-04-07 11:00:00,113.80793679813644
10412,2024-04-07 12:00:00,137.90793230092748
10413,2024-04-07 13:00:00,148.38606745439142
10414,2024-04-07 14:00:00,153.1210024868532
10415,2024-04-07 15:00:00,156.9506812642457
10416,2024-04-07 16:00:00,159.92600463724722
10417,2024-04-07 17:00:00,161.15952516668384
10418,2024-04-07 18:00:00,161.86114865069572
10419,2024-04-07 19:00:00,162.85656810912639
10420,2024-04-07 20:00:00,159.2415760965688
10421,2024-04-07 21:00:00,139.51682776779253
10422,2024-04-07 22:00:00,92.90841776336651
10423,2024-04-07 23:00:00,19.80359167127503
10424,2024-04-08 00:00:00,38.92414293040869
10425,2024-04-08 01:00:00,-34.80225161462624
10426,2024-04-08 02:00:00,-83.45612247795904
10427,2024-04-08 03:00:00,-108.58068377369906
10428,2024-04-08 04:00:00,-122.95205639772911
10429,2024-04-08 05:00:00,-137.0033816064164
10430,2024-04-08 06:00:00,-148.6570898251742
10431,2024-04-08 07:00:00,-145.55455515679466
10432,2024-04-08 08:00:00,-117.23155071997337
10433,2024-04-08 09:00:00,-65.89132300329283
10434,2024-04-08 10:00:00,-6.206571494169481
10435,2024-04-08 11:00:00,45.06337838396081
10436,2024-04-08 12:00:00,79.94612789601263
10437,2024-04-08 13:00:00,101.57989462793898
10438,2024-04-08 14:00:00,117.73424112666473
10439,2024-04-08 15:00:00,133.13908818525948
10440,2024-04-08 16:00:00,147.73950181323278
10441,2024-04-08 17:00:00,160.5454571974706
10442,2024-04-08 18:00:00,172.6685531208608
10443,2024-04-08 19:00:00,184.84139133750102
10444,2024-04-08 20:00:00,192.07275660538693
10445,2024-04-08 21:00:00,182.78316055076266
10446,2024-04-08 22:00:00,146.12610442340932
10447,2024-04-08 23:00:00,82.42437469482255
10448,2024-04-09 00:00:00,6.8392079967532595
10449,2024-04-09 01:00:00,-58.73917262718007
10450,2024-04-09 02:00:00,-99.9336499499895
10451,2024-04-09 03:00:00,-118.31571765946836
10452,2024-04-09 04:00:00,-126.68039169662009
10453,2024-04-09 05:00:00,-135.47041685983484
10454,2024-04-09 06:00:00,-142.60873938990653
10455,2024-04-09 07:00:00,-135.72847167883563
10456,2024-04-09 08:00:00,-104.3487586000048
10457,2024-04-09 09:00:00,-50.6483568868187
10458,2024-04-09 10:00:00,10.731794147628875
10459,2024-04-09 11:00:00,63.07073140721087
10460,2024-04-09 12:00:00,98.44028502105644
10461,2024-04-09 13:00:00,120.02797553343399
10462,2024-04-09 14:00:00,135.65690449049714
10463,2024-04-09 15:00:00,150.11389564796735
10464,2024-04-09 16:00:00,163.40338780666303
10465,2024-04-09 17:00:00,174.5962946781904
10466,2024-04-09 18:00:00,184.8658173435441
10467,2024-04-09 19:00:00,195.0059357627079
10468,2024-04-09 20:00:00,200.08572663975735
10469,2024-04-09 21:00:00,188.58408204094297
10470,2024-04-09 22:00:00,149.7101943590401
10471,2024-04-09 23:00:00,83.8391314445382
10472,2024-04-10 00:00:00,6.180347368912237
10473,2024-04-10 01:00:00,-61.33236116634001
10474,2024-04-10 02:00:00,-104.28344566013067
10475,2024-04-10 03:00:00,-124.21152246054382
10476,2024-04-10 04:00:00,-133.88460401504375
10477,2024-04-10 05:00:00,-143.72453051847384
10478,2024-04-10 06:00:00,-151.63957064839505
10479,2024-04-10 07:00:00,-145.25441691488942
10480,2024-04-10 08:00:00,-114.08598582943111
10481,2024-04-10 09:00:00,-60.31683632469509
10482,2024-04-10 10:00:00,1.4025119488681241
10483,2024-04-10 11:00:00,54.33607677629462
10484,2024-04-10 12:00:00,90.53565092089119
10485,2024-04-10 13:00:00,113.16419426198553
10486,2024-04-10 14:00:00,130.0162858289184
10487,2024-04-10 15:00:00,145.84688432481644
10488,2024-04-10 16:00:00,160.62588863118762
10489,2024-04-10 17:00:00,173.38770354335733
10490,2024-04-10 18:00:00,185.2677856864818
10491,2024-04-10 19:00:00,197.02188506843203
10492,2024-04-10 20:00:00,203.68111835148144
10493,2024-04-10 21:00:00,193.6874369573506
10494,2024-04-10 22:00:00,156.2148444350712
10495,2024-04-10 23:00:00,91.60567594034504
10496,2024-04-11 00:00:00,15.039774745698509
10497,2024-04-11 01:00:00,-51.574934236964225
10498,2024-04-11 02:00:00,-93.8444761662854
10499,2024-04-11 03:00:00,-113.32425035574835
10500,2024-04-11 04:00:00,-122.7938431988486
10501,2024-04-11 05:00:00,-132.68112232812925
10502,2024-04-11 06:00:00,-140.89458628987325
10503,2024-04-11 07:00:00,-135.05319956755343
10504,2024-04-11 08:00:00,-104.66212629669607
10505,2024-04-11 09:00:00,-51.88617790586764
10506,2024-04-11 10:00:00,8.647743192046562
10507,2024-04-11 11:00:00,60.23292100670693
10508,2024-04-11 12:00:00,94.95574960566111
10509,2024-04-11 13:00:00,116.0187215747495
10510,2024-04-11 14:00:00,131.260391426382
10511,2024-04-11 15:00:00,145.48356837786469
10512,2024-04-11 16:00:00,158.7092371028461
10513,2024-04-11 17:00:00,170.0254197749016
10514,2024-04-11 18:00:00,180.62296342627533
10515,2024-04-11 19:00:00,191.3139778934552
10516,2024-04-11 20:00:00,197.18607103748877
10517,2024-04-11 21:00:00,186.73695547840748
10518,2024-04-11 22:00:00,149.19479279554133
10519,2024-04-11 23:00:00,84.95359991414236
10520,2024-04-12 00:00:00,9.241564530343481
10521,2024-04-12 01:00:00,-55.98921860037731
10522,2024-04-12 02:00:00,-96.30558089249303
10523,2024-04-12 03:00:00,-113.22945859261588
10524,2024-04-12 04:00:00,-119.51340238611868
10525,2024-04-12 05:00:00,-125.56530011627214
10526,2024-04-12 06:00:00,-129.28127742513723
10527,2024-04-12 07:00:00,-118.2759976244262
10528,2024-04-12 08:00:00,-82.05876656869131
10529,2024-04-12 09:00:00,-22.807251372394262
10530,2024-04-12 10:00:00,44.82991010767054
10531,2024-04-12 11:00:00,104.11533007508763
10532,2024-04-12 12:00:00,147.0958495602943
10533,2024-04-12 13:00:00,176.9256949252217
10534,2024-04-12 14:00:00,201.38672195502286
10535,2024-04-12 15:00:00,225.21700030036658
10536,2024-04-12 16:00:00,248.3652337389759
10537,2024-04-12 17:00:00,269.8402251597957
10538,2024-04-12 18:00:00,290.74736440546883
10539,2024-04-12 19:00:00,311.8078571935423
10540,2024-04-12 20:00:00,328.0138334998523
10541,2024-04-12 21:00:00,327.7639002542766
10542,2024-04-12 22:00:00,300.18449390246803
10543,2024-04-12 23:00:00,245.5663463157882
10544,2024-04-13 00:00:00,75.52919009072679
10545,2024-04-13 01:00:00,18.931455326086365
10546,2024-04-13 02:00:00,-13.399677635642178
10547,2024-04-13 03:00:00,-23.084482611515483
10548,2024-04-13 04:00:00,-22.969780143046023
10549,2024-04-13 05:00:00,-23.552560984315164
10550,2024-04-13 06:00:00,-22.811827290500815
10551,2024-04-13 07:00:00,-8.437885659145024
10552,2024-04-13 08:00:00,29.992489914766708
10553,2024-04-13 09:00:00,90.24320468435619
10554,2024-04-13 10:00:00,157.61701172213344
10555,2024-04-13 11:00:00,215.338413547922
10556,2024-04-13 12:00:00,255.42721579778458
10557,2024-04-13 13:00:00,281.02214511217807
10558,2024-04-13 14:00:00,299.9014348078736
10559,2024-04-13 15:00:00,316.8116261615896
10560,2024-04-13 16:00:00,331.7220773639494
10561,2024-04-13 17:00:00,343.6743869807335
10562,2024-04-13 18:00:00,353.8187096148966
10563,2024-04-13 19:00:00,362.9326830374162
10564,2024-04-13 20:00:00,366.07610769565093
10565,2024-04-13 21:00:00,351.72594753815565
10566,2024-04-13 22:00:00,309.09701319116834
10567,2024-04-13 23:00:00,238.57764784734584
10568,2024-04-14 00:00:00,155.39825889649848
10569,2024-04-14 01:00:00,81.52120403507558
10570,2024-04-14 02:00:00,31.398038779703484
10571,2024-04-14 03:00:00,3.5333478169656587
10572,2024-04-14 04:00:00,-14.790826485664667
10573,2024-04-14 05:00:00,-33.93984096777683
10574,2024-04-14 06:00:00,-51.759558325606434
10575,2024-04-14 07:00:00,-55.80692369886273
10576,2024-04-14 08:00:00,-35.526415061822064
10577,2024-04-14 09:00:00,6.97582633449008
10578,2024-04-14 10:00:00,57.12891194249423
10579,2024-04-14 11:00:00,98.27889333006823
10580,2024-04-14 12:00:00,122.56115337640966
10581,2024-04-14 13:00:00,133.22292625980077
10582,2024-04-14 14:00:00,138.1428618496589
10583,2024-04-14 15:00:00,142.15889349872262
10584,2024-04-14 16:00:00,145.32191138149466
10585,2024-04-14 17:00:00,146.74445722771057
10586,2024-04-14 18:00:00,147.63642584614632
10587,2024-04-14 19:00:00,148.82349911549534
10588,2024-04-14 20:00:00,145.401458288544
10589,2024-04-14 21:00:00,125.87094706771352
10590,2024-04-14 22:00:00,79.45804848767474
10591,2024-04-14 23:00:00,6.549996375574324
10592,2024-04-15 00:00:00,25.86857225845344
10593,2024-04-15 01:00:00,-47.65855907647875
10594,2024-04-15 02:00:00,-96.11194036647211
10595,2024-04-15 03:00:00,-121.03479807835345
10596,2024-04-15 04:00:00,-135.20326562142242
10597,2024-04-15 05:00:00,-149.05049690975278
10598,2024-04-15 06:00:00,-160.49893517192382
10599,2024-04-15 07:00:00,-157.18996746296807
10600,2024-04-15 08:00:00,-128.65937999318984
10601,2024-04-15 09:00:00,-77.11043249069405
10602,2024-04-15 10:00:00,-17.215837823235262
10603,2024-04-15 11:00:00,34.26506506201375
10604,2024-04-15 12:00:00,69.359863772208
10605,2024-04-15 13:00:00,91.20676208753244
10606,2024-04-15 14:00:00,107.57530861578917
10607,2024-04-15 15:00:00,123.19541007297384
10608,2024-04-15 16:00:00,138.01211825524916
10609,2024-04-15 17:00:00,151.03539400113027
10610,2024-04-15 18:00:00,163.37682161025242
10611,2024-04-15 19:00:00,175.76898822549884
10612,2024-04-15 20:00:00,183.2206638554105
10613,2024-04-15 21:00:00,174.15234525141292
10614,2024-04-15 22:00:00,137.71751865840412
10615,2024-04-15 23:00:00,74.2389554163239
10616,2024-04-16 00:00:00,-1.122123104884281
10617,2024-04-16 01:00:00,-66.47550924332879
10618,2024-04-16 02:00:00,-107.44410127999112
10619,2024-04-16 03:00:00,-125.59940853438107
10620,2024-04-16 04:00:00,-133.7364626987231
10621,2024-04-16 05:00:00,-142.29802444276586
10622,2024-04-16 06:00:00,-149.20705599646547
10623,2024-04-16 07:00:00,-142.09668585975675
10624,2024-04-16 08:00:00,-110.48607512625796
10625,2024-04-16 09:00:00,-56.553996869095556
10626,2024-04-16 10:00:00,5.058593147452655
10627,2024-04-16 11:00:00,57.63071527661759
10628,2024-04-16 12:00:00,93.23418296602406
10629,2024-04-16 13:00:00,115.05649998456991
10630,2024-04-16 14:00:00,130.92075099272074
10631,2024-04-16 15:00:00,145.61374275581784
10632,2024-04-16 16:00:00,159.1398969757774
10633,2024-04-16 17:00:00,170.57011017009484
10634,2024-04-16 18:00:00,181.07756612063946
10635,2024-04-16 19:00:00,191.45622738944323
10636,2024-04-16 20:00:00,196.7751531851327
10637,2024-04-16 21:00:00,185.51321798366806
10638,2024-04-16 22:00:00,146.87959649279207
10639,2024-04-16 23:00:00,81.24933878149432
10640,2024-04-17 00:00:00,3.831881055397929
10641,2024-04-17 01:00:00,-63.43899794425349
10642,2024-04-17 02:00:00,-106.14776776340196
10643,2024-04-17 03:00:00,-125.83306288403756
10644,2024-04-17 04:00:00,-135.26291396832573
10645,2024-04-17 05:00:00,-144.859179513889
10646,2024-04-17 06:00:00,-152.53014657836619
10647,2024-04-17 07:00:00,-145.90052613213064
10648,2024-04-17 08:00:00,-114.48725322429226
10649,2024-04-17 09:00:00,-60.47290540264987
10650,2024-04-17 10:00:00,1.4919789944437412
10651,2024-04-17 11:00:00,54.67139899208473
10652,2024-04-17 12:00:00,91.11712852810254
10653,2024-04-17 13:00:00,113.99210857535479
10654,2024-04-17 14:00:00,131.09089920018005
10655,2024-04-17 15:00:00,147.16844007498239
10656,2024-04-17 16:00:00,162.19461098632883
10657,2024-04-17 17:00:00,175.20379757414779
10658,2024-04-17 18:00:00,187.3314372487416
10659,2024-04-17 19:00:00,199.3332607447151
10660,2024-04-17 20:00:00,206.24036539564477
10661,2024-04-17 21:00:00,196.49468324283268
10662,2024-04-17 22:00:00,159.27019839997857
10663,2024-04-17 23:00:00,94.90922653680875
10664,2024-04-18 00:00:00,18.591591395880926
10665,2024-04-18 01:00:00,-47.77480169049093
10666,2024-04-18 02:00:00,-89.79599750379009
10667,2024-04-18 03:00:00,-109.02741502486299
10668,2024-04-18 04:00:00,-118.24866034911659
10669,2024-04-18 05:00:00,-127.88762085686827
10670,2024-04-18 06:00:00,-135.85281487332458
10671,2024-04-18 07:00:00,-129.7632266972362
10672,2024-04-18 08:00:00,-99.12404031151422
10673,2024-04-18 09:00:00,-46.10008702427598
10674,2024-04-18 10:00:00,14.681710844865023
10675,2024-04-18 11:00:00,66.5146173746524
10676,2024-04-18 12:00:00,101.48500667184052
10677,2024-04-18 13:00:00,122.79535134297798
10678,2024-04-18 14:00:00,138.2841858994973
10679,2024-04-18 15:00:00,152.7542995409509
10680,2024-04-18 16:00:00,166.22665690112655
10681,2024-04-18 17:00:00,177.78926010713204
10682,2024-04-18 18:00:00,188.63293612722813
10683,2024-04-18 19:00:00,199.56977472485067
10684,2024-04-18 20:00:00,205.68736367986637
10685,2024-04-18 21:00:00,195.48339552476017
10686,2024-04-18 22:00:00,158.1860117489598
10687,2024-04-18 23:00:00,94.18920918043767
10688,2024-04-19 00:00:00,18.721155425213055
10689,2024-04-19 01:00:00,-46.26607485364249
10690,2024-04-19 02:00:00,-86.33933315786652
10691,2024-04-19 03:00:00,-103.0205758164555
10692,2024-04-19 04:00:00,-109.06237358718079
10693,2024-04-19 05:00:00,-114.87263437509537
10694,2024-04-19 06:00:00,-118.34750387376312
10695,2024-04-19 07:00:00,-107.1016654297836
10696,2024-04-19 08:00:00,-70.6444449133223
10697,2024-04-19 09:00:00,-11.153529442490509
10698,2024-04-19 10:00:00,56.722423147735554
10699,2024-04-19 11:00:00,116.24600510399515
10700,2024-04-19 12:00:00,159.46403752684716
10701,2024-04-19 13:00:00,189.53072687490794
10702,2024-04-19 14:00:00,214.22790905833259
10703,2024-04-19 15:00:00,238.29363388347164
10704,2024-04-19 16:00:00,261.6765853190422
10705,2024-04-19 17:00:00,283.3855464791631
10706,2024-04-19 18:00:00,304.5258874713401
10707,2024-04-19 19:00:00,325.81879431363643
10708,2024-04-19 20:00:00,342.2563773310748
10709,2024-04-19 21:00:00,342.2372238390003
10710,2024-04-19 22:00:00,314.887750719676
10711,2024-04-19 23:00:00,260.4986703279365
10712,2024-04-20 00:00:00,90.68969579429432
10713,2024-04-20 01:00:00,34.31923780266712
10714,2024-04-20 02:00:00,2.2144573366304883
10715,2024-04-20 03:00:00,-7.244938724265154
10716,2024-04-20 04:00:00,-6.9057901658812
10717,2024-04-20 05:00:00,-7.2651069258207315
10718,2024-04-20 06:00:00,-6.30191028000803
10719,2024-04-20 07:00:00,8.293474119359473
10720,2024-04-20 08:00:00,46.94425328556932
10721,2024-04-20 09:00:00,107.41431355383429
10722,2024-04-20 10:00:00,175.0063891476063
10723,2024-04-20 11:00:00,232.94496381088925
10724,2024-04-20 12:00:00,273.24982447576906
10725,2024-04-20 13:00:00,299.0596791681035
10726,2024-04-20 14:00:00,318.15274265283836
10727,2024-04-20 15:00:00,335.27553774690443
10728,2024-04-20 16:00:00,350.39740426113934
10729,2024-04-20 17:00:00,362.5599224689803
10730,2024-04-20 18:00:00,372.9132287663141
10731,2024-04-20 19:00:00,382.23494280567274
10732,2024-04-20 20:00:00,385.5848470126936
10733,2024-04-20 21:00:00,371.43988740075173
10734,2024-04-20 22:00:00,329.0148567610845
10735,2024-04-20 23:00:00,258.6980805472517
10736,2024-04-21 00:00:00,175.71994851112714
10737,2024-04-21 01:00:00,102.0428008089435
10738,2024-04-21 02:00:00,52.11817552431688
10739,2024-04-21 03:00:00,24.45064001435216
10740,2024-04-21 04:00:00,6.322219424506159
10741,2024-04-21 05:00:00,-12.632460196579018
10742,2024-04-21 06:00:00,-30.259278547986384
10743,2024-04-21 07:00:00,-34.115197654378875
10744,2024-04-21 08:00:00,-13.64471226752056
10745,2024-04-21 09:00:00,29.046019709175084
10746,2024-04-21 10:00:00,79.3860931895282
10747,2024-04-21 11:00:00,120.72154332506284
10748,2024-04-21 12:00:00,145.18773670068248
10749,2024-04-21 13:00:00,156.031891326498
10750,2024-04-21 14:00:00,161.13264102837914
10751,2024-04-21 15:00:00,165.3279032448118
10752,2024-04-21 16:00:00,168.6685523657585
10753,2024-04-21 17:00:00,170.26711446829216
10754,2024-04-21 18:00:00,171.33346884254462
10755,2024-04-21 19:00:00,172.693281981568
10756,2024-04-21 20:00:00,169.44231989473633
10757,2024-04-21 21:00:00,150.0812111785011
10758,2024-04-21 22:00:00,103.83602389498219
10759,2024-04-21 23:00:00,31.093977054634763
10760,2024-04-22 00:00:00,50.57683750310764
10761,2024-04-22 01:00:00,-22.787744505580008
10762,2024-04-22 02:00:00,-71.08032609511963
10763,2024-04-22 03:00:00,-95.8441479649168
10764,2024-04-22 04:00:00,-109.85535761279965
10765,2024-04-22 05:00:00,-123.54712288080964
10766,2024-04-22 06:00:00,-134.84190077752453
10767,2024-04-22 07:00:00,-131.3810919775284
10768,2024-04-22 08:00:00,-102.70049615450799
10769,2024-04-22 09:00:00,-51.003386340184534
10770,2024-04-22 10:00:00,9.03751145640058
10771,2024-04-22 11:00:00,60.66284530635582
10772,2024-04-22 12:00:00,95.90019000187621
10773,2024-04-22 13:00:00,117.88773667341388
10774,2024-04-22 14:00:00,134.39502144701987
10775,2024-04-22 15:00:00,150.15193872339518
10776,2024-04-22 16:00:00,165.1035281573859
10777,2024-04-22 17:00:00,178.25973861503314
10778,2024-04-22 18:00:00,190.73214259861942
10779,2024-04-22 19:00:00,203.25331562756867
10780,2024-04-22 20:00:00,210.83201626356504
10781,2024-04-22 21:00:00,201.88872998939925
10782,2024-04-22 22:00:00,165.5769319593427
10783,2024-04-22 23:00:00,102.21938260505394
10784,2024-04-23 00:00:00,26.977292568711874
10785,2024-04-23 01:00:00,-38.25914103191619
10786,2024-04-23 02:00:00,-79.11282683717107
10787,2024-04-23 03:00:00,-97.1552843411261
10788,2024-04-23 04:00:00,-105.18155522149544
10789,2024-04-23 05:00:00,-113.63440994448447
10790,2024-04-23 06:00:00,-120.4368203490888
10791,2024-04-23 07:00:00,-113.22192435131322
10792,2024-04-23 08:00:00,-81.50889226894384
10793,2024-04-23 09:00:00,-27.476506206047105
10794,2024-04-23 10:00:00,34.23426923774653
10795,2024-04-23 11:00:00,86.90244577510572
10796,2024-04-23 12:00:00,122.59982841122766
10797,2024-04-23 13:00:00,144.51391266973513
10798,2024-04-23 14:00:00,160.46777516990417
10799,2024-04-23 15:00:00,175.24821482705593
10800,2024-04-23 16:00:00,188.8596457051384
10801,2024-04-23 17:00:00,200.37295687837596
10802,2024-04-23 18:00:00,210.96132489360465
10803,2024-04-23 19:00:00,221.41870528067332
10804,2024-04-23 20:00:00,226.8141504224744
10805,2024-04-23 21:00:00,215.62652817609663
10806,2024-04-23 22:00:00,177.06500683648267
10807,2024-04-23 23:00:00,111.50463027173001
10808,2024-04-24 00:00:00,34.154828693799914
10809,2024-04-24 01:00:00,-33.050624938797
10810,2024-04-24 02:00:00,-75.69620574438082
10811,2024-04-24 03:00:00,-95.32055356135507
10812,2024-04-24 04:00:00,-104.69170420087013
10813,2024-04-24 05:00:00,-114.23152109041402
10814,2024-04-24 06:00:00,-121.8482960058698
10815,2024-04-24 07:00:00,-115.16674441895339
10816,2024-04-24 08:00:00,-83.70380566436228
10817,2024-04-24 09:00:00,-29.64206135902677
10818,2024-04-24 10:00:00,32.36794630909148
10819,2024-04-24 11:00:00,85.59021273110727
10820,2024-04-24 12:00:00,122.07650843193174
10821,2024-04-24 13:00:00,144.98977119089608
10822,2024-04-24 14:00:00,162.12455810083594
10823,2024-04-24 15:00:00,178.23580608216935
10824,2024-04-24 16:00:00,193.29339239060394
10825,2024-04-24 17:00:00,206.33170035636132
10826,2024-04-24 18:00:00,218.48616530329795
10827,2024-04-24 19:00:00,230.5125161053532
10828,2024-04-24 20:00:00,237.44184845353834
10829,2024-04-24 21:00:00,227.71609297485196
10830,2024-04-24 22:00:00,190.5092325954887
10831,2024-04-24 23:00:00,126.16358201077838
10832,2024-04-25 00:00:00,49.85896422937998
10833,2024-04-25 01:00:00,-16.496715932352345
10834,2024-04-25 02:00:00,-58.50950354442497
10835,2024-04-25 03:00:00,-77.73481765113053
10836,2024-04-25 04:00:00,-86.95226418342429
10837,2024-04-25 05:00:00,-96.58973013017055
10838,2024-04-25 06:00:00,-104.55573319688583
10839,2024-04-25 07:00:00,-98.46925683894119
10840,2024-04-25 08:00:00,-67.83548396264811
10841,2024-04-25 09:00:00,-14.819244575596542
10842,2024-04-25 10:00:00,45.952540532251476
10843,2024-04-25 11:00:00,97.77313719651059
10844,2024-04-25 12:00:00,132.72892151332638
10845,2024-04-25 13:00:00,154.0223683015029
10846,2024-04-25 14:00:00,169.49201451543917
10847,2024-04-25 15:00:00,183.9406520279485
10848,2024-04-25 16:00:00,197.3892483726905
10849,2024-04-25 17:00:00,208.92580880576634
10850,2024-04-25 18:00:00,219.74116365165776
10851,2024-04-25 19:00:00,230.6474062623491
10852,2024-04-25 20:00:00,236.7321282293007
10853,2024-04-25 21:00:00,226.49302612922708
10854,2024-04-25 22:00:00,189.15824572245052
10855,2024-04-25 23:00:00,125.12178834207833
10856,2024-04-26 00:00:00,49.61182630382589
10857,2024-04-26 01:00:00,-15.41956075758796
10858,2024-04-26 02:00:00,-55.539219166918514
10859,2024-04-26 03:00:00,-72.2690998442487
10860,2024-04-26 04:00:00,-78.36176791064887
10861,2024-04-26 05:00:00,-84.22512540763915
10862,2024-04-26 06:00:00,-87.75531193765065
10863,2024-04-26 07:00:00,-76.56700453479894
10864,2024-04-26 08:00:00,-40.16952252468303
10865,2024-04-26 09:00:00,19.259453741435095
10866,2024-04-26 10:00:00,87.07127341996079
10867,2024-04-26 11:00:00,146.5285359737509
10868,2024-04-26 12:00:00,189.67806994548818
10869,2024-04-26 13:00:00,219.67408945645823
10870,2024-04-26 14:00:00,244.2984383041861
10871,2024-04-26 15:00:00,268.28917440630204
10872,2024-04-26 16:00:00,291.59499006323944
10873,2024-04-26 17:00:00,313.22467694272694
10874,2024-04-26 18:00:00,334.28361392552813
10875,2024-04-26 19:00:00,355.4929960278258
10876,2024-04-26 20:00:00,371.84494278581604
10877,2024-04-26 21:00:00,371.73805094952127
10878,2024-04-26 22:00:00,344.29874705321856
10879,2024-04-26 23:00:00,289.81775332205564
10880,2024-04-27 00:00:00,119.91479297075733
10881,2024-04-27 01:00:00,63.44828698746801
10882,2024-04-27 02:00:00,31.245406874358736
10883,2024-04-27 03:00:00,21.685870241526914
10884,2024-04-27 04:00:00,21.92284824984955
10885,2024-04-27 05:00:00,21.459342120566475
10886,2024-04-27 06:00:00,22.316341950618238
10887,2024-04-27 07:00:00,36.80353366735386
10888,2024-04-27 08:00:00,75.34413607648236
10889,2024-04-27 09:00:00,135.70204752197074
10890,2024-04-27 10:00:00,203.1800144289643
10891,2024-04-27 11:00:00,261.0025329618369
10892,2024-04-27 12:00:00,301.1894026764939
10893,2024-04-27 13:00:00,326.8793444287076
10894,2024-04-27 14:00:00,345.8505860160874
10895,2024-04-27 15:00:00,362.84966349427066
10896,2024-04-27 16:00:00,377.8459301097653
10897,2024-04-27 17:00:00,389.88097977893494
10898,2024-04-27 18:00:00,400.1049627363437
10899,2024-04-27 19:00:00,409.2955126722819
10900,2024-04-27 20:00:00,412.51242625023616
10901,2024-04-27 21:00:00,398.23266391555944
10902,2024-04-27 22:00:00,355.6710330878914
10903,2024-04-27 23:00:00,285.21587403971597
10904,2024-04-28 00:00:00,202.09759154060737
10905,2024-04-28 01:00:00,128.2785409513787
10906,2024-04-28 02:00:00,78.21027575132013
10907,2024-04-28 03:00:00,50.39737888128349
10908,2024-04-28 04:00:00,32.12189126077945
10909,2024-04-28 05:00:00,13.018454894896735
10910,2024-04-28 06:00:00,-4.758793772257121
10911,2024-04-28 07:00:00,-8.76680043896198
10912,2024-04-28 08:00:00,11.549956651655123
10913,2024-04-28 09:00:00,54.085336282358185
10914,2024-04-28 10:00:00,104.2684502353311
10915,2024-04-28 11:00:00,145.44535070842647
10916,2024-04-28 12:00:00,169.75142150530118
10917,2024-04-28 13:00:00,180.43389803207054
10918,2024-04-28 14:00:00,185.37143168378162
10919,2024-04-28 15:00:00,189.40195763797925
10920,2024-04-28 16:00:00,192.57636819125563
10921,2024-04-28 17:00:00,194.00720750097418
10922,2024-04-28 18:00:00,194.90437310152907
10923,2024-04-28 19:00:00,196.09354989425327
10924,2024-04-28 20:00:00,192.67052246118124
10925,2024-04-28 21:00:00,173.135938131854
10926,2024-04-28 22:00:00,126.71588386455056
10927,2024-04-28 23:00:00,53.79759771875973
10928,2024-04-29 00:00:00,73.1028657569953
10929,2024-04-29 01:00:00,-0.44064241924050407
10930,2024-04-29 02:00:00,-48.91346440156434
10931,2024-04-29 03:00:00,-73.85882122922698
10932,2024-04-29 04:00:00,-88.05284057765024
10933,2024-04-29 05:00:00,-101.92867033025945
10934,2024-04-29 06:00:00,-113.40874737967172
10935,2024-04-29 07:00:00,-110.13445214682687
10936,2024-04-29 08:00:00,-81.6415639082802
10937,2024-04-29 09:00:00,-30.133335158901957
10938,2024-04-29 10:00:00,29.71752876739123
10939,2024-04-29 11:00:00,81.15169675739978
10940,2024-04-29 12:00:00,116.1967645466386
10941,2024-04-29 13:00:00,137.99094434658514
10942,2024-04-29 14:00:00,154.3037934940636
10943,2024-04-29 15:00:00,169.8652277291917
10944,2024-04-29 16:00:00,184.620308171049
10945,2024-04-29 17:00:00,197.5790052784119
10946,2024-04-29 18:00:00,209.85291326631523
10947,2024-04-29 19:00:00,222.17462948852773
10948,2024-04-29 20:00:00,229.55293445932438
10949,2024-04-29 21:00:00,220.40833573316073
10950,2024-04-29 22:00:00,183.89433064827782
10951,2024-04-29 23:00:00,120.33370193129099
10952,2024-04-30 00:00:00,44.887682635200434
10953,2024-04-30 01:00:00,-20.553507607234252
10954,2024-04-30 02:00:00,-61.61275481392144
10955,2024-04-30 03:00:00,-79.86155575368744
10956,2024-04-30 04:00:00,-88.09492927243608
10957,2024-04-30 05:00:00,-96.75562291001532
10958,2024-04-30 06:00:00,-103.766585479518
10959,2024-04-30 07:00:00,-96.76093177297003
10960,2024-04-30 08:00:00,-65.25780889330304
10961,2024-04-30 09:00:00,-11.435975641541432
10962,2024-04-30 10:00:00,50.063626788216624
10963,2024-04-30 11:00:00,102.5200335827466
10964,2024-04-30 12:00:00,138.00507331591544
10965,2024-04-30 13:00:00,159.7062651628268
10966,2024-04-30 14:00:00,175.44670947158647
10967,2024-04-30 15:00:00,190.0132289654861
10968,2024-04-30 16:00:00,203.4102615921186
10969,2024-04-30 17:00:00,214.70872038231624
10970,2024-04-30 18:00:00,225.08180591127183
10971,2024-04-30 19:00:00,235.3234978042006
10972,2024-04-30 20:00:00,240.50287260988182
10973,2024-04-30 21:00:00,229.09882241088343
10974,2024-04-30 22:00:00,190.32053979258862
10975,2024-04-30 23:00:00,124.54309297246013
10976,2024-05-01 00:00:00,46.97593656958907
10977,2024-05-01 01:00:00,-20.447131997799602
10978,2024-05-01 02:00:00,-63.31056333223057
10979,2024-05-01 03:00:00,-83.15297270842981
10980,2024-05-01 04:00:00,-92.7423713250455
10981,2024-05-01 05:00:00,-102.50059795097442
10982,2024-05-01 06:00:00,-110.33591966185219
10983,2024-05-01 07:00:00,-103.87302718482599
10984,2024-05-01 08:00:00,-72.6288350772019
10985,2024-05-01 09:00:00,-18.785900136290223
10986,2024-05-01 10:00:00,43.00526029945607
10987,2024-05-01 11:00:00,96.00866650316004
10988,2024-05-01 12:00:00,132.27611391011513
10989,2024-05-01 13:00:00,154.97056523923277
10990,2024-05-01 14:00:00,171.88660254285801
10991,2024-05-01 15:00:00,187.77918772748524
10992,2024-05-01 16:00:00,202.61822305003685
10993,2024-05-01 17:00:00,215.43811686064123
10994,2024-05-01 18:00:00,227.374329519382
10995,2024-05-01 19:00:00,239.18261494357176
10996,2024-05-01 20:00:00,245.8940938857275
10997,2024-05-01 21:00:00,235.95072203344668
10998,2024-05-01 22:00:00,198.5265073795601
10999,2024-05-01 23:00:00,133.96378969472397
11000,2024-05-02 00:00:00,57.44241705787755
11001,2024-05-02 01:00:00,-9.129680643255966
11002,2024-05-02 02:00:00,-51.35852342378189
11003,2024-05-02 03:00:00,-70.79950526169628
11004,2024-05-02 04:00:00,-80.2322070437393
11005,2024-05-02 05:00:00,-90.08449072306698
11006,2024-05-02 06:00:00,-98.26484898507951
11007,2024-05-02 07:00:00,-92.39224027918036
11008,2024-05-02 08:00:00,-61.97182253031366
11009,2024-05-02 09:00:00,-9.168400780383791
11010,2024-05-02 10:00:00,51.39112911826942
11011,2024-05-02 11:00:00,103.00005791344458
11012,2024-05-02 12:00:00,137.74478658395526
11013,2024-05-02 13:00:00,158.8278148017372
11014,2024-05-02 14:00:00,174.08770433808908
11015,2024-05-02 15:00:00,188.32727184793967
11016,2024-05-02 16:00:00,201.5675096080174
11017,2024-05-02 17:00:00,212.8964475757997
11018,2024-05-02 18:00:00,223.50494073549268
11019,2024-05-02 19:00:00,234.20510704989584
11020,2024-05-02 20:00:00,240.08456267798533
11021,2024-05-02 21:00:00,229.64102870723946
11022,2024-05-02 22:00:00,192.1026753600501
11023,2024-05-02 23:00:00,127.8635283753319
11024,2024-05-03 00:00:00,52.15178441668667
11025,2024-05-03 01:00:00,-13.080452595587644
11026,2024-05-03 02:00:00,-53.400004758338724
11027,2024-05-03 03:00:00,-70.32879883557277
11028,2024-05-03 04:00:00,-76.61937585238641
11029,2024-05-03 05:00:00,-82.67961382860281
11030,2024-05-03 06:00:00,-86.40562841331118
11031,2024-05-03 07:00:00,-75.41207276390267
11032,2024-05-03 08:00:00,-39.20824240885199
11033,2024-05-03 09:00:00,20.028206025627696
11034,2024-05-03 10:00:00,87.64864533219054
11035,2024-05-03 11:00:00,146.91569853996617
11036,2024-05-03 12:00:00,189.87621765246715
11037,2024-05-03 13:00:00,219.68444017740435
11038,2024-05-03 14:00:00,244.12223320578383
11039,2024-05-03 15:00:00,267.9276778520633
11040,2024-05-03 16:00:00,291.04948952469516
11041,2024-05-03 17:00:00,312.49648289677054
11042,2024-05-03 18:00:00,333.37405975812163
11043,2024-05-03 19:00:00,354.40343793078716
11044,2024-05-03 20:00:00,370.57675965334226
11045,2024-05-03 21:00:00,370.2926442722795
11046,2024-05-03 22:00:00,342.67754080926915
11047,2024-05-03 23:00:00,288.0221938677961
11048,2024-05-04 00:00:00,117.94634892650774
11049,2024-05-04 01:00:00,61.30844912328604
11050,2024-05-04 02:00:00,28.935687990784743
11051,2024-05-04 03:00:00,19.207805057143844
11052,2024-05-04 04:00:00,19.277993270021682
11053,2024-05-04 05:00:00,18.649275522721155
11054,2024-05-04 06:00:00,19.34266345217938
11055,2024-05-04 07:00:00,33.66786440179936
11056,2024-05-04 08:00:00,72.04811846229245
11057,2024-05-04 09:00:00,132.24734512992336
11058,2024-05-04 10:00:00,199.56831185043535
11059,2024-05-04 11:00:00,257.2355356662419
11060,2024-05-04 12:00:00,297.2688368882243
11061,2024-05-04 13:00:00,322.80695696726224
11062,2024-05-04 14:00:00,341.6281441676857
11063,2024-05-04 15:00:00,358.4789548594172
11064,2024-05-04 16:00:00,373.32876246897195
11065,2024-05-04 17:00:00,385.2191809295756
11066,2024-05-04 18:00:00,395.30038035255507
11067,2024-05-04 19:00:00,404.35001414950295
11068,2024-05-04 20:00:00,407.42789855182787
11069,2024-05-04 21:00:00,393.0110134173125
11070,2024-05-04 22:00:00,350.3141854207301
11071,2024-05-04 23:00:00,279.7257739241038
11072,2024-05-05 00:00:00,157.63337893607513
11073,2024-05-05 01:00:00,83.68502198474735
11074,2024-05-05 02:00:00,33.489451452708664
11075,2024-05-05 03:00:00,5.551268720180218
11076,2024-05-05 04:00:00,-12.847467027154408
11077,2024-05-05 05:00:00,-32.07209568553168
11078,2024-05-05 06:00:00,-49.96846288560761
11079,2024-05-05 07:00:00,-54.0934965743738
11080,2024-05-05 08:00:00,-33.89165741979559
11081,2024-05-05 09:00:00,8.530930758069104
11082,2024-05-05 10:00:00,58.60339695995768
11083,2024-05-05 11:00:00,99.67181042131872
11084,2024-05-05 12:00:00,123.87157179845224
11085,2024-05-05 13:00:00,134.44993316874292
11086,2024-05-05 14:00:00,139.28556241181045
11087,2024-05-05 15:00:00,143.21641099998334
11088,2024-05-05 16:00:00,146.29338734053812
11089,2024-05-05 17:00:00,147.62905150436
11090,2024-05-05 18:00:00,148.43331675202535
11091,2024-05-05 19:00:00,149.53188351451337
11092,2024-05-05 20:00:00,146.02055170902145
11093,2024-05-05 21:00:00,126.39998380377773
11094,2024-05-05 22:00:00,79.89628169595059
11095,2024-05-05 23:00:00,6.896698188324194
11096,2024-05-06 00:00:00,64.96585757659369
11097,2024-05-06 01:00:00,-8.654203596174312
11098,2024-05-06 02:00:00,-57.201185091484916
11099,2024-05-06 03:00:00,-82.21829402146187
11100,2024-05-06 04:00:00,-96.48164434305943
11101,2024-05-06 05:00:00,-110.42437042505327
11102,2024-05-06 06:00:00,-121.9688958587106
11103,2024-05-06 07:00:00,-118.75658797591296
11104,2024-05-06 08:00:00,-90.32321316809825
11105,2024-05-06 09:00:00,-38.872011267772905
11106,2024-05-06 10:00:00,20.924324844074363
11107,2024-05-06 11:00:00,72.30647628916142
11108,2024-05-06 12:00:00,107.30205082624815
11109,2024-05-06 13:00:00,129.0492724646212
11110,2024-05-06 14:00:00,145.3177101241194
11111,2024-05-06 15:00:00,160.8372909072525
11112,2024-05-06 16:00:00,175.55308707335348
11113,2024-05-06 17:00:00,188.4750799987812
11114,2024-05-06 18:00:00,200.71487459195984
11115,2024-05-06 19:00:00,213.00507867963339
11116,2024-05-06 20:00:00,220.35448301668447
11117,2024-05-06 21:00:00,211.18360517619638
11118,2024-05-06 22:00:00,174.6459522865855
11119,2024-05-06 23:00:00,111.06431663720667
11120,2024-05-07 00:00:00,35.59994060987435
11121,2024-05-07 01:00:00,-29.856947058386197
11122,2024-05-07 02:00:00,-70.92922351494417
11123,2024-05-07 03:00:00,-89.18837689158295
11124,2024-05-07 04:00:00,-97.42941762833289
11125,2024-05-07 05:00:00,-106.09508509309609
11126,2024-05-07 06:00:00,-113.10832016018651
11127,2024-05-07 07:00:00,-106.10222992312117
11128,2024-05-07 08:00:00,-74.59595401736709
11129,2024-05-07 09:00:00,-20.76824400879451
11130,2024-05-07 10:00:00,40.73996589317554
11131,2024-05-07 11:00:00,93.20771763086347
11132,2024-05-07 12:00:00,128.70684629486678
11133,2024-05-07 13:00:00,150.42487733802488
11134,2024-05-07 14:00:00,166.18491714001058
11135,2024-05-07 15:00:00,180.77379422324532
11136,2024-05-07 16:00:00,194.19595208872346
11137,2024-05-07 17:00:00,205.52230908153564
11138,2024-05-07 18:00:00,215.92607084582036
11139,2024-05-07 19:00:00,226.20122183807968
11140,2024-05-07 20:00:00,231.4168431902182
11141,2024-05-07 21:00:00,220.05183132793837
11142,2024-05-07 22:00:00,181.3153829352001
11143,2024-05-07 23:00:00,115.58257008519331
11144,2024-05-08 00:00:00,38.062851002993256
11145,2024-05-08 01:00:00,-29.309973524936993
11146,2024-05-08 02:00:00,-72.12035098188721
11147,2024-05-08 03:00:00,-91.90689376917635
11148,2024-05-08 04:00:00,-101.43761045664917
11149,2024-05-08 05:00:00,-111.1343374303022
11150,2024-05-08 06:00:00,-118.90533962791079
11151,2024-05-08 07:00:00,-112.37530588924858
11152,2024-05-08 08:00:00,-81.06114912490125
11153,2024-05-08 09:00:00,-27.14542473598084
11154,2024-05-08 10:00:00,34.721351089451815
11155,2024-05-08 11:00:00,87.80319952687375
11156,2024-05-08 12:00:00,124.15191667229433
11157,2024-05-08 13:00:00,146.93046565132147
11158,2024-05-08 14:00:00,163.93342868008432
11159,2024-05-08 15:00:00,179.91576758207492
11160,2024-05-08 16:00:00,194.8473842833497
11161,2024-05-08 17:00:00,207.7626865559044
11162,2024-05-08 18:00:00,219.79713393650312
11163,2024-05-08 19:00:00,231.70647927346653
11164,2024-05-08 20:00:00,238.5218419981048
11165,2024-05-08 21:00:00,228.68517623815467
11166,2024-05-08 22:00:00,191.37048817503154
11167,2024-05-08 23:00:00,126.92011552484917
11168,2024-05-09 00:00:00,50.513904065538725
11169,2024-05-09 01:00:00,-15.940218862296263
11170,2024-05-09 02:00:00,-58.04827606385811
11171,2024-05-09 03:00:00,-77.36566455668327
11172,2024-05-09 04:00:00,-86.67196850361938
11173,2024-05-09 05:00:00,-96.39505338773859
11174,2024-05-09 06:00:00,-104.44341566051656
11175,2024-05-09 07:00:00,-98.43601778391269
11176,2024-05-09 08:00:00,-67.87802193754828
11177,2024-05-09 09:00:00,-14.934237662264309
11178,2024-05-09 10:00:00,45.768434450117184
11179,2024-05-09 11:00:00,97.52328016874876
11180,2024-05-09 12:00:00,132.41669524748534
11181,2024-05-09 13:00:00,153.65117389685923
11182,2024-05-09 14:00:00,169.0652721857504
11183,2024-05-09 15:00:00,183.46180082879786
11184,2024-05-09 16:00:00,196.8617459188133
11185,2024-05-09 17:00:00,208.35313099859678
11186,2024-05-09 18:00:00,219.12680439468147
11187,2024-05-09 19:00:00,229.9948771775444
11188,2024-05-09 20:00:00,236.04495837746353
11189,2024-05-09 21:00:00,225.77476171904846
11190,2024-05-09 22:00:00,188.41244982703955
11191,2024-05-09 23:00:00,124.35204060495641
11192,2024-05-10 00:00:00,48.82172265572203
11193,2024-05-10 01:00:00,-16.22640839887515
11194,2024-05-10 02:00:00,-56.35918318406709
11195,2024-05-10 03:00:00,-73.0985372234598
11196,2024-05-10 04:00:00,-79.19702052776353
11197,2024-05-10 05:00:00,-85.06252033591574
11198,2024-05-10 06:00:00,-88.5911617403662
11199,2024-05-10 07:00:00,-77.39760756943792
11200,2024-05-10 08:00:00,-40.9911632477523
11201,2024-05-10 09:00:00,18.450504471754556
11202,2024-05-10 10:00:00,86.2787580464904
11203,2024-05-10 11:00:00,145.75620993061045
11204,2024-05-10 12:00:00,188.92970133847427
11205,2024-05-10 13:00:00,218.95345876709263
11206,2024-05-10 14:00:00,243.60933808329878
11207,2024-05-10 15:00:00,267.6354089497557
11208,2024-05-10 16:00:00,290.9803751088871
11209,2024-05-10 17:00:00,312.65303935572155
11210,2024-05-10 18:00:00,333.7587913834672
11211,2024-05-10 19:00:00,355.0188367048745
11212,2024-05-10 20:00:00,371.42530503633895
11213,2024-05-10 21:00:00,371.37680299377
11214,2024-05-10 22:00:00,343.9997666554792
11215,2024-05-10 23:00:00,289.58492747133477
11216,2024-05-11 00:00:00,119.7520175663694
11217,2024-05-11 01:00:00,63.359466512505236
11218,2024-05-11 02:00:00,31.234454074283065
11219,2024-05-11 03:00:00,21.7567058053734
11220,2024-05-11 04:00:00,22.079400484385758
11221,2024-05-11 05:00:00,21.705546627222617
11222,2024-05-11 06:00:00,22.656141299048528
11223,2024-05-11 07:00:00,37.24087707323383
11224,2024-05-11 08:00:00,75.88297907431726
11225,2024-05-11 09:00:00,136.34635163672576
11226,2024-05-11 10:00:00,203.93374685167242
11227,2024-05-11 11:00:00,261.8696662191754
11228,2024-05-11 12:00:00,302.1739143111242
11229,2024-05-11 13:00:00,327.9852166557127
11230,2024-05-11 14:00:00,347.0818054057411
11231,2024-05-11 15:00:00,364.21022063824915
11232,2024-05-11 16:00:00,379.3398192948029
11233,2024-05-11 17:00:00,391.51219864984284
11234,2024-05-11 18:00:00,401.8775119715878
11235,2024-05-11 19:00:00,411.2133956518244
11236,2024-05-11 20:00:00,414.5796487214436
11237,2024-05-11 21:00:00,400.45323366565873
11238,2024-05-11 22:00:00,358.0489596134243
11239,2024-05-11 23:00:00,287.75516820328954
11240,2024-05-12 00:00:00,204.80226525933028
11241,2024-05-12 01:00:00,131.152606848231
11242,2024-05-12 02:00:00,81.2577468293619
11243,2024-05-12 03:00:00,53.62226819256688
11244,2024-05-12 04:00:00,35.52821157051011
11245,2024-05-12 05:00:00,16.610218353605575
11246,2024-05-12 06:00:00,-0.9775759644753066
11247,2024-05-12 07:00:00,-4.792118358886
11248,2024-05-12 08:00:00,15.722111311464658
11249,2024-05-12 09:00:00,58.45896988753387
11250,2024-05-12 10:00:00,108.84756687608183
11251,2024-05-12 11:00:00,150.2339518679348
11252,2024-05-12 12:00:00,174.7535057294791
11253,2024-05-12 13:00:00,185.65346059992964
11254,2024-05-12 14:00:00,190.81246427565986
11255,2024-05-12 15:00:00,195.06844800444918
11256,2024-05-12 16:00:00,198.47229982802799
11257,2024-05-12 17:00:00,200.1365593129563
11258,2024-05-12 18:00:00,201.27111907973853
11259,2024-05-12 19:00:00,202.70165878258186
11260,2024-05-12 20:00:00,199.52395743389482
11261,2024-05-12 21:00:00,180.23865646096874
11262,2024-05-12 22:00:00,134.07183659526572
11263,2024-05-12 23:00:00,61.41072934989168
11264,2024-05-13 00:00:00,80.97711389325144
11265,2024-05-13 01:00:00,7.698652637228065
11266,2024-05-13 02:00:00,-40.50519954222767
11267,2024-05-13 03:00:00,-65.17767153647975
11268,2024-05-13 04:00:00,-79.09489919702241
11269,2024-05-13 05:00:00,-92.69003890096849
11270,2024-05-13 06:00:00,-103.88553636056707
11271,2024-05-13 07:00:00,-100.32278113596658
11272,2024-05-13 08:00:00,-71.53756196099619
11273,2024-05-13 09:00:00,-19.733141107639426
11274,2024-05-13 10:00:00,40.41776599103969
11275,2024-05-13 11:00:00,92.1558178189403
11276,2024-05-13 12:00:00,127.50859937674153
11277,2024-05-13 13:00:00,149.6143118350791
11278,2024-05-13 14:00:00,166.2425011729237
11279,2024-05-13 15:00:00,182.12307146217523
11280,2024-05-13 16:00:00,197.2010718402612
11281,2024-05-13 17:00:00,210.4864604732233
11282,2024-05-13 18:00:00,223.09081897449568
11283,2024-05-13 19:00:00,235.74673178841448
11284,2024-05-13 20:00:00,243.4629662126147
11285,2024-05-13 21:00:00,234.66001627626684
11286,2024-05-13 22:00:00,198.49136549132862
11287,2024-05-13 23:00:00,135.2797824545459
11288,2024-05-14 00:00:00,60.18648578324908
11289,2024-05-14 01:00:00,-4.898319622655606
11290,2024-05-14 02:00:00,-45.59753481331239
11291,2024-05-14 03:00:00,-63.48267189068474
11292,2024-05-14 04:00:00,-71.34876532822187
11293,2024-05-14 05:00:00,-79.63857858804693
11294,2024-05-14 06:00:00,-86.27507669967827
11295,2024-05-14 07:00:00,-78.891390964457
11296,2024-05-14 08:00:00,-47.00668528771388
11297,2024-05-14 09:00:00,7.200264450637206
11298,2024-05-14 10:00:00,69.0884996719424
11299,2024-05-14 11:00:00,121.93703790274557
11300,2024-05-14 12:00:00,157.81768977227273
11301,2024-05-14 13:00:00,179.9179562298885
11302,2024-05-14 14:00:00,196.06091911054625
11303,2024-05-14 15:00:00,211.033382348254
11304,2024-05-14 16:00:00,224.83976482900724
11305,2024-05-14 17:00:00,236.55096024082025
11306,2024-05-14 18:00:00,247.34014954109085
11307,2024-05-14 19:00:00,258.0012924695514
11308,2024-05-14 20:00:00,263.60344541730484
11309,2024-05-14 21:00:00,252.62548003983466
11310,2024-05-14 22:00:00,214.2765682293168
11311,2024-05-14 23:00:00,148.9317572490903
11312,2024-05-15 00:00:00,153.73793079447364
11313,2024-05-15 01:00:00,86.75396420609479
11314,2024-05-15 02:00:00,44.33283544029351
11315,2024-05-15 03:00:00,24.93590722820079
11316,2024-05-15 04:00:00,15.795146117103855
11317,2024-05-15 05:00:00,6.488690836997762
11318,2024-05-15 06:00:00,-0.8917484417877972
11319,2024-05-15 07:00:00,6.029114548504083
11320,2024-05-15 08:00:00,37.73434200420408
11321,2024-05-15 09:00:00,92.04135363295015
11322,2024-05-15 10:00:00,154.29960836173052
11323,2024-05-15 11:00:00,207.77310248519422
11324,2024-05-15 12:00:00,244.51360722937565
11325,2024-05-15 13:00:00,267.68406086107956
11326,2024-05-15 14:00:00,285.0790207518036
11327,2024-05-15 15:00:00,301.45342389298924
11328,2024-05-15 16:00:00,316.77714740167517
11329,2024-05-15 17:00:00,330.08457425664545
11330,2024-05-15 18:00:00,342.51113922640997
11331,2024-05-15 19:00:00,354.8125704145267
11332,2024-05-15 20:00:00,362.0199625349401
11333,2024-05-15 21:00:00,352.57524502669025
11334,2024-05-15 22:00:00,315.6523994146254
11335,2024-05-15 23:00:00,251.59373879156067
11336,2024-05-16 00:00:00,93.64163405177445
11337,2024-05-16 01:00:00,27.578888572986784
11338,2024-05-16 02:00:00,-14.137995249035157
11339,2024-05-16 03:00:00,-33.06443889975054
11340,2024-05-16 04:00:00,-41.98005097016363
11341,2024-05-16 05:00:00,-51.312721317036505
11342,2024-05-16 06:00:00,-58.97097072175376
11343,2024-05-16 07:00:00,-52.57378592302763
11344,2024-05-16 08:00:00,-21.6263533251946
11345,2024-05-16 09:00:00,31.706493360869473
11346,2024-05-16 10:00:00,92.79782943193865
11347,2024-05-16 11:00:00,144.9409166026578
11348,2024-05-16 12:00:00,180.2221266354743
11349,2024-05-16 13:00:00,201.84392981249948
11350,2024-05-16 14:00:00,217.64485834097903
11351,2024-05-16 15:00:00,232.42769913677924
11352,2024-05-16 16:00:00,246.2134145707372
11353,2024-05-16 17:00:00,258.0900045282859
11354,2024-05-16 18:00:00,269.2482937574385
11355,2024-05-16 19:00:00,280.5003698229394
11356,2024-05-16 20:00:00,286.9338183277342
11357,2024-05-16 21:00:00,277.04632964971296
11358,2024-05-16 22:00:00,240.0660431461508
11359,2024-05-16 23:00:00,176.38695354023037
11360,2024-05-17 00:00:00,101.23722633788165
11361,2024-05-17 01:00:00,36.568934151765404
11362,2024-05-17 02:00:00,-3.1847765636801455
11363,2024-05-17 03:00:00,-19.545864158152256
11364,2024-05-17 04:00:00,-25.266901379662897
11365,2024-05-17 05:00:00,-30.755798104042697
11366,2024-05-17 06:00:00,-33.90870196917621
11367,2024-05-17 07:00:00,-22.340298243860047
11368,2024-05-17 08:00:00,14.44008530385591
11369,2024-05-17 09:00:00,74.25475968037989
11370,2024-05-17 10:00:00,142.4550652100383
11371,2024-05-17 11:00:00,202.3035923162568
11372,2024-05-17 12:00:00,245.84716029456666
11373,2024-05-17 13:00:00,276.2399738292363
11374,2024-05-17 14:00:00,301.2638670893393
11375,2024-05-17 15:00:00,325.65688815232346
11376,2024-05-17 16:00:00,349.3677192888431
11377,2024-05-17 17:00:00,371.4051419454581
11378,2024-05-17 18:00:00,392.8745245752265
11379,2024-05-17 19:00:00,414.49705158172276
11380,2024-05-17 20:00:00,431.2648316853027
11381,2024-05-17 21:00:00,431.5764506367268
11382,2024-05-17 22:00:00,404.5583237710649
11383,2024-05-17 23:00:00,350.5011619246019
11384,2024-05-18 00:00:00,181.02467673128578
11385,2024-05-18 01:00:00,124.98727740938864
11386,2024-05-18 02:00:00,93.2161234996629
11387,2024-05-18 03:00:00,84.090920462936
11388,2024-05-18 04:00:00,84.7648271223502
11389,2024-05-18 05:00:00,84.740832174529
11390,2024-05-18 06:00:00,86.03991300427367
11391,2024-05-18 07:00:00,100.97174264165201
11392,2024-05-18 08:00:00,139.95952681222997
11393,2024-05-18 09:00:00,200.76715059233908
11394,2024-05-18 10:00:00,268.69734695897205
11395,2024-05-18 11:00:00,326.9745984425484
11396,2024-05-18 12:00:00,367.6186907972699
11397,2024-05-18 13:00:00,393.76833087504633
11398,2024-05-18 14:00:00,413.2017323058789
11399,2024-05-18 15:00:00,430.66541679529973
11400,2024-05-18 16:00:00,446.1287230648829
11401,2024-05-18 17:00:00,458.63323032287053
11402,2024-05-18 18:00:00,469.32907392547895
11403,2024-05-18 19:00:00,478.9938725126466
11404,2024-05-18 20:00:00,482.68740751501196
11405,2024-05-18 21:00:00,468.886623983003
11406,2024-05-18 22:00:00,426.8063137623227
11407,2024-05-18 23:00:00,356.83480138140806
11408,2024-05-19 00:00:00,274.2024757051964
11409,2024-05-19 01:00:00,200.8716760168199
11410,2024-05-19 02:00:00,151.29393953877133
11411,2024-05-19 03:00:00,123.97383281149769
11412,2024-05-19 04:00:00,106.19338017211794
11413,2024-05-19 05:00:00,87.58720688757865
11414,2024-05-19 06:00:00,70.30943249756459
11415,2024-05-19 07:00:00,66.80309423957729
11416,2024-05-19 08:00:00,87.62369664478882
11417,2024-05-19 09:00:00,130.66508111407606
11418,2024-05-19 10:00:00,181.35634188645886
11419,2024-05-19 11:00:00,223.04351345967177
11420,2024-05-19 12:00:00,247.86196178541968
11421,2024-05-19 13:00:00,259.0589042606304
11422,2024-05-19 14:00:00,264.51297411769025
11423,2024-05-19 15:00:00,269.0620882210584
11424,2024-05-19 16:00:00,272.75712040581095
11425,2024-05-19 17:00:00,274.710596212145
11426,2024-05-19 18:00:00,276.1323944145212
11427,2024-05-19 19:00:00,277.8481810056948
11428,2024-05-19 20:00:00,274.95372151396924
11429,2024-05-19 21:00:00,255.9496440693676
11430,2024-05-19 22:00:00,210.0620162891299
11431,2024-05-19 23:00:00,137.67805675771052
11432,2024-05-20 00:00:00,157.51953189627994
11433,2024-05-20 01:00:00,84.51409156077415
11434,2024-05-20 02:00:00,36.58117825767806
11435,2024-05-20 03:00:00,12.177550904783459
11436,2024-05-20 04:00:00,-1.4729383407821501
11437,2024-05-20 05:00:00,-14.803457665552969
11438,2024-05-20 06:00:00,-25.736464397930092
11439,2024-05-20 07:00:00,-21.91335952971025
11440,2024-05-20 08:00:00,7.130056969491079
11441,2024-05-20 09:00:00,59.190511778450315
11442,2024-05-20 10:00:00,119.5952786086632
11443,2024-05-20 11:00:00,171.58500527886702
11444,2024-05-20 12:00:00,207.18726631779768
11445,2024-05-20 13:00:00,229.5402526167738
11446,2024-05-20 14:00:00,246.41350006874555
11447,2024-05-20 15:00:00,262.5369028531534
11448,2024-05-20 16:00:00,277.85550040622195
11449,2024-05-20 17:00:00,291.3792413914007
11450,2024-05-20 18:00:00,304.219698111707
11451,2024-05-20 19:00:00,317.1094458957311
11452,2024-05-20 20:00:00,325.05724312031674
11453,2024-05-20 21:00:00,316.48357509183995
11454,2024-05-20 22:00:00,280.54191679250096
11455,2024-05-20 23:00:00,217.5550284839405
11456,2024-05-21 00:00:00,142.68412064918056
11457,2024-05-21 01:00:00,77.8193902464024
11458,2024-05-21 02:00:00,37.33792848095288
11459,2024-05-21 03:00:00,19.668215702017335
11460,2024-05-21 04:00:00,12.015210088055824
11461,2024-05-21 05:00:00,3.9361410197150803
11462,2024-05-21 06:00:00,-2.4919634886755375
11463,2024-05-21 07:00:00,5.097758501099804
11464,2024-05-21 08:00:00,37.18613652081612
11465,2024-05-21 09:00:00,91.59438832178583
11466,2024-05-21 10:00:00,153.68154915655617
11467,2024-05-21 11:00:00,206.7266305778835
11468,2024-05-21 12:00:00,242.801437444859
11469,2024-05-21 13:00:00,265.0934651206668
11470,2024-05-21 14:00:00,281.425790060531
11471,2024-05-21 15:00:00,296.585211013721
11472,2024-05-21 16:00:00,310.5761418730991
11473,2024-05-21 17:00:00,322.4694715370797
11474,2024-05-21 18:00:00,333.43837636463047
11475,2024-05-21 19:00:00,344.2768116940832
11476,2024-05-21 20:00:00,350.0538297106804
11477,2024-05-21 21:00:00,339.2482980606934
11478,2024-05-21 22:00:00,301.0693848250776
11479,2024-05-21 23:00:00,235.89213363407
11480,2024-05-22 00:00:00,158.9259744709883
11481,2024-05-22 01:00:00,92.10468004063401
11482,2024-05-22 02:00:00,49.843774961909844
11483,2024-05-22 03:00:00,30.604619120839317
11484,2024-05-22 04:00:00,21.619176417165164
11485,2024-05-22 05:00:00,12.465583120123426
11486,2024-05-22 06:00:00,5.235547135796708
11487,2024-05-22 07:00:00,12.304352658371727
11488,2024-05-22 08:00:00,44.15506000238969
11489,2024-05-22 09:00:00,98.60508718298246
11490,2024-05-22 10:00:00,161.00389162619723
11491,2024-05-22 11:00:00,214.61546831882768
11492,2024-05-22 12:00:00,251.4915873620912
11493,2024-05-22 13:00:00,274.7951860914382
11494,2024-05-22 14:00:00,292.320821133891
11495,2024-05-22 15:00:00,308.82342892549644
11496,2024-05-22 16:00:00,324.27288621090605
11497,2024-05-22 17:00:00,337.7035757880024
11498,2024-05-22 18:00:00,350.25093242686376
11499,2024-05-22 19:00:00,362.67068441843776
11500,2024-05-22 20:00:00,369.9939268482833
11501,2024-05-22 21:00:00,360.6625897122877
11502,2024-05-22 22:00:00,323.8506552730633
11503,2024-05-22 23:00:00,259.9004375468034
11504,2024-05-23 00:00:00,183.99175881952885
11505,2024-05-23 01:00:00,118.03252316388321
11506,2024-05-23 02:00:00,76.41668473358055
11507,2024-05-23 03:00:00,57.588823684965206
11508,2024-05-23 04:00:00,48.769333245821514
11509,2024-05-23 05:00:00,39.5303255580379
11510,2024-05-23 06:00:00,31.963282012738716
11511,2024-05-23 07:00:00,38.44921822062821
11512,2024-05-23 08:00:00,69.48295030307656
11513,2024-05-23 09:00:00,122.89964724435617
11514,2024-05-23 10:00:00,184.07238721229587
11515,2024-05-23 11:00:00,236.29443496363984
11516,2024-05-23 12:00:00,271.6521654737045
11517,2024-05-23 13:00:00,293.3480524089338
11518,2024-05-23 14:00:00,309.2206315273405
11519,2024-05-23 15:00:00,324.07269346501494
11520,2024-05-23 16:00:00,337.92520447947055
11521,2024-05-23 17:00:00,349.86616850832837
11522,2024-05-23 18:00:00,361.08641451681274
11523,2024-05-23 19:00:00,372.3980344493898
11524,2024-05-23 20:00:00,378.88861845454164
11525,2024-05-23 21:00:00,369.05586161253024
11526,2024-05-23 22:00:00,332.1279081465811
11527,2024-05-23 23:00:00,268.4987578041741
11528,2024-05-24 00:00:00,193.39658127409092
11529,2024-05-24 01:00:00,128.77345650584235
11530,2024-05-24 02:00:00,89.06253545009355
11531,2024-05-24 03:00:00,72.74186540574749
11532,2024-05-24 04:00:00,67.0588794268547
11533,2024-05-24 05:00:00,61.605673591820334
11534,2024-05-24 06:00:00,58.486106367527015
11535,2024-05-24 07:00:00,70.08549874205636
11536,2024-05-24 08:00:00,106.89452934385633
11537,2024-05-24 09:00:00,166.73551573960344
11538,2024-05-24 10:00:00,234.95980493963378
11539,2024-05-24 11:00:00,294.8299942099619
11540,2024-05-24 12:00:00,338.3929098260146
11541,2024-05-24 13:00:00,368.8027636052842
11542,2024-05-24 14:00:00,393.8413969731606
11543,2024-05-24 15:00:00,418.24686541386995
11544,2024-05-24 16:00:00,441.96785873960533
11545,2024-05-24 17:00:00,464.01316607315914
11546,2024-05-24 18:00:00,485.48816368326095
11547,2024-05-24 19:00:00,507.1140439159978
11548,2024-05-24 20:00:00,523.8829235746808
11549,2024-05-24 21:00:00,524.1933966137739
11550,2024-05-24 22:00:00,497.1718867085265
11551,2024-05-24 23:00:00,443.1091131609311
11552,2024-05-25 00:00:00,273.6247961977104
11553,2024-05-25 01:00:00,217.5773537530697
11554,2024-05-25 02:00:00,185.79395420865825
11555,2024-05-25 03:00:00,176.65431198711383
11556,2024-05-25 04:00:00,177.31159499413536
11557,2024-05-25 05:00:00,177.26880112820626
11558,2024-05-25 06:00:00,178.5469170929042
11559,2024-05-25 07:00:00,193.45562535388206
11560,2024-05-25 08:00:00,232.41814118398082
11561,2024-05-25 09:00:00,293.1983593231963
11562,2024-05-25 10:00:00,361.09902252094685
11563,2024-05-25 11:00:00,419.3446231905025
11564,2024-05-25 12:00:00,459.9549570765571
11565,2024-05-25 13:00:00,486.0687411305637
11566,2024-05-25 14:00:00,505.4641991833354
11567,2024-05-25 15:00:00,522.8878632476667
11568,2024-05-25 16:00:00,538.3090824527155
11569,2024-05-25 17:00:00,550.7694465140737
11570,2024-05-25 18:00:00,561.4191013968494
11571,2024-05-25 19:00:00,571.0356764415496
11572,2024-05-25 20:00:00,574.6789638818437
11573,2024-05-25 21:00:00,560.82591965811
11574,2024-05-25 22:00:00,518.6913466026145
11575,2024-05-25 23:00:00,448.6635803196707
11576,2024-05-26 00:00:00,365.9730208437616
11577,2024-05-26 01:00:00,292.5820186953346
11578,2024-05-26 02:00:00,242.94212244846887
11579,2024-05-26 03:00:00,215.5579100616984
11580,2024-05-26 04:00:00,197.71141737437313
11581,2024-05-26 05:00:00,179.03728123688347
11582,2024-05-26 06:00:00,161.68963285493635
11583,2024-05-26 07:00:00,158.11152120601693
11584,2024-05-26 08:00:00,178.85846263766592
11585,2024-05-26 09:00:00,221.82431044081736
11586,2024-05-26 10:00:00,272.4381708175694
11587,2024-05-26 11:00:00,314.0460902981532
11588,2024-05-26 12:00:00,338.78344693707174
11589,2024-05-26 13:00:00,349.8974703006688
11590,2024-05-26 14:00:00,355.26680585766104
11591,2024-05-26 15:00:00,359.7293827679435
11592,2024-05-26 16:00:00,363.33608723171676
11593,2024-05-26 17:00:00,365.19945720777866
11594,2024-05-26 18:00:00,366.5293839525276
11595,2024-05-26 19:00:00,368.15154599540693
11596,2024-05-26 20:00:00,365.16172145764097
11597,2024-05-26 21:00:00,346.0605511160593
11598,2024-05-26 22:00:00,300.0741152854702
11599,2024-05-26 23:00:00,227.58964530127352
11600,2024-05-27 00:00:00,247.32892038009666
11601,2024-05-27 01:00:00,174.21960322295894
11602,2024-05-27 02:00:00,126.18114922389853
11603,2024-05-27 03:00:00,101.67033023829634
11604,2024-05-27 04:00:00,87.9110113934291
11605,2024-05-27 05:00:00,74.47003752194124
11606,2024-05-27 06:00:00,63.424964343843044
11607,2024-05-27 07:00:00,67.13440396147985
11608,2024-05-27 08:00:00,96.06256952927089
11609,2024-05-27 09:00:00,148.0062008803459
11610,2024-05-27 10:00:00,208.2925849282403
11611,2024-05-27 11:00:00,260.1623826999073
11612,2024-05-27 12:00:00,295.6431819761941
11613,2024-05-27 13:00:00,317.87318692261147
11614,2024-05-27 14:00:00,334.6219467362071
11615,2024-05-27 15:00:00,350.61936891451376
11616,2024-05-27 16:00:00,365.8105062420521
11617,2024-05-27 17:00:00,379.2053207455433
11618,2024-05-27 18:00:00,391.91539811132316
11619,2024-05-27 19:00:00,404.6733270674107
11620,2024-05-27 20:00:00,412.48787940520765
11621,2024-05-27 21:00:00,403.7795538592555
11622,2024-05-27 22:00:00,367.70183885060845
11623,2024-05-27 23:00:00,304.5775080913682
11624,2024-05-28 00:00:00,229.56778552218535
11625,2024-05-28 01:00:00,164.56288156577585
11626,2024-05-28 02:00:00,123.93990089606174
11627,2024-05-28 03:00:00,106.12733733821193
11628,2024-05-28 04:00:00,98.33016254234005
11629,2024-05-28 05:00:00,90.10561936679639
11630,2024-05-28 06:00:00,83.53074929879276
11631,2024-05-28 07:00:00,90.972427748146
11632,2024-05-28 08:00:00,122.91149771271432
11633,2024-05-28 09:00:00,177.16919040460778
11634,2024-05-28 10:00:00,239.1045545292735
11635,2024-05-28 11:00:00,291.9966150824257
11636,2024-05-28 12:00:00,327.9171903554741
11637,2024-05-28 13:00:00,350.053789132233
11638,2024-05-28 14:00:00,366.2295012739319
11639,2024-05-28 15:00:00,381.2311389224447
11640,2024-05-28 16:00:00,395.06312934321664
11641,2024-05-28 17:00:00,406.7963747886671
11642,2024-05-28 18:00:00,417.6040649539432
11643,2024-05-28 19:00:00,428.2801684932316
11644,2024-05-28 20:00:00,433.89375087939356
11645,2024-05-28 21:00:00,422.92369302635416
11646,2024-05-28 22:00:00,384.57917625517314
11647,2024-05-28 23:00:00,319.23525741005176
11648,2024-05-29 00:00:00,242.1013796546066
11649,2024-05-29 01:00:00,175.11132885351577
11650,2024-05-29 02:00:00,132.68064273661923
11651,2024-05-29 03:00:00,113.27069428725773
11652,2024-05-29 04:00:00,104.1134604556263
11653,2024-05-29 05:00:00,94.78709052859892
11654,2024-05-29 06:00:00,87.38330539329013
11655,2024-05-29 07:00:00,94.27740218217852
11656,2024-05-29 08:00:00,125.95245411344175
11657,2024-05-29 09:00:00,180.22589206028618
11658,2024-05-29 10:00:00,242.44718626479798
11659,2024-05-29 11:00:00,295.88034448431375
11660,2024-05-29 12:00:00,332.57714954972664
11661,2024-05-29 13:00:00,355.70055147241624
11662,2024-05-29 14:00:00,373.04511951111454
11663,2024-05-29 15:00:00,389.3658026833828
11664,2024-05-29 16:00:00,404.6324902640937
11665,2024-05-29 17:00:00,417.8795775294946
11666,2024-05-29 18:00:00,430.24251167247473
11667,2024-05-29 19:00:00,442.47703335780295
11668,2024-05-29 20:00:00,449.6142499809516
11669,2024-05-29 21:00:00,440.0961037968897
11670,2024-05-29 22:00:00,403.09658926649405
11671,2024-05-29 23:00:00,338.95803254588657
11672,2024-05-30 00:00:00,262.86026799689864
11673,2024-05-30 01:00:00,196.7112117102971
11674,2024-05-30 02:00:00,154.90482979374505
11675,2024-05-30 03:00:00,135.88571429080983
11676,2024-05-30 04:00:00,126.87427025315296
11677,2024-05-30 05:00:00,117.44262158027917
11678,2024-05-30 06:00:00,109.68226135391646
11679,2024-05-30 07:00:00,115.9742168020183
11680,2024-05-30 08:00:00,146.81331560115152
11681,2024-05-30 09:00:00,200.0347382143109
11682,2024-05-30 10:00:00,261.0115742140352
11683,2024-05-30 11:00:00,313.0370997023085
11684,2024-05-30 12:00:00,348.1977009083623
11685,2024-05-30 13:00:00,369.69586268647475
11686,2024-05-30 14:00:00,385.3701319052359
11687,2024-05-30 15:00:00,400.0233102360994
11688,2024-05-30 16:00:00,413.6763748922013
11689,2024-05-30 17:00:00,425.41734068819994
11690,2024-05-30 18:00:00,436.43704738640247
11691,2024-05-30 19:00:00,447.54759765002086
11692,2024-05-30 20:00:00,453.8365922609213
11693,2024-05-30 21:00:00,443.8017368530881
11694,2024-05-30 22:00:00,406.6711861196622
11695,2024-05-30 23:00:00,342.8389501951619
11696,2024-05-31 00:00:00,267.53321006530155
11697,2024-05-31 01:00:00,202.7060538979683
11698,2024-05-31 02:00:00,162.7906437709244
11699,2024-05-31 03:00:00,146.2650370239028
11700,2024-05-31 04:00:00,140.37667666360923
11701,2024-05-31 05:00:00,134.7176686331505
11702,2024-05-31 06:00:00,131.3918811737034
11703,2024-05-31 07:00:00,142.78464495450459
11704,2024-05-31 08:00:00,179.38664820020472
11705,2024-05-31 09:00:00,239.02021797749939
11706,2024-05-31 10:00:00,307.0367107051011
11707,2024-05-31 11:00:00,366.6987329610645
11708,2024-05-31 12:00:00,410.0531202531787
11709,2024-05-31 13:00:00,440.25409351650137
11710,2024-05-31 14:00:00,465.08350321063574
11711,2024-05-31 15:00:00,489.27941375909904
11712,2024-05-31 16:00:00,512.7905238165004
11713,2024-05-31 17:00:00,534.6256312461953
11714,2024-05-31 18:00:00,555.8901209654714
11715,2024-05-31 19:00:00,577.3051938686513
11716,2024-05-31 20:00:00,593.8629752123836
11717,2024-05-31 21:00:00,593.962067302561
11718,2024-05-31 22:00:00,566.7289020677397
11719,2024-05-31 23:00:00,512.4542069619772
11720,2024-06-01 00:00:00,342.7577102676598
11721,2024-06-01 01:00:00,286.4978378712701
11722,2024-06-01 02:00:00,254.50176600642743
11723,2024-06-01 03:00:00,245.14921684516713
11724,2024-06-01 04:00:00,245.5933659462281
11725,2024-06-01 05:00:00,245.33721875165634
11726,2024-06-01 06:00:00,246.40176941127925
11727,2024-06-01 07:00:00,261.09670773320744
11728,2024-06-01 08:00:00,299.84525622968744
11729,2024-06-01 09:00:00,360.41131677622957
11730,2024-06-01 10:00:00,428.0976391542288
11731,2024-06-01 11:00:00,486.12872270882815
11732,2024-06-01 12:00:00,526.5243700067709
11733,2024-06-01 13:00:00,552.4233047213568
11734,2024-06-01 14:00:00,571.6037573002583
11735,2024-06-01 15:00:00,588.8122662687961
11736,2024-06-01 16:00:00,604.01818716078
11737,2024-06-01 17:00:00,616.2631159971993
11738,2024-06-01 18:00:00,626.6972049395658
11739,2024-06-01 19:00:00,636.0980894208506
11740,2024-06-01 20:00:00,639.5255676618498
11741,2024-06-01 21:00:00,625.4566014858258
11742,2024-06-01 22:00:00,583.1059995027547
11743,2024-06-01 23:00:00,512.8621029857927
11744,2024-06-02 00:00:00,429.95531753813873
11745,2024-06-02 01:00:00,356.3479991412058
11746,2024-06-02 02:00:00,306.4917017242997
11747,2024-06-02 03:00:00,278.8910084954443
11748,2024-06-02 04:00:00,260.8279604418658
11749,2024-06-02 05:00:00,241.93719945146526
11750,2024-06-02 06:00:00,224.37286166651845
11751,2024-06-02 07:00:00,220.578000894036
11752,2024-06-02 08:00:00,241.1081382092375
11753,2024-06-02 09:00:00,283.8571315199214
11754,2024-06-02 10:00:00,334.2540915459244
11755,2024-06-02 11:00:00,375.64506923092927
11756,2024-06-02 12:00:00,400.16544693465374
11757,2024-06-02 13:00:00,411.0624584279982
11758,2024-06-02 14:00:00,416.21475327984035
11759,2024-06-02 15:00:00,420.4602646473442
11760,2024-06-02 16:00:00,423.84988262047995
11761,2024-06-02 17:00:00,425.49614895165035
11762,2024-06-02 18:00:00,426.60895858330196
11763,2024-06-02 19:00:00,428.01399362992055
11764,2024-06-02 20:00:00,424.80703569595323
11765,2024-06-02 21:00:00,405.488728939251
11766,2024-06-02 22:00:00,359.28515695511294
11767,2024-06-02 23:00:00,286.5835542546294
11768,2024-06-03 00:00:00,306.10570313719364
11769,2024-06-03 01:00:00,232.77926927994804
11770,2024-06-03 02:00:00,184.52371095489804
11771,2024-06-03 03:00:00,159.79580279501585
11772,2024-06-03 04:00:00,145.8194126109164
11773,2024-06-03 05:00:00,132.16138781329016
11774,2024-06-03 06:00:00,120.89928660691626
11775,2024-06-03 07:00:00,124.39172348022154
11776,2024-06-03 08:00:00,153.1029138771828
11777,2024-06-03 09:00:00,204.8295998219499
11778,2024-06-03 10:00:00,264.89907032429403
11779,2024-06-03 11:00:00,316.5519884164222
11780,2024-06-03 12:00:00,351.8159437795764
11781,2024-06-03 13:00:00,373.8291423988566
11782,2024-06-03 14:00:00,390.36113518456
11783,2024-06-03 15:00:00,406.1418312620442
11784,2024-06-03 16:00:00,421.1162849485269
11785,2024-06-03 17:00:00,434.29445971416743
11786,2024-06-03 18:00:00,446.7879425957667
11787,2024-06-03 19:00:00,459.3293235789861
11788,2024-06-03 20:00:00,466.9273756306029
11789,2024-06-03 21:00:00,458.00259856335754
11790,2024-06-03 22:00:00,421.7084817932477
11791,2024-06-03 23:00:00,358.3677999386839
11792,2024-06-04 00:00:00,283.14177776009143
11793,2024-06-04 01:00:00,217.92062641222503
11794,2024-06-04 02:00:00,177.08145121824353
11795,2024-06-04 03:00:00,159.05274656635254
11796,2024-06-04 04:00:00,151.0394845867603
11797,2024-06-04 05:00:00,142.59890853538323
11798,2024-06-04 06:00:00,135.80806021380857
11799,2024-06-04 07:00:00,143.0338152683873
11800,2024-06-04 08:00:00,174.75701684712664
11801,2024-06-04 09:00:00,228.79889623891077
11802,2024-06-04 10:00:00,290.5185021439212
11803,2024-06-04 11:00:00,343.1948594758318
11804,2024-06-04 12:00:00,378.8997863669321
11805,2024-06-04 13:00:00,400.82079136729465
11806,2024-06-04 14:00:00,416.7809640276226
11807,2024-06-04 15:00:00,431.56711610678275
11808,2024-06-04 16:00:00,445.18367441328303
11809,2024-06-04 17:00:00,456.701540669614
11810,2024-06-04 18:00:00,467.29390397362874
11811,2024-06-04 19:00:00,477.7547323054634
11812,2024-06-04 20:00:00,483.15309040206006
11813,2024-06-04 21:00:00,471.96785836880133
11814,2024-06-04 22:00:00,433.4082166483654
11815,2024-06-04 23:00:00,367.8492211490072
11816,2024-06-05 00:00:00,290.50031402708413
11817,2024-06-05 01:00:00,223.29528007553583
11818,2024-06-05 02:00:00,180.64965589271276
11819,2024-06-05 03:00:00,161.02481326608927
11820,2024-06-05 04:00:00,151.65272788996404
11821,2024-06-05 05:00:00,142.1115477359885
11822,2024-06-05 06:00:00,134.49299231581853
11823,2024-06-05 07:00:00,141.17235733214062
11824,2024-06-05 08:00:00,172.6327145112918
11825,2024-06-05 09:00:00,226.69149318527744
11826,2024-06-05 10:00:00,288.6981619968758
11827,2024-06-05 11:00:00,341.916727052038
11828,2024-06-05 12:00:00,378.3989694778085
11829,2024-06-05 13:00:00,401.30783753342257
11830,2024-06-05 14:00:00,418.43789867214906
11831,2024-06-05 15:00:00,434.54410005990815
11832,2024-06-05 16:00:00,449.5963290720311
11833,2024-06-05 17:00:00,462.6289790381121
11834,2024-06-05 18:00:00,474.77749516242403
11835,2024-06-05 19:00:00,486.7976160719445
11836,2024-06-05 20:00:00,493.7204470897344
11837,2024-06-05 21:00:00,483.9879283482014
11838,2024-06-05 22:00:00,446.7740521514052
11839,2024-06-05 23:00:00,382.42114245826747
11840,2024-06-06 00:00:00,288.8364881957982
11841,2024-06-06 01:00:00,222.4730895823879
11842,2024-06-06 02:00:00,180.45236722108328
11843,2024-06-06 03:00:00,161.21891081004372
11844,2024-06-06 04:00:00,151.99312303175927
11845,2024-06-06 05:00:00,142.34712537953715
11846,2024-06-06 06:00:00,134.37240850044748
11847,2024-06-06 07:00:00,140.44999715946963
11848,2024-06-06 08:00:00,171.07471653854734
11849,2024-06-06 09:00:00,224.08174458507304
11850,2024-06-06 10:00:00,284.84416832858705
11851,2024-06-06 11:00:00,336.6552613027502
11852,2024-06-06 12:00:00,371.6014071478387
11853,2024-06-06 13:00:00,392.8850881066584
11854,2024-06-06 14:00:00,408.34484842095503
11855,2024-06-06 15:00:00,422.78348710698833
11856,2024-06-06 16:00:00,436.221978715953
11857,2024-06-06 17:00:00,447.74833537681576
11858,2024-06-06 18:00:00,458.5533941560167
11859,2024-06-06 19:00:00,469.4492550051251
11860,2024-06-06 20:00:00,475.5235159831167
11861,2024-06-06 21:00:00,465.2738799902754
11862,2024-06-06 22:00:00,427.9284989749054
11863,2024-06-06 23:00:00,363.88138032143144
11864,2024-06-07 00:00:00,305.63324545726584
11865,2024-06-07 01:00:00,240.59109338580276
11866,2024-06-07 02:00:00,200.4606266158275
11867,2024-06-07 03:00:00,183.71989971744557
11868,2024-06-07 04:00:00,177.61635292211122
11869,2024-06-07 05:00:00,171.74208940156012
11870,2024-06-07 06:00:00,168.2009746241607
11871,2024-06-07 07:00:00,179.37833648979472
11872,2024-06-07 08:00:00,215.76486045703166
11873,2024-06-07 09:00:00,275.18287083110755
11874,2024-06-07 10:00:00,342.9837212763643
11875,2024-06-07 11:00:00,402.43001562319785
11876,2024-06-07 12:00:00,445.56858664116845
11877,2024-06-07 13:00:00,475.5536525376684
11878,2024-06-07 14:00:00,500.1670610570462
11879,2024-06-07 15:00:00,524.1468739164083
11880,2024-06-07 16:00:00,547.4417870844873
11881,2024-06-07 17:00:00,569.0605957487201
11882,2024-06-07 18:00:00,590.1086821693575
11883,2024-06-07 19:00:00,611.3072446044388
11884,2024-06-07 20:00:00,627.6484056882546
11885,2024-06-07 21:00:00,627.5307651292574
11886,2024-06-07 22:00:00,600.0807522802932
11887,2024-06-07 23:00:00,545.5890920386715
11888,2024-06-08 00:00:00,375.675510162082
11889,2024-06-08 01:00:00,319.19843003268164
11890,2024-06-08 02:00:00,286.98502540686644
11891,2024-06-08 03:00:00,277.4150160133372
11892,2024-06-08 04:00:00,277.64157498881417
11893,2024-06-08 05:00:00,277.16770539221716
11894,2024-06-08 06:00:00,278.014399017293
11895,2024-06-08 07:00:00,292.4913433522296
11896,2024-06-08 08:00:00,331.0217586231114
11897,2024-06-08 09:00:00,391.3695444553401
11898,2024-06-08 10:00:00,458.8374484189383
11899,2024-06-08 11:00:00,516.649967683509
11900,2024-06-08 12:00:00,556.8269026813746
11901,2024-06-08 13:00:00,582.5069749929592
11902,2024-06-08 14:00:00,601.4684130157416
11903,2024-06-08 15:00:00,618.457753264674
11904,2024-06-08 16:00:00,633.4443493136112
11905,2024-06-08 17:00:00,645.469795263944
11906,2024-06-08 18:00:00,655.6842414080169
11907,2024-06-08 19:00:00,664.8653213562363
11908,2024-06-08 20:00:00,668.072831556695
11909,2024-06-08 21:00:00,653.783732111194
11910,2024-06-08 22:00:00,611.212829957833
11911,2024-06-08 23:00:00,540.7484647587087
11912,2024-06-09 00:00:00,457.62104053943534
11913,2024-06-09 01:00:00,383.7929117867443
11914,2024-06-09 02:00:00,333.71563097337446
11915,2024-06-09 03:00:00,305.8937799133195
11916,2024-06-09 04:00:00,287.609398255939
11917,2024-06-09 05:00:00,268.49712661560034
11918,2024-06-09 06:00:00,250.71109991942285
11919,2024-06-09 07:00:00,246.69437081793697
11920,2024-06-09 08:00:00,267.0024592974971
11921,2024-06-09 09:00:00,309.5292222401325
11922,2024-06-09 10:00:00,359.7037694033592
11923,2024-06-09 11:00:00,400.87215083471597
11924,2024-06-09 12:00:00,425.1697480683389
11925,2024-06-09 13:00:00,435.8437941134235
11926,2024-06-09 14:00:00,440.7729378473607
11927,2024-06-09 15:00:00,444.7951118089768
11928,2024-06-09 16:00:00,447.9612055383988
11929,2024-06-09 17:00:00,449.3837603119864
11930,2024-06-09 18:00:00,450.27267066575826
11931,2024-06-09 19:00:00,451.45361838826005
11932,2024-06-09 20:00:00,448.0223848261312
11933,2024-06-09 21:00:00,428.47961396155654
11934,2024-06-09 22:00:00,382.05138928812033
11935,2024-06-09 23:00:00,309.12494529483365
11936,2024-06-10 00:00:00,328.42206433384194
11937,2024-06-10 01:00:00,254.87041222021136
11938,2024-06-10 02:00:00,206.3894474424584
11939,2024-06-10 03:00:00,181.43594492937055
11940,2024-06-10 04:00:00,167.233772872195
11941,2024-06-10 05:00:00,153.3497791450663
11942,2024-06-10 06:00:00,141.861522501101
11943,2024-06-10 07:00:00,145.12761805865765
11944,2024-06-10 08:00:00,173.6122819796855
11945,2024-06-10 09:00:00,225.11225709939913
11946,2024-06-10 10:00:00,284.9548333117086
11947,2024-06-10 11:00:00,336.3806746296941
11948,2024-06-10 12:00:00,371.4173718075484
11949,2024-06-10 13:00:00,393.2031319849694
11950,2024-06-10 14:00:00,409.5075073217799
11951,2024-06-10 15:00:00,425.0604082834793
11952,2024-06-10 16:00:00,439.80689061871294
11953,2024-06-10 17:00:00,452.75691932091024
11954,2024-06-10 18:00:00,465.0220830424785
11955,2024-06-10 19:00:00,477.33497348386595
11956,2024-06-10 20:00:00,484.70436541195517
11957,2024-06-10 21:00:00,475.55076054176186
11958,2024-06-10 22:00:00,439.02765028481076
11959,2024-06-10 23:00:00,375.45781135256635
11960,2024-06-11 00:00:00,300.00247069123265
11961,2024-06-11 01:00:00,234.5518417442097
11962,2024-06-11 02:00:00,193.48303221860635
11963,2024-06-11 03:00:00,175.22453898417268
11964,2024-06-11 04:00:00,166.9813367529119
11965,2024-06-11 05:00:00,158.31067146228165
11966,2024-06-11 06:00:00,151.28958769582496
11967,2024-06-11 07:00:00,158.28496397855298
11968,2024-06-11 08:00:00,189.77764644433705
11969,2024-06-11 09:00:00,243.58886946504728
11970,2024-06-11 10:00:00,305.07768492653406
11971,2024-06-11 11:00:00,357.52312102973303
11972,2024-06-11 12:00:00,392.99699930030545
11973,2024-06-11 13:00:00,414.68683178041493
11974,2024-06-11 14:00:00,430.41571161724227
11975,2024-06-11 15:00:00,444.9704542725228
11976,2024-06-11 16:00:00,458.35549035937254
11977,2024-06-11 17:00:00,469.64172551001445
11978,2024-06-11 18:00:00,480.0023528352135
11979,2024-06-11 19:00:00,490.2313444369114
11980,2024-06-11 20:00:00,495.39776927436196
11981,2024-06-11 21:00:00,483.98051178358395
11982,2024-06-11 22:00:00,445.18875684356993
11983,2024-06-11 23:00:00,379.3975649043408
11984,2024-06-12 00:00:00,301.8163827749069
11985,2024-06-12 01:00:00,234.37899998911422
11986,2024-06-12 02:00:00,191.50095802007792
11987,2024-06-12 03:00:00,171.6436336163057
11988,2024-06-12 04:00:00,162.03900755015496
11989,2024-06-12 05:00:00,152.26523297079876
11990,2024-06-12 06:00:00,144.41403468039442
11991,2024-06-12 07:00:00,150.8607137769531
11992,2024-06-12 08:00:00,182.08834748978256
11993,2024-06-12 09:00:00,235.9143707594712
11994,2024-06-12 10:00:00,297.68825794588145
11995,2024-06-12 11:00:00,350.67402098239427
11996,2024-06-12 12:00:00,386.9234469241223
11997,2024-06-12 13:00:00,409.5994900705353
11998,2024-06-12 14:00:00,426.49672402117767
11999,2024-06-12 15:00:00,442.3701021960746
12000,2024-06-12 16:00:00,457.1895183283252
12001,2024-06-12 17:00:00,469.9893722172407
12002,2024-06-12 18:00:00,481.905115640261
12003,2024-06-12 19:00:00,493.6924939051352
12004,2024-06-12 20:00:00,500.38261912145117
12005,2024-06-12 21:00:00,490.41743831819645
12006,2024-06-12 22:00:00,452.9709507976522
12007,2024-06-12 23:00:00,388.385487623974
12008,2024-06-13 00:00:00,311.84088813835615
12009,2024-06-13 01:00:00,245.24507347592498
12010,2024-06-13 02:00:00,202.992014862522
12011,2024-06-13 03:00:00,183.5263095229231
12012,2024-06-13 04:00:00,174.06836777598267
12013,2024-06-13 05:00:00,164.19031884958343
12014,2024-06-13 06:00:00,155.98366123160258
12015,2024-06-13 07:00:00,161.82942763430182
12016,2024-06-13 08:00:00,192.22245128822516
12017,2024-06-13 09:00:00,244.99791828817595
12018,2024-06-13 10:00:00,305.5289239274173
12019,2024-06-13 11:00:00,357.10875008988387
12020,2024-06-13 12:00:00,391.82378887471566
12021,2024-06-13 13:00:00,412.8765310860875
12022,2024-06-13 14:00:00,428.10552962680816
12023,2024-06-13 15:00:00,442.3135922760659
12024,2024-06-13 16:00:00,455.5217024431454
12025,2024-06-13 17:00:00,466.8178812215773
12026,2024-06-13 18:00:00,477.39297473647946
12027,2024-06-13 19:00:00,488.0590920977925
12028,2024-06-13 20:00:00,493.90384061998304
12029,2024-06-13 21:00:00,483.4249325586323
12030,2024-06-13 22:00:00,445.8505293124132
12031,2024-06-13 23:00:00,381.57464780911613
12032,2024-06-14 00:00:00,305.8254759206864
12033,2024-06-14 01:00:00,240.55510878596994
12034,2024-06-14 02:00:00,200.19671554430812
12035,2024-06-14 03:00:00,183.2283606882424
12036,2024-06-14 04:00:00,176.8974944684906
12037,2024-06-14 05:00:00,170.7962301630543
12038,2024-06-14 06:00:00,167.0284434410773
12039,2024-06-14 07:00:00,177.9794724929127
12040,2024-06-14 08:00:00,214.14001315780212
12041,2024-06-14 09:00:00,273.33240020792294
12042,2024-06-14 10:00:00,340.9079978658866
12043,2024-06-14 11:00:00,400.1294206083167
12044,2024-06-14 12:00:00,443.04351193333525
12045,2024-06-14 13:00:00,472.8045008659618
12046,2024-06-14 14:00:00,497.1942460516334
12047,2024-06-14 15:00:00,520.950820195719
12048,2024-06-14 16:00:00,544.0229303305143
12049,2024-06-14 17:00:00,565.4193827970428
12050,2024-06-14 18:00:00,586.2455710868696
12051,2024-06-14 19:00:00,607.2227047700899
12052,2024-06-14 20:00:00,623.3429178726419
12053,2024-06-14 21:00:00,623.004821571453
12054,2024-06-14 22:00:00,595.3348567667051
12055,2024-06-14 23:00:00,540.6237599778912
12056,2024-06-15 00:00:00,370.4912686635476
12057,2024-06-15 01:00:00,313.7958179790226
12058,2024-06-15 02:00:00,281.3645935211771
12059,2024-06-15 03:00:00,271.57732694229963
12060,2024-06-15 04:00:00,271.58720336639703
12061,2024-06-15 05:00:00,270.8972379113718
12062,2024-06-15 06:00:00,271.52843449973426
12063,2024-06-15 07:00:00,285.7904928164122
12064,2024-06-15 08:00:00,324.10664534745416
12065,2024-06-15 09:00:00,384.24080404796666
12066,2024-06-15 10:00:00,451.4957288794991
12067,2024-06-15 11:00:00,509.09592946688304
12068,2024-06-15 12:00:00,549.0612187591903
12069,2024-06-15 13:00:00,574.5303309167014
12070,2024-06-15 14:00:00,593.2815069728747
12071,2024-06-15 15:00:00,610.0612961389409
12072,2024-06-15 16:00:00,624.8390647416738
12073,2024-06-15 17:00:00,636.6564196906733
12074,2024-06-15 18:00:00,646.6635241424297
12075,2024-06-15 19:00:00,655.638024621492
12076,2024-06-15 20:00:00,658.6397305476237
12077,2024-06-15 21:00:00,644.1456150386297
12078,2024-06-15 22:00:00,601.3704981020389
12079,2024-06-15 23:00:00,530.7027325164611
12080,2024-06-16 00:00:00,447.37273547080093
12081,2024-06-16 01:00:00,373.34287465817556
12082,2024-06-16 02:00:00,323.06471580711025
12083,2024-06-16 03:00:00,295.04285401978024
12084,2024-06-16 04:00:00,276.55934228640865
12085,2024-06-16 05:00:00,257.24883459543753
12086,2024-06-16 06:00:00,239.26547928730082
12087,2024-06-16 07:00:00,235.05234246595967
12088,2024-06-16 08:00:00,255.1649575997175
12089,2024-06-16 09:00:00,297.49719509434874
12090,2024-06-16 10:00:00,347.47817825629465
12091,2024-06-16 11:00:00,388.45397072458536
12092,2024-06-16 12:00:00,412.55996763910537
12093,2024-06-16 13:00:00,423.04341565422544
12094,2024-06-16 14:00:00,427.78297731615135
12095,2024-06-16 15:00:00,431.61659885551126
12096,2024-06-16 16:00:00,434.59518353071894
12097,2024-06-16 17:00:00,435.8312863562543
12098,2024-06-16 18:00:00,436.5348156304285
12099,2024-06-16 19:00:00,437.5314669180836
12100,2024-06-16 20:00:00,433.9170353654865
12101,2024-06-16 21:00:00,414.1921787644569
12102,2024-06-16 22:00:00,367.5829944364553
12103,2024-06-16 23:00:00,294.4767307103509
12104,2024-06-17 00:00:00,313.5951837895476
12105,2024-06-17 01:00:00,239.86603334831415
12106,2024-06-17 02:00:00,191.20875174479653
12107,2024-06-17 03:00:00,166.0801277821473
12108,2024-06-17 04:00:00,151.70404353148524
12109,2024-06-17 05:00:00,137.64736075014073
12110,2024-06-17 06:00:00,125.98765207561851
12111,2024-06-17 07:00:00,129.08354651240543
12112,2024-06-17 08:00:00,157.39927410252977
12113,2024-06-17 09:00:00,208.73159156324346
12114,2024-06-17 10:00:00,268.4078026620034
12115,2024-06-17 11:00:00,319.6685852775555
12116,2024-06-17 12:00:00,354.5415440306356
12117,2024-06-17 13:00:00,376.16489990473207
12118,2024-06-17 14:00:00,392.3082188993784
12119,2024-06-17 15:00:00,407.7014253032818
12120,2024-06-17 16:00:00,422.2895886786542
12121,2024-06-17 17:00:00,435.0826878096361
12122,2024-06-17 18:00:00,447.1923251238909
12123,2024-06-17 19:00:00,459.35110607529754
12124,2024-06-17 20:00:00,466.56781916757086
12125,2024-06-17 21:00:00,457.262979822024
12126,2024-06-17 22:00:00,420.5900931382024
12127,2024-06-17 23:00:00,356.8719494769024
12128,2024-06-18 00:00:00,281.2697894224823
12129,2024-06-18 01:00:00,215.67384001389925
12130,2024-06-18 02:00:00,174.4612225241049
12131,2024-06-18 03:00:00,156.06044735835448
12132,2024-06-18 04:00:00,147.6765027230791
12133,2024-06-18 05:00:00,138.86664801852254
12134,2024-06-18 06:00:00,131.70794124878768
12135,2024-06-18 07:00:00,138.56727432037496
12136,2024-06-18 08:00:00,169.92550670576503
12137,2024-06-18 09:00:00,223.60388607121774
12138,2024-06-18 10:00:00,284.9614775513876
12139,2024-06-18 11:00:00,337.27732254840384
12140,2024-06-18 12:00:00,372.6232557396462
12141,2024-06-18 13:00:00,394.1868022685476
12142,2024-06-18 14:00:00,409.79106833199984
12143,2024-06-18 15:00:00,424.22288238190487
12144,2024-06-18 16:00:00,437.4866879733852
12145,2024-06-18 17:00:00,448.65340361485926
12146,2024-06-18 18:00:00,458.89623523946597
12147,2024-06-18 19:00:00,469.0091677069688
12148,2024-06-18 20:00:00,474.06128267189865
12149,2024-06-18 21:00:00,462.5314772021595
12150,2024-06-18 22:00:00,423.62894873921243
12151,2024-06-18 23:00:00,357.7287702310332
12152,2024-06-19 00:00:00,280.0404009118697
12153,2024-06-19 01:00:00,212.49764266959778
12154,2024-06-19 02:00:00,169.51604925725962
12155,2024-06-19 03:00:00,149.55700963301808
12156,2024-06-19 04:00:00,139.85251669067102
12157,2024-06-19 05:00:00,129.98073563610782
12158,2024-06-19 06:00:00,122.03340323906977
12159,2024-06-19 07:00:00,128.38583248534283
12160,2024-06-19 08:00:00,159.52111241090822
12161,2024-06-19 09:00:00,213.256689672402
12162,2024-06-19 10:00:00,274.94205026371856
12163,2024-06-19 11:00:00,327.84121765990005
12164,2024-06-19 12:00:00,364.00599036961944
12165,2024-06-19 13:00:00,386.599334053204
12166,2024-06-19 14:00:00,403.4158335779992
12167,2024-06-19 15:00:00,419.2104535335392
12168,2024-06-19 16:00:00,433.9530987301075
12169,2024-06-19 17:00:00,446.6781799411898
12170,2024-06-19 18:00:00,458.5211598203496
12171,2024-06-19 19:00:00,470.2377944484372
12172,2024-06-19 20:00:00,476.85920660511675
12173,2024-06-19 21:00:00,466.82735388352364
12174,2024-06-19 22:00:00,429.31624604409194
12175,2024-06-19 23:00:00,364.6682245002445
12176,2024-06-20 00:00:00,288.06313883233923
12177,2024-06-20 01:00:00,221.40892030283354
12178,2024-06-20 02:00:00,179.09955015028925
12179,2024-06-20 03:00:00,159.57963550208518
12180,2024-06-20 04:00:00,150.0695964557444
12181,2024-06-20 05:00:00,140.14157190698984
12182,2024-06-20 06:00:00,131.88706988722382
12183,2024-06-20 07:00:00,137.6871325334715
12184,2024-06-20 08:00:00,168.03660237534126
12185,2024-06-20 09:00:00,220.77067469127195
12186,2024-06-20 10:00:00,281.2624538201693
12187,2024-06-20 11:00:00,332.80523057019946
12188,2024-06-20 12:00:00,367.48540583787917
12189,2024-06-20 13:00:00,388.5054790945224
12190,2024-06-20 14:00:00,403.7040117730125
12191,2024-06-20 15:00:00,417.88382005453366
12192,2024-06-20 16:00:00,431.06589561358476
12193,2024-06-20 17:00:00,442.3382676748762
12194,2024-06-20 18:00:00,452.89179035329266
12195,2024-06-20 19:00:00,463.53858061478195
12196,2024-06-20 20:00:00,469.366253484638
12197,2024-06-20 21:00:00,458.87252878938693
12198,2024-06-20 22:00:00,421.28557535612697
12199,2024-06-20 23:00:00,356.99941739741723
12200,2024-06-21 00:00:00,281.2422499187515
12201,2024-06-21 01:00:00,215.96617505261634
12202,2024-06-21 02:00:00,175.60436877864183
12203,2024-06-21 03:00:00,158.63490228054712
12204,2024-06-21 04:00:00,152.30523234923382
12205,2024-06-21 05:00:00,146.20747865031365
12206,2024-06-21 06:00:00,142.44552308801386
12207,2024-06-21 07:00:00,153.40470992774684
12208,2024-06-21 08:00:00,189.57574093434113
12209,2024-06-21 09:00:00,248.78095664305954
12210,2024-06-21 10:00:00,316.3717268817301
12211,2024-06-21 11:00:00,375.6106715713248
12212,2024-06-21 12:00:00,418.54463949668195
12213,2024-06-21 13:00:00,448.32786480186803
12214,2024-06-21 14:00:00,472.742211088968
12215,2024-06-21 15:00:00,496.52575585892083
12216,2024-06-21 16:00:00,519.6272107694817
12217,2024-06-21 17:00:00,541.055386620701
12218,2024-06-21 18:00:00,561.9156811956452
12219,2024-06-21 19:00:00,582.9293081867204
12220,2024-06-21 20:00:00,599.0884055687593
12221,2024-06-21 21:00:00,598.79158829938
12222,2024-06-21 22:00:00,571.1653008857425
12223,2024-06-21 23:00:00,516.5002832814853
12224,2024-06-22 00:00:00,346.41627620103225
12225,2024-06-22 01:00:00,289.7717178840552
12226,2024-06-22 02:00:00,257.39379683380787
12227,2024-06-22 03:00:00,247.66224743003863
12228,2024-06-22 04:00:00,247.73025734628095
12229,2024-06-22 05:00:00,247.10084407049817
12230,2024-06-22 06:00:00,247.7950137148883
12231,2024-06-22 07:00:00,262.1224679703672
12232,2024-06-22 08:00:00,300.50644115105916
12233,2024-06-22 09:00:00,360.71084685306397
12234,2024-06-22 10:00:00,428.03844649615917
12235,2024-06-22 11:00:00,485.71375097720806
12236,2024-06-22 12:00:00,525.7565743363759
12237,2024-06-22 13:00:00,551.3056516317957
12238,2024-06-22 14:00:00,570.1392246110039
12239,2024-06-22 15:00:00,587.0038430117196
12240,2024-06-22 16:00:00,601.8688734970656
12241,2024-06-22 17:00:00,613.7759231236778
12242,2024-06-22 18:00:00,623.8751550037807
12243,2024-06-22 19:00:00,632.9442154305544
12244,2024-06-22 20:00:00,636.042913394899
12245,2024-06-22 21:00:00,621.6482213975266
12246,2024-06-22 22:00:00,578.9749586349847
12247,2024-06-22 23:00:00,508.4114768827433
12248,2024-06-23 00:00:00,425.1881921269527
12249,2024-06-23 01:00:00,351.2674706704874
12250,2024-06-23 02:00:00,301.1008766518016
12251,2024-06-23 03:00:00,273.1930033884822
12252,2024-06-23 04:00:00,254.8259018893457
12253,2024-06-23 05:00:00,235.6342239649603
12254,2024-06-23 06:00:00,217.77211558207733
12255,2024-06-23 07:00:00,213.6826402675694
12256,2024-06-23 08:00:00,233.9213287228661
12257,2024-06-23 09:00:00,276.3820483778658
12258,2024-06-23 10:00:00,326.49391937925486
12259,2024-06-23 11:00:00,367.60300199018957
12260,2024-06-23 12:00:00,391.844687783128
12261,2024-06-23 13:00:00,402.46621964427436
12262,2024-06-23 14:00:00,407.34625615211485
12263,2024-06-23 15:00:00,411.3227393689131
12264,2024-06-23 16:00:00,414.4465681785079
12265,2024-06-23 17:00:00,415.83029302696247
12266,2024-06-23 18:00:00,416.6838174379181
12267,2024-06-23 19:00:00,417.8328320009439
12268,2024-06-23 20:00:00,414.3731266848481
12269,2024-06-23 21:00:00,394.8053539035741
12270,2024-06-23 22:00:00,348.3556053972269
12271,2024-06-23 23:00:00,275.41112370847026
12272,2024-06-24 00:00:00,294.6936990576431
12273,2024-06-24 01:00:00,221.13100492919767
12274,2024-06-24 02:00:00,172.6425072897569
12275,2024-06-24 03:00:00,147.68498834722814
12276,2024-06-24 04:00:00,133.4823233794699
12277,2024-06-24 05:00:00,119.60136714129592
12278,2024-06-24 06:00:00,108.11968506926848
12279,2024-06-24 07:00:00,111.39589876348381
12280,2024-06-24 08:00:00,139.89423065958223
12281,2024-06-24 09:00:00,191.41142966317898
12282,2024-06-24 10:00:00,251.2747915297684
12283,2024-06-24 11:00:00,302.724985926546
12284,2024-06-24 12:00:00,337.78960905568994
12285,2024-06-24 13:00:00,359.6068732831833
12286,2024-06-24 14:00:00,375.9463357874379
12287,2024-06-24 15:00:00,391.53791184077414
12288,2024-06-24 16:00:00,406.32666177620655
12289,2024-06-24 17:00:00,419.3225549580655
12290,2024-06-24 18:00:00,431.6371841878549
12291,2024-06-24 19:00:00,444.0031450974752
12292,2024-06-24 20:00:00,451.4292161622506
12293,2024-06-24 21:00:00,442.33590258174036
12294,2024-06-24 22:00:00,405.876699031022
12295,2024-06-24 23:00:00,342.37438524590823
12296,2024-06-25 00:00:00,266.99019099222176
12297,2024-06-25 01:00:00,201.61433228831754
12298,2024-06-25 02:00:00,160.62391918973148
12299,2024-06-25 03:00:00,142.44745068619133
12300,2024-06-25 04:00:00,134.28990337598603
12301,2024-06-25 05:00:00,125.70852484913516
12302,2024-06-25 06:00:00,118.78036110804109
12303,2024-06-25 07:00:00,125.8722918613442
12304,2024-06-25 08:00:00,157.4651641896024
12305,2024-06-25 09:00:00,211.38021317067387
12306,2024-06-25 10:00:00,272.9764911609226
12307,2024-06-25 11:00:00,325.533026591435
12308,2024-06-25 12:00:00,361.12164097360363
12309,2024-06-25 13:00:00,382.9298460963437
12310,2024-06-25 14:00:00,398.78073461078895
12311,2024-06-25 15:00:00,413.4611212346225
12312,2024-06-25 16:00:00,426.975435594563
12313,2024-06-25 17:00:00,438.39458208977925
12314,2024-06-25 18:00:00,448.89175235193534
12315,2024-06-25 19:00:00,459.260916753655
12316,2024-06-25 20:00:00,464.57114227670604
12317,2024-06-25 21:00:00,453.3013111319072
12318,2024-06-25 22:00:00,414.660605719783
12319,2024-06-25 23:00:00,349.02408376487705
12320,2024-06-26 00:00:00,271.60118908479296
12321,2024-06-26 01:00:00,204.32570799144065
12322,2024-06-26 02:00:00,161.61317846465474
12323,2024-06-26 03:00:00,141.92497351375843
12324,2024-06-26 04:00:00,132.4930699094602
12325,2024-06-26 05:00:00,122.89561655191378
12326,2024-06-26 06:00:00,115.22433373139248
12327,2024-06-26 07:00:00,121.8545177803417
12328,2024-06-26 08:00:00,153.26924090562042
12329,2024-06-26 09:00:00,207.285932762298
12330,2024-06-26 10:00:00,269.2540621669998
12331,2024-06-26 11:00:00,322.4376352616099
12332,2024-06-26 12:00:00,358.8884330298605
12333,2024-06-26 13:00:00,381.7694034558196
12334,2024-06-26 14:00:00,398.8751135564327
12335,2024-06-26 15:00:00,414.9605099069239
12336,2024-06-26 16:00:00,429.99547913838524
12337,2024-06-26 17:00:00,443.01441368096465
12338,2024-06-26 18:00:00,455.1527576852473
12339,2024-06-26 19:00:00,467.1662485635103
12340,2024-06-26 20:00:00,474.08599027485116
12341,2024-06-26 21:00:00,464.3539214258856
12342,2024-06-26 22:00:00,427.1440326388496
12343,2024-06-26 23:00:00,362.79864603212934
12344,2024-06-27 00:00:00,286.49759173803795
12345,2024-06-27 01:00:00,220.14878141651843
12346,2024-06-27 02:00:00,178.14617655459546
12347,2024-06-27 03:00:00,158.93436437681203
12348,2024-06-27 04:00:00,149.73374493069642
12349,2024-06-27 05:00:00,140.11643691550384
12350,2024-06-27 06:00:00,132.17392802019288
12351,2024-06-27 07:00:00,138.2872398981412
12352,2024-06-27 08:00:00,168.95119444800068
12353,2024-06-27 09:00:00,222.00096618303553
12354,2024-06-27 10:00:00,282.80963853392143
12355,2024-06-27 11:00:00,334.6704812643772
12356,2024-06-27 12:00:00,369.66987409058913
12357,2024-06-27 13:00:00,391.0102951708071
12358,2024-06-27 14:00:00,406.53028449046326
12359,2024-06-27 15:00:00,421.0326366533044
12360,2024-06-27 16:00:00,434.53832162878336
12361,2024-06-27 17:00:00,446.135346805868
12362,2024-06-27 18:00:00,457.0145443410231
12363,2024-06-27 19:00:00,467.9880091143283
12364,2024-06-27 20:00:00,474.14333394973227
12365,2024-06-27 21:00:00,463.97821634359775
12366,2024-06-27 22:00:00,426.7208026795195
12367,2024-06-27 23:00:00,362.7650946082862
12368,2024-06-28 00:00:00,287.3392644592533
12369,2024-06-28 01:00:00,222.39539157253466
12370,2024-06-28 02:00:00,182.36662902785764
12371,2024-06-28 03:00:00,165.7310249969313
12372,2024-06-28 04:00:00,159.73601315150802
12373,2024-06-28 05:00:00,153.97368993310064
12374,2024-06-28 06:00:00,150.5479139152479
12375,2024-06-28 07:00:00,161.8440059354937
12376,2024-06-28 08:00:00,198.3526442233224
12377,2024-06-28 09:00:00,257.8961456880915
12378,2024-06-28 10:00:00,325.8258564305715
12379,2024-06-28 11:00:00,385.40437255076347
12380,2024-06-28 12:00:00,428.67851892246637
12381,2024-06-28 13:00:00,458.8025056874724
12382,2024-06-28 14:00:00,483.5581723562965
12383,2024-06-28 15:00:00,507.68357225125953
12384,2024-06-28 16:00:00,531.12739276889
12385,2024-06-28 17:00:00,552.8984203642856
12386,2024-06-28 18:00:00,574.1020283974058
12387,2024-06-28 19:00:00,595.4594060549748
12388,2024-06-28 20:00:00,611.962666735651
12389,2024-06-28 21:00:00,612.0104007436058
12390,2024-06-28 22:00:00,584.7290278589533
12391,2024-06-28 23:00:00,530.409263240572
12392,2024-06-29 00:00:00,360.67082274557475
12393,2024-06-29 01:00:00,304.37211967264955
12394,2024-06-29 02:00:00,272.34031754179284
12395,2024-06-29 03:00:00,262.9551256793418
12396,2024-06-29 04:00:00,263.3697066419941
12397,2024-06-29 05:00:00,263.08705274879503
12398,2024-06-29 06:00:00,264.1281448868849
12399,2024-06-29 07:00:00,278.8026594691553
12400,2024-06-29 08:00:00,317.5338054809125
12401,2024-06-29 09:00:00,378.0854711402337
12402,2024-06-29 10:00:00,445.76039244541255
12403,2024-06-29 11:00:00,503.7830548233025
12404,2024-06-29 12:00:00,544.1732468058324
12405,2024-06-29 13:00:00,570.0696779019893
12406,2024-06-29 14:00:00,589.25056427389
12407,2024-06-29 15:00:00,606.4624300349564
12408,2024-06-29 16:00:00,621.6746161969679
12409,2024-06-29 17:00:00,633.9287041289535
12410,2024-06-29 18:00:00,644.3748312306293
12411,2024-06-29 19:00:00,653.7906180548209
12412,2024-06-29 20:00:00,657.2358478287695
12413,2024-06-29 21:00:00,643.1874672680049
12414,2024-06-29 22:00:00,600.8602697631117
12415,2024-06-29 23:00:00,530.6425812689994
12416,2024-06-30 00:00:00,447.7647919352029
12417,2024-06-30 01:00:00,374.18924221510173
12418,2024-06-30 02:00:00,324.3674703866699
12419,2024-06-30 03:00:00,296.80404390257917
12420,2024-06-30 04:00:00,278.78098789588245
12421,2024-06-30 05:00:00,259.93292830408456
12422,2024-06-30 06:00:00,242.41398521137438
12423,2024-06-30 07:00:00,238.66719627399365
